timestamp,image_path,latitude,longitude,altitude_m,disease,confidence,accepted
2026-08-10T13:25:21+03:00,datasets/crop_disease/test\Blight\test_000000.jpg,40.00000000,-74.00000000,10.00,Blight,0.776952,False
2026-08-10T13:25:21+03:00,datasets/crop_disease/test\Blight\test_000001.jpg,40.00000000,-73.99990000,10.00,Blight,0.876557,False
2026-08-10T13:25:21+03:00,datasets/crop_disease/test\Blight\test_000002.jpg,40.00000000,-73.99980000,10.00,Blight,0.999921,True
2026-08-10T13:25:21+03:00,datasets/crop_disease/test\Blight\test_000003.jpg,40.00000000,-73.99970000,10.00,Blight,0.999948,True
2026-08-10T13:25:21+03:00,datasets/crop_disease/test\Blight\test_000004.jpg,40.00000000,-73.99960000,10.00,Blight,0.881224,False
2026-08-10T13:25:21+03:00,datasets/crop_disease/test\Blight\test_000005.jpg,40.00000000,-73.99950000,10.00,Blight,0.996283,True
2026-08-10T13:25:21+03:00,datasets/crop_disease/test\Blight\test_000006.jpg,40.00000000,-73.99940000,10.00,Blight,0.986149,True
2026-08-10T13:25:21+03:00,datasets/crop_disease/test\Blight\test_000007.jpg,40.00000000,-73.99930000,10.00,Blight,0.999024,True
2026-08-10T13:25:21+03:00,datasets/crop_disease/test\Blight\test_000008.jpg,40.00000000,-73.99920000,10.00,Blight,0.994240,True
2026-08-10T13:25:21+03:00,datasets/crop_disease/test\Blight\test_000009.jpg,40.00000000,-73.99910000,10.00,Blight,0.936047,False
2026-08-10T13:25:21+03:00,datasets/crop_disease/test\Blight\test_000010.jpg,40.00000000,-73.99900000,10.00,Blight,0.999022,True
2026-08-10T13:25:21+03:00,datasets/crop_disease/test\Blight\test_000011.jpg,40.00000000,-73.99890000,10.00,Blight,0.999755,True
2026-08-10T13:25:21+03:00,datasets/crop_disease/test\Blight\test_000012.jpg,40.00000000,-73.99880000,10.00,Blight,0.979425,True
2026-08-10T13:25:21+03:00,datasets/crop_disease/test\Blight\test_000013.jpg,40.00000000,-73.99870000,10.00,Blight,0.874120,False
2026-08-10T13:25:21+03:00,datasets/crop_disease/test\Blight\test_000014.jpg,40.00000000,-73.99860000,10.00,Blight,0.996876,True
2026-08-10T13:25:21+03:00,datasets/crop_disease/test\Blight\test_000015.jpg,40.00000000,-73.99850000,10.00,LeafSpot,0.800695,False
2026-08-10T13:25:21+03:00,datasets/crop_disease/test\Blight\test_000016.jpg,40.00000000,-73.99840000,10.00,Blight,0.943042,False
2026-08-10T13:25:21+03:00,datasets/crop_disease/test\Blight\test_000017.jpg,40.00000000,-73.99830000,10.00,Blight,0.962251,True
2026-08-10T13:25:21+03:00,datasets/crop_disease/test\Blight\test_000018.jpg,40.00000000,-73.99820000,10.00,LeafSpot,0.887159,False
2026-08-10T13:25:21+03:00,datasets/crop_disease/test\Blight\test_000019.jpg,40.00000000,-73.99810000,10.00,Blight,0.999700,True
2026-08-10T13:25:21+03:00,datasets/crop_disease/test\Blight\test_000020.jpg,40.00010000,-74.00000000,10.00,Blight,0.999991,True
2026-08-10T13:25:21+03:00,datasets/crop_disease/test\Blight\test_000021.jpg,40.00010000,-73.99990000,10.00,Blight,0.999997,True
2026-08-10T13:25:21+03:00,datasets/crop_disease/test\Blight\test_000022.jpg,40.00010000,-73.99980000,10.00,Blight,0.999844,True
2026-08-10T13:25:21+03:00,datasets/crop_disease/test\Blight\test_000023.jpg,40.00010000,-73.99970000,10.00,Blight,0.999025,True
2026-08-10T13:25:21+03:00,datasets/crop_disease/test\Blight\test_000024.jpg,40.00010000,-73.99960000,10.00,Blight,0.953276,True
2026-08-10T13:25:21+03:00,datasets/crop_disease/test\Blight\test_000025.jpg,40.00010000,-73.99950000,10.00,Blight,0.999879,True
2026-08-10T13:25:21+03:00,datasets/crop_disease/test\Blight\test_000026.jpg,40.00010000,-73.99940000,10.00,Blight,0.996461,True
2026-08-10T13:25:21+03:00,datasets/crop_disease/test\Blight\test_000027.jpg,40.00010000,-73.99930000,10.00,Blight,0.996279,True
2026-08-10T13:25:21+03:00,datasets/crop_disease/test\Blight\test_000028.jpg,40.00010000,-73.99920000,10.00,Blight,0.894756,False
2026-08-10T13:25:21+03:00,datasets/crop_disease/test\Blight\test_000029.jpg,40.00010000,-73.99910000,10.00,Blight,0.901513,False
2026-08-10T13:25:21+03:00,datasets/crop_disease/test\Blight\test_000030.jpg,40.00010000,-73.99900000,10.00,Blight,0.965062,True
2026-08-10T13:25:21+03:00,datasets/crop_disease/test\Blight\test_000031.jpg,40.00010000,-73.99890000,10.00,Blight,0.999984,True
2026-08-10T13:25:21+03:00,datasets/crop_disease/test\Blight\test_000032.jpg,40.00010000,-73.99880000,10.00,Blight,0.830774,False
2026-08-10T13:25:21+03:00,datasets/crop_disease/test\Blight\test_000033.jpg,40.00010000,-73.99870000,10.00,Blight,0.997740,True
2026-08-10T13:25:21+03:00,datasets/crop_disease/test\Blight\test_000034.jpg,40.00010000,-73.99860000,10.00,Blight,0.997526,True
2026-08-10T13:25:21+03:00,datasets/crop_disease/test\Blight\test_000035.jpg,40.00010000,-73.99850000,10.00,Blight,0.995313,True
2026-08-10T13:25:21+03:00,datasets/crop_disease/test\Blight\test_000036.jpg,40.00010000,-73.99840000,10.00,Blight,0.976190,True
2026-08-10T13:25:21+03:00,datasets/crop_disease/test\Blight\test_000037.jpg,40.00010000,-73.99830000,10.00,Blight,0.995777,True
2026-08-10T13:25:21+03:00,datasets/crop_disease/test\Blight\test_000038.jpg,40.00010000,-73.99820000,10.00,Blight,0.999813,True
2026-08-10T13:25:21+03:00,datasets/crop_disease/test\Blight\test_000039.jpg,40.00010000,-73.99810000,10.00,Blight,0.996341,True
2026-08-10T13:25:21+03:00,datasets/crop_disease/test\Blight\test_000040.jpg,40.00020000,-74.00000000,10.00,Blight,0.999990,True
2026-08-10T13:25:21+03:00,datasets/crop_disease/test\Blight\test_000041.jpg,40.00020000,-73.99990000,10.00,Blight,0.999511,True
2026-08-10T13:25:21+03:00,datasets/crop_disease/test\Blight\test_000042.jpg,40.00020000,-73.99980000,10.00,Blight,0.986208,True
2026-08-10T13:25:21+03:00,datasets/crop_disease/test\Blight\test_000043.jpg,40.00020000,-73.99970000,10.00,Blight,0.999697,True
2026-08-10T13:25:21+03:00,datasets/crop_disease/test\Blight\test_000044.jpg,40.00020000,-73.99960000,10.00,Blight,0.963779,True
2026-08-10T13:25:21+03:00,datasets/crop_disease/test\Blight\test_000045.jpg,40.00020000,-73.99950000,10.00,Blight,0.962388,True
2026-08-10T13:25:21+03:00,datasets/crop_disease/test\Blight\test_000046.jpg,40.00020000,-73.99940000,10.00,Blight,0.967257,True
2026-08-10T13:25:21+03:00,datasets/crop_disease/test\Blight\test_000047.jpg,40.00020000,-73.99930000,10.00,Blight,0.944862,False
2026-08-10T13:25:21+03:00,datasets/crop_disease/test\Blight\test_000048.jpg,40.00020000,-73.99920000,10.00,LeafSpot,0.925440,False
2026-08-10T13:25:21+03:00,datasets/crop_disease/test\Blight\test_000049.jpg,40.00020000,-73.99910000,10.00,Blight,0.891724,False
2026-08-10T13:25:22+03:00,datasets/crop_disease/test\Blight\test_000050.jpg,40.00020000,-73.99900000,10.00,Blight,0.999955,True
2026-08-10T13:25:22+03:00,datasets/crop_disease/test\Blight\test_000051.jpg,40.00020000,-73.99890000,10.00,Blight,0.995747,True
2026-08-10T13:25:22+03:00,datasets/crop_disease/test\Blight\test_000052.jpg,40.00020000,-73.99880000,10.00,Blight,0.966537,True
2026-08-10T13:25:22+03:00,datasets/crop_disease/test\Blight\test_000053.jpg,40.00020000,-73.99870000,10.00,Blight,0.999814,True
2026-08-10T13:25:22+03:00,datasets/crop_disease/test\Blight\test_000054.jpg,40.00020000,-73.99860000,10.00,Blight,0.961355,True
2026-08-10T13:25:22+03:00,datasets/crop_disease/test\Blight\test_000055.jpg,40.00020000,-73.99850000,10.00,Blight,0.982868,True
2026-08-10T13:25:22+03:00,datasets/crop_disease/test\Blight\test_000056.jpg,40.00020000,-73.99840000,10.00,Blight,0.989336,True
2026-08-10T13:25:22+03:00,datasets/crop_disease/test\Blight\test_000057.jpg,40.00020000,-73.99830000,10.00,Blight,0.999701,True
2026-08-10T13:25:22+03:00,datasets/crop_disease/test\Blight\test_000058.jpg,40.00020000,-73.99820000,10.00,Blight,0.994445,True
2026-08-10T13:25:22+03:00,datasets/crop_disease/test\Blight\test_000059.jpg,40.00020000,-73.99810000,10.00,Blight,0.999263,True
2026-08-10T13:25:22+03:00,datasets/crop_disease/test\Blight\test_000060.jpg,40.00030000,-74.00000000,10.00,Blight,0.980876,True
2026-08-10T13:25:22+03:00,datasets/crop_disease/test\Blight\test_000061.jpg,40.00030000,-73.99990000,10.00,Blight,0.999946,True
2026-08-10T13:25:22+03:00,datasets/crop_disease/test\Blight\test_000062.jpg,40.00030000,-73.99980000,10.00,Blight,0.999151,True
2026-08-10T13:25:22+03:00,datasets/crop_disease/test\Blight\test_000063.jpg,40.00030000,-73.99970000,10.00,Blight,0.847433,False
2026-08-10T13:25:22+03:00,datasets/crop_disease/test\Blight\test_000064.jpg,40.00030000,-73.99960000,10.00,Blight,0.999977,True
2026-08-10T13:25:22+03:00,datasets/crop_disease/test\Blight\test_000065.jpg,40.00030000,-73.99950000,10.00,Blight,0.998091,True
2026-08-10T13:25:22+03:00,datasets/crop_disease/test\Blight\test_000066.jpg,40.00030000,-73.99940000,10.00,Blight,0.997813,True
2026-08-10T13:25:22+03:00,datasets/crop_disease/test\Blight\test_000067.jpg,40.00030000,-73.99930000,10.00,Blight,0.999804,True
2026-08-10T13:25:22+03:00,datasets/crop_disease/test\Blight\test_000068.jpg,40.00030000,-73.99920000,10.00,Blight,0.999214,True
2026-08-10T13:25:22+03:00,datasets/crop_disease/test\Blight\test_000069.jpg,40.00030000,-73.99910000,10.00,Blight,0.998177,True
2026-08-10T13:25:22+03:00,datasets/crop_disease/test\Blight\test_000070.jpg,40.00030000,-73.99900000,10.00,Blight,0.959577,True
2026-08-10T13:25:22+03:00,datasets/crop_disease/test\Blight\test_000071.jpg,40.00030000,-73.99890000,10.00,Blight,0.999986,True
2026-08-10T13:25:22+03:00,datasets/crop_disease/test\Blight\test_000072.jpg,40.00030000,-73.99880000,10.00,Blight,0.999016,True
2026-08-10T13:25:22+03:00,datasets/crop_disease/test\Blight\test_000073.jpg,40.00030000,-73.99870000,10.00,Blight,0.996702,True
2026-08-10T13:25:22+03:00,datasets/crop_disease/test\Blight\test_000074.jpg,40.00030000,-73.99860000,10.00,Blight,0.992940,True
2026-08-10T13:25:22+03:00,datasets/crop_disease/test\Blight\test_000075.jpg,40.00030000,-73.99850000,10.00,Blight,0.994169,True
2026-08-10T13:25:22+03:00,datasets/crop_disease/test\Blight\test_000076.jpg,40.00030000,-73.99840000,10.00,Blight,0.936788,False
2026-08-10T13:25:22+03:00,datasets/crop_disease/test\Blight\test_000077.jpg,40.00030000,-73.99830000,10.00,Blight,0.978370,True
2026-08-10T13:25:22+03:00,datasets/crop_disease/test\Blight\test_000078.jpg,40.00030000,-73.99820000,10.00,Blight,0.998887,True
2026-08-10T13:25:22+03:00,datasets/crop_disease/test\Blight\test_000079.jpg,40.00030000,-73.99810000,10.00,Blight,0.999998,True
2026-08-10T13:25:22+03:00,datasets/crop_disease/test\Blight\test_000080.jpg,40.00040000,-74.00000000,10.00,Blight,0.988440,True
2026-08-10T13:25:22+03:00,datasets/crop_disease/test\Blight\test_000081.jpg,40.00040000,-73.99990000,10.00,Blight,0.940441,False
2026-08-10T13:25:22+03:00,datasets/crop_disease/test\Blight\test_000082.jpg,40.00040000,-73.99980000,10.00,Blight,0.999944,True
2026-08-10T13:25:22+03:00,datasets/crop_disease/test\Blight\test_000083.jpg,40.00040000,-73.99970000,10.00,Blight,0.997174,True
2026-08-10T13:25:22+03:00,datasets/crop_disease/test\Blight\test_000084.jpg,40.00040000,-73.99960000,10.00,Blight,0.956773,True
2026-08-10T13:25:22+03:00,datasets/crop_disease/test\Blight\test_000085.jpg,40.00040000,-73.99950000,10.00,Blight,0.999968,True
2026-08-10T13:25:22+03:00,datasets/crop_disease/test\Blight\test_000086.jpg,40.00040000,-73.99940000,10.00,LeafSpot,0.622383,False
2026-08-10T13:25:22+03:00,datasets/crop_disease/test\Blight\test_000087.jpg,40.00040000,-73.99930000,10.00,Blight,0.994471,True
2026-08-10T13:25:22+03:00,datasets/crop_disease/test\Blight\test_000088.jpg,40.00040000,-73.99920000,10.00,Blight,0.996993,True
2026-08-10T13:25:22+03:00,datasets/crop_disease/test\Blight\test_000089.jpg,40.00040000,-73.99910000,10.00,Blight,0.996488,True
2026-08-10T13:25:22+03:00,datasets/crop_disease/test\Blight\test_000090.jpg,40.00040000,-73.99900000,10.00,Blight,0.999983,True
2026-08-10T13:25:22+03:00,datasets/crop_disease/test\Blight\test_000091.jpg,40.00040000,-73.99890000,10.00,Blight,0.976795,True
2026-08-10T13:25:22+03:00,datasets/crop_disease/test\Blight\test_000092.jpg,40.00040000,-73.99880000,10.00,Blight,0.940537,False
2026-08-10T13:25:22+03:00,datasets/crop_disease/test\Blight\test_000093.jpg,40.00040000,-73.99870000,10.00,Blight,0.995543,True
2026-08-10T13:25:22+03:00,datasets/crop_disease/test\Blight\test_000094.jpg,40.00040000,-73.99860000,10.00,Blight,0.708384,False
2026-08-10T13:25:22+03:00,datasets/crop_disease/test\Blight\test_000095.jpg,40.00040000,-73.99850000,10.00,Blight,0.999876,True
2026-08-10T13:25:22+03:00,datasets/crop_disease/test\Blight\test_000096.jpg,40.00040000,-73.99840000,10.00,Blight,0.999982,True
2026-08-10T13:25:22+03:00,datasets/crop_disease/test\Blight\test_000097.jpg,40.00040000,-73.99830000,10.00,Blight,0.974017,True
2026-08-10T13:25:22+03:00,datasets/crop_disease/test\Blight\test_000098.jpg,40.00040000,-73.99820000,10.00,Blight,0.998383,True
2026-08-10T13:25:22+03:00,datasets/crop_disease/test\Blight\test_000099.jpg,40.00040000,-73.99810000,10.00,LeafSpot,0.990413,True
2026-08-10T13:25:22+03:00,datasets/crop_disease/test\Blight\test_000100.jpg,40.00050000,-74.00000000,10.00,LeafSpot,0.658563,False
2026-08-10T13:25:22+03:00,datasets/crop_disease/test\Blight\test_000101.jpg,40.00050000,-73.99990000,10.00,Blight,0.999758,True
2026-08-10T13:25:22+03:00,datasets/crop_disease/test\Blight\test_000102.jpg,40.00050000,-73.99980000,10.00,Blight,0.970754,True
2026-08-10T13:25:22+03:00,datasets/crop_disease/test\Blight\test_000103.jpg,40.00050000,-73.99970000,10.00,Blight,0.916894,False
2026-08-10T13:25:22+03:00,datasets/crop_disease/test\Blight\test_000104.jpg,40.00050000,-73.99960000,10.00,Blight,0.988251,True
2026-08-10T13:25:22+03:00,datasets/crop_disease/test\Blight\test_000105.jpg,40.00050000,-73.99950000,10.00,Blight,0.963613,True
2026-08-10T13:25:22+03:00,datasets/crop_disease/test\Blight\test_000106.jpg,40.00050000,-73.99940000,10.00,Blight,0.999808,True
2026-08-10T13:25:22+03:00,datasets/crop_disease/test\Blight\test_000107.jpg,40.00050000,-73.99930000,10.00,Blight,0.989873,True
2026-08-10T13:25:22+03:00,datasets/crop_disease/test\Blight\test_000108.jpg,40.00050000,-73.99920000,10.00,Blight,0.946721,False
2026-08-10T13:25:22+03:00,datasets/crop_disease/test\Blight\test_000109.jpg,40.00050000,-73.99910000,10.00,Blight,0.979017,True
2026-08-10T13:25:22+03:00,datasets/crop_disease/test\Blight\test_000110.jpg,40.00050000,-73.99900000,10.00,Blight,0.983051,True
2026-08-10T13:25:22+03:00,datasets/crop_disease/test\Blight\test_000111.jpg,40.00050000,-73.99890000,10.00,Blight,0.994557,True
2026-08-10T13:25:22+03:00,datasets/crop_disease/test\Blight\test_000112.jpg,40.00050000,-73.99880000,10.00,Blight,0.967444,True
2026-08-10T13:25:22+03:00,datasets/crop_disease/test\Blight\test_000113.jpg,40.00050000,-73.99870000,10.00,Blight,0.995819,True
2026-08-10T13:25:22+03:00,datasets/crop_disease/test\Blight\test_000114.jpg,40.00050000,-73.99860000,10.00,Blight,0.999999,True
2026-08-10T13:25:22+03:00,datasets/crop_disease/test\Blight\test_000115.jpg,40.00050000,-73.99850000,10.00,Blight,0.921386,False
2026-08-10T13:25:22+03:00,datasets/crop_disease/test\Blight\test_000116.jpg,40.00050000,-73.99840000,10.00,Blight,0.994790,True
2026-08-10T13:25:22+03:00,datasets/crop_disease/test\Blight\test_000117.jpg,40.00050000,-73.99830000,10.00,Blight,0.989710,True
2026-08-10T13:25:22+03:00,datasets/crop_disease/test\Blight\test_000118.jpg,40.00050000,-73.99820000,10.00,Blight,0.950183,True
2026-08-10T13:25:22+03:00,datasets/crop_disease/test\Blight\test_000119.jpg,40.00050000,-73.99810000,10.00,Blight,0.999984,True
2026-08-10T13:25:22+03:00,datasets/crop_disease/test\Blight\test_000120.jpg,40.00060000,-74.00000000,10.00,Blight,0.600026,False
2026-08-10T13:25:22+03:00,datasets/crop_disease/test\Blight\test_000121.jpg,40.00060000,-73.99990000,10.00,Blight,0.926852,False
2026-08-10T13:25:22+03:00,datasets/crop_disease/test\Blight\test_000122.jpg,40.00060000,-73.99980000,10.00,Blight,0.999944,True
2026-08-10T13:25:22+03:00,datasets/crop_disease/test\Blight\test_000123.jpg,40.00060000,-73.99970000,10.00,Blight,0.995116,True
2026-08-10T13:25:22+03:00,datasets/crop_disease/test\Blight\test_000124.jpg,40.00060000,-73.99960000,10.00,Blight,0.998702,True
2026-08-10T13:25:22+03:00,datasets/crop_disease/test\Blight\test_000125.jpg,40.00060000,-73.99950000,10.00,Blight,0.827307,False
2026-08-10T13:25:22+03:00,datasets/crop_disease/test\Blight\test_000126.jpg,40.00060000,-73.99940000,10.00,Blight,0.996674,True
2026-08-10T13:25:22+03:00,datasets/crop_disease/test\Blight\test_000127.jpg,40.00060000,-73.99930000,10.00,Blight,0.998977,True
2026-08-10T13:25:22+03:00,datasets/crop_disease/test\Blight\test_000128.jpg,40.00060000,-73.99920000,10.00,Blight,0.883026,False
2026-08-10T13:25:22+03:00,datasets/crop_disease/test\Blight\test_000129.jpg,40.00060000,-73.99910000,10.00,Blight,0.997943,True
2026-08-10T13:25:22+03:00,datasets/crop_disease/test\Blight\test_000130.jpg,40.00060000,-73.99900000,10.00,Blight,0.999983,True
2026-08-10T13:25:22+03:00,datasets/crop_disease/test\Blight\test_000131.jpg,40.00060000,-73.99890000,10.00,Blight,0.993155,True
2026-08-10T13:25:22+03:00,datasets/crop_disease/test\Blight\test_000132.jpg,40.00060000,-73.99880000,10.00,Blight,0.999860,True
2026-08-10T13:25:22+03:00,datasets/crop_disease/test\Blight\test_000133.jpg,40.00060000,-73.99870000,10.00,Blight,0.997246,True
2026-08-10T13:25:22+03:00,datasets/crop_disease/test\Blight\test_000134.jpg,40.00060000,-73.99860000,10.00,Blight,0.987069,True
2026-08-10T13:25:22+03:00,datasets/crop_disease/test\Blight\test_000135.jpg,40.00060000,-73.99850000,10.00,Blight,0.990533,True
2026-08-10T13:25:22+03:00,datasets/crop_disease/test\Blight\test_000136.jpg,40.00060000,-73.99840000,10.00,LeafSpot,0.695167,False
2026-08-10T13:25:22+03:00,datasets/crop_disease/test\Blight\test_000137.jpg,40.00060000,-73.99830000,10.00,Blight,1.000000,True
2026-08-10T13:25:22+03:00,datasets/crop_disease/test\Blight\test_000138.jpg,40.00060000,-73.99820000,10.00,Blight,0.586923,False
2026-08-10T13:25:22+03:00,datasets/crop_disease/test\Blight\test_000139.jpg,40.00060000,-73.99810000,10.00,Blight,0.959104,True
2026-08-10T13:25:23+03:00,datasets/crop_disease/test\Blight\test_000140.jpg,40.00070000,-74.00000000,10.00,Blight,0.999406,True
2026-08-10T13:25:23+03:00,datasets/crop_disease/test\Blight\test_000141.jpg,40.00070000,-73.99990000,10.00,Blight,0.963507,True
2026-08-10T13:25:23+03:00,datasets/crop_disease/test\Blight\test_000142.jpg,40.00070000,-73.99980000,10.00,Blight,0.999742,True
2026-08-10T13:25:23+03:00,datasets/crop_disease/test\Blight\test_000143.jpg,40.00070000,-73.99970000,10.00,Blight,0.999990,True
2026-08-10T13:25:23+03:00,datasets/crop_disease/test\Blight\test_000144.jpg,40.00070000,-73.99960000,10.00,Blight,0.810709,False
2026-08-10T13:25:23+03:00,datasets/crop_disease/test\Blight\test_000145.jpg,40.00070000,-73.99950000,10.00,Blight,0.900762,False
2026-08-10T13:25:23+03:00,datasets/crop_disease/test\Blight\test_000146.jpg,40.00070000,-73.99940000,10.00,Blight,0.995705,True
2026-08-10T13:25:23+03:00,datasets/crop_disease/test\Blight\test_000147.jpg,40.00070000,-73.99930000,10.00,Blight,0.998362,True
2026-08-10T13:25:23+03:00,datasets/crop_disease/test\Blight\test_000148.jpg,40.00070000,-73.99920000,10.00,Blight,0.994913,True
2026-08-10T13:25:23+03:00,datasets/crop_disease/test\Blight\test_000149.jpg,40.00070000,-73.99910000,10.00,Rust,0.448854,False
2026-08-10T13:25:23+03:00,datasets/crop_disease/test\Blight\test_000150.jpg,40.00070000,-73.99900000,10.00,Blight,0.998937,True
2026-08-10T13:25:23+03:00,datasets/crop_disease/test\Blight\test_000151.jpg,40.00070000,-73.99890000,10.00,Blight,0.730153,False
2026-08-10T13:25:23+03:00,datasets/crop_disease/test\Blight\test_000152.jpg,40.00070000,-73.99880000,10.00,Blight,0.999607,True
2026-08-10T13:25:23+03:00,datasets/crop_disease/test\Blight\test_000153.jpg,40.00070000,-73.99870000,10.00,Blight,0.951199,True
2026-08-10T13:25:23+03:00,datasets/crop_disease/test\Blight\test_000154.jpg,40.00070000,-73.99860000,10.00,Blight,0.994962,True
2026-08-10T13:25:23+03:00,datasets/crop_disease/test\Blight\test_000155.jpg,40.00070000,-73.99850000,10.00,Blight,0.995583,True
2026-08-10T13:25:23+03:00,datasets/crop_disease/test\Blight\test_000156.jpg,40.00070000,-73.99840000,10.00,Blight,0.956765,True
2026-08-10T13:25:23+03:00,datasets/crop_disease/test\Blight\test_000157.jpg,40.00070000,-73.99830000,10.00,Blight,0.999993,True
2026-08-10T13:25:23+03:00,datasets/crop_disease/test\Blight\test_000158.jpg,40.00070000,-73.99820000,10.00,Blight,0.991907,True
2026-08-10T13:25:23+03:00,datasets/crop_disease/test\Blight\test_000159.jpg,40.00070000,-73.99810000,10.00,Blight,0.992292,True
2026-08-10T13:25:23+03:00,datasets/crop_disease/test\Blight\test_000160.jpg,40.00080000,-74.00000000,10.00,Blight,0.973011,True
2026-08-10T13:25:23+03:00,datasets/crop_disease/test\Blight\test_000161.jpg,40.00080000,-73.99990000,10.00,Blight,0.980771,True
2026-08-10T13:25:23+03:00,datasets/crop_disease/test\Blight\test_000162.jpg,40.00080000,-73.99980000,10.00,LeafSpot,0.845550,False
2026-08-10T13:25:23+03:00,datasets/crop_disease/test\Blight\test_000163.jpg,40.00080000,-73.99970000,10.00,Blight,0.999953,True
2026-08-10T13:25:23+03:00,datasets/crop_disease/test\Blight\test_000164.jpg,40.00080000,-73.99960000,10.00,LeafSpot,0.785546,False
2026-08-10T13:25:23+03:00,datasets/crop_disease/test\Blight\test_000165.jpg,40.00080000,-73.99950000,10.00,Blight,0.998181,True
2026-08-10T13:25:23+03:00,datasets/crop_disease/test\Blight\test_000166.jpg,40.00080000,-73.99940000,10.00,Blight,0.691418,False
2026-08-10T13:25:23+03:00,datasets/crop_disease/test\Blight\test_000167.jpg,40.00080000,-73.99930000,10.00,Blight,0.885917,False
2026-08-10T13:25:23+03:00,datasets/crop_disease/test\Blight\test_000168.jpg,40.00080000,-73.99920000,10.00,Blight,0.906867,False
2026-08-10T13:25:23+03:00,datasets/crop_disease/test\Blight\test_000169.jpg,40.00080000,-73.99910000,10.00,Blight,0.742985,False
2026-08-10T13:25:23+03:00,datasets/crop_disease/test\Blight\test_000170.jpg,40.00080000,-73.99900000,10.00,Blight,0.998548,True
2026-08-10T13:25:23+03:00,datasets/crop_disease/test\Blight\test_000171.jpg,40.00080000,-73.99890000,10.00,Blight,0.981860,True
2026-08-10T13:25:23+03:00,datasets/crop_disease/test\Blight\test_000172.jpg,40.00080000,-73.99880000,10.00,Blight,0.976548,True
2026-08-10T13:25:23+03:00,datasets/crop_disease/test\Blight\test_000173.jpg,40.00080000,-73.99870000,10.00,Blight,0.999669,True
2026-08-10T13:25:23+03:00,datasets/crop_disease/test\Blight\test_000174.jpg,40.00080000,-73.99860000,10.00,Blight,0.990413,True
2026-08-10T13:25:23+03:00,datasets/crop_disease/test\Blight\test_000175.jpg,40.00080000,-73.99850000,10.00,Blight,0.996395,True
2026-08-10T13:25:23+03:00,datasets/crop_disease/test\Blight\test_000176.jpg,40.00080000,-73.99840000,10.00,Blight,0.999527,True
2026-08-10T13:25:23+03:00,datasets/crop_disease/test\Blight\test_000177.jpg,40.00080000,-73.99830000,10.00,Blight,0.999728,True
2026-08-10T13:25:23+03:00,datasets/crop_disease/test\Blight\test_000178.jpg,40.00080000,-73.99820000,10.00,Blight,0.996007,True
2026-08-10T13:25:23+03:00,datasets/crop_disease/test\Blight\test_000179.jpg,40.00080000,-73.99810000,10.00,Blight,0.999657,True
2026-08-10T13:25:23+03:00,datasets/crop_disease/test\Blight\test_000180.jpg,40.00090000,-74.00000000,10.00,Blight,0.997559,True
2026-08-10T13:25:23+03:00,datasets/crop_disease/test\Blight\test_000181.jpg,40.00090000,-73.99990000,10.00,Blight,0.999177,True
2026-08-10T13:25:23+03:00,datasets/crop_disease/test\Blight\test_000182.jpg,40.00090000,-73.99980000,10.00,Blight,0.994227,True
2026-08-10T13:25:23+03:00,datasets/crop_disease/test\Blight\test_000183.jpg,40.00090000,-73.99970000,10.00,Blight,0.989875,True
2026-08-10T13:25:23+03:00,datasets/crop_disease/test\Blight\test_000184.jpg,40.00090000,-73.99960000,10.00,Blight,0.999848,True
2026-08-10T13:25:23+03:00,datasets/crop_disease/test\Blight\test_000185.jpg,40.00090000,-73.99950000,10.00,Blight,0.999338,True
2026-08-10T13:25:23+03:00,datasets/crop_disease/test\Blight\test_000186.jpg,40.00090000,-73.99940000,10.00,Blight,0.999988,True
2026-08-10T13:25:23+03:00,datasets/crop_disease/test\Blight\test_000187.jpg,40.00090000,-73.99930000,10.00,Blight,0.924100,False
2026-08-10T13:25:23+03:00,datasets/crop_disease/test\Blight\test_000188.jpg,40.00090000,-73.99920000,10.00,Blight,0.991078,True
2026-08-10T13:25:23+03:00,datasets/crop_disease/test\Blight\test_000189.jpg,40.00090000,-73.99910000,10.00,Blight,0.997485,True
2026-08-10T13:25:23+03:00,datasets/crop_disease/test\Blight\test_000190.jpg,40.00090000,-73.99900000,10.00,Blight,0.841080,False
2026-08-10T13:25:23+03:00,datasets/crop_disease/test\Blight\test_000191.jpg,40.00090000,-73.99890000,10.00,Blight,0.999326,True
2026-08-10T13:25:23+03:00,datasets/crop_disease/test\Blight\test_000192.jpg,40.00090000,-73.99880000,10.00,Blight,0.998748,True
2026-08-10T13:25:23+03:00,datasets/crop_disease/test\Blight\test_000193.jpg,40.00090000,-73.99870000,10.00,Blight,0.837766,False
2026-08-10T13:25:23+03:00,datasets/crop_disease/test\Blight\test_000194.jpg,40.00090000,-73.99860000,10.00,Blight,0.997576,True
2026-08-10T13:25:23+03:00,datasets/crop_disease/test\Blight\test_000195.jpg,40.00090000,-73.99850000,10.00,Blight,0.992080,True
2026-08-10T13:25:23+03:00,datasets/crop_disease/test\Blight\test_000196.jpg,40.00090000,-73.99840000,10.00,Blight,0.937896,False
2026-08-10T13:25:23+03:00,datasets/crop_disease/test\Blight\test_000197.jpg,40.00090000,-73.99830000,10.00,Blight,0.999996,True
2026-08-10T13:25:23+03:00,datasets/crop_disease/test\Blight\test_000198.jpg,40.00090000,-73.99820000,10.00,Blight,0.995903,True
2026-08-10T13:25:23+03:00,datasets/crop_disease/test\Blight\test_000199.jpg,40.00090000,-73.99810000,10.00,Blight,0.999747,True
2026-08-10T13:25:23+03:00,datasets/crop_disease/test\Blight\test_000200.jpg,40.00100000,-74.00000000,10.00,Blight,0.999816,True
2026-08-10T13:25:23+03:00,datasets/crop_disease/test\Blight\test_000201.jpg,40.00100000,-73.99990000,10.00,Blight,0.999988,True
2026-08-10T13:25:23+03:00,datasets/crop_disease/test\Blight\test_000202.jpg,40.00100000,-73.99980000,10.00,Blight,0.999801,True
2026-08-10T13:25:23+03:00,datasets/crop_disease/test\Blight\test_000203.jpg,40.00100000,-73.99970000,10.00,Blight,0.998543,True
2026-08-10T13:25:23+03:00,datasets/crop_disease/test\Blight\test_000204.jpg,40.00100000,-73.99960000,10.00,Blight,0.998412,True
2026-08-10T13:25:23+03:00,datasets/crop_disease/test\Blight\test_000205.jpg,40.00100000,-73.99950000,10.00,Blight,0.999985,True
2026-08-10T13:25:23+03:00,datasets/crop_disease/test\Blight\test_000206.jpg,40.00100000,-73.99940000,10.00,Blight,0.999963,True
2026-08-10T13:25:23+03:00,datasets/crop_disease/test\Blight\test_000207.jpg,40.00100000,-73.99930000,10.00,Blight,0.999662,True
2026-08-10T13:25:23+03:00,datasets/crop_disease/test\Blight\test_000208.jpg,40.00100000,-73.99920000,10.00,Blight,0.999997,True
2026-08-10T13:25:23+03:00,datasets/crop_disease/test\Blight\test_000209.jpg,40.00100000,-73.99910000,10.00,Blight,0.999998,True
2026-08-10T13:25:23+03:00,datasets/crop_disease/test\Blight\test_000210.jpg,40.00100000,-73.99900000,10.00,Blight,0.999976,True
2026-08-10T13:25:23+03:00,datasets/crop_disease/test\Blight\test_000211.jpg,40.00100000,-73.99890000,10.00,Blight,0.991064,True
2026-08-10T13:25:23+03:00,datasets/crop_disease/test\Blight\test_000212.jpg,40.00100000,-73.99880000,10.00,Blight,0.999996,True
2026-08-10T13:25:23+03:00,datasets/crop_disease/test\Blight\test_000213.jpg,40.00100000,-73.99870000,10.00,Blight,0.999997,True
2026-08-10T13:25:23+03:00,datasets/crop_disease/test\Blight\test_000214.jpg,40.00100000,-73.99860000,10.00,Blight,0.999885,True
2026-08-10T13:25:23+03:00,datasets/crop_disease/test\Blight\test_000215.jpg,40.00100000,-73.99850000,10.00,Blight,1.000000,True
2026-08-10T13:25:23+03:00,datasets/crop_disease/test\Blight\test_000216.jpg,40.00100000,-73.99840000,10.00,Blight,1.000000,True
2026-08-10T13:25:23+03:00,datasets/crop_disease/test\Blight\test_000217.jpg,40.00100000,-73.99830000,10.00,Blight,1.000000,True
2026-08-10T13:25:23+03:00,datasets/crop_disease/test\Blight\test_000218.jpg,40.00100000,-73.99820000,10.00,Blight,0.999990,True
2026-08-10T13:25:23+03:00,datasets/crop_disease/test\Blight\test_000219.jpg,40.00100000,-73.99810000,10.00,Blight,0.999996,True
2026-08-10T13:25:23+03:00,datasets/crop_disease/test\Blight\test_000220.jpg,40.00110000,-74.00000000,10.00,Blight,1.000000,True
2026-08-10T13:25:23+03:00,datasets/crop_disease/test\Blight\test_000221.jpg,40.00110000,-73.99990000,10.00,Blight,0.999997,True
2026-08-10T13:25:23+03:00,datasets/crop_disease/test\Blight\test_000222.jpg,40.00110000,-73.99980000,10.00,Blight,0.988083,True
2026-08-10T13:25:23+03:00,datasets/crop_disease/test\Blight\test_000223.jpg,40.00110000,-73.99970000,10.00,Blight,1.000000,True
2026-08-10T13:25:23+03:00,datasets/crop_disease/test\Blight\test_000224.jpg,40.00110000,-73.99960000,10.00,Blight,0.999049,True
2026-08-10T13:25:23+03:00,datasets/crop_disease/test\Blight\test_000225.jpg,40.00110000,-73.99950000,10.00,Blight,0.999983,True
2026-08-10T13:25:23+03:00,datasets/crop_disease/test\Blight\test_000226.jpg,40.00110000,-73.99940000,10.00,Blight,0.999905,True
2026-08-10T13:25:23+03:00,datasets/crop_disease/test\Blight\test_000227.jpg,40.00110000,-73.99930000,10.00,Blight,0.998240,True
2026-08-10T13:25:23+03:00,datasets/crop_disease/test\Blight\test_000228.jpg,40.00110000,-73.99920000,10.00,Blight,0.999995,True
2026-08-10T13:25:24+03:00,datasets/crop_disease/test\Blight\test_000229.jpg,40.00110000,-73.99910000,10.00,Blight,0.998890,True
2026-08-10T13:25:24+03:00,datasets/crop_disease/test\Blight\test_000230.jpg,40.00110000,-73.99900000,10.00,Blight,0.999988,True
2026-08-10T13:25:24+03:00,datasets/crop_disease/test\Blight\test_000231.jpg,40.00110000,-73.99890000,10.00,Blight,0.999885,True
2026-08-10T13:25:24+03:00,datasets/crop_disease/test\Blight\test_000232.jpg,40.00110000,-73.99880000,10.00,Blight,1.000000,True
2026-08-10T13:25:24+03:00,datasets/crop_disease/test\Blight\test_000233.jpg,40.00110000,-73.99870000,10.00,Blight,0.999985,True
2026-08-10T13:25:24+03:00,datasets/crop_disease/test\Blight\test_000234.jpg,40.00110000,-73.99860000,10.00,Blight,0.999995,True
2026-08-10T13:25:24+03:00,datasets/crop_disease/test\Blight\test_000235.jpg,40.00110000,-73.99850000,10.00,Blight,0.999979,True
2026-08-10T13:25:24+03:00,datasets/crop_disease/test\Blight\test_000236.jpg,40.00110000,-73.99840000,10.00,Blight,0.999957,True
2026-08-10T13:25:24+03:00,datasets/crop_disease/test\Blight\test_000237.jpg,40.00110000,-73.99830000,10.00,Blight,0.997605,True
2026-08-10T13:25:24+03:00,datasets/crop_disease/test\Blight\test_000238.jpg,40.00110000,-73.99820000,10.00,Blight,0.999931,True
2026-08-10T13:25:24+03:00,datasets/crop_disease/test\Blight\test_000239.jpg,40.00110000,-73.99810000,10.00,Blight,0.999947,True
2026-08-10T13:25:24+03:00,datasets/crop_disease/test\Blight\test_000240.jpg,40.00120000,-74.00000000,10.00,Blight,1.000000,True
2026-08-10T13:25:24+03:00,datasets/crop_disease/test\Blight\test_000241.jpg,40.00120000,-73.99990000,10.00,Blight,1.000000,True
2026-08-10T13:25:24+03:00,datasets/crop_disease/test\Blight\test_000242.jpg,40.00120000,-73.99980000,10.00,Blight,0.999997,True
2026-08-10T13:25:24+03:00,datasets/crop_disease/test\Blight\test_000243.jpg,40.00120000,-73.99970000,10.00,Blight,0.999999,True
2026-08-10T13:25:24+03:00,datasets/crop_disease/test\Blight\test_000244.jpg,40.00120000,-73.99960000,10.00,Blight,0.999900,True
2026-08-10T13:25:24+03:00,datasets/crop_disease/test\Blight\test_000245.jpg,40.00120000,-73.99950000,10.00,Blight,0.999993,True
2026-08-10T13:25:24+03:00,datasets/crop_disease/test\Blight\test_000246.jpg,40.00120000,-73.99940000,10.00,Blight,0.999998,True
2026-08-10T13:25:24+03:00,datasets/crop_disease/test\Blight\test_000247.jpg,40.00120000,-73.99930000,10.00,Blight,0.999755,True
2026-08-10T13:25:24+03:00,datasets/crop_disease/test\Blight\test_000248.jpg,40.00120000,-73.99920000,10.00,Blight,0.998769,True
2026-08-10T13:25:24+03:00,datasets/crop_disease/test\Blight\test_000249.jpg,40.00120000,-73.99910000,10.00,Blight,0.999999,True
2026-08-10T13:25:24+03:00,datasets/crop_disease/test\Blight\test_000250.jpg,40.00120000,-73.99900000,10.00,Blight,0.982816,True
2026-08-10T13:25:24+03:00,datasets/crop_disease/test\Blight\test_000251.jpg,40.00120000,-73.99890000,10.00,Blight,0.997472,True
2026-08-10T13:25:24+03:00,datasets/crop_disease/test\Blight\test_000252.jpg,40.00120000,-73.99880000,10.00,Blight,0.999707,True
2026-08-10T13:25:24+03:00,datasets/crop_disease/test\Blight\test_000253.jpg,40.00120000,-73.99870000,10.00,Blight,0.999972,True
2026-08-10T13:25:24+03:00,datasets/crop_disease/test\Blight\test_000254.jpg,40.00120000,-73.99860000,10.00,Blight,1.000000,True
2026-08-10T13:25:24+03:00,datasets/crop_disease/test\Blight\test_000255.jpg,40.00120000,-73.99850000,10.00,Blight,0.999997,True
2026-08-10T13:25:24+03:00,datasets/crop_disease/test\Blight\test_000256.jpg,40.00120000,-73.99840000,10.00,Blight,1.000000,True
2026-08-10T13:25:24+03:00,datasets/crop_disease/test\Blight\test_000257.jpg,40.00120000,-73.99830000,10.00,Blight,0.999726,True
2026-08-10T13:25:24+03:00,datasets/crop_disease/test\Blight\test_000258.jpg,40.00120000,-73.99820000,10.00,Blight,0.999993,True
2026-08-10T13:25:24+03:00,datasets/crop_disease/test\Blight\test_000259.jpg,40.00120000,-73.99810000,10.00,Blight,0.999982,True
2026-08-10T13:25:24+03:00,datasets/crop_disease/test\Blight\test_000260.jpg,40.00130000,-74.00000000,10.00,Blight,1.000000,True
2026-08-10T13:25:24+03:00,datasets/crop_disease/test\Blight\test_000261.jpg,40.00130000,-73.99990000,10.00,Blight,0.999983,True
2026-08-10T13:25:24+03:00,datasets/crop_disease/test\Blight\test_000262.jpg,40.00130000,-73.99980000,10.00,Blight,0.999996,True
2026-08-10T13:25:24+03:00,datasets/crop_disease/test\Blight\test_000263.jpg,40.00130000,-73.99970000,10.00,Blight,0.999951,True
2026-08-10T13:25:24+03:00,datasets/crop_disease/test\Blight\test_000264.jpg,40.00130000,-73.99960000,10.00,Blight,0.999998,True
2026-08-10T13:25:24+03:00,datasets/crop_disease/test\Blight\test_000265.jpg,40.00130000,-73.99950000,10.00,Blight,1.000000,True
2026-08-10T13:25:24+03:00,datasets/crop_disease/test\Blight\test_000266.jpg,40.00130000,-73.99940000,10.00,Blight,1.000000,True
2026-08-10T13:25:24+03:00,datasets/crop_disease/test\Blight\test_000267.jpg,40.00130000,-73.99930000,10.00,Blight,0.999842,True
2026-08-10T13:25:24+03:00,datasets/crop_disease/test\Blight\test_000268.jpg,40.00130000,-73.99920000,10.00,Blight,0.999997,True
2026-08-10T13:25:24+03:00,datasets/crop_disease/test\Blight\test_000269.jpg,40.00130000,-73.99910000,10.00,Blight,0.999964,True
2026-08-10T13:25:24+03:00,datasets/crop_disease/test\Blight\test_000270.jpg,40.00130000,-73.99900000,10.00,Blight,0.999599,True
2026-08-10T13:25:24+03:00,datasets/crop_disease/test\Blight\test_000271.jpg,40.00130000,-73.99890000,10.00,Blight,0.999944,True
2026-08-10T13:25:24+03:00,datasets/crop_disease/test\Blight\test_000272.jpg,40.00130000,-73.99880000,10.00,Blight,1.000000,True
2026-08-10T13:25:24+03:00,datasets/crop_disease/test\Blight\test_000273.jpg,40.00130000,-73.99870000,10.00,Blight,0.995265,True
2026-08-10T13:25:24+03:00,datasets/crop_disease/test\Blight\test_000274.jpg,40.00130000,-73.99860000,10.00,Blight,1.000000,True
2026-08-10T13:25:24+03:00,datasets/crop_disease/test\Blight\test_000275.jpg,40.00130000,-73.99850000,10.00,Blight,0.999999,True
2026-08-10T13:25:24+03:00,datasets/crop_disease/test\Blight\test_000276.jpg,40.00130000,-73.99840000,10.00,Blight,0.999998,True
2026-08-10T13:25:24+03:00,datasets/crop_disease/test\Blight\test_000277.jpg,40.00130000,-73.99830000,10.00,Blight,0.999869,True
2026-08-10T13:25:24+03:00,datasets/crop_disease/test\Blight\test_000278.jpg,40.00130000,-73.99820000,10.00,Blight,1.000000,True
2026-08-10T13:25:24+03:00,datasets/crop_disease/test\Blight\test_000279.jpg,40.00130000,-73.99810000,10.00,Blight,0.999986,True
2026-08-10T13:25:24+03:00,datasets/crop_disease/test\Blight\test_000280.jpg,40.00140000,-74.00000000,10.00,Blight,0.929071,False
2026-08-10T13:25:24+03:00,datasets/crop_disease/test\Blight\test_000281.jpg,40.00140000,-73.99990000,10.00,Blight,1.000000,True
2026-08-10T13:25:24+03:00,datasets/crop_disease/test\Blight\test_000282.jpg,40.00140000,-73.99980000,10.00,Blight,0.999566,True
2026-08-10T13:25:24+03:00,datasets/crop_disease/test\Blight\test_000283.jpg,40.00140000,-73.99970000,10.00,Blight,0.999998,True
2026-08-10T13:25:24+03:00,datasets/crop_disease/test\Blight\test_000284.jpg,40.00140000,-73.99960000,10.00,Blight,1.000000,True
2026-08-10T13:25:24+03:00,datasets/crop_disease/test\Blight\test_000285.jpg,40.00140000,-73.99950000,10.00,Blight,0.999997,True
2026-08-10T13:25:24+03:00,datasets/crop_disease/test\Blight\test_000286.jpg,40.00140000,-73.99940000,10.00,Blight,0.999993,True
2026-08-10T13:25:24+03:00,datasets/crop_disease/test\Blight\test_000287.jpg,40.00140000,-73.99930000,10.00,Blight,0.999598,True
2026-08-10T13:25:24+03:00,datasets/crop_disease/test\Blight\test_000288.jpg,40.00140000,-73.99920000,10.00,Blight,0.999343,True
2026-08-10T13:25:24+03:00,datasets/crop_disease/test\Blight\test_000289.jpg,40.00140000,-73.99910000,10.00,Blight,0.999998,True
2026-08-10T13:25:24+03:00,datasets/crop_disease/test\Blight\test_000290.jpg,40.00140000,-73.99900000,10.00,Blight,0.999768,True
2026-08-10T13:25:24+03:00,datasets/crop_disease/test\Blight\test_000291.jpg,40.00140000,-73.99890000,10.00,Blight,0.999988,True
2026-08-10T13:25:24+03:00,datasets/crop_disease/test\Blight\test_000292.jpg,40.00140000,-73.99880000,10.00,Blight,0.998948,True
2026-08-10T13:25:24+03:00,datasets/crop_disease/test\Blight\test_000293.jpg,40.00140000,-73.99870000,10.00,Blight,1.000000,True
2026-08-10T13:25:24+03:00,datasets/crop_disease/test\Blight\test_000294.jpg,40.00140000,-73.99860000,10.00,Blight,0.999983,True
2026-08-10T13:25:24+03:00,datasets/crop_disease/test\Blight\test_000295.jpg,40.00140000,-73.99850000,10.00,Blight,0.998594,True
2026-08-10T13:25:24+03:00,datasets/crop_disease/test\Blight\test_000296.jpg,40.00140000,-73.99840000,10.00,Blight,0.999995,True
2026-08-10T13:25:24+03:00,datasets/crop_disease/test\Blight\test_000297.jpg,40.00140000,-73.99830000,10.00,Blight,0.999999,True
2026-08-10T13:25:24+03:00,datasets/crop_disease/test\Blight\test_000298.jpg,40.00140000,-73.99820000,10.00,Blight,0.999999,True
2026-08-10T13:25:24+03:00,datasets/crop_disease/test\Blight\test_000299.jpg,40.00140000,-73.99810000,10.00,Blight,1.000000,True
2026-08-10T13:25:24+03:00,datasets/crop_disease/test\Blight\test_000300.jpg,40.00150000,-74.00000000,10.00,Blight,0.999982,True
2026-08-10T13:25:24+03:00,datasets/crop_disease/test\Blight\test_000301.jpg,40.00150000,-73.99990000,10.00,Blight,0.999776,True
2026-08-10T13:25:24+03:00,datasets/crop_disease/test\Blight\test_000302.jpg,40.00150000,-73.99980000,10.00,Blight,0.999994,True
2026-08-10T13:25:24+03:00,datasets/crop_disease/test\Blight\test_000303.jpg,40.00150000,-73.99970000,10.00,Blight,0.999996,True
2026-08-10T13:25:24+03:00,datasets/crop_disease/test\Blight\test_000304.jpg,40.00150000,-73.99960000,10.00,Blight,0.999624,True
2026-08-10T13:25:24+03:00,datasets/crop_disease/test\Blight\test_000305.jpg,40.00150000,-73.99950000,10.00,Blight,0.999971,True
2026-08-10T13:25:24+03:00,datasets/crop_disease/test\Blight\test_000306.jpg,40.00150000,-73.99940000,10.00,Blight,0.999816,True
2026-08-10T13:25:24+03:00,datasets/crop_disease/test\Blight\test_000307.jpg,40.00150000,-73.99930000,10.00,Blight,0.999945,True
2026-08-10T13:25:24+03:00,datasets/crop_disease/test\Blight\test_000308.jpg,40.00150000,-73.99920000,10.00,Blight,1.000000,True
2026-08-10T13:25:24+03:00,datasets/crop_disease/test\Blight\test_000309.jpg,40.00150000,-73.99910000,10.00,Blight,0.999400,True
2026-08-10T13:25:24+03:00,datasets/crop_disease/test\Blight\test_000310.jpg,40.00150000,-73.99900000,10.00,Blight,0.959683,True
2026-08-10T13:25:24+03:00,datasets/crop_disease/test\Blight\test_000311.jpg,40.00150000,-73.99890000,10.00,Blight,0.999213,True
2026-08-10T13:25:24+03:00,datasets/crop_disease/test\Blight\test_000312.jpg,40.00150000,-73.99880000,10.00,Blight,0.999991,True
2026-08-10T13:25:24+03:00,datasets/crop_disease/test\Blight\test_000313.jpg,40.00150000,-73.99870000,10.00,Blight,0.999964,True
2026-08-10T13:25:24+03:00,datasets/crop_disease/test\Blight\test_000314.jpg,40.00150000,-73.99860000,10.00,Blight,0.989985,True
2026-08-10T13:25:24+03:00,datasets/crop_disease/test\Blight\test_000315.jpg,40.00150000,-73.99850000,10.00,Blight,1.000000,True
2026-08-10T13:25:24+03:00,datasets/crop_disease/test\Blight\test_000316.jpg,40.00150000,-73.99840000,10.00,Blight,0.999559,True
2026-08-10T13:25:25+03:00,datasets/crop_disease/test\Blight\test_000317.jpg,40.00150000,-73.99830000,10.00,Blight,0.999476,True
2026-08-10T13:25:25+03:00,datasets/crop_disease/test\Blight\test_000318.jpg,40.00150000,-73.99820000,10.00,Blight,1.000000,True
2026-08-10T13:25:25+03:00,datasets/crop_disease/test\Blight\test_000319.jpg,40.00150000,-73.99810000,10.00,Blight,0.947874,False
2026-08-10T13:25:25+03:00,datasets/crop_disease/test\Blight\test_000320.jpg,40.00160000,-74.00000000,10.00,Blight,0.999140,True
2026-08-10T13:25:25+03:00,datasets/crop_disease/test\Blight\test_000321.jpg,40.00160000,-73.99990000,10.00,Blight,0.999999,True
2026-08-10T13:25:25+03:00,datasets/crop_disease/test\Blight\test_000322.jpg,40.00160000,-73.99980000,10.00,Blight,0.736264,False
2026-08-10T13:25:25+03:00,datasets/crop_disease/test\Blight\test_000323.jpg,40.00160000,-73.99970000,10.00,Blight,0.999997,True
2026-08-10T13:25:25+03:00,datasets/crop_disease/test\Blight\test_000324.jpg,40.00160000,-73.99960000,10.00,Blight,0.999342,True
2026-08-10T13:25:25+03:00,datasets/crop_disease/test\Blight\test_000325.jpg,40.00160000,-73.99950000,10.00,Blight,0.999983,True
2026-08-10T13:25:25+03:00,datasets/crop_disease/test\Blight\test_000326.jpg,40.00160000,-73.99940000,10.00,Blight,1.000000,True
2026-08-10T13:25:25+03:00,datasets/crop_disease/test\Blight\test_000327.jpg,40.00160000,-73.99930000,10.00,Blight,0.999803,True
2026-08-10T13:25:25+03:00,datasets/crop_disease/test\Blight\test_000328.jpg,40.00160000,-73.99920000,10.00,Blight,0.999999,True
2026-08-10T13:25:25+03:00,datasets/crop_disease/test\Blight\test_000329.jpg,40.00160000,-73.99910000,10.00,Blight,0.996343,True
2026-08-10T13:25:25+03:00,datasets/crop_disease/test\Blight\test_000330.jpg,40.00160000,-73.99900000,10.00,Blight,0.995698,True
2026-08-10T13:25:25+03:00,datasets/crop_disease/test\Blight\test_000331.jpg,40.00160000,-73.99890000,10.00,Blight,0.999922,True
2026-08-10T13:25:25+03:00,datasets/crop_disease/test\Blight\test_000332.jpg,40.00160000,-73.99880000,10.00,Blight,0.999705,True
2026-08-10T13:25:25+03:00,datasets/crop_disease/test\Blight\test_000333.jpg,40.00160000,-73.99870000,10.00,Blight,0.999991,True
2026-08-10T13:25:25+03:00,datasets/crop_disease/test\Blight\test_000334.jpg,40.00160000,-73.99860000,10.00,Blight,0.999994,True
2026-08-10T13:25:25+03:00,datasets/crop_disease/test\Blight\test_000335.jpg,40.00160000,-73.99850000,10.00,Blight,0.996341,True
2026-08-10T13:25:25+03:00,datasets/crop_disease/test\Blight\test_000336.jpg,40.00160000,-73.99840000,10.00,Blight,1.000000,True
2026-08-10T13:25:25+03:00,datasets/crop_disease/test\Blight\test_000337.jpg,40.00160000,-73.99830000,10.00,Blight,0.999998,True
2026-08-10T13:25:25+03:00,datasets/crop_disease/test\Blight\test_000338.jpg,40.00160000,-73.99820000,10.00,Blight,0.999389,True
2026-08-10T13:25:25+03:00,datasets/crop_disease/test\Blight\test_000339.jpg,40.00160000,-73.99810000,10.00,Blight,0.999690,True
2026-08-10T13:25:25+03:00,datasets/crop_disease/test\Blight\test_000340.jpg,40.00170000,-74.00000000,10.00,Blight,0.999965,True
2026-08-10T13:25:25+03:00,datasets/crop_disease/test\Blight\test_000341.jpg,40.00170000,-73.99990000,10.00,Blight,0.999970,True
2026-08-10T13:25:25+03:00,datasets/crop_disease/test\Blight\test_000342.jpg,40.00170000,-73.99980000,10.00,Blight,1.000000,True
2026-08-10T13:25:25+03:00,datasets/crop_disease/test\Blight\test_000343.jpg,40.00170000,-73.99970000,10.00,Blight,0.998847,True
2026-08-10T13:25:25+03:00,datasets/crop_disease/test\Blight\test_000344.jpg,40.00170000,-73.99960000,10.00,Blight,0.999999,True
2026-08-10T13:25:25+03:00,datasets/crop_disease/test\Blight\test_000345.jpg,40.00170000,-73.99950000,10.00,Blight,0.999998,True
2026-08-10T13:25:25+03:00,datasets/crop_disease/test\Blight\test_000346.jpg,40.00170000,-73.99940000,10.00,Blight,0.999558,True
2026-08-10T13:25:25+03:00,datasets/crop_disease/test\Blight\test_000347.jpg,40.00170000,-73.99930000,10.00,Blight,1.000000,True
2026-08-10T13:25:25+03:00,datasets/crop_disease/test\Blight\test_000348.jpg,40.00170000,-73.99920000,10.00,Blight,1.000000,True
2026-08-10T13:25:25+03:00,datasets/crop_disease/test\Blight\test_000349.jpg,40.00170000,-73.99910000,10.00,Blight,1.000000,True
2026-08-10T13:25:25+03:00,datasets/crop_disease/test\Blight\test_000350.jpg,40.00170000,-73.99900000,10.00,Blight,0.999994,True
2026-08-10T13:25:25+03:00,datasets/crop_disease/test\Blight\test_000351.jpg,40.00170000,-73.99890000,10.00,Blight,0.822213,False
2026-08-10T13:25:25+03:00,datasets/crop_disease/test\Blight\test_000352.jpg,40.00170000,-73.99880000,10.00,Blight,1.000000,True
2026-08-10T13:25:25+03:00,datasets/crop_disease/test\Blight\test_000353.jpg,40.00170000,-73.99870000,10.00,Blight,0.999699,True
2026-08-10T13:25:25+03:00,datasets/crop_disease/test\Blight\test_000354.jpg,40.00170000,-73.99860000,10.00,Blight,0.999709,True
2026-08-10T13:25:25+03:00,datasets/crop_disease/test\Blight\test_000355.jpg,40.00170000,-73.99850000,10.00,Blight,0.999898,True
2026-08-10T13:25:25+03:00,datasets/crop_disease/test\Blight\test_000356.jpg,40.00170000,-73.99840000,10.00,Blight,0.999968,True
2026-08-10T13:25:25+03:00,datasets/crop_disease/test\Blight\test_000357.jpg,40.00170000,-73.99830000,10.00,Blight,0.999993,True
2026-08-10T13:25:25+03:00,datasets/crop_disease/test\Blight\test_000358.jpg,40.00170000,-73.99820000,10.00,Blight,1.000000,True
2026-08-10T13:25:25+03:00,datasets/crop_disease/test\Blight\test_000359.jpg,40.00170000,-73.99810000,10.00,Blight,0.999991,True
2026-08-10T13:25:25+03:00,datasets/crop_disease/test\Blight\test_000360.jpg,40.00180000,-74.00000000,10.00,Blight,0.999999,True
2026-08-10T13:25:25+03:00,datasets/crop_disease/test\Blight\test_000361.jpg,40.00180000,-73.99990000,10.00,Blight,0.998215,True
2026-08-10T13:25:25+03:00,datasets/crop_disease/test\Blight\test_000362.jpg,40.00180000,-73.99980000,10.00,Blight,0.999986,True
2026-08-10T13:25:25+03:00,datasets/crop_disease/test\Blight\test_000363.jpg,40.00180000,-73.99970000,10.00,Blight,0.999933,True
2026-08-10T13:25:25+03:00,datasets/crop_disease/test\Blight\test_000364.jpg,40.00180000,-73.99960000,10.00,Blight,0.999833,True
2026-08-10T13:25:25+03:00,datasets/crop_disease/test\Blight\test_000365.jpg,40.00180000,-73.99950000,10.00,Blight,0.999950,True
2026-08-10T13:25:25+03:00,datasets/crop_disease/test\Blight\test_000366.jpg,40.00180000,-73.99940000,10.00,Blight,0.996488,True
2026-08-10T13:25:25+03:00,datasets/crop_disease/test\Blight\test_000367.jpg,40.00180000,-73.99930000,10.00,Blight,0.999973,True
2026-08-10T13:25:25+03:00,datasets/crop_disease/test\Blight\test_000368.jpg,40.00180000,-73.99920000,10.00,Blight,0.999701,True
2026-08-10T13:25:25+03:00,datasets/crop_disease/test\Blight\test_000369.jpg,40.00180000,-73.99910000,10.00,Blight,0.999999,True
2026-08-10T13:25:25+03:00,datasets/crop_disease/test\Blight\test_000370.jpg,40.00180000,-73.99900000,10.00,Blight,1.000000,True
2026-08-10T13:25:25+03:00,datasets/crop_disease/test\Blight\test_000371.jpg,40.00180000,-73.99890000,10.00,Blight,0.999620,True
2026-08-10T13:25:25+03:00,datasets/crop_disease/test\Blight\test_000372.jpg,40.00180000,-73.99880000,10.00,Blight,0.999896,True
2026-08-10T13:25:25+03:00,datasets/crop_disease/test\Blight\test_000373.jpg,40.00180000,-73.99870000,10.00,Blight,1.000000,True
2026-08-10T13:25:25+03:00,datasets/crop_disease/test\Blight\test_000374.jpg,40.00180000,-73.99860000,10.00,Blight,0.970181,True
2026-08-10T13:25:25+03:00,datasets/crop_disease/test\Blight\test_000375.jpg,40.00180000,-73.99850000,10.00,Blight,0.999837,True
2026-08-10T13:25:25+03:00,datasets/crop_disease/test\Blight\test_000376.jpg,40.00180000,-73.99840000,10.00,Blight,1.000000,True
2026-08-10T13:25:25+03:00,datasets/crop_disease/test\Blight\test_000377.jpg,40.00180000,-73.99830000,10.00,Blight,0.999431,True
2026-08-10T13:25:25+03:00,datasets/crop_disease/test\Blight\test_000378.jpg,40.00180000,-73.99820000,10.00,Blight,1.000000,True
2026-08-10T13:25:25+03:00,datasets/crop_disease/test\Blight\test_000379.jpg,40.00180000,-73.99810000,10.00,Blight,0.999997,True
2026-08-10T13:25:25+03:00,datasets/crop_disease/test\Blight\test_000380.jpg,40.00190000,-74.00000000,10.00,Blight,0.997407,True
2026-08-10T13:25:25+03:00,datasets/crop_disease/test\Blight\test_000381.jpg,40.00190000,-73.99990000,10.00,Blight,0.999998,True
2026-08-10T13:25:25+03:00,datasets/crop_disease/test\Blight\test_000382.jpg,40.00190000,-73.99980000,10.00,Blight,0.978950,True
2026-08-10T13:25:25+03:00,datasets/crop_disease/test\Blight\test_000383.jpg,40.00190000,-73.99970000,10.00,Blight,0.999812,True
2026-08-10T13:25:25+03:00,datasets/crop_disease/test\Blight\test_000384.jpg,40.00190000,-73.99960000,10.00,Blight,0.999999,True
2026-08-10T13:25:25+03:00,datasets/crop_disease/test\Blight\test_000385.jpg,40.00190000,-73.99950000,10.00,Blight,0.992668,True
2026-08-10T13:25:25+03:00,datasets/crop_disease/test\Blight\test_000386.jpg,40.00190000,-73.99940000,10.00,Blight,0.994564,True
2026-08-10T13:25:25+03:00,datasets/crop_disease/test\Blight\test_000387.jpg,40.00190000,-73.99930000,10.00,Blight,0.999928,True
2026-08-10T13:25:25+03:00,datasets/crop_disease/test\Blight\test_000388.jpg,40.00190000,-73.99920000,10.00,Blight,0.999999,True
2026-08-10T13:25:25+03:00,datasets/crop_disease/test\Blight\test_000389.jpg,40.00190000,-73.99910000,10.00,Blight,0.986749,True
2026-08-10T13:25:25+03:00,datasets/crop_disease/test\Blight\test_000390.jpg,40.00190000,-73.99900000,10.00,Blight,0.999921,True
2026-08-10T13:25:25+03:00,datasets/crop_disease/test\Blight\test_000391.jpg,40.00190000,-73.99890000,10.00,Blight,1.000000,True
2026-08-10T13:25:25+03:00,datasets/crop_disease/test\Blight\test_000392.jpg,40.00190000,-73.99880000,10.00,Blight,1.000000,True
2026-08-10T13:25:25+03:00,datasets/crop_disease/test\Blight\test_000393.jpg,40.00190000,-73.99870000,10.00,Blight,0.997885,True
2026-08-10T13:25:25+03:00,datasets/crop_disease/test\Blight\test_000394.jpg,40.00190000,-73.99860000,10.00,Blight,0.902742,False
2026-08-10T13:25:25+03:00,datasets/crop_disease/test\Blight\test_000395.jpg,40.00190000,-73.99850000,10.00,Blight,1.000000,True
2026-08-10T13:25:25+03:00,datasets/crop_disease/test\Blight\test_000396.jpg,40.00190000,-73.99840000,10.00,Blight,0.998755,True
2026-08-10T13:25:25+03:00,datasets/crop_disease/test\Blight\test_000397.jpg,40.00190000,-73.99830000,10.00,Blight,1.000000,True
2026-08-10T13:25:25+03:00,datasets/crop_disease/test\Blight\test_000398.jpg,40.00190000,-73.99820000,10.00,Blight,0.952768,True
2026-08-10T13:25:25+03:00,datasets/crop_disease/test\Blight\test_000399.jpg,40.00190000,-73.99810000,10.00,Blight,0.999961,True
2026-08-10T13:25:25+03:00,datasets/crop_disease/test\Blight\test_000400.jpg,40.00200000,-74.00000000,10.00,Blight,0.999997,True
2026-08-10T13:25:25+03:00,datasets/crop_disease/test\Blight\test_000401.jpg,40.00200000,-73.99990000,10.00,Blight,0.986747,True
2026-08-10T13:25:25+03:00,datasets/crop_disease/test\Blight\test_000402.jpg,40.00200000,-73.99980000,10.00,Blight,1.000000,True
2026-08-10T13:25:26+03:00,datasets/crop_disease/test\Blight\test_000403.jpg,40.00200000,-73.99970000,10.00,Blight,0.953931,True
2026-08-10T13:25:26+03:00,datasets/crop_disease/test\Blight\test_000404.jpg,40.00200000,-73.99960000,10.00,Blight,0.999944,True
2026-08-10T13:25:26+03:00,datasets/crop_disease/test\Blight\test_000405.jpg,40.00200000,-73.99950000,10.00,Blight,1.000000,True
2026-08-10T13:25:26+03:00,datasets/crop_disease/test\Blight\test_000406.jpg,40.00200000,-73.99940000,10.00,Blight,0.999992,True
2026-08-10T13:25:26+03:00,datasets/crop_disease/test\Blight\test_000407.jpg,40.00200000,-73.99930000,10.00,Blight,1.000000,True
2026-08-10T13:25:26+03:00,datasets/crop_disease/test\Blight\test_000408.jpg,40.00200000,-73.99920000,10.00,Blight,0.999876,True
2026-08-10T13:25:26+03:00,datasets/crop_disease/test\Blight\test_000409.jpg,40.00200000,-73.99910000,10.00,Blight,0.999827,True
2026-08-10T13:25:26+03:00,datasets/crop_disease/test\Blight\test_000410.jpg,40.00200000,-73.99900000,10.00,Blight,0.999678,True
2026-08-10T13:25:26+03:00,datasets/crop_disease/test\Blight\test_000411.jpg,40.00200000,-73.99890000,10.00,Blight,0.997244,True
2026-08-10T13:25:26+03:00,datasets/crop_disease/test\Blight\test_000412.jpg,40.00200000,-73.99880000,10.00,Blight,0.999948,True
2026-08-10T13:25:26+03:00,datasets/crop_disease/test\Blight\test_000413.jpg,40.00200000,-73.99870000,10.00,Blight,0.999956,True
2026-08-10T13:25:26+03:00,datasets/crop_disease/test\Blight\test_000414.jpg,40.00200000,-73.99860000,10.00,Blight,0.985170,True
2026-08-10T13:25:26+03:00,datasets/crop_disease/test\Blight\test_000415.jpg,40.00200000,-73.99850000,10.00,Blight,0.999336,True
2026-08-10T13:25:26+03:00,datasets/crop_disease/test\Blight\test_000416.jpg,40.00200000,-73.99840000,10.00,Blight,0.999999,True
2026-08-10T13:25:26+03:00,datasets/crop_disease/test\Blight\test_000417.jpg,40.00200000,-73.99830000,10.00,Blight,0.999995,True
2026-08-10T13:25:26+03:00,datasets/crop_disease/test\Blight\test_000418.jpg,40.00200000,-73.99820000,10.00,Blight,0.999863,True
2026-08-10T13:25:26+03:00,datasets/crop_disease/test\Blight\test_000419.jpg,40.00200000,-73.99810000,10.00,Blight,0.999998,True
2026-08-10T13:25:26+03:00,datasets/crop_disease/test\Blight\test_000420.jpg,40.00210000,-74.00000000,10.00,Blight,0.585848,False
2026-08-10T13:25:26+03:00,datasets/crop_disease/test\Blight\test_000421.jpg,40.00210000,-73.99990000,10.00,Blight,0.999594,True
2026-08-10T13:25:26+03:00,datasets/crop_disease/test\Blight\test_000422.jpg,40.00210000,-73.99980000,10.00,Healthy,0.799062,False
2026-08-10T13:25:26+03:00,datasets/crop_disease/test\Blight\test_000423.jpg,40.00210000,-73.99970000,10.00,Blight,0.999968,True
2026-08-10T13:25:26+03:00,datasets/crop_disease/test\Blight\test_000424.jpg,40.00210000,-73.99960000,10.00,Blight,0.999995,True
2026-08-10T13:25:26+03:00,datasets/crop_disease/test\Blight\test_000425.jpg,40.00210000,-73.99950000,10.00,Blight,0.999997,True
2026-08-10T13:25:26+03:00,datasets/crop_disease/test\Blight\test_000426.jpg,40.00210000,-73.99940000,10.00,Blight,1.000000,True
2026-08-10T13:25:26+03:00,datasets/crop_disease/test\Blight\test_000427.jpg,40.00210000,-73.99930000,10.00,Blight,0.999990,True
2026-08-10T13:25:26+03:00,datasets/crop_disease/test\Blight\test_000428.jpg,40.00210000,-73.99920000,10.00,Blight,0.999969,True
2026-08-10T13:25:26+03:00,datasets/crop_disease/test\Blight\test_000429.jpg,40.00210000,-73.99910000,10.00,Blight,0.999776,True
2026-08-10T13:25:26+03:00,datasets/crop_disease/test\Blight\test_000430.jpg,40.00210000,-73.99900000,10.00,Blight,0.999570,True
2026-08-10T13:25:26+03:00,datasets/crop_disease/test\Blight\test_000431.jpg,40.00210000,-73.99890000,10.00,Blight,1.000000,True
2026-08-10T13:25:26+03:00,datasets/crop_disease/test\Blight\test_000432.jpg,40.00210000,-73.99880000,10.00,Blight,0.999999,True
2026-08-10T13:25:26+03:00,datasets/crop_disease/test\Blight\test_000433.jpg,40.00210000,-73.99870000,10.00,Blight,0.999577,True
2026-08-10T13:25:26+03:00,datasets/crop_disease/test\Blight\test_000434.jpg,40.00210000,-73.99860000,10.00,Blight,1.000000,True
2026-08-10T13:25:26+03:00,datasets/crop_disease/test\Blight\test_000435.jpg,40.00210000,-73.99850000,10.00,Blight,1.000000,True
2026-08-10T13:25:26+03:00,datasets/crop_disease/test\Blight\test_000436.jpg,40.00210000,-73.99840000,10.00,Blight,0.999823,True
2026-08-10T13:25:26+03:00,datasets/crop_disease/test\Blight\test_000437.jpg,40.00210000,-73.99830000,10.00,Blight,1.000000,True
2026-08-10T13:25:26+03:00,datasets/crop_disease/test\Blight\test_000438.jpg,40.00210000,-73.99820000,10.00,Blight,0.999978,True
2026-08-10T13:25:26+03:00,datasets/crop_disease/test\Blight\test_000439.jpg,40.00210000,-73.99810000,10.00,Blight,0.999935,True
2026-08-10T13:25:26+03:00,datasets/crop_disease/test\Blight\test_000440.jpg,40.00220000,-74.00000000,10.00,Blight,0.999979,True
2026-08-10T13:25:26+03:00,datasets/crop_disease/test\Blight\test_000441.jpg,40.00220000,-73.99990000,10.00,Blight,0.999161,True
2026-08-10T13:25:26+03:00,datasets/crop_disease/test\Blight\test_000442.jpg,40.00220000,-73.99980000,10.00,Blight,0.988576,True
2026-08-10T13:25:26+03:00,datasets/crop_disease/test\Blight\test_000443.jpg,40.00220000,-73.99970000,10.00,Blight,0.999935,True
2026-08-10T13:25:26+03:00,datasets/crop_disease/test\Blight\test_000444.jpg,40.00220000,-73.99960000,10.00,Blight,0.999576,True
2026-08-10T13:25:26+03:00,datasets/crop_disease/test\Blight\test_000445.jpg,40.00220000,-73.99950000,10.00,Blight,0.999811,True
2026-08-10T13:25:26+03:00,datasets/crop_disease/test\Blight\test_000446.jpg,40.00220000,-73.99940000,10.00,Blight,0.999972,True
2026-08-10T13:25:26+03:00,datasets/crop_disease/test\Blight\test_000447.jpg,40.00220000,-73.99930000,10.00,Blight,1.000000,True
2026-08-10T13:25:26+03:00,datasets/crop_disease/test\Blight\test_000448.jpg,40.00220000,-73.99920000,10.00,Blight,0.992217,True
2026-08-10T13:25:26+03:00,datasets/crop_disease/test\Blight\test_000449.jpg,40.00220000,-73.99910000,10.00,Blight,0.999903,True
2026-08-10T13:25:26+03:00,datasets/crop_disease/test\Blight\test_000450.jpg,40.00220000,-73.99900000,10.00,Blight,0.997406,True
2026-08-10T13:25:26+03:00,datasets/crop_disease/test\Blight\test_000451.jpg,40.00220000,-73.99890000,10.00,Blight,1.000000,True
2026-08-10T13:25:26+03:00,datasets/crop_disease/test\Blight\test_000452.jpg,40.00220000,-73.99880000,10.00,Blight,0.999732,True
2026-08-10T13:25:26+03:00,datasets/crop_disease/test\Blight\test_000453.jpg,40.00220000,-73.99870000,10.00,Blight,1.000000,True
2026-08-10T13:25:26+03:00,datasets/crop_disease/test\Blight\test_000454.jpg,40.00220000,-73.99860000,10.00,Blight,0.989436,True
2026-08-10T13:25:26+03:00,datasets/crop_disease/test\Blight\test_000455.jpg,40.00220000,-73.99850000,10.00,Blight,0.999156,True
2026-08-10T13:25:26+03:00,datasets/crop_disease/test\Blight\test_000456.jpg,40.00220000,-73.99840000,10.00,Blight,0.999960,True
2026-08-10T13:25:26+03:00,datasets/crop_disease/test\Blight\test_000457.jpg,40.00220000,-73.99830000,10.00,Blight,1.000000,True
2026-08-10T13:25:26+03:00,datasets/crop_disease/test\Blight\test_000458.jpg,40.00220000,-73.99820000,10.00,Blight,1.000000,True
2026-08-10T13:25:26+03:00,datasets/crop_disease/test\Blight\test_000459.jpg,40.00220000,-73.99810000,10.00,Blight,0.999998,True
2026-08-10T13:25:26+03:00,datasets/crop_disease/test\Blight\test_000460.jpg,40.00230000,-74.00000000,10.00,Blight,0.999998,True
2026-08-10T13:25:26+03:00,datasets/crop_disease/test\Blight\test_000461.jpg,40.00230000,-73.99990000,10.00,Blight,0.999736,True
2026-08-10T13:25:26+03:00,datasets/crop_disease/test\Blight\test_000462.jpg,40.00230000,-73.99980000,10.00,Blight,0.999998,True
2026-08-10T13:25:26+03:00,datasets/crop_disease/test\Blight\test_000463.jpg,40.00230000,-73.99970000,10.00,Blight,0.999458,True
2026-08-10T13:25:26+03:00,datasets/crop_disease/test\Blight\test_000464.jpg,40.00230000,-73.99960000,10.00,Blight,0.999948,True
2026-08-10T13:25:26+03:00,datasets/crop_disease/test\Blight\test_000465.jpg,40.00230000,-73.99950000,10.00,Blight,1.000000,True
2026-08-10T13:25:26+03:00,datasets/crop_disease/test\Blight\test_000466.jpg,40.00230000,-73.99940000,10.00,Blight,0.999998,True
2026-08-10T13:25:26+03:00,datasets/crop_disease/test\Blight\test_000467.jpg,40.00230000,-73.99930000,10.00,Blight,0.999999,True
2026-08-10T13:25:26+03:00,datasets/crop_disease/test\Blight\test_000468.jpg,40.00230000,-73.99920000,10.00,Blight,0.999975,True
2026-08-10T13:25:26+03:00,datasets/crop_disease/test\Blight\test_000469.jpg,40.00230000,-73.99910000,10.00,Blight,0.999981,True
2026-08-10T13:25:26+03:00,datasets/crop_disease/test\Blight\test_000470.jpg,40.00230000,-73.99900000,10.00,Blight,1.000000,True
2026-08-10T13:25:26+03:00,datasets/crop_disease/test\Blight\test_000471.jpg,40.00230000,-73.99890000,10.00,Blight,0.999997,True
2026-08-10T13:25:26+03:00,datasets/crop_disease/test\Blight\test_000472.jpg,40.00230000,-73.99880000,10.00,Blight,0.999046,True
2026-08-10T13:25:26+03:00,datasets/crop_disease/test\Blight\test_000473.jpg,40.00230000,-73.99870000,10.00,Blight,1.000000,True
2026-08-10T13:25:26+03:00,datasets/crop_disease/test\Blight\test_000474.jpg,40.00230000,-73.99860000,10.00,Blight,0.996386,True
2026-08-10T13:25:26+03:00,datasets/crop_disease/test\Blight\test_000475.jpg,40.00230000,-73.99850000,10.00,Blight,0.997862,True
2026-08-10T13:25:26+03:00,datasets/crop_disease/test\Blight\test_000476.jpg,40.00230000,-73.99840000,10.00,Blight,0.998839,True
2026-08-10T13:25:26+03:00,datasets/crop_disease/test\Blight\test_000477.jpg,40.00230000,-73.99830000,10.00,Blight,0.999997,True
2026-08-10T13:25:26+03:00,datasets/crop_disease/test\Blight\test_000478.jpg,40.00230000,-73.99820000,10.00,Blight,0.999998,True
2026-08-10T13:25:26+03:00,datasets/crop_disease/test\Blight\test_000479.jpg,40.00230000,-73.99810000,10.00,Blight,0.999806,True
2026-08-10T13:25:27+03:00,datasets/crop_disease/test\Blight\test_000480.jpg,40.00240000,-74.00000000,10.00,Blight,0.997535,True
2026-08-10T13:25:27+03:00,datasets/crop_disease/test\Blight\test_000481.jpg,40.00240000,-73.99990000,10.00,Blight,0.999915,True
2026-08-10T13:25:27+03:00,datasets/crop_disease/test\Blight\test_000482.jpg,40.00240000,-73.99980000,10.00,Blight,1.000000,True
2026-08-10T13:25:27+03:00,datasets/crop_disease/test\Blight\test_000483.jpg,40.00240000,-73.99970000,10.00,Blight,0.997949,True
2026-08-10T13:25:27+03:00,datasets/crop_disease/test\Blight\test_000484.jpg,40.00240000,-73.99960000,10.00,Blight,0.999997,True
2026-08-10T13:25:27+03:00,datasets/crop_disease/test\Blight\test_000485.jpg,40.00240000,-73.99950000,10.00,Blight,0.999997,True
2026-08-10T13:25:27+03:00,datasets/crop_disease/test\Blight\test_000486.jpg,40.00240000,-73.99940000,10.00,Blight,1.000000,True
2026-08-10T13:25:27+03:00,datasets/crop_disease/test\Blight\test_000487.jpg,40.00240000,-73.99930000,10.00,Blight,0.999928,True
2026-08-10T13:25:27+03:00,datasets/crop_disease/test\Blight\test_000488.jpg,40.00240000,-73.99920000,10.00,Blight,0.999962,True
2026-08-10T13:25:27+03:00,datasets/crop_disease/test\Blight\test_000489.jpg,40.00240000,-73.99910000,10.00,Blight,0.999994,True
2026-08-10T13:25:27+03:00,datasets/crop_disease/test\Blight\test_000490.jpg,40.00240000,-73.99900000,10.00,Blight,0.999999,True
2026-08-10T13:25:27+03:00,datasets/crop_disease/test\Blight\test_000491.jpg,40.00240000,-73.99890000,10.00,Blight,0.998722,True
2026-08-10T13:25:27+03:00,datasets/crop_disease/test\Blight\test_000492.jpg,40.00240000,-73.99880000,10.00,Blight,0.999935,True
2026-08-10T13:25:27+03:00,datasets/crop_disease/test\Blight\test_000493.jpg,40.00240000,-73.99870000,10.00,Blight,1.000000,True
2026-08-10T13:25:27+03:00,datasets/crop_disease/test\Blight\test_000494.jpg,40.00240000,-73.99860000,10.00,Blight,0.999994,True
2026-08-10T13:25:27+03:00,datasets/crop_disease/test\Blight\test_000495.jpg,40.00240000,-73.99850000,10.00,Blight,0.999999,True
2026-08-10T13:25:27+03:00,datasets/crop_disease/test\Blight\test_000496.jpg,40.00240000,-73.99840000,10.00,Blight,0.999994,True
2026-08-10T13:25:27+03:00,datasets/crop_disease/test\Blight\test_000497.jpg,40.00240000,-73.99830000,10.00,Blight,0.999604,True
2026-08-10T13:25:27+03:00,datasets/crop_disease/test\Blight\test_000498.jpg,40.00240000,-73.99820000,10.00,Blight,0.999992,True
2026-08-10T13:25:27+03:00,datasets/crop_disease/test\Blight\test_000499.jpg,40.00240000,-73.99810000,10.00,Blight,0.999951,True
2026-08-10T13:25:27+03:00,datasets/crop_disease/test\Blight\test_000500.jpg,40.00250000,-74.00000000,10.00,Blight,1.000000,True
2026-08-10T13:25:27+03:00,datasets/crop_disease/test\Blight\test_000501.jpg,40.00250000,-73.99990000,10.00,Blight,0.999990,True
2026-08-10T13:25:27+03:00,datasets/crop_disease/test\Blight\test_000502.jpg,40.00250000,-73.99980000,10.00,Blight,1.000000,True
2026-08-10T13:25:27+03:00,datasets/crop_disease/test\Blight\test_000503.jpg,40.00250000,-73.99970000,10.00,Blight,0.999853,True
2026-08-10T13:25:27+03:00,datasets/crop_disease/test\Blight\test_000504.jpg,40.00250000,-73.99960000,10.00,Blight,0.999990,True
2026-08-10T13:25:27+03:00,datasets/crop_disease/test\Blight\test_000505.jpg,40.00250000,-73.99950000,10.00,Blight,0.999998,True
2026-08-10T13:25:27+03:00,datasets/crop_disease/test\Blight\test_000506.jpg,40.00250000,-73.99940000,10.00,Blight,0.999999,True
2026-08-10T13:25:27+03:00,datasets/crop_disease/test\Blight\test_000507.jpg,40.00250000,-73.99930000,10.00,Blight,0.999992,True
2026-08-10T13:25:27+03:00,datasets/crop_disease/test\Blight\test_000508.jpg,40.00250000,-73.99920000,10.00,Blight,0.999651,True
2026-08-10T13:25:27+03:00,datasets/crop_disease/test\Blight\test_000509.jpg,40.00250000,-73.99910000,10.00,Blight,1.000000,True
2026-08-10T13:25:27+03:00,datasets/crop_disease/test\Blight\test_000510.jpg,40.00250000,-73.99900000,10.00,Blight,0.999999,True
2026-08-10T13:25:27+03:00,datasets/crop_disease/test\Blight\test_000511.jpg,40.00250000,-73.99890000,10.00,Blight,0.981284,True
2026-08-10T13:25:27+03:00,datasets/crop_disease/test\Blight\test_000512.jpg,40.00250000,-73.99880000,10.00,Blight,0.999999,True
2026-08-10T13:25:27+03:00,datasets/crop_disease/test\Blight\test_000513.jpg,40.00250000,-73.99870000,10.00,Blight,1.000000,True
2026-08-10T13:25:27+03:00,datasets/crop_disease/test\Blight\test_000514.jpg,40.00250000,-73.99860000,10.00,Blight,0.999240,True
2026-08-10T13:25:27+03:00,datasets/crop_disease/test\Blight\test_000515.jpg,40.00250000,-73.99850000,10.00,Blight,0.999738,True
2026-08-10T13:25:27+03:00,datasets/crop_disease/test\Blight\test_000516.jpg,40.00250000,-73.99840000,10.00,Blight,0.999889,True
2026-08-10T13:25:27+03:00,datasets/crop_disease/test\Blight\test_000517.jpg,40.00250000,-73.99830000,10.00,Blight,0.999997,True
2026-08-10T13:25:27+03:00,datasets/crop_disease/test\Blight\test_000518.jpg,40.00250000,-73.99820000,10.00,Blight,1.000000,True
2026-08-10T13:25:27+03:00,datasets/crop_disease/test\Blight\test_000519.jpg,40.00250000,-73.99810000,10.00,Blight,0.999949,True
2026-08-10T13:25:27+03:00,datasets/crop_disease/test\Blight\test_000520.jpg,40.00260000,-74.00000000,10.00,Blight,0.999085,True
2026-08-10T13:25:27+03:00,datasets/crop_disease/test\Blight\test_000521.jpg,40.00260000,-73.99990000,10.00,Blight,0.999828,True
2026-08-10T13:25:27+03:00,datasets/crop_disease/test\Blight\test_000522.jpg,40.00260000,-73.99980000,10.00,Blight,0.999995,True
2026-08-10T13:25:27+03:00,datasets/crop_disease/test\Blight\test_000523.jpg,40.00260000,-73.99970000,10.00,Blight,0.999994,True
2026-08-10T13:25:27+03:00,datasets/crop_disease/test\Blight\test_000524.jpg,40.00260000,-73.99960000,10.00,Blight,0.999987,True
2026-08-10T13:25:27+03:00,datasets/crop_disease/test\Blight\test_000525.jpg,40.00260000,-73.99950000,10.00,Blight,0.999958,True
2026-08-10T13:25:27+03:00,datasets/crop_disease/test\Blight\test_000526.jpg,40.00260000,-73.99940000,10.00,Blight,0.998345,True
2026-08-10T13:25:27+03:00,datasets/crop_disease/test\Blight\test_000527.jpg,40.00260000,-73.99930000,10.00,Blight,0.999999,True
2026-08-10T13:25:27+03:00,datasets/crop_disease/test\Blight\test_000528.jpg,40.00260000,-73.99920000,10.00,Blight,0.999999,True
2026-08-10T13:25:27+03:00,datasets/crop_disease/test\Blight\test_000529.jpg,40.00260000,-73.99910000,10.00,Blight,1.000000,True
2026-08-10T13:25:27+03:00,datasets/crop_disease/test\Blight\test_000530.jpg,40.00260000,-73.99900000,10.00,Blight,0.998473,True
2026-08-10T13:25:27+03:00,datasets/crop_disease/test\Blight\test_000531.jpg,40.00260000,-73.99890000,10.00,Blight,0.997091,True
2026-08-10T13:25:27+03:00,datasets/crop_disease/test\Blight\test_000532.jpg,40.00260000,-73.99880000,10.00,Blight,0.999999,True
2026-08-10T13:25:27+03:00,datasets/crop_disease/test\Blight\test_000533.jpg,40.00260000,-73.99870000,10.00,Blight,0.999871,True
2026-08-10T13:25:27+03:00,datasets/crop_disease/test\Blight\test_000534.jpg,40.00260000,-73.99860000,10.00,Blight,0.999999,True
2026-08-10T13:25:27+03:00,datasets/crop_disease/test\Blight\test_000535.jpg,40.00260000,-73.99850000,10.00,Blight,0.999653,True
2026-08-10T13:25:27+03:00,datasets/crop_disease/test\Blight\test_000536.jpg,40.00260000,-73.99840000,10.00,Blight,0.999998,True
2026-08-10T13:25:27+03:00,datasets/crop_disease/test\Blight\test_000537.jpg,40.00260000,-73.99830000,10.00,Blight,0.999996,True
2026-08-10T13:25:27+03:00,datasets/crop_disease/test\Blight\test_000538.jpg,40.00260000,-73.99820000,10.00,Blight,0.999981,True
2026-08-10T13:25:27+03:00,datasets/crop_disease/test\Blight\test_000539.jpg,40.00260000,-73.99810000,10.00,Blight,0.999906,True
2026-08-10T13:25:27+03:00,datasets/crop_disease/test\Blight\test_000540.jpg,40.00270000,-74.00000000,10.00,Blight,0.999935,True
2026-08-10T13:25:27+03:00,datasets/crop_disease/test\Blight\test_000541.jpg,40.00270000,-73.99990000,10.00,Blight,0.999979,True
2026-08-10T13:25:27+03:00,datasets/crop_disease/test\Blight\test_000542.jpg,40.00270000,-73.99980000,10.00,Blight,0.993983,True
2026-08-10T13:25:27+03:00,datasets/crop_disease/test\Blight\test_000543.jpg,40.00270000,-73.99970000,10.00,Blight,0.972851,True
2026-08-10T13:25:27+03:00,datasets/crop_disease/test\Blight\test_000544.jpg,40.00270000,-73.99960000,10.00,Blight,0.999945,True
2026-08-10T13:25:27+03:00,datasets/crop_disease/test\Blight\test_000545.jpg,40.00270000,-73.99950000,10.00,Blight,0.999711,True
2026-08-10T13:25:27+03:00,datasets/crop_disease/test\Blight\test_000546.jpg,40.00270000,-73.99940000,10.00,Blight,1.000000,True
2026-08-10T13:25:27+03:00,datasets/crop_disease/test\Blight\test_000547.jpg,40.00270000,-73.99930000,10.00,Blight,0.999984,True
2026-08-10T13:25:27+03:00,datasets/crop_disease/test\Blight\test_000548.jpg,40.00270000,-73.99920000,10.00,Blight,0.999506,True
2026-08-10T13:25:27+03:00,datasets/crop_disease/test\Blight\test_000549.jpg,40.00270000,-73.99910000,10.00,Blight,0.999997,True
2026-08-10T13:25:28+03:00,datasets/crop_disease/test\Blight\test_000550.jpg,40.00270000,-73.99900000,10.00,Blight,0.999980,True
2026-08-10T13:25:28+03:00,datasets/crop_disease/test\Blight\test_000551.jpg,40.00270000,-73.99890000,10.00,Blight,0.995193,True
2026-08-10T13:25:28+03:00,datasets/crop_disease/test\Blight\test_000552.jpg,40.00270000,-73.99880000,10.00,Blight,0.999713,True
2026-08-10T13:25:28+03:00,datasets/crop_disease/test\Blight\test_000553.jpg,40.00270000,-73.99870000,10.00,Blight,0.999991,True
2026-08-10T13:25:28+03:00,datasets/crop_disease/test\Blight\test_000554.jpg,40.00270000,-73.99860000,10.00,Blight,0.999997,True
2026-08-10T13:25:28+03:00,datasets/crop_disease/test\Blight\test_000555.jpg,40.00270000,-73.99850000,10.00,Blight,0.999999,True
2026-08-10T13:25:28+03:00,datasets/crop_disease/test\Blight\test_000556.jpg,40.00270000,-73.99840000,10.00,Healthy,0.522491,False
2026-08-10T13:25:28+03:00,datasets/crop_disease/test\Blight\test_000557.jpg,40.00270000,-73.99830000,10.00,Blight,0.999996,True
2026-08-10T13:25:28+03:00,datasets/crop_disease/test\Blight\test_000558.jpg,40.00270000,-73.99820000,10.00,Blight,0.999996,True
2026-08-10T13:25:28+03:00,datasets/crop_disease/test\Blight\test_000559.jpg,40.00270000,-73.99810000,10.00,Blight,0.999977,True
2026-08-10T13:25:28+03:00,datasets/crop_disease/test\Blight\test_000560.jpg,40.00280000,-74.00000000,10.00,Blight,0.995554,True
2026-08-10T13:25:28+03:00,datasets/crop_disease/test\Blight\test_000561.jpg,40.00280000,-73.99990000,10.00,Blight,0.999998,True
2026-08-10T13:25:28+03:00,datasets/crop_disease/test\Blight\test_000562.jpg,40.00280000,-73.99980000,10.00,Blight,1.000000,True
2026-08-10T13:25:28+03:00,datasets/crop_disease/test\Blight\test_000563.jpg,40.00280000,-73.99970000,10.00,Blight,1.000000,True
2026-08-10T13:25:28+03:00,datasets/crop_disease/test\Blight\test_000564.jpg,40.00280000,-73.99960000,10.00,Blight,0.999638,True
2026-08-10T13:25:28+03:00,datasets/crop_disease/test\Blight\test_000565.jpg,40.00280000,-73.99950000,10.00,Blight,0.999994,True
2026-08-10T13:25:28+03:00,datasets/crop_disease/test\Blight\test_000566.jpg,40.00280000,-73.99940000,10.00,Blight,0.999942,True
2026-08-10T13:25:28+03:00,datasets/crop_disease/test\Blight\test_000567.jpg,40.00280000,-73.99930000,10.00,Healthy,0.552053,False
2026-08-10T13:25:28+03:00,datasets/crop_disease/test\Blight\test_000568.jpg,40.00280000,-73.99920000,10.00,Blight,0.999818,True
2026-08-10T13:25:28+03:00,datasets/crop_disease/test\Blight\test_000569.jpg,40.00280000,-73.99910000,10.00,Blight,0.999954,True
2026-08-10T13:25:28+03:00,datasets/crop_disease/test\Blight\test_000570.jpg,40.00280000,-73.99900000,10.00,Blight,0.999997,True
2026-08-10T13:25:28+03:00,datasets/crop_disease/test\Blight\test_000571.jpg,40.00280000,-73.99890000,10.00,Blight,1.000000,True
2026-08-10T13:25:28+03:00,datasets/crop_disease/test\Blight\test_000572.jpg,40.00280000,-73.99880000,10.00,Blight,0.999843,True
2026-08-10T13:25:28+03:00,datasets/crop_disease/test\Blight\test_000573.jpg,40.00280000,-73.99870000,10.00,Blight,0.999910,True
2026-08-10T13:25:28+03:00,datasets/crop_disease/test\Blight\test_000574.jpg,40.00280000,-73.99860000,10.00,Blight,0.999740,True
2026-08-10T13:25:28+03:00,datasets/crop_disease/test\Blight\test_000575.jpg,40.00280000,-73.99850000,10.00,Blight,0.999979,True
2026-08-10T13:25:28+03:00,datasets/crop_disease/test\Blight\test_000576.jpg,40.00280000,-73.99840000,10.00,Blight,0.999742,True
2026-08-10T13:25:28+03:00,datasets/crop_disease/test\Blight\test_000577.jpg,40.00280000,-73.99830000,10.00,Blight,0.996446,True
2026-08-10T13:25:28+03:00,datasets/crop_disease/test\Blight\test_000578.jpg,40.00280000,-73.99820000,10.00,Blight,0.999998,True
2026-08-10T13:25:28+03:00,datasets/crop_disease/test\Blight\test_000579.jpg,40.00280000,-73.99810000,10.00,Blight,0.999912,True
2026-08-10T13:25:28+03:00,datasets/crop_disease/test\Blight\test_000580.jpg,40.00290000,-74.00000000,10.00,Blight,0.999999,True
2026-08-10T13:25:28+03:00,datasets/crop_disease/test\Blight\test_000581.jpg,40.00290000,-73.99990000,10.00,Blight,0.999941,True
2026-08-10T13:25:28+03:00,datasets/crop_disease/test\Blight\test_000582.jpg,40.00290000,-73.99980000,10.00,Blight,0.999925,True
2026-08-10T13:25:28+03:00,datasets/crop_disease/test\Blight\test_000583.jpg,40.00290000,-73.99970000,10.00,Blight,1.000000,True
2026-08-10T13:25:28+03:00,datasets/crop_disease/test\Blight\test_000584.jpg,40.00290000,-73.99960000,10.00,Blight,0.995913,True
2026-08-10T13:25:28+03:00,datasets/crop_disease/test\Blight\test_000585.jpg,40.00290000,-73.99950000,10.00,Blight,0.999997,True
2026-08-10T13:25:28+03:00,datasets/crop_disease/test\Blight\test_000586.jpg,40.00290000,-73.99940000,10.00,Blight,0.994408,True
2026-08-10T13:25:28+03:00,datasets/crop_disease/test\Blight\test_000587.jpg,40.00290000,-73.99930000,10.00,Blight,0.999999,True
2026-08-10T13:25:28+03:00,datasets/crop_disease/test\Blight\test_000588.jpg,40.00290000,-73.99920000,10.00,Blight,0.999999,True
2026-08-10T13:25:28+03:00,datasets/crop_disease/test\Blight\test_000589.jpg,40.00290000,-73.99910000,10.00,Blight,0.998379,True
2026-08-10T13:25:28+03:00,datasets/crop_disease/test\Blight\test_000590.jpg,40.00290000,-73.99900000,10.00,Blight,1.000000,True
2026-08-10T13:25:28+03:00,datasets/crop_disease/test\Blight\test_000591.jpg,40.00290000,-73.99890000,10.00,Blight,0.999943,True
2026-08-10T13:25:28+03:00,datasets/crop_disease/test\Blight\test_000592.jpg,40.00290000,-73.99880000,10.00,Blight,0.991225,True
2026-08-10T13:25:28+03:00,datasets/crop_disease/test\Blight\test_000593.jpg,40.00290000,-73.99870000,10.00,Blight,1.000000,True
2026-08-10T13:25:28+03:00,datasets/crop_disease/test\Blight\test_000594.jpg,40.00290000,-73.99860000,10.00,Blight,0.999984,True
2026-08-10T13:25:28+03:00,datasets/crop_disease/test\Blight\test_000595.jpg,40.00290000,-73.99850000,10.00,Blight,0.995434,True
2026-08-10T13:25:28+03:00,datasets/crop_disease/test\Blight\test_000596.jpg,40.00290000,-73.99840000,10.00,Blight,0.999944,True
2026-08-10T13:25:28+03:00,datasets/crop_disease/test\Blight\test_000597.jpg,40.00290000,-73.99830000,10.00,Blight,0.999995,True
2026-08-10T13:25:28+03:00,datasets/crop_disease/test\Blight\test_000598.jpg,40.00290000,-73.99820000,10.00,Blight,0.976850,True
2026-08-10T13:25:28+03:00,datasets/crop_disease/test\Blight\test_000599.jpg,40.00290000,-73.99810000,10.00,Blight,0.987788,True
2026-08-10T13:25:28+03:00,datasets/crop_disease/test\Blight\test_000600.jpg,40.00300000,-74.00000000,10.00,Blight,0.996402,True
2026-08-10T13:25:28+03:00,datasets/crop_disease/test\Blight\test_000601.jpg,40.00300000,-73.99990000,10.00,Blight,0.990144,True
2026-08-10T13:25:28+03:00,datasets/crop_disease/test\Blight\test_000602.jpg,40.00300000,-73.99980000,10.00,Blight,0.993232,True
2026-08-10T13:25:28+03:00,datasets/crop_disease/test\Blight\test_000603.jpg,40.00300000,-73.99970000,10.00,Blight,0.999980,True
2026-08-10T13:25:28+03:00,datasets/crop_disease/test\Blight\test_000604.jpg,40.00300000,-73.99960000,10.00,Blight,0.999615,True
2026-08-10T13:25:28+03:00,datasets/crop_disease/test\Blight\test_000605.jpg,40.00300000,-73.99950000,10.00,Blight,0.993422,True
2026-08-10T13:25:28+03:00,datasets/crop_disease/test\Blight\test_000606.jpg,40.00300000,-73.99940000,10.00,Blight,0.998834,True
2026-08-10T13:25:28+03:00,datasets/crop_disease/test\Blight\test_000607.jpg,40.00300000,-73.99930000,10.00,Blight,0.997280,True
2026-08-10T13:25:28+03:00,datasets/crop_disease/test\Blight\test_000608.jpg,40.00300000,-73.99920000,10.00,Blight,0.987474,True
2026-08-10T13:25:28+03:00,datasets/crop_disease/test\Blight\test_000609.jpg,40.00300000,-73.99910000,10.00,Blight,0.999448,True
2026-08-10T13:25:28+03:00,datasets/crop_disease/test\Blight\test_000610.jpg,40.00300000,-73.99900000,10.00,Blight,0.999999,True
2026-08-10T13:25:28+03:00,datasets/crop_disease/test\Blight\test_000611.jpg,40.00300000,-73.99890000,10.00,Blight,1.000000,True
2026-08-10T13:25:28+03:00,datasets/crop_disease/test\Blight\test_000612.jpg,40.00300000,-73.99880000,10.00,Blight,0.882006,False
2026-08-10T13:25:28+03:00,datasets/crop_disease/test\Blight\test_000613.jpg,40.00300000,-73.99870000,10.00,Blight,0.999973,True
2026-08-10T13:25:28+03:00,datasets/crop_disease/test\Blight\test_000614.jpg,40.00300000,-73.99860000,10.00,Blight,0.989026,True
2026-08-10T13:25:29+03:00,datasets/crop_disease/test\Blight\test_000615.jpg,40.00300000,-73.99850000,10.00,Blight,0.999933,True
2026-08-10T13:25:29+03:00,datasets/crop_disease/test\Blight\test_000616.jpg,40.00300000,-73.99840000,10.00,Blight,0.999997,True
2026-08-10T13:25:29+03:00,datasets/crop_disease/test\Blight\test_000617.jpg,40.00300000,-73.99830000,10.00,Blight,0.999988,True
2026-08-10T13:25:29+03:00,datasets/crop_disease/test\Blight\test_000618.jpg,40.00300000,-73.99820000,10.00,Blight,0.999756,True
2026-08-10T13:25:29+03:00,datasets/crop_disease/test\Blight\test_000619.jpg,40.00300000,-73.99810000,10.00,Blight,0.999917,True
2026-08-10T13:25:29+03:00,datasets/crop_disease/test\Blight\test_000620.jpg,40.00310000,-74.00000000,10.00,Blight,0.999016,True
2026-08-10T13:25:29+03:00,datasets/crop_disease/test\Blight\test_000621.jpg,40.00310000,-73.99990000,10.00,Blight,0.995395,True
2026-08-10T13:25:29+03:00,datasets/crop_disease/test\Blight\test_000622.jpg,40.00310000,-73.99980000,10.00,Blight,0.999923,True
2026-08-10T13:25:29+03:00,datasets/crop_disease/test\Blight\test_000623.jpg,40.00310000,-73.99970000,10.00,Blight,0.996890,True
2026-08-10T13:25:29+03:00,datasets/crop_disease/test\Blight\test_000624.jpg,40.00310000,-73.99960000,10.00,Blight,0.999411,True
2026-08-10T13:25:29+03:00,datasets/crop_disease/test\Blight\test_000625.jpg,40.00310000,-73.99950000,10.00,Blight,0.999875,True
2026-08-10T13:25:29+03:00,datasets/crop_disease/test\Blight\test_000626.jpg,40.00310000,-73.99940000,10.00,Blight,0.785446,False
2026-08-10T13:25:29+03:00,datasets/crop_disease/test\Blight\test_000627.jpg,40.00310000,-73.99930000,10.00,Blight,0.999454,True
2026-08-10T13:25:29+03:00,datasets/crop_disease/test\Blight\test_000628.jpg,40.00310000,-73.99920000,10.00,Blight,0.995299,True
2026-08-10T13:25:29+03:00,datasets/crop_disease/test\Blight\test_000629.jpg,40.00310000,-73.99910000,10.00,Blight,0.995188,True
2026-08-10T13:25:29+03:00,datasets/crop_disease/test\Blight\test_000630.jpg,40.00310000,-73.99900000,10.00,Blight,0.999845,True
2026-08-10T13:25:29+03:00,datasets/crop_disease/test\Blight\test_000631.jpg,40.00310000,-73.99890000,10.00,Blight,0.994451,True
2026-08-10T13:25:29+03:00,datasets/crop_disease/test\Blight\test_000632.jpg,40.00310000,-73.99880000,10.00,Blight,0.999978,True
2026-08-10T13:25:29+03:00,datasets/crop_disease/test\Blight\test_000633.jpg,40.00310000,-73.99870000,10.00,Blight,0.992935,True
2026-08-10T13:25:29+03:00,datasets/crop_disease/test\Blight\test_000634.jpg,40.00310000,-73.99860000,10.00,Blight,0.999736,True
2026-08-10T13:25:29+03:00,datasets/crop_disease/test\Blight\test_000635.jpg,40.00310000,-73.99850000,10.00,Blight,0.986613,True
2026-08-10T13:25:29+03:00,datasets/crop_disease/test\Blight\test_000636.jpg,40.00310000,-73.99840000,10.00,Blight,0.999989,True
2026-08-10T13:25:29+03:00,datasets/crop_disease/test\Blight\test_000637.jpg,40.00310000,-73.99830000,10.00,Blight,0.965137,True
2026-08-10T13:25:29+03:00,datasets/crop_disease/test\Blight\test_000638.jpg,40.00310000,-73.99820000,10.00,Blight,0.999984,True
2026-08-10T13:25:29+03:00,datasets/crop_disease/test\Blight\test_000639.jpg,40.00310000,-73.99810000,10.00,Blight,0.999547,True
2026-08-10T13:25:29+03:00,datasets/crop_disease/test\Blight\test_000640.jpg,40.00320000,-74.00000000,10.00,Blight,0.991687,True
2026-08-10T13:25:29+03:00,datasets/crop_disease/test\Blight\test_000641.jpg,40.00320000,-73.99990000,10.00,Blight,0.999396,True
2026-08-10T13:25:29+03:00,datasets/crop_disease/test\Blight\test_000642.jpg,40.00320000,-73.99980000,10.00,Blight,0.998089,True
2026-08-10T13:25:29+03:00,datasets/crop_disease/test\Blight\test_000643.jpg,40.00320000,-73.99970000,10.00,Blight,0.994485,True
2026-08-10T13:25:29+03:00,datasets/crop_disease/test\Blight\test_000644.jpg,40.00320000,-73.99960000,10.00,Blight,0.999670,True
2026-08-10T13:25:29+03:00,datasets/crop_disease/test\Blight\test_000645.jpg,40.00320000,-73.99950000,10.00,Blight,0.995532,True
2026-08-10T13:25:29+03:00,datasets/crop_disease/test\Blight\test_000646.jpg,40.00320000,-73.99940000,10.00,Blight,0.999163,True
2026-08-10T13:25:29+03:00,datasets/crop_disease/test\Blight\test_000647.jpg,40.00320000,-73.99930000,10.00,Blight,0.681806,False
2026-08-10T13:25:29+03:00,datasets/crop_disease/test\Blight\test_000648.jpg,40.00320000,-73.99920000,10.00,Blight,0.997526,True
2026-08-10T13:25:29+03:00,datasets/crop_disease/test\Blight\test_000649.jpg,40.00320000,-73.99910000,10.00,Blight,0.993545,True
2026-08-10T13:25:29+03:00,datasets/crop_disease/test\Blight\test_000650.jpg,40.00320000,-73.99900000,10.00,Blight,0.999999,True
2026-08-10T13:25:29+03:00,datasets/crop_disease/test\Blight\test_000651.jpg,40.00320000,-73.99890000,10.00,Blight,0.981628,True
2026-08-10T13:25:29+03:00,datasets/crop_disease/test\Blight\test_000652.jpg,40.00320000,-73.99880000,10.00,Blight,0.999913,True
2026-08-10T13:25:29+03:00,datasets/crop_disease/test\Blight\test_000653.jpg,40.00320000,-73.99870000,10.00,Blight,0.999992,True
2026-08-10T13:25:29+03:00,datasets/crop_disease/test\Blight\test_000654.jpg,40.00320000,-73.99860000,10.00,Blight,0.621236,False
2026-08-10T13:25:29+03:00,datasets/crop_disease/test\Blight\test_000655.jpg,40.00320000,-73.99850000,10.00,Blight,0.999100,True
2026-08-10T13:25:29+03:00,datasets/crop_disease/test\Blight\test_000656.jpg,40.00320000,-73.99840000,10.00,Blight,0.981383,True
2026-08-10T13:25:29+03:00,datasets/crop_disease/test\Blight\test_000657.jpg,40.00320000,-73.99830000,10.00,Blight,0.839695,False
2026-08-10T13:25:29+03:00,datasets/crop_disease/test\Blight\test_000658.jpg,40.00320000,-73.99820000,10.00,Blight,0.978310,True
2026-08-10T13:25:29+03:00,datasets/crop_disease/test\Blight\test_000659.jpg,40.00320000,-73.99810000,10.00,Blight,0.999956,True
2026-08-10T13:25:29+03:00,datasets/crop_disease/test\Blight\test_000660.jpg,40.00330000,-74.00000000,10.00,Blight,0.998901,True
2026-08-10T13:25:29+03:00,datasets/crop_disease/test\Blight\test_000661.jpg,40.00330000,-73.99990000,10.00,Blight,0.999953,True
2026-08-10T13:25:29+03:00,datasets/crop_disease/test\Blight\test_000662.jpg,40.00330000,-73.99980000,10.00,Blight,0.999996,True
2026-08-10T13:25:29+03:00,datasets/crop_disease/test\Blight\test_000663.jpg,40.00330000,-73.99970000,10.00,Blight,0.995848,True
2026-08-10T13:25:29+03:00,datasets/crop_disease/test\Blight\test_000664.jpg,40.00330000,-73.99960000,10.00,Blight,0.999704,True
2026-08-10T13:25:29+03:00,datasets/crop_disease/test\Blight\test_000665.jpg,40.00330000,-73.99950000,10.00,LeafSpot,0.981722,True
2026-08-10T13:25:29+03:00,datasets/crop_disease/test\Blight\test_000666.jpg,40.00330000,-73.99940000,10.00,Blight,0.995838,True
2026-08-10T13:25:29+03:00,datasets/crop_disease/test\Blight\test_000667.jpg,40.00330000,-73.99930000,10.00,Blight,0.998948,True
2026-08-10T13:25:29+03:00,datasets/crop_disease/test\Blight\test_000668.jpg,40.00330000,-73.99920000,10.00,Blight,0.999856,True
2026-08-10T13:25:29+03:00,datasets/crop_disease/test\Blight\test_000669.jpg,40.00330000,-73.99910000,10.00,Blight,0.999992,True
2026-08-10T13:25:29+03:00,datasets/crop_disease/test\Blight\test_000670.jpg,40.00330000,-73.99900000,10.00,Blight,0.999932,True
2026-08-10T13:25:29+03:00,datasets/crop_disease/test\Blight\test_000671.jpg,40.00330000,-73.99890000,10.00,Blight,0.999972,True
2026-08-10T13:25:29+03:00,datasets/crop_disease/test\Blight\test_000672.jpg,40.00330000,-73.99880000,10.00,Blight,0.994001,True
2026-08-10T13:25:29+03:00,datasets/crop_disease/test\Blight\test_000673.jpg,40.00330000,-73.99870000,10.00,Blight,0.961086,True
2026-08-10T13:25:29+03:00,datasets/crop_disease/test\Blight\test_000674.jpg,40.00330000,-73.99860000,10.00,Blight,0.999947,True
2026-08-10T13:25:29+03:00,datasets/crop_disease/test\Blight\test_000675.jpg,40.00330000,-73.99850000,10.00,Blight,0.989816,True
2026-08-10T13:25:29+03:00,datasets/crop_disease/test\Blight\test_000676.jpg,40.00330000,-73.99840000,10.00,Blight,0.999909,True
2026-08-10T13:25:29+03:00,datasets/crop_disease/test\Blight\test_000677.jpg,40.00330000,-73.99830000,10.00,Blight,0.999998,True
2026-08-10T13:25:29+03:00,datasets/crop_disease/test\Blight\test_000678.jpg,40.00330000,-73.99820000,10.00,Blight,0.999954,True
2026-08-10T13:25:29+03:00,datasets/crop_disease/test\Blight\test_000679.jpg,40.00330000,-73.99810000,10.00,Blight,0.999971,True
2026-08-10T13:25:29+03:00,datasets/crop_disease/test\Blight\test_000680.jpg,40.00340000,-74.00000000,10.00,Blight,0.975935,True
2026-08-10T13:25:29+03:00,datasets/crop_disease/test\Blight\test_000681.jpg,40.00340000,-73.99990000,10.00,Blight,0.991746,True
2026-08-10T13:25:29+03:00,datasets/crop_disease/test\Blight\test_000682.jpg,40.00340000,-73.99980000,10.00,Blight,0.709782,False
2026-08-10T13:25:29+03:00,datasets/crop_disease/test\Blight\test_000683.jpg,40.00340000,-73.99970000,10.00,Blight,0.615435,False
2026-08-10T13:25:30+03:00,datasets/crop_disease/test\Blight\test_000684.jpg,40.00340000,-73.99960000,10.00,Blight,0.999707,True
2026-08-10T13:25:30+03:00,datasets/crop_disease/test\Blight\test_000685.jpg,40.00340000,-73.99950000,10.00,Blight,0.999813,True
2026-08-10T13:25:30+03:00,datasets/crop_disease/test\Blight\test_000686.jpg,40.00340000,-73.99940000,10.00,Blight,0.860715,False
2026-08-10T13:25:30+03:00,datasets/crop_disease/test\Blight\test_000687.jpg,40.00340000,-73.99930000,10.00,Blight,0.999085,True
2026-08-10T13:25:30+03:00,datasets/crop_disease/test\Blight\test_000688.jpg,40.00340000,-73.99920000,10.00,Blight,0.998633,True
2026-08-10T13:25:30+03:00,datasets/crop_disease/test\Blight\test_000689.jpg,40.00340000,-73.99910000,10.00,Blight,0.994579,True
2026-08-10T13:25:30+03:00,datasets/crop_disease/test\Blight\test_000690.jpg,40.00340000,-73.99900000,10.00,Blight,0.947489,False
2026-08-10T13:25:30+03:00,datasets/crop_disease/test\Blight\test_000691.jpg,40.00340000,-73.99890000,10.00,Blight,0.999777,True
2026-08-10T13:25:30+03:00,datasets/crop_disease/test\Blight\test_000692.jpg,40.00340000,-73.99880000,10.00,Blight,0.999072,True
2026-08-10T13:25:30+03:00,datasets/crop_disease/test\Blight\test_000693.jpg,40.00340000,-73.99870000,10.00,Blight,0.995926,True
2026-08-10T13:25:30+03:00,datasets/crop_disease/test\Blight\test_000694.jpg,40.00340000,-73.99860000,10.00,Blight,0.999984,True
2026-08-10T13:25:30+03:00,datasets/crop_disease/test\Blight\test_000695.jpg,40.00340000,-73.99850000,10.00,Blight,0.999999,True
2026-08-10T13:25:30+03:00,datasets/crop_disease/test\Blight\test_000696.jpg,40.00340000,-73.99840000,10.00,Blight,0.966123,True
2026-08-10T13:25:30+03:00,datasets/crop_disease/test\Blight\test_000697.jpg,40.00340000,-73.99830000,10.00,Blight,0.994002,True
2026-08-10T13:25:30+03:00,datasets/crop_disease/test\Blight\test_000698.jpg,40.00340000,-73.99820000,10.00,Blight,0.997276,True
2026-08-10T13:25:30+03:00,datasets/crop_disease/test\Blight\test_000699.jpg,40.00340000,-73.99810000,10.00,Blight,0.999310,True
2026-08-10T13:25:30+03:00,datasets/crop_disease/test\Blight\test_000700.jpg,40.00350000,-74.00000000,10.00,Blight,0.996767,True
2026-08-10T13:25:30+03:00,datasets/crop_disease/test\Blight\test_000701.jpg,40.00350000,-73.99990000,10.00,Blight,0.996507,True
2026-08-10T13:25:30+03:00,datasets/crop_disease/test\Blight\test_000702.jpg,40.00350000,-73.99980000,10.00,Blight,0.996710,True
2026-08-10T13:25:30+03:00,datasets/crop_disease/test\Blight\test_000703.jpg,40.00350000,-73.99970000,10.00,Blight,0.999264,True
2026-08-10T13:25:30+03:00,datasets/crop_disease/test\Blight\test_000704.jpg,40.00350000,-73.99960000,10.00,Blight,0.990378,True
2026-08-10T13:25:30+03:00,datasets/crop_disease/test\Blight\test_000705.jpg,40.00350000,-73.99950000,10.00,Blight,0.998754,True
2026-08-10T13:25:30+03:00,datasets/crop_disease/test\Blight\test_000706.jpg,40.00350000,-73.99940000,10.00,Blight,0.999799,True
2026-08-10T13:25:30+03:00,datasets/crop_disease/test\Blight\test_000707.jpg,40.00350000,-73.99930000,10.00,Blight,0.968243,True
2026-08-10T13:25:30+03:00,datasets/crop_disease/test\Blight\test_000708.jpg,40.00350000,-73.99920000,10.00,Blight,0.999650,True
2026-08-10T13:25:30+03:00,datasets/crop_disease/test\Blight\test_000709.jpg,40.00350000,-73.99910000,10.00,Blight,0.999188,True
2026-08-10T13:25:30+03:00,datasets/crop_disease/test\Blight\test_000710.jpg,40.00350000,-73.99900000,10.00,LeafSpot,0.649168,False
2026-08-10T13:25:30+03:00,datasets/crop_disease/test\Blight\test_000711.jpg,40.00350000,-73.99890000,10.00,Blight,0.971831,True
2026-08-10T13:25:30+03:00,datasets/crop_disease/test\Blight\test_000712.jpg,40.00350000,-73.99880000,10.00,Blight,0.996149,True
2026-08-10T13:25:30+03:00,datasets/crop_disease/test\Blight\test_000713.jpg,40.00350000,-73.99870000,10.00,Blight,0.999986,True
2026-08-10T13:25:30+03:00,datasets/crop_disease/test\Blight\test_000714.jpg,40.00350000,-73.99860000,10.00,Blight,0.999776,True
2026-08-10T13:25:30+03:00,datasets/crop_disease/test\Blight\test_000715.jpg,40.00350000,-73.99850000,10.00,Blight,0.999767,True
2026-08-10T13:25:30+03:00,datasets/crop_disease/test\Blight\test_000716.jpg,40.00350000,-73.99840000,10.00,Blight,0.999956,True
2026-08-10T13:25:30+03:00,datasets/crop_disease/test\Blight\test_000717.jpg,40.00350000,-73.99830000,10.00,Blight,0.995108,True
2026-08-10T13:25:30+03:00,datasets/crop_disease/test\Blight\test_000718.jpg,40.00350000,-73.99820000,10.00,Blight,0.999826,True
2026-08-10T13:25:30+03:00,datasets/crop_disease/test\Blight\test_000719.jpg,40.00350000,-73.99810000,10.00,Blight,0.997387,True
2026-08-10T13:25:30+03:00,datasets/crop_disease/test\Blight\test_000720.jpg,40.00360000,-74.00000000,10.00,Blight,0.979961,True
2026-08-10T13:25:30+03:00,datasets/crop_disease/test\Blight\test_000721.jpg,40.00360000,-73.99990000,10.00,Blight,0.999396,True
2026-08-10T13:25:30+03:00,datasets/crop_disease/test\Blight\test_000722.jpg,40.00360000,-73.99980000,10.00,Blight,0.692618,False
2026-08-10T13:25:30+03:00,datasets/crop_disease/test\Blight\test_000723.jpg,40.00360000,-73.99970000,10.00,Blight,0.990691,True
2026-08-10T13:25:30+03:00,datasets/crop_disease/test\Blight\test_000724.jpg,40.00360000,-73.99960000,10.00,LeafSpot,0.866377,False
2026-08-10T13:25:30+03:00,datasets/crop_disease/test\Blight\test_000725.jpg,40.00360000,-73.99950000,10.00,Blight,0.999991,True
2026-08-10T13:25:30+03:00,datasets/crop_disease/test\Blight\test_000726.jpg,40.00360000,-73.99940000,10.00,Blight,0.998989,True
2026-08-10T13:25:30+03:00,datasets/crop_disease/test\Blight\test_000727.jpg,40.00360000,-73.99930000,10.00,Blight,0.987666,True
2026-08-10T13:25:30+03:00,datasets/crop_disease/test\Blight\test_000728.jpg,40.00360000,-73.99920000,10.00,Blight,0.993558,True
2026-08-10T13:25:30+03:00,datasets/crop_disease/test\Blight\test_000729.jpg,40.00360000,-73.99910000,10.00,Blight,0.985138,True
2026-08-10T13:25:30+03:00,datasets/crop_disease/test\Blight\test_000730.jpg,40.00360000,-73.99900000,10.00,Blight,0.999361,True
2026-08-10T13:25:30+03:00,datasets/crop_disease/test\Blight\test_000731.jpg,40.00360000,-73.99890000,10.00,Blight,0.982442,True
2026-08-10T13:25:30+03:00,datasets/crop_disease/test\Blight\test_000732.jpg,40.00360000,-73.99880000,10.00,Blight,0.998544,True
2026-08-10T13:25:30+03:00,datasets/crop_disease/test\Blight\test_000733.jpg,40.00360000,-73.99870000,10.00,Blight,0.999973,True
2026-08-10T13:25:30+03:00,datasets/crop_disease/test\Blight\test_000734.jpg,40.00360000,-73.99860000,10.00,Blight,0.999819,True
2026-08-10T13:25:30+03:00,datasets/crop_disease/test\Blight\test_000735.jpg,40.00360000,-73.99850000,10.00,Blight,0.961902,True
2026-08-10T13:25:30+03:00,datasets/crop_disease/test\Blight\test_000736.jpg,40.00360000,-73.99840000,10.00,Blight,0.999924,True
2026-08-10T13:25:30+03:00,datasets/crop_disease/test\Blight\test_000737.jpg,40.00360000,-73.99830000,10.00,Blight,0.999984,True
2026-08-10T13:25:30+03:00,datasets/crop_disease/test\Blight\test_000738.jpg,40.00360000,-73.99820000,10.00,Blight,0.997799,True
2026-08-10T13:25:30+03:00,datasets/crop_disease/test\Blight\test_000739.jpg,40.00360000,-73.99810000,10.00,Blight,0.999982,True
2026-08-10T13:25:30+03:00,datasets/crop_disease/test\Blight\test_000740.jpg,40.00370000,-74.00000000,10.00,Blight,0.999994,True
2026-08-10T13:25:30+03:00,datasets/crop_disease/test\Blight\test_000741.jpg,40.00370000,-73.99990000,10.00,Blight,0.999953,True
2026-08-10T13:25:30+03:00,datasets/crop_disease/test\Blight\test_000742.jpg,40.00370000,-73.99980000,10.00,Blight,0.996784,True
2026-08-10T13:25:30+03:00,datasets/crop_disease/test\Blight\test_000743.jpg,40.00370000,-73.99970000,10.00,Blight,0.999404,True
2026-08-10T13:25:30+03:00,datasets/crop_disease/test\Blight\test_000744.jpg,40.00370000,-73.99960000,10.00,Blight,0.999382,True
2026-08-10T13:25:30+03:00,datasets/crop_disease/test\Blight\test_000745.jpg,40.00370000,-73.99950000,10.00,Blight,0.999788,True
2026-08-10T13:25:30+03:00,datasets/crop_disease/test\Blight\test_000746.jpg,40.00370000,-73.99940000,10.00,Blight,0.985978,True
2026-08-10T13:25:30+03:00,datasets/crop_disease/test\Blight\test_000747.jpg,40.00370000,-73.99930000,10.00,Blight,0.999023,True
2026-08-10T13:25:30+03:00,datasets/crop_disease/test\Blight\test_000748.jpg,40.00370000,-73.99920000,10.00,Blight,0.999338,True
2026-08-10T13:25:30+03:00,datasets/crop_disease/test\Blight\test_000749.jpg,40.00370000,-73.99910000,10.00,Blight,0.999997,True
2026-08-10T13:25:30+03:00,datasets/crop_disease/test\Blight\test_000750.jpg,40.00370000,-73.99900000,10.00,Blight,0.999930,True
2026-08-10T13:25:30+03:00,datasets/crop_disease/test\Blight\test_000751.jpg,40.00370000,-73.99890000,10.00,Blight,0.999242,True
2026-08-10T13:25:30+03:00,datasets/crop_disease/test\Blight\test_000752.jpg,40.00370000,-73.99880000,10.00,Blight,0.997510,True
2026-08-10T13:25:30+03:00,datasets/crop_disease/test\Blight\test_000753.jpg,40.00370000,-73.99870000,10.00,Blight,0.998766,True
2026-08-10T13:25:30+03:00,datasets/crop_disease/test\Blight\test_000754.jpg,40.00370000,-73.99860000,10.00,Blight,0.999316,True
2026-08-10T13:25:30+03:00,datasets/crop_disease/test\Blight\test_000755.jpg,40.00370000,-73.99850000,10.00,Blight,0.999445,True
2026-08-10T13:25:30+03:00,datasets/crop_disease/test\Blight\test_000756.jpg,40.00370000,-73.99840000,10.00,Blight,0.693104,False
2026-08-10T13:25:30+03:00,datasets/crop_disease/test\Blight\test_000757.jpg,40.00370000,-73.99830000,10.00,Blight,0.999887,True
2026-08-10T13:25:31+03:00,datasets/crop_disease/test\Blight\test_000758.jpg,40.00370000,-73.99820000,10.00,Blight,0.999493,True
2026-08-10T13:25:31+03:00,datasets/crop_disease/test\Blight\test_000759.jpg,40.00370000,-73.99810000,10.00,Blight,0.999958,True
2026-08-10T13:25:31+03:00,datasets/crop_disease/test\Blight\test_000760.jpg,40.00380000,-74.00000000,10.00,LeafSpot,0.652319,False
2026-08-10T13:25:31+03:00,datasets/crop_disease/test\Blight\test_000761.jpg,40.00380000,-73.99990000,10.00,Blight,0.999974,True
2026-08-10T13:25:31+03:00,datasets/crop_disease/test\Blight\test_000762.jpg,40.00380000,-73.99980000,10.00,Blight,0.999999,True
2026-08-10T13:25:31+03:00,datasets/crop_disease/test\Blight\test_000763.jpg,40.00380000,-73.99970000,10.00,Blight,0.999778,True
2026-08-10T13:25:31+03:00,datasets/crop_disease/test\Blight\test_000764.jpg,40.00380000,-73.99960000,10.00,Blight,0.977669,True
2026-08-10T13:25:31+03:00,datasets/crop_disease/test\Blight\test_000765.jpg,40.00380000,-73.99950000,10.00,Blight,0.999261,True
2026-08-10T13:25:31+03:00,datasets/crop_disease/test\Blight\test_000766.jpg,40.00380000,-73.99940000,10.00,Blight,0.999871,True
2026-08-10T13:25:31+03:00,datasets/crop_disease/test\Blight\test_000767.jpg,40.00380000,-73.99930000,10.00,Blight,0.999967,True
2026-08-10T13:25:31+03:00,datasets/crop_disease/test\Blight\test_000768.jpg,40.00380000,-73.99920000,10.00,Blight,0.999974,True
2026-08-10T13:25:31+03:00,datasets/crop_disease/test\Blight\test_000769.jpg,40.00380000,-73.99910000,10.00,Blight,0.999966,True
2026-08-10T13:25:31+03:00,datasets/crop_disease/test\Blight\test_000770.jpg,40.00380000,-73.99900000,10.00,Blight,0.999996,True
2026-08-10T13:25:31+03:00,datasets/crop_disease/test\Blight\test_000771.jpg,40.00380000,-73.99890000,10.00,Blight,0.998568,True
2026-08-10T13:25:31+03:00,datasets/crop_disease/test\Blight\test_000772.jpg,40.00380000,-73.99880000,10.00,Blight,0.992275,True
2026-08-10T13:25:31+03:00,datasets/crop_disease/test\Blight\test_000773.jpg,40.00380000,-73.99870000,10.00,Blight,0.995682,True
2026-08-10T13:25:31+03:00,datasets/crop_disease/test\Blight\test_000774.jpg,40.00380000,-73.99860000,10.00,Blight,0.998788,True
2026-08-10T13:25:31+03:00,datasets/crop_disease/test\Blight\test_000775.jpg,40.00380000,-73.99850000,10.00,Blight,0.999997,True
2026-08-10T13:25:31+03:00,datasets/crop_disease/test\Blight\test_000776.jpg,40.00380000,-73.99840000,10.00,Blight,0.984489,True
2026-08-10T13:25:31+03:00,datasets/crop_disease/test\Blight\test_000777.jpg,40.00380000,-73.99830000,10.00,Blight,0.999401,True
2026-08-10T13:25:31+03:00,datasets/crop_disease/test\Blight\test_000778.jpg,40.00380000,-73.99820000,10.00,LeafSpot,0.748789,False
2026-08-10T13:25:31+03:00,datasets/crop_disease/test\Blight\test_000779.jpg,40.00380000,-73.99810000,10.00,Blight,0.994078,True
2026-08-10T13:25:31+03:00,datasets/crop_disease/test\Blight\test_000780.jpg,40.00390000,-74.00000000,10.00,Blight,0.990276,True
2026-08-10T13:25:31+03:00,datasets/crop_disease/test\Blight\test_000781.jpg,40.00390000,-73.99990000,10.00,Blight,0.997323,True
2026-08-10T13:25:31+03:00,datasets/crop_disease/test\Blight\test_000782.jpg,40.00390000,-73.99980000,10.00,Blight,0.999518,True
2026-08-10T13:25:31+03:00,datasets/crop_disease/test\Blight\test_000783.jpg,40.00390000,-73.99970000,10.00,LeafSpot,0.804594,False
2026-08-10T13:25:31+03:00,datasets/crop_disease/test\Blight\test_000784.jpg,40.00390000,-73.99960000,10.00,Blight,0.999498,True
2026-08-10T13:25:31+03:00,datasets/crop_disease/test\Blight\test_000785.jpg,40.00390000,-73.99950000,10.00,Blight,0.998616,True
2026-08-10T13:25:31+03:00,datasets/crop_disease/test\Blight\test_000786.jpg,40.00390000,-73.99940000,10.00,Blight,0.999473,True
2026-08-10T13:25:31+03:00,datasets/crop_disease/test\Blight\test_000787.jpg,40.00390000,-73.99930000,10.00,Blight,0.999999,True
2026-08-10T13:25:31+03:00,datasets/crop_disease/test\Blight\test_000788.jpg,40.00390000,-73.99920000,10.00,Blight,0.999992,True
2026-08-10T13:25:31+03:00,datasets/crop_disease/test\Blight\test_000789.jpg,40.00390000,-73.99910000,10.00,Blight,0.999931,True
2026-08-10T13:25:31+03:00,datasets/crop_disease/test\Blight\test_000790.jpg,40.00390000,-73.99900000,10.00,Blight,0.976658,True
2026-08-10T13:25:31+03:00,datasets/crop_disease/test\Blight\test_000791.jpg,40.00390000,-73.99890000,10.00,Blight,0.892653,False
2026-08-10T13:25:31+03:00,datasets/crop_disease/test\Blight\test_000792.jpg,40.00390000,-73.99880000,10.00,Blight,0.918958,False
2026-08-10T13:25:31+03:00,datasets/crop_disease/test\Blight\test_000793.jpg,40.00390000,-73.99870000,10.00,Blight,0.999837,True
2026-08-10T13:25:31+03:00,datasets/crop_disease/test\Blight\test_000794.jpg,40.00390000,-73.99860000,10.00,Blight,0.923865,False
2026-08-10T13:25:31+03:00,datasets/crop_disease/test\Blight\test_000795.jpg,40.00390000,-73.99850000,10.00,Blight,0.995839,True
2026-08-10T13:25:31+03:00,datasets/crop_disease/test\Blight\test_000796.jpg,40.00390000,-73.99840000,10.00,Blight,0.947964,False
2026-08-10T13:25:31+03:00,datasets/crop_disease/test\Blight\test_000797.jpg,40.00390000,-73.99830000,10.00,Blight,0.999990,True
2026-08-10T13:25:31+03:00,datasets/crop_disease/test\Blight\test_000798.jpg,40.00390000,-73.99820000,10.00,Blight,0.998628,True
2026-08-10T13:25:31+03:00,datasets/crop_disease/test\Blight\test_000799.jpg,40.00390000,-73.99810000,10.00,Blight,0.977848,True
2026-08-10T13:25:31+03:00,datasets/crop_disease/test\Blight\test_000800.jpg,40.00400000,-74.00000000,10.00,Blight,0.997879,True
2026-08-10T13:25:31+03:00,datasets/crop_disease/test\Blight\test_000801.jpg,40.00400000,-73.99990000,10.00,Blight,0.999978,True
2026-08-10T13:25:31+03:00,datasets/crop_disease/test\Blight\test_000802.jpg,40.00400000,-73.99980000,10.00,Blight,0.998878,True
2026-08-10T13:25:31+03:00,datasets/crop_disease/test\Blight\test_000803.jpg,40.00400000,-73.99970000,10.00,Blight,0.999693,True
2026-08-10T13:25:31+03:00,datasets/crop_disease/test\Blight\test_000804.jpg,40.00400000,-73.99960000,10.00,Blight,0.999976,True
2026-08-10T13:25:31+03:00,datasets/crop_disease/test\Blight\test_000805.jpg,40.00400000,-73.99950000,10.00,Blight,0.999922,True
2026-08-10T13:25:31+03:00,datasets/crop_disease/test\Blight\test_000806.jpg,40.00400000,-73.99940000,10.00,Blight,0.999999,True
2026-08-10T13:25:31+03:00,datasets/crop_disease/test\Blight\test_000807.jpg,40.00400000,-73.99930000,10.00,Blight,0.945726,False
2026-08-10T13:25:31+03:00,datasets/crop_disease/test\Blight\test_000808.jpg,40.00400000,-73.99920000,10.00,Blight,0.988819,True
2026-08-10T13:25:31+03:00,datasets/crop_disease/test\Blight\test_000809.jpg,40.00400000,-73.99910000,10.00,Blight,0.999734,True
2026-08-10T13:25:31+03:00,datasets/crop_disease/test\Blight\test_000810.jpg,40.00400000,-73.99900000,10.00,Blight,0.984219,True
2026-08-10T13:25:31+03:00,datasets/crop_disease/test\Blight\test_000811.jpg,40.00400000,-73.99890000,10.00,Blight,0.998933,True
2026-08-10T13:25:31+03:00,datasets/crop_disease/test\Blight\test_000812.jpg,40.00400000,-73.99880000,10.00,Blight,0.999999,True
2026-08-10T13:25:31+03:00,datasets/crop_disease/test\Blight\test_000813.jpg,40.00400000,-73.99870000,10.00,Blight,0.999842,True
2026-08-10T13:25:31+03:00,datasets/crop_disease/test\Blight\test_000814.jpg,40.00400000,-73.99860000,10.00,Blight,0.999920,True
2026-08-10T13:25:31+03:00,datasets/crop_disease/test\Blight\test_000815.jpg,40.00400000,-73.99850000,10.00,Blight,0.999937,True
2026-08-10T13:25:31+03:00,datasets/crop_disease/test\Blight\test_000816.jpg,40.00400000,-73.99840000,10.00,Blight,0.993890,True
2026-08-10T13:25:31+03:00,datasets/crop_disease/test\Blight\test_000817.jpg,40.00400000,-73.99830000,10.00,Blight,0.987548,True
2026-08-10T13:25:31+03:00,datasets/crop_disease/test\Blight\test_000818.jpg,40.00400000,-73.99820000,10.00,Blight,0.999788,True
2026-08-10T13:25:31+03:00,datasets/crop_disease/test\Blight\test_000819.jpg,40.00400000,-73.99810000,10.00,Blight,0.999769,True
2026-08-10T13:25:31+03:00,datasets/crop_disease/test\Blight\test_000820.jpg,40.00410000,-74.00000000,10.00,Blight,0.983453,True
2026-08-10T13:25:31+03:00,datasets/crop_disease/test\Blight\test_000821.jpg,40.00410000,-73.99990000,10.00,Blight,0.992409,True
2026-08-10T13:25:31+03:00,datasets/crop_disease/test\Blight\test_000822.jpg,40.00410000,-73.99980000,10.00,Blight,0.974655,True
2026-08-10T13:25:31+03:00,datasets/crop_disease/test\Blight\test_000823.jpg,40.00410000,-73.99970000,10.00,Blight,0.999626,True
2026-08-10T13:25:31+03:00,datasets/crop_disease/test\Blight\test_000824.jpg,40.00410000,-73.99960000,10.00,Blight,0.999057,True
2026-08-10T13:25:31+03:00,datasets/crop_disease/test\Blight\test_000825.jpg,40.00410000,-73.99950000,10.00,Blight,0.996182,True
2026-08-10T13:25:32+03:00,datasets/crop_disease/test\Blight\test_000826.jpg,40.00410000,-73.99940000,10.00,Blight,1.000000,True
2026-08-10T13:25:32+03:00,datasets/crop_disease/test\Blight\test_000827.jpg,40.00410000,-73.99930000,10.00,Blight,0.543842,False
2026-08-10T13:25:32+03:00,datasets/crop_disease/test\Blight\test_000828.jpg,40.00410000,-73.99920000,10.00,Blight,0.999879,True
2026-08-10T13:25:32+03:00,datasets/crop_disease/test\Blight\test_000829.jpg,40.00410000,-73.99910000,10.00,Blight,0.539327,False
2026-08-10T13:25:32+03:00,datasets/crop_disease/test\Blight\test_000830.jpg,40.00410000,-73.99900000,10.00,Blight,0.999138,True
2026-08-10T13:25:32+03:00,datasets/crop_disease/test\Blight\test_000831.jpg,40.00410000,-73.99890000,10.00,Blight,1.000000,True
2026-08-10T13:25:32+03:00,datasets/crop_disease/test\Blight\test_000832.jpg,40.00410000,-73.99880000,10.00,Blight,0.978740,True
2026-08-10T13:25:32+03:00,datasets/crop_disease/test\Blight\test_000833.jpg,40.00410000,-73.99870000,10.00,Blight,0.999931,True
2026-08-10T13:25:32+03:00,datasets/crop_disease/test\Blight\test_000834.jpg,40.00410000,-73.99860000,10.00,Blight,0.605790,False
2026-08-10T13:25:32+03:00,datasets/crop_disease/test\Blight\test_000835.jpg,40.00410000,-73.99850000,10.00,Blight,0.999911,True
2026-08-10T13:25:32+03:00,datasets/crop_disease/test\Blight\test_000836.jpg,40.00410000,-73.99840000,10.00,Blight,0.999475,True
2026-08-10T13:25:32+03:00,datasets/crop_disease/test\Blight\test_000837.jpg,40.00410000,-73.99830000,10.00,Blight,0.973063,True
2026-08-10T13:25:32+03:00,datasets/crop_disease/test\Blight\test_000838.jpg,40.00410000,-73.99820000,10.00,Blight,0.999728,True
2026-08-10T13:25:32+03:00,datasets/crop_disease/test\Blight\test_000839.jpg,40.00410000,-73.99810000,10.00,Blight,0.999957,True
2026-08-10T13:25:32+03:00,datasets/crop_disease/test\Blight\test_000840.jpg,40.00420000,-74.00000000,10.00,Blight,0.739085,False
2026-08-10T13:25:32+03:00,datasets/crop_disease/test\Blight\test_000841.jpg,40.00420000,-73.99990000,10.00,Blight,0.997320,True
2026-08-10T13:25:32+03:00,datasets/crop_disease/test\Blight\test_000842.jpg,40.00420000,-73.99980000,10.00,Blight,0.999997,True
2026-08-10T13:25:32+03:00,datasets/crop_disease/test\Blight\test_000843.jpg,40.00420000,-73.99970000,10.00,Blight,0.993012,True
2026-08-10T13:25:32+03:00,datasets/crop_disease/test\Blight\test_000844.jpg,40.00420000,-73.99960000,10.00,Blight,0.999991,True
2026-08-10T13:25:32+03:00,datasets/crop_disease/test\Blight\test_000845.jpg,40.00420000,-73.99950000,10.00,Blight,0.999982,True
2026-08-10T13:25:32+03:00,datasets/crop_disease/test\Blight\test_000846.jpg,40.00420000,-73.99940000,10.00,Blight,0.999871,True
2026-08-10T13:25:32+03:00,datasets/crop_disease/test\Blight\test_000847.jpg,40.00420000,-73.99930000,10.00,Blight,0.997728,True
2026-08-10T13:25:32+03:00,datasets/crop_disease/test\Blight\test_000848.jpg,40.00420000,-73.99920000,10.00,Blight,0.999989,True
2026-08-10T13:25:32+03:00,datasets/crop_disease/test\Blight\test_000849.jpg,40.00420000,-73.99910000,10.00,Blight,0.999966,True
2026-08-10T13:25:32+03:00,datasets/crop_disease/test\Blight\test_000850.jpg,40.00420000,-73.99900000,10.00,Blight,0.998865,True
2026-08-10T13:25:32+03:00,datasets/crop_disease/test\Blight\test_000851.jpg,40.00420000,-73.99890000,10.00,Blight,0.745959,False
2026-08-10T13:25:32+03:00,datasets/crop_disease/test\Blight\test_000852.jpg,40.00420000,-73.99880000,10.00,Blight,0.999882,True
2026-08-10T13:25:32+03:00,datasets/crop_disease/test\Blight\test_000853.jpg,40.00420000,-73.99870000,10.00,Blight,0.986122,True
2026-08-10T13:25:32+03:00,datasets/crop_disease/test\Blight\test_000854.jpg,40.00420000,-73.99860000,10.00,Blight,0.999996,True
2026-08-10T13:25:32+03:00,datasets/crop_disease/test\Blight\test_000855.jpg,40.00420000,-73.99850000,10.00,Blight,0.999609,True
2026-08-10T13:25:32+03:00,datasets/crop_disease/test\Blight\test_000856.jpg,40.00420000,-73.99840000,10.00,Blight,0.999998,True
2026-08-10T13:25:32+03:00,datasets/crop_disease/test\Blight\test_000857.jpg,40.00420000,-73.99830000,10.00,Blight,0.959551,True
2026-08-10T13:25:32+03:00,datasets/crop_disease/test\Blight\test_000858.jpg,40.00420000,-73.99820000,10.00,Blight,0.999964,True
2026-08-10T13:25:32+03:00,datasets/crop_disease/test\Blight\test_000859.jpg,40.00420000,-73.99810000,10.00,Blight,0.999649,True
2026-08-10T13:25:32+03:00,datasets/crop_disease/test\Blight\test_000860.jpg,40.00430000,-74.00000000,10.00,Blight,0.999828,True
2026-08-10T13:25:32+03:00,datasets/crop_disease/test\Blight\test_000861.jpg,40.00430000,-73.99990000,10.00,Blight,0.999998,True
2026-08-10T13:25:32+03:00,datasets/crop_disease/test\Blight\test_000862.jpg,40.00430000,-73.99980000,10.00,Blight,0.999975,True
2026-08-10T13:25:32+03:00,datasets/crop_disease/test\Blight\test_000863.jpg,40.00430000,-73.99970000,10.00,Blight,1.000000,True
2026-08-10T13:25:32+03:00,datasets/crop_disease/test\Blight\test_000864.jpg,40.00430000,-73.99960000,10.00,Blight,0.999985,True
2026-08-10T13:25:32+03:00,datasets/crop_disease/test\Blight\test_000865.jpg,40.00430000,-73.99950000,10.00,Blight,0.999998,True
2026-08-10T13:25:32+03:00,datasets/crop_disease/test\Blight\test_000866.jpg,40.00430000,-73.99940000,10.00,Blight,0.992171,True
2026-08-10T13:25:32+03:00,datasets/crop_disease/test\Blight\test_000867.jpg,40.00430000,-73.99930000,10.00,Blight,0.999994,True
2026-08-10T13:25:32+03:00,datasets/crop_disease/test\Blight\test_000868.jpg,40.00430000,-73.99920000,10.00,Blight,0.965307,True
2026-08-10T13:25:32+03:00,datasets/crop_disease/test\Blight\test_000869.jpg,40.00430000,-73.99910000,10.00,Blight,0.997359,True
2026-08-10T13:25:32+03:00,datasets/crop_disease/test\Blight\test_000870.jpg,40.00430000,-73.99900000,10.00,Blight,0.997206,True
2026-08-10T13:25:32+03:00,datasets/crop_disease/test\Blight\test_000871.jpg,40.00430000,-73.99890000,10.00,Blight,0.977735,True
2026-08-10T13:25:32+03:00,datasets/crop_disease/test\Blight\test_000872.jpg,40.00430000,-73.99880000,10.00,Blight,0.999491,True
2026-08-10T13:25:32+03:00,datasets/crop_disease/test\Blight\test_000873.jpg,40.00430000,-73.99870000,10.00,Blight,1.000000,True
2026-08-10T13:25:32+03:00,datasets/crop_disease/test\Blight\test_000874.jpg,40.00430000,-73.99860000,10.00,Blight,0.996999,True
2026-08-10T13:25:32+03:00,datasets/crop_disease/test\Blight\test_000875.jpg,40.00430000,-73.99850000,10.00,Blight,0.905197,False
2026-08-10T13:25:32+03:00,datasets/crop_disease/test\Blight\test_000876.jpg,40.00430000,-73.99840000,10.00,Blight,0.799218,False
2026-08-10T13:25:32+03:00,datasets/crop_disease/test\Blight\test_000877.jpg,40.00430000,-73.99830000,10.00,Blight,0.982491,True
2026-08-10T13:25:32+03:00,datasets/crop_disease/test\Blight\test_000878.jpg,40.00430000,-73.99820000,10.00,Blight,0.946869,False
2026-08-10T13:25:32+03:00,datasets/crop_disease/test\Blight\test_000879.jpg,40.00430000,-73.99810000,10.00,Blight,0.999619,True
2026-08-10T13:25:32+03:00,datasets/crop_disease/test\Blight\test_000880.jpg,40.00440000,-74.00000000,10.00,Blight,0.999463,True
2026-08-10T13:25:32+03:00,datasets/crop_disease/test\Blight\test_000881.jpg,40.00440000,-73.99990000,10.00,Blight,0.999992,True
2026-08-10T13:25:32+03:00,datasets/crop_disease/test\Blight\test_000882.jpg,40.00440000,-73.99980000,10.00,Blight,0.998073,True
2026-08-10T13:25:32+03:00,datasets/crop_disease/test\Blight\test_000883.jpg,40.00440000,-73.99970000,10.00,Blight,0.999210,True
2026-08-10T13:25:32+03:00,datasets/crop_disease/test\Blight\test_000884.jpg,40.00440000,-73.99960000,10.00,Blight,0.983064,True
2026-08-10T13:25:32+03:00,datasets/crop_disease/test\Blight\test_000885.jpg,40.00440000,-73.99950000,10.00,Blight,0.999984,True
2026-08-10T13:25:32+03:00,datasets/crop_disease/test\Blight\test_000886.jpg,40.00440000,-73.99940000,10.00,Blight,0.999976,True
2026-08-10T13:25:32+03:00,datasets/crop_disease/test\Blight\test_000887.jpg,40.00440000,-73.99930000,10.00,Blight,0.980699,True
2026-08-10T13:25:32+03:00,datasets/crop_disease/test\Blight\test_000888.jpg,40.00440000,-73.99920000,10.00,Blight,0.999999,True
2026-08-10T13:25:32+03:00,datasets/crop_disease/test\Blight\test_000889.jpg,40.00440000,-73.99910000,10.00,Blight,0.698281,False
2026-08-10T13:25:32+03:00,datasets/crop_disease/test\Blight\test_000890.jpg,40.00440000,-73.99900000,10.00,Blight,0.999874,True
2026-08-10T13:25:32+03:00,datasets/crop_disease/test\Blight\test_000891.jpg,40.00440000,-73.99890000,10.00,Blight,0.999473,True
2026-08-10T13:25:32+03:00,datasets/crop_disease/test\Blight\test_000892.jpg,40.00440000,-73.99880000,10.00,Blight,0.999947,True
2026-08-10T13:25:33+03:00,datasets/crop_disease/test\Blight\test_000893.jpg,40.00440000,-73.99870000,10.00,Blight,0.931292,False
2026-08-10T13:25:33+03:00,datasets/crop_disease/test\Blight\test_000894.jpg,40.00440000,-73.99860000,10.00,Blight,0.824344,False
2026-08-10T13:25:33+03:00,datasets/crop_disease/test\Blight\test_000895.jpg,40.00440000,-73.99850000,10.00,Blight,0.999753,True
2026-08-10T13:25:33+03:00,datasets/crop_disease/test\Blight\test_000896.jpg,40.00440000,-73.99840000,10.00,Blight,0.999605,True
2026-08-10T13:25:33+03:00,datasets/crop_disease/test\Blight\test_000897.jpg,40.00440000,-73.99830000,10.00,Blight,0.999796,True
2026-08-10T13:25:33+03:00,datasets/crop_disease/test\Blight\test_000898.jpg,40.00440000,-73.99820000,10.00,Blight,0.983736,True
2026-08-10T13:25:33+03:00,datasets/crop_disease/test\Blight\test_000899.jpg,40.00440000,-73.99810000,10.00,Blight,0.999226,True
2026-08-10T13:25:33+03:00,datasets/crop_disease/test\Blight\test_000900.jpg,40.00450000,-74.00000000,10.00,Blight,0.999995,True
2026-08-10T13:25:33+03:00,datasets/crop_disease/test\Blight\test_000901.jpg,40.00450000,-73.99990000,10.00,Blight,0.999981,True
2026-08-10T13:25:33+03:00,datasets/crop_disease/test\Blight\test_000902.jpg,40.00450000,-73.99980000,10.00,Blight,0.998575,True
2026-08-10T13:25:33+03:00,datasets/crop_disease/test\Blight\test_000903.jpg,40.00450000,-73.99970000,10.00,Blight,0.998429,True
2026-08-10T13:25:33+03:00,datasets/crop_disease/test\Blight\test_000904.jpg,40.00450000,-73.99960000,10.00,Blight,0.999649,True
2026-08-10T13:25:33+03:00,datasets/crop_disease/test\Blight\test_000905.jpg,40.00450000,-73.99950000,10.00,Blight,0.997766,True
2026-08-10T13:25:33+03:00,datasets/crop_disease/test\Blight\test_000906.jpg,40.00450000,-73.99940000,10.00,Blight,0.982888,True
2026-08-10T13:25:33+03:00,datasets/crop_disease/test\Blight\test_000907.jpg,40.00450000,-73.99930000,10.00,Blight,0.999994,True
2026-08-10T13:25:33+03:00,datasets/crop_disease/test\Blight\test_000908.jpg,40.00450000,-73.99920000,10.00,Blight,0.999945,True
2026-08-10T13:25:33+03:00,datasets/crop_disease/test\Blight\test_000909.jpg,40.00450000,-73.99910000,10.00,Blight,0.999953,True
2026-08-10T13:25:33+03:00,datasets/crop_disease/test\Blight\test_000910.jpg,40.00450000,-73.99900000,10.00,Blight,0.999983,True
2026-08-10T13:25:33+03:00,datasets/crop_disease/test\Blight\test_000911.jpg,40.00450000,-73.99890000,10.00,Blight,0.999666,True
2026-08-10T13:25:33+03:00,datasets/crop_disease/test\Blight\test_000912.jpg,40.00450000,-73.99880000,10.00,Blight,0.999990,True
2026-08-10T13:25:33+03:00,datasets/crop_disease/test\Blight\test_000913.jpg,40.00450000,-73.99870000,10.00,Blight,1.000000,True
2026-08-10T13:25:33+03:00,datasets/crop_disease/test\Blight\test_000914.jpg,40.00450000,-73.99860000,10.00,Blight,0.998082,True
2026-08-10T13:25:33+03:00,datasets/crop_disease/test\Blight\test_000915.jpg,40.00450000,-73.99850000,10.00,Blight,0.994440,True
2026-08-10T13:25:33+03:00,datasets/crop_disease/test\Blight\test_000916.jpg,40.00450000,-73.99840000,10.00,Blight,0.999560,True
2026-08-10T13:25:33+03:00,datasets/crop_disease/test\Blight\test_000917.jpg,40.00450000,-73.99830000,10.00,Blight,0.999948,True
2026-08-10T13:25:33+03:00,datasets/crop_disease/test\Blight\test_000918.jpg,40.00450000,-73.99820000,10.00,Blight,0.999914,True
2026-08-10T13:25:33+03:00,datasets/crop_disease/test\Blight\test_000919.jpg,40.00450000,-73.99810000,10.00,Blight,0.999987,True
2026-08-10T13:25:33+03:00,datasets/crop_disease/test\Blight\test_000920.jpg,40.00460000,-74.00000000,10.00,Blight,0.999326,True
2026-08-10T13:25:33+03:00,datasets/crop_disease/test\Blight\test_000921.jpg,40.00460000,-73.99990000,10.00,Blight,0.999743,True
2026-08-10T13:25:33+03:00,datasets/crop_disease/test\Blight\test_000922.jpg,40.00460000,-73.99980000,10.00,Blight,0.998419,True
2026-08-10T13:25:33+03:00,datasets/crop_disease/test\Blight\test_000923.jpg,40.00460000,-73.99970000,10.00,Blight,0.994090,True
2026-08-10T13:25:33+03:00,datasets/crop_disease/test\Blight\test_000924.jpg,40.00460000,-73.99960000,10.00,Blight,0.996872,True
2026-08-10T13:25:33+03:00,datasets/crop_disease/test\Blight\test_000925.jpg,40.00460000,-73.99950000,10.00,Blight,0.999906,True
2026-08-10T13:25:33+03:00,datasets/crop_disease/test\Blight\test_000926.jpg,40.00460000,-73.99940000,10.00,Blight,1.000000,True
2026-08-10T13:25:33+03:00,datasets/crop_disease/test\Blight\test_000927.jpg,40.00460000,-73.99930000,10.00,Blight,0.999781,True
2026-08-10T13:25:33+03:00,datasets/crop_disease/test\Blight\test_000928.jpg,40.00460000,-73.99920000,10.00,Blight,0.989497,True
2026-08-10T13:25:33+03:00,datasets/crop_disease/test\Blight\test_000929.jpg,40.00460000,-73.99910000,10.00,Blight,0.995820,True
2026-08-10T13:25:33+03:00,datasets/crop_disease/test\Blight\test_000930.jpg,40.00460000,-73.99900000,10.00,Blight,0.984341,True
2026-08-10T13:25:33+03:00,datasets/crop_disease/test\Blight\test_000931.jpg,40.00460000,-73.99890000,10.00,Blight,0.999997,True
2026-08-10T13:25:33+03:00,datasets/crop_disease/test\Blight\test_000932.jpg,40.00460000,-73.99880000,10.00,Blight,0.995134,True
2026-08-10T13:25:33+03:00,datasets/crop_disease/test\Blight\test_000933.jpg,40.00460000,-73.99870000,10.00,Blight,0.999463,True
2026-08-10T13:25:33+03:00,datasets/crop_disease/test\Blight\test_000934.jpg,40.00460000,-73.99860000,10.00,Blight,0.999641,True
2026-08-10T13:25:33+03:00,datasets/crop_disease/test\Blight\test_000935.jpg,40.00460000,-73.99850000,10.00,Blight,0.999997,True
2026-08-10T13:25:33+03:00,datasets/crop_disease/test\Blight\test_000936.jpg,40.00460000,-73.99840000,10.00,Blight,0.999963,True
2026-08-10T13:25:33+03:00,datasets/crop_disease/test\Blight\test_000937.jpg,40.00460000,-73.99830000,10.00,Blight,0.997218,True
2026-08-10T13:25:33+03:00,datasets/crop_disease/test\Blight\test_000938.jpg,40.00460000,-73.99820000,10.00,Blight,0.932878,False
2026-08-10T13:25:33+03:00,datasets/crop_disease/test\Blight\test_000939.jpg,40.00460000,-73.99810000,10.00,Blight,0.997504,True
2026-08-10T13:25:33+03:00,datasets/crop_disease/test\Blight\test_000940.jpg,40.00470000,-74.00000000,10.00,Blight,0.999907,True
2026-08-10T13:25:33+03:00,datasets/crop_disease/test\Blight\test_000941.jpg,40.00470000,-73.99990000,10.00,Blight,0.999990,True
2026-08-10T13:25:33+03:00,datasets/crop_disease/test\Blight\test_000942.jpg,40.00470000,-73.99980000,10.00,Blight,0.999825,True
2026-08-10T13:25:33+03:00,datasets/crop_disease/test\Blight\test_000943.jpg,40.00470000,-73.99970000,10.00,Blight,0.999723,True
2026-08-10T13:25:33+03:00,datasets/crop_disease/test\Blight\test_000944.jpg,40.00470000,-73.99960000,10.00,Blight,0.985661,True
2026-08-10T13:25:33+03:00,datasets/crop_disease/test\Blight\test_000945.jpg,40.00470000,-73.99950000,10.00,Blight,0.999999,True
2026-08-10T13:25:33+03:00,datasets/crop_disease/test\Blight\test_000946.jpg,40.00470000,-73.99940000,10.00,Blight,0.985974,True
2026-08-10T13:25:33+03:00,datasets/crop_disease/test\Blight\test_000947.jpg,40.00470000,-73.99930000,10.00,Blight,0.999761,True
2026-08-10T13:25:33+03:00,datasets/crop_disease/test\Blight\test_000948.jpg,40.00470000,-73.99920000,10.00,Blight,0.999425,True
2026-08-10T13:25:33+03:00,datasets/crop_disease/test\Blight\test_000949.jpg,40.00470000,-73.99910000,10.00,Blight,0.995053,True
2026-08-10T13:25:33+03:00,datasets/crop_disease/test\Blight\test_000950.jpg,40.00470000,-73.99900000,10.00,Blight,0.936231,False
2026-08-10T13:25:33+03:00,datasets/crop_disease/test\Blight\test_000951.jpg,40.00470000,-73.99890000,10.00,Blight,0.999985,True
2026-08-10T13:25:33+03:00,datasets/crop_disease/test\Blight\test_000952.jpg,40.00470000,-73.99880000,10.00,Blight,0.999998,True
2026-08-10T13:25:33+03:00,datasets/crop_disease/test\Blight\test_000953.jpg,40.00470000,-73.99870000,10.00,Blight,0.999977,True
2026-08-10T13:25:33+03:00,datasets/crop_disease/test\Blight\test_000954.jpg,40.00470000,-73.99860000,10.00,Blight,0.999974,True
2026-08-10T13:25:33+03:00,datasets/crop_disease/test\Blight\test_000955.jpg,40.00470000,-73.99850000,10.00,Blight,0.999960,True
2026-08-10T13:25:33+03:00,datasets/crop_disease/test\Blight\test_000956.jpg,40.00470000,-73.99840000,10.00,Blight,0.999990,True
2026-08-10T13:25:33+03:00,datasets/crop_disease/test\Blight\test_000957.jpg,40.00470000,-73.99830000,10.00,Blight,0.966772,True
2026-08-10T13:25:33+03:00,datasets/crop_disease/test\Blight\test_000958.jpg,40.00470000,-73.99820000,10.00,Blight,0.999966,True
2026-08-10T13:25:33+03:00,datasets/crop_disease/test\Blight\test_000959.jpg,40.00470000,-73.99810000,10.00,Blight,0.999783,True
2026-08-10T13:25:33+03:00,datasets/crop_disease/test\Blight\test_000960.jpg,40.00480000,-74.00000000,10.00,Blight,0.999999,True
2026-08-10T13:25:33+03:00,datasets/crop_disease/test\Blight\test_000961.jpg,40.00480000,-73.99990000,10.00,Blight,0.999931,True
2026-08-10T13:25:33+03:00,datasets/crop_disease/test\Blight\test_000962.jpg,40.00480000,-73.99980000,10.00,Blight,0.999906,True
2026-08-10T13:25:33+03:00,datasets/crop_disease/test\Blight\test_000963.jpg,40.00480000,-73.99970000,10.00,Blight,0.998111,True
2026-08-10T13:25:34+03:00,datasets/crop_disease/test\Blight\test_000964.jpg,40.00480000,-73.99960000,10.00,Blight,0.999263,True
2026-08-10T13:25:34+03:00,datasets/crop_disease/test\Blight\test_000965.jpg,40.00480000,-73.99950000,10.00,Blight,0.999994,True
2026-08-10T13:25:34+03:00,datasets/crop_disease/test\Blight\test_000966.jpg,40.00480000,-73.99940000,10.00,Blight,0.986167,True
2026-08-10T13:25:34+03:00,datasets/crop_disease/test\Blight\test_000967.jpg,40.00480000,-73.99930000,10.00,Blight,0.945586,False
2026-08-10T13:25:34+03:00,datasets/crop_disease/test\Blight\test_000968.jpg,40.00480000,-73.99920000,10.00,Blight,0.999624,True
2026-08-10T13:25:34+03:00,datasets/crop_disease/test\Blight\test_000969.jpg,40.00480000,-73.99910000,10.00,Blight,0.999969,True
2026-08-10T13:25:34+03:00,datasets/crop_disease/test\Blight\test_000970.jpg,40.00480000,-73.99900000,10.00,Blight,0.998814,True
2026-08-10T13:25:34+03:00,datasets/crop_disease/test\Blight\test_000971.jpg,40.00480000,-73.99890000,10.00,Blight,0.984104,True
2026-08-10T13:25:34+03:00,datasets/crop_disease/test\Blight\test_000972.jpg,40.00480000,-73.99880000,10.00,Blight,0.999995,True
2026-08-10T13:25:34+03:00,datasets/crop_disease/test\Blight\test_000973.jpg,40.00480000,-73.99870000,10.00,Blight,0.877704,False
2026-08-10T13:25:34+03:00,datasets/crop_disease/test\Blight\test_000974.jpg,40.00480000,-73.99860000,10.00,Blight,0.999981,True
2026-08-10T13:25:34+03:00,datasets/crop_disease/test\Blight\test_000975.jpg,40.00480000,-73.99850000,10.00,Blight,0.999997,True
2026-08-10T13:25:34+03:00,datasets/crop_disease/test\Blight\test_000976.jpg,40.00480000,-73.99840000,10.00,Blight,0.999969,True
2026-08-10T13:25:34+03:00,datasets/crop_disease/test\Blight\test_000977.jpg,40.00480000,-73.99830000,10.00,LeafSpot,0.912413,False
2026-08-10T13:25:34+03:00,datasets/crop_disease/test\Blight\test_000978.jpg,40.00480000,-73.99820000,10.00,Blight,0.999809,True
2026-08-10T13:25:34+03:00,datasets/crop_disease/test\Blight\test_000979.jpg,40.00480000,-73.99810000,10.00,Blight,0.606514,False
2026-08-10T13:25:34+03:00,datasets/crop_disease/test\Blight\test_000980.jpg,40.00490000,-74.00000000,10.00,Blight,0.999915,True
2026-08-10T13:25:34+03:00,datasets/crop_disease/test\Blight\test_000981.jpg,40.00490000,-73.99990000,10.00,Blight,0.546147,False
2026-08-10T13:25:34+03:00,datasets/crop_disease/test\Blight\test_000982.jpg,40.00490000,-73.99980000,10.00,Blight,0.999426,True
2026-08-10T13:25:34+03:00,datasets/crop_disease/test\Blight\test_000983.jpg,40.00490000,-73.99970000,10.00,Blight,0.990627,True
2026-08-10T13:25:34+03:00,datasets/crop_disease/test\Blight\test_000984.jpg,40.00490000,-73.99960000,10.00,Blight,0.999999,True
2026-08-10T13:25:34+03:00,datasets/crop_disease/test\Blight\test_000985.jpg,40.00490000,-73.99950000,10.00,Blight,0.969494,True
2026-08-10T13:25:34+03:00,datasets/crop_disease/test\Blight\test_000986.jpg,40.00490000,-73.99940000,10.00,Blight,0.999192,True
2026-08-10T13:25:34+03:00,datasets/crop_disease/test\Blight\test_000987.jpg,40.00490000,-73.99930000,10.00,Blight,0.999985,True
2026-08-10T13:25:34+03:00,datasets/crop_disease/test\Blight\test_000988.jpg,40.00490000,-73.99920000,10.00,Blight,0.985041,True
2026-08-10T13:25:34+03:00,datasets/crop_disease/test\Blight\test_000989.jpg,40.00490000,-73.99910000,10.00,Blight,0.891865,False
2026-08-10T13:25:34+03:00,datasets/crop_disease/test\Blight\test_000990.jpg,40.00490000,-73.99900000,10.00,Blight,0.999938,True
2026-08-10T13:25:34+03:00,datasets/crop_disease/test\Blight\test_000991.jpg,40.00490000,-73.99890000,10.00,Blight,0.987442,True
2026-08-10T13:25:34+03:00,datasets/crop_disease/test\Blight\test_000992.jpg,40.00490000,-73.99880000,10.00,Blight,0.983715,True
2026-08-10T13:25:34+03:00,datasets/crop_disease/test\Blight\test_000993.jpg,40.00490000,-73.99870000,10.00,LeafSpot,0.709225,False
2026-08-10T13:25:34+03:00,datasets/crop_disease/test\Blight\test_000994.jpg,40.00490000,-73.99860000,10.00,Blight,0.999551,True
2026-08-10T13:25:34+03:00,datasets/crop_disease/test\Blight\test_000995.jpg,40.00490000,-73.99850000,10.00,LeafSpot,0.591973,False
2026-08-10T13:25:34+03:00,datasets/crop_disease/test\Blight\test_000996.jpg,40.00490000,-73.99840000,10.00,Blight,1.000000,True
2026-08-10T13:25:34+03:00,datasets/crop_disease/test\Blight\test_000997.jpg,40.00490000,-73.99830000,10.00,Blight,0.998688,True
2026-08-10T13:25:34+03:00,datasets/crop_disease/test\Blight\test_000998.jpg,40.00490000,-73.99820000,10.00,Blight,0.999996,True
2026-08-10T13:25:34+03:00,datasets/crop_disease/test\Blight\test_000999.jpg,40.00490000,-73.99810000,10.00,Blight,0.920315,False
2026-08-10T13:25:34+03:00,datasets/crop_disease/test\Blight\test_001000.jpg,40.00500000,-74.00000000,10.00,Blight,0.999777,True
2026-08-10T13:25:34+03:00,datasets/crop_disease/test\Blight\test_001001.jpg,40.00500000,-73.99990000,10.00,Blight,0.998582,True
2026-08-10T13:25:34+03:00,datasets/crop_disease/test\Blight\test_001002.jpg,40.00500000,-73.99980000,10.00,Blight,0.973200,True
2026-08-10T13:25:34+03:00,datasets/crop_disease/test\Blight\test_001003.jpg,40.00500000,-73.99970000,10.00,Blight,0.945086,False
2026-08-10T13:25:34+03:00,datasets/crop_disease/test\Blight\test_001004.jpg,40.00500000,-73.99960000,10.00,Blight,0.999986,True
2026-08-10T13:25:34+03:00,datasets/crop_disease/test\Blight\test_001005.jpg,40.00500000,-73.99950000,10.00,Blight,0.999982,True
2026-08-10T13:25:34+03:00,datasets/crop_disease/test\Blight\test_001006.jpg,40.00500000,-73.99940000,10.00,Blight,0.999915,True
2026-08-10T13:25:34+03:00,datasets/crop_disease/test\Blight\test_001007.jpg,40.00500000,-73.99930000,10.00,Blight,0.999983,True
2026-08-10T13:25:34+03:00,datasets/crop_disease/test\Blight\test_001008.jpg,40.00500000,-73.99920000,10.00,Blight,0.992791,True
2026-08-10T13:25:34+03:00,datasets/crop_disease/test\Blight\test_001009.jpg,40.00500000,-73.99910000,10.00,Blight,0.999997,True
2026-08-10T13:25:34+03:00,datasets/crop_disease/test\Blight\test_001010.jpg,40.00500000,-73.99900000,10.00,Blight,0.994475,True
2026-08-10T13:25:34+03:00,datasets/crop_disease/test\Blight\test_001011.jpg,40.00500000,-73.99890000,10.00,Blight,0.999088,True
2026-08-10T13:25:34+03:00,datasets/crop_disease/test\Blight\test_001012.jpg,40.00500000,-73.99880000,10.00,Blight,0.999954,True
2026-08-10T13:25:34+03:00,datasets/crop_disease/test\Blight\test_001013.jpg,40.00500000,-73.99870000,10.00,Blight,0.999996,True
2026-08-10T13:25:34+03:00,datasets/crop_disease/test\Blight\test_001014.jpg,40.00500000,-73.99860000,10.00,Blight,0.999771,True
2026-08-10T13:25:34+03:00,datasets/crop_disease/test\Blight\test_001015.jpg,40.00500000,-73.99850000,10.00,Blight,0.999972,True
2026-08-10T13:25:34+03:00,datasets/crop_disease/test\Blight\test_001016.jpg,40.00500000,-73.99840000,10.00,Blight,0.999038,True
2026-08-10T13:25:34+03:00,datasets/crop_disease/test\Blight\test_001017.jpg,40.00500000,-73.99830000,10.00,Blight,0.999429,True
2026-08-10T13:25:34+03:00,datasets/crop_disease/test\Blight\test_001018.jpg,40.00500000,-73.99820000,10.00,Blight,0.999383,True
2026-08-10T13:25:34+03:00,datasets/crop_disease/test\Blight\test_001019.jpg,40.00500000,-73.99810000,10.00,Blight,0.975194,True
2026-08-10T13:25:34+03:00,datasets/crop_disease/test\Blight\test_001020.jpg,40.00510000,-74.00000000,10.00,Blight,0.999998,True
2026-08-10T13:25:34+03:00,datasets/crop_disease/test\Blight\test_001021.jpg,40.00510000,-73.99990000,10.00,Blight,0.991251,True
2026-08-10T13:25:34+03:00,datasets/crop_disease/test\Blight\test_001022.jpg,40.00510000,-73.99980000,10.00,Blight,0.999993,True
2026-08-10T13:25:34+03:00,datasets/crop_disease/test\Blight\test_001023.jpg,40.00510000,-73.99970000,10.00,Blight,0.995371,True
2026-08-10T13:25:34+03:00,datasets/crop_disease/test\Blight\test_001024.jpg,40.00510000,-73.99960000,10.00,Blight,0.999985,True
2026-08-10T13:25:34+03:00,datasets/crop_disease/test\Blight\test_001025.jpg,40.00510000,-73.99950000,10.00,Blight,0.999999,True
2026-08-10T13:25:34+03:00,datasets/crop_disease/test\Blight\test_001026.jpg,40.00510000,-73.99940000,10.00,Blight,0.999882,True
2026-08-10T13:25:34+03:00,datasets/crop_disease/test\Blight\test_001027.jpg,40.00510000,-73.99930000,10.00,Blight,0.971595,True
2026-08-10T13:25:34+03:00,datasets/crop_disease/test\Blight\test_001028.jpg,40.00510000,-73.99920000,10.00,Blight,0.992987,True
2026-08-10T13:25:34+03:00,datasets/crop_disease/test\Blight\test_001029.jpg,40.00510000,-73.99910000,10.00,Blight,0.999429,True
2026-08-10T13:25:34+03:00,datasets/crop_disease/test\Blight\test_001030.jpg,40.00510000,-73.99900000,10.00,Blight,0.999959,True
2026-08-10T13:25:34+03:00,datasets/crop_disease/test\Blight\test_001031.jpg,40.00510000,-73.99890000,10.00,Blight,0.998662,True
2026-08-10T13:25:34+03:00,datasets/crop_disease/test\Blight\test_001032.jpg,40.00510000,-73.99880000,10.00,Blight,0.999801,True
2026-08-10T13:25:34+03:00,datasets/crop_disease/test\Blight\test_001033.jpg,40.00510000,-73.99870000,10.00,Blight,0.962425,True
2026-08-10T13:25:34+03:00,datasets/crop_disease/test\Blight\test_001034.jpg,40.00510000,-73.99860000,10.00,Blight,0.999646,True
2026-08-10T13:25:34+03:00,datasets/crop_disease/test\Blight\test_001035.jpg,40.00510000,-73.99850000,10.00,Blight,0.997500,True
2026-08-10T13:25:34+03:00,datasets/crop_disease/test\Blight\test_001036.jpg,40.00510000,-73.99840000,10.00,Blight,0.999354,True
2026-08-10T13:25:35+03:00,datasets/crop_disease/test\Blight\test_001037.jpg,40.00510000,-73.99830000,10.00,Blight,0.999991,True
2026-08-10T13:25:35+03:00,datasets/crop_disease/test\Blight\test_001038.jpg,40.00510000,-73.99820000,10.00,Blight,0.998930,True
2026-08-10T13:25:35+03:00,datasets/crop_disease/test\Blight\test_001039.jpg,40.00510000,-73.99810000,10.00,Blight,0.999740,True
2026-08-10T13:25:35+03:00,datasets/crop_disease/test\Blight\test_001040.jpg,40.00520000,-74.00000000,10.00,Blight,0.996562,True
2026-08-10T13:25:35+03:00,datasets/crop_disease/test\Blight\test_001041.jpg,40.00520000,-73.99990000,10.00,Blight,0.989352,True
2026-08-10T13:25:35+03:00,datasets/crop_disease/test\Blight\test_001042.jpg,40.00520000,-73.99980000,10.00,Blight,0.999985,True
2026-08-10T13:25:35+03:00,datasets/crop_disease/test\Blight\test_001043.jpg,40.00520000,-73.99970000,10.00,Blight,0.999936,True
2026-08-10T13:25:35+03:00,datasets/crop_disease/test\Blight\test_001044.jpg,40.00520000,-73.99960000,10.00,Blight,0.983382,True
2026-08-10T13:25:35+03:00,datasets/crop_disease/test\Blight\test_001045.jpg,40.00520000,-73.99950000,10.00,Blight,0.999936,True
2026-08-10T13:25:35+03:00,datasets/crop_disease/test\Blight\test_001046.jpg,40.00520000,-73.99940000,10.00,Blight,0.997147,True
2026-08-10T13:25:35+03:00,datasets/crop_disease/test\Blight\test_001047.jpg,40.00520000,-73.99930000,10.00,Blight,0.999999,True
2026-08-10T13:25:35+03:00,datasets/crop_disease/test\Blight\test_001048.jpg,40.00520000,-73.99920000,10.00,Blight,0.999979,True
2026-08-10T13:25:35+03:00,datasets/crop_disease/test\Blight\test_001049.jpg,40.00520000,-73.99910000,10.00,Blight,0.997483,True
2026-08-10T13:25:35+03:00,datasets/crop_disease/test\Blight\test_001050.jpg,40.00520000,-73.99900000,10.00,Blight,0.999986,True
2026-08-10T13:25:35+03:00,datasets/crop_disease/test\Blight\test_001051.jpg,40.00520000,-73.99890000,10.00,Blight,0.999904,True
2026-08-10T13:25:35+03:00,datasets/crop_disease/test\Blight\test_001052.jpg,40.00520000,-73.99880000,10.00,Blight,0.999951,True
2026-08-10T13:25:35+03:00,datasets/crop_disease/test\Blight\test_001053.jpg,40.00520000,-73.99870000,10.00,Blight,0.999999,True
2026-08-10T13:25:35+03:00,datasets/crop_disease/test\Blight\test_001054.jpg,40.00520000,-73.99860000,10.00,LeafSpot,0.644761,False
2026-08-10T13:25:35+03:00,datasets/crop_disease/test\Blight\test_001055.jpg,40.00520000,-73.99850000,10.00,Blight,0.998829,True
2026-08-10T13:25:35+03:00,datasets/crop_disease/test\Blight\test_001056.jpg,40.00520000,-73.99840000,10.00,Blight,0.999017,True
2026-08-10T13:25:35+03:00,datasets/crop_disease/test\Blight\test_001057.jpg,40.00520000,-73.99830000,10.00,Blight,0.999996,True
2026-08-10T13:25:35+03:00,datasets/crop_disease/test\Blight\test_001058.jpg,40.00520000,-73.99820000,10.00,Blight,0.999898,True
2026-08-10T13:25:35+03:00,datasets/crop_disease/test\Blight\test_001059.jpg,40.00520000,-73.99810000,10.00,Blight,0.999920,True
2026-08-10T13:25:35+03:00,datasets/crop_disease/test\Blight\test_001060.jpg,40.00530000,-74.00000000,10.00,Blight,0.999247,True
2026-08-10T13:25:35+03:00,datasets/crop_disease/test\Blight\test_001061.jpg,40.00530000,-73.99990000,10.00,Blight,0.999549,True
2026-08-10T13:25:35+03:00,datasets/crop_disease/test\Blight\test_001062.jpg,40.00530000,-73.99980000,10.00,Blight,0.999990,True
2026-08-10T13:25:35+03:00,datasets/crop_disease/test\Blight\test_001063.jpg,40.00530000,-73.99970000,10.00,Blight,0.999978,True
2026-08-10T13:25:35+03:00,datasets/crop_disease/test\Blight\test_001064.jpg,40.00530000,-73.99960000,10.00,Blight,0.995618,True
2026-08-10T13:25:35+03:00,datasets/crop_disease/test\Blight\test_001065.jpg,40.00530000,-73.99950000,10.00,Blight,0.999768,True
2026-08-10T13:25:35+03:00,datasets/crop_disease/test\Blight\test_001066.jpg,40.00530000,-73.99940000,10.00,Blight,0.999999,True
2026-08-10T13:25:35+03:00,datasets/crop_disease/test\Blight\test_001067.jpg,40.00530000,-73.99930000,10.00,Blight,0.999884,True
2026-08-10T13:25:35+03:00,datasets/crop_disease/test\Blight\test_001068.jpg,40.00530000,-73.99920000,10.00,Blight,0.987118,True
2026-08-10T13:25:35+03:00,datasets/crop_disease/test\Blight\test_001069.jpg,40.00530000,-73.99910000,10.00,Blight,0.983605,True
2026-08-10T13:25:35+03:00,datasets/crop_disease/test\Blight\test_001070.jpg,40.00530000,-73.99900000,10.00,Blight,0.991253,True
2026-08-10T13:25:35+03:00,datasets/crop_disease/test\Blight\test_001071.jpg,40.00530000,-73.99890000,10.00,Blight,0.999976,True
2026-08-10T13:25:35+03:00,datasets/crop_disease/test\Blight\test_001072.jpg,40.00530000,-73.99880000,10.00,Blight,0.999960,True
2026-08-10T13:25:35+03:00,datasets/crop_disease/test\Blight\test_001073.jpg,40.00530000,-73.99870000,10.00,Blight,0.999996,True
2026-08-10T13:25:35+03:00,datasets/crop_disease/test\Blight\test_001074.jpg,40.00530000,-73.99860000,10.00,Blight,0.999343,True
2026-08-10T13:25:35+03:00,datasets/crop_disease/test\Blight\test_001075.jpg,40.00530000,-73.99850000,10.00,Blight,0.999888,True
2026-08-10T13:25:35+03:00,datasets/crop_disease/test\Blight\test_001076.jpg,40.00530000,-73.99840000,10.00,Blight,0.999984,True
2026-08-10T13:25:35+03:00,datasets/crop_disease/test\Blight\test_001077.jpg,40.00530000,-73.99830000,10.00,Blight,0.985307,True
2026-08-10T13:25:35+03:00,datasets/crop_disease/test\Blight\test_001078.jpg,40.00530000,-73.99820000,10.00,Blight,0.998610,True
2026-08-10T13:25:35+03:00,datasets/crop_disease/test\Blight\test_001079.jpg,40.00530000,-73.99810000,10.00,Blight,0.999797,True
2026-08-10T13:25:35+03:00,datasets/crop_disease/test\Blight\test_001080.jpg,40.00540000,-74.00000000,10.00,Blight,0.999982,True
2026-08-10T13:25:35+03:00,datasets/crop_disease/test\Blight\test_001081.jpg,40.00540000,-73.99990000,10.00,Blight,0.999990,True
2026-08-10T13:25:35+03:00,datasets/crop_disease/test\Blight\test_001082.jpg,40.00540000,-73.99980000,10.00,Blight,0.932697,False
2026-08-10T13:25:35+03:00,datasets/crop_disease/test\Blight\test_001083.jpg,40.00540000,-73.99970000,10.00,Blight,0.999996,True
2026-08-10T13:25:35+03:00,datasets/crop_disease/test\Blight\test_001084.jpg,40.00540000,-73.99960000,10.00,Blight,0.997515,True
2026-08-10T13:25:35+03:00,datasets/crop_disease/test\Blight\test_001085.jpg,40.00540000,-73.99950000,10.00,Blight,0.998798,True
2026-08-10T13:25:35+03:00,datasets/crop_disease/test\Blight\test_001086.jpg,40.00540000,-73.99940000,10.00,Blight,0.998021,True
2026-08-10T13:25:35+03:00,datasets/crop_disease/test\Blight\test_001087.jpg,40.00540000,-73.99930000,10.00,Blight,0.999539,True
2026-08-10T13:25:35+03:00,datasets/crop_disease/test\Blight\test_001088.jpg,40.00540000,-73.99920000,10.00,Blight,1.000000,True
2026-08-10T13:25:35+03:00,datasets/crop_disease/test\Blight\test_001089.jpg,40.00540000,-73.99910000,10.00,Blight,0.999698,True
2026-08-10T13:25:35+03:00,datasets/crop_disease/test\Blight\test_001090.jpg,40.00540000,-73.99900000,10.00,Blight,0.999908,True
2026-08-10T13:25:35+03:00,datasets/crop_disease/test\Blight\test_001091.jpg,40.00540000,-73.99890000,10.00,Blight,0.999992,True
2026-08-10T13:25:35+03:00,datasets/crop_disease/test\Blight\test_001092.jpg,40.00540000,-73.99880000,10.00,Blight,0.991991,True
2026-08-10T13:25:35+03:00,datasets/crop_disease/test\Blight\test_001093.jpg,40.00540000,-73.99870000,10.00,Blight,0.991414,True
2026-08-10T13:25:35+03:00,datasets/crop_disease/test\Blight\test_001094.jpg,40.00540000,-73.99860000,10.00,Blight,0.999129,True
2026-08-10T13:25:35+03:00,datasets/crop_disease/test\Blight\test_001095.jpg,40.00540000,-73.99850000,10.00,Blight,0.998158,True
2026-08-10T13:25:35+03:00,datasets/crop_disease/test\Blight\test_001096.jpg,40.00540000,-73.99840000,10.00,Blight,0.999288,True
2026-08-10T13:25:35+03:00,datasets/crop_disease/test\Blight\test_001097.jpg,40.00540000,-73.99830000,10.00,Blight,0.999999,True
2026-08-10T13:25:35+03:00,datasets/crop_disease/test\Blight\test_001098.jpg,40.00540000,-73.99820000,10.00,Blight,0.999999,True
2026-08-10T13:25:35+03:00,datasets/crop_disease/test\Blight\test_001099.jpg,40.00540000,-73.99810000,10.00,Blight,0.999620,True
2026-08-10T13:25:35+03:00,datasets/crop_disease/test\Blight\test_001100.jpg,40.00550000,-74.00000000,10.00,Blight,0.999997,True
2026-08-10T13:25:35+03:00,datasets/crop_disease/test\Blight\test_001101.jpg,40.00550000,-73.99990000,10.00,Blight,0.997808,True
2026-08-10T13:25:35+03:00,datasets/crop_disease/test\Blight\test_001102.jpg,40.00550000,-73.99980000,10.00,Blight,0.999297,True
2026-08-10T13:25:35+03:00,datasets/crop_disease/test\Blight\test_001103.jpg,40.00550000,-73.99970000,10.00,Blight,0.962392,True
2026-08-10T13:25:35+03:00,datasets/crop_disease/test\Blight\test_001104.jpg,40.00550000,-73.99960000,10.00,Blight,0.999691,True
2026-08-10T13:25:35+03:00,datasets/crop_disease/test\Blight\test_001105.jpg,40.00550000,-73.99950000,10.00,Blight,0.999963,True
2026-08-10T13:25:35+03:00,datasets/crop_disease/test\Blight\test_001106.jpg,40.00550000,-73.99940000,10.00,Blight,0.999993,True
2026-08-10T13:25:35+03:00,datasets/crop_disease/test\Blight\test_001107.jpg,40.00550000,-73.99930000,10.00,Blight,0.999994,True
2026-08-10T13:25:36+03:00,datasets/crop_disease/test\Blight\test_001108.jpg,40.00550000,-73.99920000,10.00,Healthy,0.569886,False
2026-08-10T13:25:36+03:00,datasets/crop_disease/test\Blight\test_001109.jpg,40.00550000,-73.99910000,10.00,Blight,0.999992,True
2026-08-10T13:25:36+03:00,datasets/crop_disease/test\Blight\test_001110.jpg,40.00550000,-73.99900000,10.00,Blight,0.999967,True
2026-08-10T13:25:36+03:00,datasets/crop_disease/test\Blight\test_001111.jpg,40.00550000,-73.99890000,10.00,Blight,0.999994,True
2026-08-10T13:25:36+03:00,datasets/crop_disease/test\Blight\test_001112.jpg,40.00550000,-73.99880000,10.00,Blight,0.999960,True
2026-08-10T13:25:36+03:00,datasets/crop_disease/test\Blight\test_001113.jpg,40.00550000,-73.99870000,10.00,Blight,0.999920,True
2026-08-10T13:25:36+03:00,datasets/crop_disease/test\Blight\test_001114.jpg,40.00550000,-73.99860000,10.00,Blight,0.999997,True
2026-08-10T13:25:36+03:00,datasets/crop_disease/test\Blight\test_001115.jpg,40.00550000,-73.99850000,10.00,Blight,1.000000,True
2026-08-10T13:25:36+03:00,datasets/crop_disease/test\Blight\test_001116.jpg,40.00550000,-73.99840000,10.00,Blight,0.919903,False
2026-08-10T13:25:36+03:00,datasets/crop_disease/test\Blight\test_001117.jpg,40.00550000,-73.99830000,10.00,Blight,0.999998,True
2026-08-10T13:25:36+03:00,datasets/crop_disease/test\Blight\test_001118.jpg,40.00550000,-73.99820000,10.00,Blight,0.999990,True
2026-08-10T13:25:36+03:00,datasets/crop_disease/test\Blight\test_001119.jpg,40.00550000,-73.99810000,10.00,Blight,0.997523,True
2026-08-10T13:25:36+03:00,datasets/crop_disease/test\Blight\test_001120.jpg,40.00560000,-74.00000000,10.00,Blight,0.999846,True
2026-08-10T13:25:36+03:00,datasets/crop_disease/test\Blight\test_001121.jpg,40.00560000,-73.99990000,10.00,Blight,0.999484,True
2026-08-10T13:25:36+03:00,datasets/crop_disease/test\Blight\test_001122.jpg,40.00560000,-73.99980000,10.00,Blight,0.999981,True
2026-08-10T13:25:36+03:00,datasets/crop_disease/test\Blight\test_001123.jpg,40.00560000,-73.99970000,10.00,Blight,0.999973,True
2026-08-10T13:25:36+03:00,datasets/crop_disease/test\Blight\test_001124.jpg,40.00560000,-73.99960000,10.00,Blight,0.999957,True
2026-08-10T13:25:36+03:00,datasets/crop_disease/test\Blight\test_001125.jpg,40.00560000,-73.99950000,10.00,Blight,0.999729,True
2026-08-10T13:25:36+03:00,datasets/crop_disease/test\Blight\test_001126.jpg,40.00560000,-73.99940000,10.00,Blight,0.999414,True
2026-08-10T13:25:36+03:00,datasets/crop_disease/test\Blight\test_001127.jpg,40.00560000,-73.99930000,10.00,Blight,0.999998,True
2026-08-10T13:25:36+03:00,datasets/crop_disease/test\Blight\test_001128.jpg,40.00560000,-73.99920000,10.00,Blight,0.943309,False
2026-08-10T13:25:36+03:00,datasets/crop_disease/test\Blight\test_001129.jpg,40.00560000,-73.99910000,10.00,Blight,0.998939,True
2026-08-10T13:25:36+03:00,datasets/crop_disease/test\Blight\test_001130.jpg,40.00560000,-73.99900000,10.00,Blight,1.000000,True
2026-08-10T13:25:36+03:00,datasets/crop_disease/test\Blight\test_001131.jpg,40.00560000,-73.99890000,10.00,Blight,0.985453,True
2026-08-10T13:25:36+03:00,datasets/crop_disease/test\Blight\test_001132.jpg,40.00560000,-73.99880000,10.00,Blight,0.997651,True
2026-08-10T13:25:36+03:00,datasets/crop_disease/test\Blight\test_001133.jpg,40.00560000,-73.99870000,10.00,Blight,0.999388,True
2026-08-10T13:25:36+03:00,datasets/crop_disease/test\Blight\test_001134.jpg,40.00560000,-73.99860000,10.00,Blight,0.997448,True
2026-08-10T13:25:36+03:00,datasets/crop_disease/test\Blight\test_001135.jpg,40.00560000,-73.99850000,10.00,Blight,1.000000,True
2026-08-10T13:25:36+03:00,datasets/crop_disease/test\Blight\test_001136.jpg,40.00560000,-73.99840000,10.00,Blight,0.999494,True
2026-08-10T13:25:36+03:00,datasets/crop_disease/test\Blight\test_001137.jpg,40.00560000,-73.99830000,10.00,Blight,1.000000,True
2026-08-10T13:25:36+03:00,datasets/crop_disease/test\Blight\test_001138.jpg,40.00560000,-73.99820000,10.00,Blight,1.000000,True
2026-08-10T13:25:36+03:00,datasets/crop_disease/test\Blight\test_001139.jpg,40.00560000,-73.99810000,10.00,Blight,0.999813,True
2026-08-10T13:25:36+03:00,datasets/crop_disease/test\Blight\test_001140.jpg,40.00570000,-74.00000000,10.00,Blight,0.999529,True
2026-08-10T13:25:36+03:00,datasets/crop_disease/test\Blight\test_001141.jpg,40.00570000,-73.99990000,10.00,Blight,0.999956,True
2026-08-10T13:25:36+03:00,datasets/crop_disease/test\Blight\test_001142.jpg,40.00570000,-73.99980000,10.00,Blight,0.999987,True
2026-08-10T13:25:36+03:00,datasets/crop_disease/test\Blight\test_001143.jpg,40.00570000,-73.99970000,10.00,Blight,0.999559,True
2026-08-10T13:25:36+03:00,datasets/crop_disease/test\Blight\test_001144.jpg,40.00570000,-73.99960000,10.00,Blight,0.999999,True
2026-08-10T13:25:36+03:00,datasets/crop_disease/test\Blight\test_001145.jpg,40.00570000,-73.99950000,10.00,Blight,0.999993,True
2026-08-10T13:25:36+03:00,datasets/crop_disease/test\Blight\test_001146.jpg,40.00570000,-73.99940000,10.00,Blight,0.999859,True
2026-08-10T13:25:36+03:00,datasets/crop_disease/test\Blight\test_001147.jpg,40.00570000,-73.99930000,10.00,Blight,0.999756,True
2026-08-10T13:25:36+03:00,datasets/crop_disease/test\Blight\test_001148.jpg,40.00570000,-73.99920000,10.00,Blight,0.997013,True
2026-08-10T13:25:36+03:00,datasets/crop_disease/test\Blight\test_001149.jpg,40.00570000,-73.99910000,10.00,Blight,0.999591,True
2026-08-10T13:25:36+03:00,datasets/crop_disease/test\Blight\test_001150.jpg,40.00570000,-73.99900000,10.00,Blight,0.966660,True
2026-08-10T13:25:36+03:00,datasets/crop_disease/test\Blight\test_001151.jpg,40.00570000,-73.99890000,10.00,Blight,1.000000,True
2026-08-10T13:25:36+03:00,datasets/crop_disease/test\Blight\test_001152.jpg,40.00570000,-73.99880000,10.00,Blight,0.999992,True
2026-08-10T13:25:36+03:00,datasets/crop_disease/test\Blight\test_001153.jpg,40.00570000,-73.99870000,10.00,Blight,0.999650,True
2026-08-10T13:25:36+03:00,datasets/crop_disease/test\Blight\test_001154.jpg,40.00570000,-73.99860000,10.00,Blight,0.805454,False
2026-08-10T13:25:36+03:00,datasets/crop_disease/test\Blight\test_001155.jpg,40.00570000,-73.99850000,10.00,Healthy,0.522543,False
2026-08-10T13:25:36+03:00,datasets/crop_disease/test\Blight\test_001156.jpg,40.00570000,-73.99840000,10.00,Blight,0.997159,True
2026-08-10T13:25:36+03:00,datasets/crop_disease/test\Blight\test_001157.jpg,40.00570000,-73.99830000,10.00,Blight,0.999995,True
2026-08-10T13:25:36+03:00,datasets/crop_disease/test\Blight\test_001158.jpg,40.00570000,-73.99820000,10.00,Blight,0.999989,True
2026-08-10T13:25:36+03:00,datasets/crop_disease/test\Blight\test_001159.jpg,40.00570000,-73.99810000,10.00,Blight,0.958940,True
2026-08-10T13:25:36+03:00,datasets/crop_disease/test\Blight\test_001160.jpg,40.00580000,-74.00000000,10.00,Blight,0.999716,True
2026-08-10T13:25:36+03:00,datasets/crop_disease/test\Blight\test_001161.jpg,40.00580000,-73.99990000,10.00,Blight,0.999665,True
2026-08-10T13:25:36+03:00,datasets/crop_disease/test\Blight\test_001162.jpg,40.00580000,-73.99980000,10.00,Blight,1.000000,True
2026-08-10T13:25:36+03:00,datasets/crop_disease/test\Blight\test_001163.jpg,40.00580000,-73.99970000,10.00,Blight,0.699036,False
2026-08-10T13:25:36+03:00,datasets/crop_disease/test\Blight\test_001164.jpg,40.00580000,-73.99960000,10.00,Blight,0.999913,True
2026-08-10T13:25:36+03:00,datasets/crop_disease/test\Blight\test_001165.jpg,40.00580000,-73.99950000,10.00,Blight,0.992488,True
2026-08-10T13:25:36+03:00,datasets/crop_disease/test\Blight\test_001166.jpg,40.00580000,-73.99940000,10.00,Blight,0.999970,True
2026-08-10T13:25:36+03:00,datasets/crop_disease/test\Blight\test_001167.jpg,40.00580000,-73.99930000,10.00,Blight,0.999214,True
2026-08-10T13:25:36+03:00,datasets/crop_disease/test\Blight\test_001168.jpg,40.00580000,-73.99920000,10.00,Blight,0.999964,True
2026-08-10T13:25:36+03:00,datasets/crop_disease/test\Blight\test_001169.jpg,40.00580000,-73.99910000,10.00,Blight,0.998574,True
2026-08-10T13:25:36+03:00,datasets/crop_disease/test\Blight\test_001170.jpg,40.00580000,-73.99900000,10.00,Blight,0.999992,True
2026-08-10T13:25:36+03:00,datasets/crop_disease/test\Blight\test_001171.jpg,40.00580000,-73.99890000,10.00,Blight,0.772209,False
2026-08-10T13:25:36+03:00,datasets/crop_disease/test\Blight\test_001172.jpg,40.00580000,-73.99880000,10.00,Blight,0.992392,True
2026-08-10T13:25:36+03:00,datasets/crop_disease/test\Blight\test_001173.jpg,40.00580000,-73.99870000,10.00,Blight,0.999936,True
2026-08-10T13:25:36+03:00,datasets/crop_disease/test\Blight\test_001174.jpg,40.00580000,-73.99860000,10.00,Blight,0.937568,False
2026-08-10T13:25:36+03:00,datasets/crop_disease/test\Blight\test_001175.jpg,40.00580000,-73.99850000,10.00,Blight,0.999975,True
2026-08-10T13:25:36+03:00,datasets/crop_disease/test\Blight\test_001176.jpg,40.00580000,-73.99840000,10.00,Blight,0.997609,True
2026-08-10T13:25:36+03:00,datasets/crop_disease/test\Blight\test_001177.jpg,40.00580000,-73.99830000,10.00,Blight,0.999863,True
2026-08-10T13:25:36+03:00,datasets/crop_disease/test\Blight\test_001178.jpg,40.00580000,-73.99820000,10.00,Blight,0.999696,True
2026-08-10T13:25:36+03:00,datasets/crop_disease/test\Healthy\test_000000.jpg,40.00580000,-73.99810000,10.00,Healthy,0.999890,True
2026-08-10T13:25:36+03:00,datasets/crop_disease/test\Healthy\test_000001.jpg,40.00590000,-74.00000000,10.00,Healthy,0.999999,True
2026-08-10T13:25:36+03:00,datasets/crop_disease/test\Healthy\test_000002.jpg,40.00590000,-73.99990000,10.00,Healthy,0.999988,True
2026-08-10T13:25:36+03:00,datasets/crop_disease/test\Healthy\test_000003.jpg,40.00590000,-73.99980000,10.00,Healthy,0.999992,True
2026-08-10T13:25:36+03:00,datasets/crop_disease/test\Healthy\test_000004.jpg,40.00590000,-73.99970000,10.00,Healthy,0.999847,True
2026-08-10T13:25:36+03:00,datasets/crop_disease/test\Healthy\test_000005.jpg,40.00590000,-73.99960000,10.00,Healthy,0.999995,True
2026-08-10T13:25:36+03:00,datasets/crop_disease/test\Healthy\test_000006.jpg,40.00590000,-73.99950000,10.00,Healthy,1.000000,True
2026-08-10T13:25:37+03:00,datasets/crop_disease/test\Healthy\test_000007.jpg,40.00590000,-73.99940000,10.00,Healthy,0.999728,True
2026-08-10T13:25:37+03:00,datasets/crop_disease/test\Healthy\test_000008.jpg,40.00590000,-73.99930000,10.00,Healthy,0.999995,True
2026-08-10T13:25:37+03:00,datasets/crop_disease/test\Healthy\test_000009.jpg,40.00590000,-73.99920000,10.00,Healthy,0.999999,True
2026-08-10T13:25:37+03:00,datasets/crop_disease/test\Healthy\test_000010.jpg,40.00590000,-73.99910000,10.00,Healthy,1.000000,True
2026-08-10T13:25:37+03:00,datasets/crop_disease/test\Healthy\test_000011.jpg,40.00590000,-73.99900000,10.00,Healthy,0.985376,True
2026-08-10T13:25:37+03:00,datasets/crop_disease/test\Healthy\test_000012.jpg,40.00590000,-73.99890000,10.00,Healthy,0.979966,True
2026-08-10T13:25:37+03:00,datasets/crop_disease/test\Healthy\test_000013.jpg,40.00590000,-73.99880000,10.00,Healthy,0.998704,True
2026-08-10T13:25:37+03:00,datasets/crop_disease/test\Healthy\test_000014.jpg,40.00590000,-73.99870000,10.00,Healthy,0.999982,True
2026-08-10T13:25:37+03:00,datasets/crop_disease/test\Healthy\test_000015.jpg,40.00590000,-73.99860000,10.00,Healthy,0.999999,True
2026-08-10T13:25:37+03:00,datasets/crop_disease/test\Healthy\test_000016.jpg,40.00590000,-73.99850000,10.00,Healthy,1.000000,True
2026-08-10T13:25:37+03:00,datasets/crop_disease/test\Healthy\test_000017.jpg,40.00590000,-73.99840000,10.00,Healthy,1.000000,True
2026-08-10T13:25:37+03:00,datasets/crop_disease/test\Healthy\test_000018.jpg,40.00590000,-73.99830000,10.00,Healthy,0.998483,True
2026-08-10T13:25:37+03:00,datasets/crop_disease/test\Healthy\test_000019.jpg,40.00590000,-73.99820000,10.00,Healthy,0.999999,True
2026-08-10T13:25:37+03:00,datasets/crop_disease/test\Healthy\test_000020.jpg,40.00590000,-73.99810000,10.00,Healthy,0.999833,True
2026-08-10T13:25:37+03:00,datasets/crop_disease/test\Healthy\test_000021.jpg,40.00600000,-74.00000000,10.00,Healthy,0.997418,True
2026-08-10T13:25:37+03:00,datasets/crop_disease/test\Healthy\test_000022.jpg,40.00600000,-73.99990000,10.00,Healthy,0.999949,True
2026-08-10T13:25:37+03:00,datasets/crop_disease/test\Healthy\test_000023.jpg,40.00600000,-73.99980000,10.00,Healthy,1.000000,True
2026-08-10T13:25:37+03:00,datasets/crop_disease/test\Healthy\test_000024.jpg,40.00600000,-73.99970000,10.00,Healthy,0.999999,True
2026-08-10T13:25:37+03:00,datasets/crop_disease/test\Healthy\test_000025.jpg,40.00600000,-73.99960000,10.00,Healthy,0.999992,True
2026-08-10T13:25:37+03:00,datasets/crop_disease/test\Healthy\test_000026.jpg,40.00600000,-73.99950000,10.00,Healthy,0.999978,True
2026-08-10T13:25:37+03:00,datasets/crop_disease/test\Healthy\test_000027.jpg,40.00600000,-73.99940000,10.00,Healthy,0.999983,True
2026-08-10T13:25:37+03:00,datasets/crop_disease/test\Healthy\test_000028.jpg,40.00600000,-73.99930000,10.00,Healthy,0.999801,True
2026-08-10T13:25:37+03:00,datasets/crop_disease/test\Healthy\test_000029.jpg,40.00600000,-73.99920000,10.00,Healthy,0.999996,True
2026-08-10T13:25:37+03:00,datasets/crop_disease/test\Healthy\test_000030.jpg,40.00600000,-73.99910000,10.00,Healthy,0.999240,True
2026-08-10T13:25:37+03:00,datasets/crop_disease/test\Healthy\test_000031.jpg,40.00600000,-73.99900000,10.00,Healthy,0.999993,True
2026-08-10T13:25:37+03:00,datasets/crop_disease/test\Healthy\test_000032.jpg,40.00600000,-73.99890000,10.00,Healthy,1.000000,True
2026-08-10T13:25:37+03:00,datasets/crop_disease/test\Healthy\test_000033.jpg,40.00600000,-73.99880000,10.00,Healthy,1.000000,True
2026-08-10T13:25:37+03:00,datasets/crop_disease/test\Healthy\test_000034.jpg,40.00600000,-73.99870000,10.00,Healthy,0.999991,True
2026-08-10T13:25:37+03:00,datasets/crop_disease/test\Healthy\test_000035.jpg,40.00600000,-73.99860000,10.00,Healthy,0.999953,True
2026-08-10T13:25:37+03:00,datasets/crop_disease/test\Healthy\test_000036.jpg,40.00600000,-73.99850000,10.00,Healthy,1.000000,True
2026-08-10T13:25:37+03:00,datasets/crop_disease/test\Healthy\test_000037.jpg,40.00600000,-73.99840000,10.00,Healthy,0.998316,True
2026-08-10T13:25:37+03:00,datasets/crop_disease/test\Healthy\test_000038.jpg,40.00600000,-73.99830000,10.00,Healthy,0.999984,True
2026-08-10T13:25:37+03:00,datasets/crop_disease/test\Healthy\test_000039.jpg,40.00600000,-73.99820000,10.00,Healthy,1.000000,True
2026-08-10T13:25:37+03:00,datasets/crop_disease/test\Healthy\test_000040.jpg,40.00600000,-73.99810000,10.00,Healthy,0.999999,True
2026-08-10T13:25:37+03:00,datasets/crop_disease/test\Healthy\test_000041.jpg,40.00610000,-74.00000000,10.00,Healthy,0.999998,True
2026-08-10T13:25:37+03:00,datasets/crop_disease/test\Healthy\test_000042.jpg,40.00610000,-73.99990000,10.00,Healthy,0.999915,True
2026-08-10T13:25:37+03:00,datasets/crop_disease/test\Healthy\test_000043.jpg,40.00610000,-73.99980000,10.00,Healthy,1.000000,True
2026-08-10T13:25:37+03:00,datasets/crop_disease/test\Healthy\test_000044.jpg,40.00610000,-73.99970000,10.00,Healthy,0.998898,True
2026-08-10T13:25:37+03:00,datasets/crop_disease/test\Healthy\test_000045.jpg,40.00610000,-73.99960000,10.00,Healthy,0.999965,True
2026-08-10T13:25:37+03:00,datasets/crop_disease/test\Healthy\test_000046.jpg,40.00610000,-73.99950000,10.00,Healthy,1.000000,True
2026-08-10T13:25:37+03:00,datasets/crop_disease/test\Healthy\test_000047.jpg,40.00610000,-73.99940000,10.00,Healthy,1.000000,True
2026-08-10T13:25:37+03:00,datasets/crop_disease/test\Healthy\test_000048.jpg,40.00610000,-73.99930000,10.00,Healthy,0.999999,True
2026-08-10T13:25:37+03:00,datasets/crop_disease/test\Healthy\test_000049.jpg,40.00610000,-73.99920000,10.00,Healthy,1.000000,True
2026-08-10T13:25:37+03:00,datasets/crop_disease/test\Healthy\test_000050.jpg,40.00610000,-73.99910000,10.00,Healthy,1.000000,True
2026-08-10T13:25:37+03:00,datasets/crop_disease/test\Healthy\test_000051.jpg,40.00610000,-73.99900000,10.00,Healthy,0.994760,True
2026-08-10T13:25:37+03:00,datasets/crop_disease/test\Healthy\test_000052.jpg,40.00610000,-73.99890000,10.00,Healthy,1.000000,True
2026-08-10T13:25:37+03:00,datasets/crop_disease/test\Healthy\test_000053.jpg,40.00610000,-73.99880000,10.00,Healthy,0.999994,True
2026-08-10T13:25:37+03:00,datasets/crop_disease/test\Healthy\test_000054.jpg,40.00610000,-73.99870000,10.00,Healthy,0.999845,True
2026-08-10T13:25:37+03:00,datasets/crop_disease/test\Healthy\test_000055.jpg,40.00610000,-73.99860000,10.00,Healthy,1.000000,True
2026-08-10T13:25:37+03:00,datasets/crop_disease/test\Healthy\test_000056.jpg,40.00610000,-73.99850000,10.00,Healthy,1.000000,True
2026-08-10T13:25:37+03:00,datasets/crop_disease/test\Healthy\test_000057.jpg,40.00610000,-73.99840000,10.00,Healthy,1.000000,True
2026-08-10T13:25:37+03:00,datasets/crop_disease/test\Healthy\test_000058.jpg,40.00610000,-73.99830000,10.00,Healthy,0.999997,True
2026-08-10T13:25:37+03:00,datasets/crop_disease/test\Healthy\test_000059.jpg,40.00610000,-73.99820000,10.00,Healthy,0.999999,True
2026-08-10T13:25:37+03:00,datasets/crop_disease/test\Healthy\test_000060.jpg,40.00610000,-73.99810000,10.00,Healthy,1.000000,True
2026-08-10T13:25:37+03:00,datasets/crop_disease/test\Healthy\test_000061.jpg,40.00620000,-74.00000000,10.00,Healthy,1.000000,True
2026-08-10T13:25:37+03:00,datasets/crop_disease/test\Healthy\test_000062.jpg,40.00620000,-73.99990000,10.00,Healthy,1.000000,True
2026-08-10T13:25:37+03:00,datasets/crop_disease/test\Healthy\test_000063.jpg,40.00620000,-73.99980000,10.00,Healthy,0.999999,True
2026-08-10T13:25:37+03:00,datasets/crop_disease/test\Healthy\test_000064.jpg,40.00620000,-73.99970000,10.00,Healthy,0.999996,True
2026-08-10T13:25:37+03:00,datasets/crop_disease/test\Healthy\test_000065.jpg,40.00620000,-73.99960000,10.00,Healthy,0.999980,True
2026-08-10T13:25:37+03:00,datasets/crop_disease/test\Healthy\test_000066.jpg,40.00620000,-73.99950000,10.00,Healthy,0.999983,True
2026-08-10T13:25:37+03:00,datasets/crop_disease/test\Healthy\test_000067.jpg,40.00620000,-73.99940000,10.00,Healthy,0.999940,True
2026-08-10T13:25:37+03:00,datasets/crop_disease/test\Healthy\test_000068.jpg,40.00620000,-73.99930000,10.00,Healthy,1.000000,True
2026-08-10T13:25:37+03:00,datasets/crop_disease/test\Healthy\test_000069.jpg,40.00620000,-73.99920000,10.00,Healthy,1.000000,True
2026-08-10T13:25:37+03:00,datasets/crop_disease/test\Healthy\test_000070.jpg,40.00620000,-73.99910000,10.00,Healthy,0.999967,True
2026-08-10T13:25:37+03:00,datasets/crop_disease/test\Healthy\test_000071.jpg,40.00620000,-73.99900000,10.00,Healthy,0.999865,True
2026-08-10T13:25:37+03:00,datasets/crop_disease/test\Healthy\test_000072.jpg,40.00620000,-73.99890000,10.00,Healthy,0.999503,True
2026-08-10T13:25:37+03:00,datasets/crop_disease/test\Healthy\test_000073.jpg,40.00620000,-73.99880000,10.00,Healthy,0.999887,True
2026-08-10T13:25:38+03:00,datasets/crop_disease/test\Healthy\test_000074.jpg,40.00620000,-73.99870000,10.00,Healthy,0.995759,True
2026-08-10T13:25:38+03:00,datasets/crop_disease/test\Healthy\test_000075.jpg,40.00620000,-73.99860000,10.00,Healthy,0.998820,True
2026-08-10T13:25:38+03:00,datasets/crop_disease/test\Healthy\test_000076.jpg,40.00620000,-73.99850000,10.00,Healthy,1.000000,True
2026-08-10T13:25:38+03:00,datasets/crop_disease/test\Healthy\test_000077.jpg,40.00620000,-73.99840000,10.00,Healthy,0.999833,True
2026-08-10T13:25:38+03:00,datasets/crop_disease/test\Healthy\test_000078.jpg,40.00620000,-73.99830000,10.00,Healthy,0.999999,True
2026-08-10T13:25:38+03:00,datasets/crop_disease/test\Healthy\test_000079.jpg,40.00620000,-73.99820000,10.00,Healthy,1.000000,True
2026-08-10T13:25:38+03:00,datasets/crop_disease/test\Healthy\test_000080.jpg,40.00620000,-73.99810000,10.00,Healthy,0.999070,True
2026-08-10T13:25:38+03:00,datasets/crop_disease/test\Healthy\test_000081.jpg,40.00630000,-74.00000000,10.00,Healthy,0.976249,True
2026-08-10T13:25:38+03:00,datasets/crop_disease/test\Healthy\test_000082.jpg,40.00630000,-73.99990000,10.00,Healthy,0.997815,True
2026-08-10T13:25:38+03:00,datasets/crop_disease/test\Healthy\test_000083.jpg,40.00630000,-73.99980000,10.00,Healthy,0.999910,True
2026-08-10T13:25:38+03:00,datasets/crop_disease/test\Healthy\test_000084.jpg,40.00630000,-73.99970000,10.00,Healthy,0.999982,True
2026-08-10T13:25:38+03:00,datasets/crop_disease/test\Healthy\test_000085.jpg,40.00630000,-73.99960000,10.00,Healthy,1.000000,True
2026-08-10T13:25:38+03:00,datasets/crop_disease/test\Healthy\test_000086.jpg,40.00630000,-73.99950000,10.00,Healthy,1.000000,True
2026-08-10T13:25:38+03:00,datasets/crop_disease/test\Healthy\test_000087.jpg,40.00630000,-73.99940000,10.00,Healthy,0.999926,True
2026-08-10T13:25:38+03:00,datasets/crop_disease/test\Healthy\test_000088.jpg,40.00630000,-73.99930000,10.00,Healthy,0.999895,True
2026-08-10T13:25:38+03:00,datasets/crop_disease/test\Healthy\test_000089.jpg,40.00630000,-73.99920000,10.00,Healthy,0.999944,True
2026-08-10T13:25:38+03:00,datasets/crop_disease/test\Healthy\test_000090.jpg,40.00630000,-73.99910000,10.00,Healthy,0.999851,True
2026-08-10T13:25:38+03:00,datasets/crop_disease/test\Healthy\test_000091.jpg,40.00630000,-73.99900000,10.00,Healthy,1.000000,True
2026-08-10T13:25:38+03:00,datasets/crop_disease/test\Healthy\test_000092.jpg,40.00630000,-73.99890000,10.00,Healthy,0.999993,True
2026-08-10T13:25:38+03:00,datasets/crop_disease/test\Healthy\test_000093.jpg,40.00630000,-73.99880000,10.00,Healthy,0.999999,True
2026-08-10T13:25:38+03:00,datasets/crop_disease/test\Healthy\test_000094.jpg,40.00630000,-73.99870000,10.00,Healthy,1.000000,True
2026-08-10T13:25:38+03:00,datasets/crop_disease/test\Healthy\test_000095.jpg,40.00630000,-73.99860000,10.00,Healthy,0.999984,True
2026-08-10T13:25:38+03:00,datasets/crop_disease/test\Healthy\test_000096.jpg,40.00630000,-73.99850000,10.00,Healthy,0.999983,True
2026-08-10T13:25:38+03:00,datasets/crop_disease/test\Healthy\test_000097.jpg,40.00630000,-73.99840000,10.00,Healthy,0.999998,True
2026-08-10T13:25:38+03:00,datasets/crop_disease/test\Healthy\test_000098.jpg,40.00630000,-73.99830000,10.00,Healthy,1.000000,True
2026-08-10T13:25:38+03:00,datasets/crop_disease/test\Healthy\test_000099.jpg,40.00630000,-73.99820000,10.00,Healthy,0.999992,True
2026-08-10T13:25:38+03:00,datasets/crop_disease/test\Healthy\test_000100.jpg,40.00630000,-73.99810000,10.00,Healthy,1.000000,True
2026-08-10T13:25:38+03:00,datasets/crop_disease/test\Healthy\test_000101.jpg,40.00640000,-74.00000000,10.00,Healthy,0.999999,True
2026-08-10T13:25:38+03:00,datasets/crop_disease/test\Healthy\test_000102.jpg,40.00640000,-73.99990000,10.00,Healthy,1.000000,True
2026-08-10T13:25:38+03:00,datasets/crop_disease/test\Healthy\test_000103.jpg,40.00640000,-73.99980000,10.00,Healthy,0.999705,True
2026-08-10T13:25:38+03:00,datasets/crop_disease/test\Healthy\test_000104.jpg,40.00640000,-73.99970000,10.00,Healthy,0.999993,True
2026-08-10T13:25:38+03:00,datasets/crop_disease/test\Healthy\test_000105.jpg,40.00640000,-73.99960000,10.00,Healthy,0.999944,True
2026-08-10T13:25:38+03:00,datasets/crop_disease/test\Healthy\test_000106.jpg,40.00640000,-73.99950000,10.00,Healthy,1.000000,True
2026-08-10T13:25:38+03:00,datasets/crop_disease/test\Healthy\test_000107.jpg,40.00640000,-73.99940000,10.00,Healthy,0.999961,True
2026-08-10T13:25:38+03:00,datasets/crop_disease/test\Healthy\test_000108.jpg,40.00640000,-73.99930000,10.00,Healthy,1.000000,True
2026-08-10T13:25:38+03:00,datasets/crop_disease/test\Healthy\test_000109.jpg,40.00640000,-73.99920000,10.00,Healthy,0.999992,True
2026-08-10T13:25:38+03:00,datasets/crop_disease/test\Healthy\test_000110.jpg,40.00640000,-73.99910000,10.00,Healthy,0.999994,True
2026-08-10T13:25:38+03:00,datasets/crop_disease/test\Healthy\test_000111.jpg,40.00640000,-73.99900000,10.00,Healthy,0.999510,True
2026-08-10T13:25:38+03:00,datasets/crop_disease/test\Healthy\test_000112.jpg,40.00640000,-73.99890000,10.00,Healthy,1.000000,True
2026-08-10T13:25:38+03:00,datasets/crop_disease/test\Healthy\test_000113.jpg,40.00640000,-73.99880000,10.00,Healthy,1.000000,True
2026-08-10T13:25:38+03:00,datasets/crop_disease/test\Healthy\test_000114.jpg,40.00640000,-73.99870000,10.00,Healthy,0.999997,True
2026-08-10T13:25:38+03:00,datasets/crop_disease/test\Healthy\test_000115.jpg,40.00640000,-73.99860000,10.00,Healthy,1.000000,True
2026-08-10T13:25:38+03:00,datasets/crop_disease/test\Healthy\test_000116.jpg,40.00640000,-73.99850000,10.00,Healthy,0.999993,True
2026-08-10T13:25:38+03:00,datasets/crop_disease/test\Healthy\test_000117.jpg,40.00640000,-73.99840000,10.00,Healthy,0.999998,True
2026-08-10T13:25:38+03:00,datasets/crop_disease/test\Healthy\test_000118.jpg,40.00640000,-73.99830000,10.00,Healthy,0.999991,True
2026-08-10T13:25:38+03:00,datasets/crop_disease/test\Healthy\test_000119.jpg,40.00640000,-73.99820000,10.00,Healthy,0.999954,True
2026-08-10T13:25:38+03:00,datasets/crop_disease/test\Healthy\test_000120.jpg,40.00640000,-73.99810000,10.00,Healthy,0.999994,True
2026-08-10T13:25:38+03:00,datasets/crop_disease/test\Healthy\test_000121.jpg,40.00650000,-74.00000000,10.00,Healthy,0.999916,True
2026-08-10T13:25:38+03:00,datasets/crop_disease/test\Healthy\test_000122.jpg,40.00650000,-73.99990000,10.00,Healthy,1.000000,True
2026-08-10T13:25:38+03:00,datasets/crop_disease/test\Healthy\test_000123.jpg,40.00650000,-73.99980000,10.00,Healthy,1.000000,True
2026-08-10T13:25:38+03:00,datasets/crop_disease/test\Healthy\test_000124.jpg,40.00650000,-73.99970000,10.00,Healthy,1.000000,True
2026-08-10T13:25:38+03:00,datasets/crop_disease/test\Healthy\test_000125.jpg,40.00650000,-73.99960000,10.00,Healthy,0.999999,True
2026-08-10T13:25:38+03:00,datasets/crop_disease/test\Healthy\test_000126.jpg,40.00650000,-73.99950000,10.00,Healthy,0.999999,True
2026-08-10T13:25:38+03:00,datasets/crop_disease/test\Healthy\test_000127.jpg,40.00650000,-73.99940000,10.00,Healthy,0.999887,True
2026-08-10T13:25:38+03:00,datasets/crop_disease/test\Healthy\test_000128.jpg,40.00650000,-73.99930000,10.00,Healthy,1.000000,True
2026-08-10T13:25:38+03:00,datasets/crop_disease/test\Healthy\test_000129.jpg,40.00650000,-73.99920000,10.00,Healthy,0.999995,True
2026-08-10T13:25:38+03:00,datasets/crop_disease/test\Healthy\test_000130.jpg,40.00650000,-73.99910000,10.00,Healthy,0.999952,True
2026-08-10T13:25:38+03:00,datasets/crop_disease/test\Healthy\test_000131.jpg,40.00650000,-73.99900000,10.00,Healthy,0.999013,True
2026-08-10T13:25:38+03:00,datasets/crop_disease/test\Healthy\test_000132.jpg,40.00650000,-73.99890000,10.00,Healthy,1.000000,True
2026-08-10T13:25:38+03:00,datasets/crop_disease/test\Healthy\test_000133.jpg,40.00650000,-73.99880000,10.00,Healthy,1.000000,True
2026-08-10T13:25:38+03:00,datasets/crop_disease/test\Healthy\test_000134.jpg,40.00650000,-73.99870000,10.00,Healthy,0.999999,True
2026-08-10T13:25:38+03:00,datasets/crop_disease/test\Healthy\test_000135.jpg,40.00650000,-73.99860000,10.00,Healthy,0.997967,True
2026-08-10T13:25:38+03:00,datasets/crop_disease/test\Healthy\test_000136.jpg,40.00650000,-73.99850000,10.00,Healthy,0.999972,True
2026-08-10T13:25:38+03:00,datasets/crop_disease/test\Healthy\test_000137.jpg,40.00650000,-73.99840000,10.00,Healthy,0.999982,True
2026-08-10T13:25:38+03:00,datasets/crop_disease/test\Healthy\test_000138.jpg,40.00650000,-73.99830000,10.00,Healthy,0.980858,True
2026-08-10T13:25:38+03:00,datasets/crop_disease/test\Healthy\test_000139.jpg,40.00650000,-73.99820000,10.00,Healthy,0.999858,True
2026-08-10T13:25:38+03:00,datasets/crop_disease/test\Healthy\test_000140.jpg,40.00650000,-73.99810000,10.00,Healthy,0.999930,True
2026-08-10T13:25:38+03:00,datasets/crop_disease/test\Healthy\test_000141.jpg,40.00660000,-74.00000000,10.00,Healthy,0.993708,True
2026-08-10T13:25:38+03:00,datasets/crop_disease/test\Healthy\test_000142.jpg,40.00660000,-73.99990000,10.00,Healthy,1.000000,True
2026-08-10T13:25:38+03:00,datasets/crop_disease/test\Healthy\test_000143.jpg,40.00660000,-73.99980000,10.00,Healthy,0.999997,True
2026-08-10T13:25:38+03:00,datasets/crop_disease/test\Healthy\test_000144.jpg,40.00660000,-73.99970000,10.00,Healthy,1.000000,True
2026-08-10T13:25:38+03:00,datasets/crop_disease/test\Healthy\test_000145.jpg,40.00660000,-73.99960000,10.00,Healthy,0.999995,True
2026-08-10T13:25:38+03:00,datasets/crop_disease/test\Healthy\test_000146.jpg,40.00660000,-73.99950000,10.00,Healthy,0.999889,True
2026-08-10T13:25:38+03:00,datasets/crop_disease/test\Healthy\test_000147.jpg,40.00660000,-73.99940000,10.00,Healthy,1.000000,True
2026-08-10T13:25:38+03:00,datasets/crop_disease/test\Healthy\test_000148.jpg,40.00660000,-73.99930000,10.00,Healthy,0.999924,True
2026-08-10T13:25:38+03:00,datasets/crop_disease/test\Healthy\test_000149.jpg,40.00660000,-73.99920000,10.00,Healthy,0.995942,True
2026-08-10T13:25:38+03:00,datasets/crop_disease/test\Healthy\test_000150.jpg,40.00660000,-73.99910000,10.00,Healthy,0.999903,True
2026-08-10T13:25:38+03:00,datasets/crop_disease/test\Healthy\test_000151.jpg,40.00660000,-73.99900000,10.00,Healthy,1.000000,True
2026-08-10T13:25:38+03:00,datasets/crop_disease/test\Healthy\test_000152.jpg,40.00660000,-73.99890000,10.00,Healthy,0.999999,True
2026-08-10T13:25:38+03:00,datasets/crop_disease/test\Healthy\test_000153.jpg,40.00660000,-73.99880000,10.00,Healthy,0.999975,True
2026-08-10T13:25:38+03:00,datasets/crop_disease/test\Healthy\test_000154.jpg,40.00660000,-73.99870000,10.00,Healthy,0.999966,True
2026-08-10T13:25:39+03:00,datasets/crop_disease/test\Healthy\test_000155.jpg,40.00660000,-73.99860000,10.00,Healthy,1.000000,True
2026-08-10T13:25:39+03:00,datasets/crop_disease/test\Healthy\test_000156.jpg,40.00660000,-73.99850000,10.00,Healthy,0.999997,True
2026-08-10T13:25:39+03:00,datasets/crop_disease/test\Healthy\test_000157.jpg,40.00660000,-73.99840000,10.00,Healthy,1.000000,True
2026-08-10T13:25:39+03:00,datasets/crop_disease/test\Healthy\test_000158.jpg,40.00660000,-73.99830000,10.00,Healthy,1.000000,True
2026-08-10T13:25:39+03:00,datasets/crop_disease/test\Healthy\test_000159.jpg,40.00660000,-73.99820000,10.00,Healthy,0.999972,True
2026-08-10T13:25:39+03:00,datasets/crop_disease/test\Healthy\test_000160.jpg,40.00660000,-73.99810000,10.00,Healthy,0.999982,True
2026-08-10T13:25:39+03:00,datasets/crop_disease/test\Healthy\test_000161.jpg,40.00670000,-74.00000000,10.00,Healthy,0.999943,True
2026-08-10T13:25:39+03:00,datasets/crop_disease/test\Healthy\test_000162.jpg,40.00670000,-73.99990000,10.00,Healthy,1.000000,True
2026-08-10T13:25:39+03:00,datasets/crop_disease/test\Healthy\test_000163.jpg,40.00670000,-73.99980000,10.00,Healthy,1.000000,True
2026-08-10T13:25:39+03:00,datasets/crop_disease/test\Healthy\test_000164.jpg,40.00670000,-73.99970000,10.00,Healthy,1.000000,True
2026-08-10T13:25:39+03:00,datasets/crop_disease/test\Healthy\test_000165.jpg,40.00670000,-73.99960000,10.00,Healthy,1.000000,True
2026-08-10T13:25:39+03:00,datasets/crop_disease/test\Healthy\test_000166.jpg,40.00670000,-73.99950000,10.00,Healthy,0.999991,True
2026-08-10T13:25:39+03:00,datasets/crop_disease/test\Healthy\test_000167.jpg,40.00670000,-73.99940000,10.00,Healthy,0.999987,True
2026-08-10T13:25:39+03:00,datasets/crop_disease/test\Healthy\test_000168.jpg,40.00670000,-73.99930000,10.00,Healthy,0.999940,True
2026-08-10T13:25:39+03:00,datasets/crop_disease/test\Healthy\test_000169.jpg,40.00670000,-73.99920000,10.00,Healthy,0.999987,True
2026-08-10T13:25:39+03:00,datasets/crop_disease/test\Healthy\test_000170.jpg,40.00670000,-73.99910000,10.00,Healthy,0.999999,True
2026-08-10T13:25:39+03:00,datasets/crop_disease/test\Healthy\test_000171.jpg,40.00670000,-73.99900000,10.00,Healthy,0.999835,True
2026-08-10T13:25:39+03:00,datasets/crop_disease/test\Healthy\test_000172.jpg,40.00670000,-73.99890000,10.00,Healthy,0.999998,True
2026-08-10T13:25:39+03:00,datasets/crop_disease/test\Healthy\test_000173.jpg,40.00670000,-73.99880000,10.00,Healthy,1.000000,True
2026-08-10T13:25:39+03:00,datasets/crop_disease/test\Healthy\test_000174.jpg,40.00670000,-73.99870000,10.00,Healthy,0.999970,True
2026-08-10T13:25:39+03:00,datasets/crop_disease/test\Healthy\test_000175.jpg,40.00670000,-73.99860000,10.00,Healthy,1.000000,True
2026-08-10T13:25:39+03:00,datasets/crop_disease/test\Healthy\test_000176.jpg,40.00670000,-73.99850000,10.00,Healthy,0.998835,True
2026-08-10T13:25:39+03:00,datasets/crop_disease/test\Healthy\test_000177.jpg,40.00670000,-73.99840000,10.00,Healthy,0.999824,True
2026-08-10T13:25:39+03:00,datasets/crop_disease/test\Healthy\test_000178.jpg,40.00670000,-73.99830000,10.00,Healthy,0.999467,True
2026-08-10T13:25:39+03:00,datasets/crop_disease/test\Healthy\test_000179.jpg,40.00670000,-73.99820000,10.00,Healthy,1.000000,True
2026-08-10T13:25:39+03:00,datasets/crop_disease/test\Healthy\test_000180.jpg,40.00670000,-73.99810000,10.00,Healthy,1.000000,True
2026-08-10T13:25:39+03:00,datasets/crop_disease/test\Healthy\test_000181.jpg,40.00680000,-74.00000000,10.00,Healthy,0.956404,True
2026-08-10T13:25:39+03:00,datasets/crop_disease/test\Healthy\test_000182.jpg,40.00680000,-73.99990000,10.00,Healthy,0.999999,True
2026-08-10T13:25:39+03:00,datasets/crop_disease/test\Healthy\test_000183.jpg,40.00680000,-73.99980000,10.00,Healthy,0.999958,True
2026-08-10T13:25:39+03:00,datasets/crop_disease/test\Healthy\test_000184.jpg,40.00680000,-73.99970000,10.00,Healthy,0.999980,True
2026-08-10T13:25:39+03:00,datasets/crop_disease/test\Healthy\test_000185.jpg,40.00680000,-73.99960000,10.00,Healthy,0.999996,True
2026-08-10T13:25:39+03:00,datasets/crop_disease/test\Healthy\test_000186.jpg,40.00680000,-73.99950000,10.00,Healthy,1.000000,True
2026-08-10T13:25:39+03:00,datasets/crop_disease/test\Healthy\test_000187.jpg,40.00680000,-73.99940000,10.00,Healthy,0.999981,True
2026-08-10T13:25:39+03:00,datasets/crop_disease/test\Healthy\test_000188.jpg,40.00680000,-73.99930000,10.00,Healthy,1.000000,True
2026-08-10T13:25:39+03:00,datasets/crop_disease/test\Healthy\test_000189.jpg,40.00680000,-73.99920000,10.00,Healthy,0.999998,True
2026-08-10T13:25:39+03:00,datasets/crop_disease/test\Healthy\test_000190.jpg,40.00680000,-73.99910000,10.00,Healthy,1.000000,True
2026-08-10T13:25:39+03:00,datasets/crop_disease/test\Healthy\test_000191.jpg,40.00680000,-73.99900000,10.00,Healthy,0.999967,True
2026-08-10T13:25:39+03:00,datasets/crop_disease/test\Healthy\test_000192.jpg,40.00680000,-73.99890000,10.00,Healthy,0.999961,True
2026-08-10T13:25:39+03:00,datasets/crop_disease/test\Healthy\test_000193.jpg,40.00680000,-73.99880000,10.00,Healthy,0.999999,True
2026-08-10T13:25:39+03:00,datasets/crop_disease/test\Healthy\test_000194.jpg,40.00680000,-73.99870000,10.00,Healthy,0.999872,True
2026-08-10T13:25:39+03:00,datasets/crop_disease/test\Healthy\test_000195.jpg,40.00680000,-73.99860000,10.00,Healthy,1.000000,True
2026-08-10T13:25:39+03:00,datasets/crop_disease/test\Healthy\test_000196.jpg,40.00680000,-73.99850000,10.00,Healthy,0.999963,True
2026-08-10T13:25:39+03:00,datasets/crop_disease/test\Healthy\test_000197.jpg,40.00680000,-73.99840000,10.00,Healthy,0.999995,True
2026-08-10T13:25:39+03:00,datasets/crop_disease/test\Healthy\test_000198.jpg,40.00680000,-73.99830000,10.00,Healthy,0.999883,True
2026-08-10T13:25:39+03:00,datasets/crop_disease/test\Healthy\test_000199.jpg,40.00680000,-73.99820000,10.00,Healthy,0.999426,True
2026-08-10T13:25:39+03:00,datasets/crop_disease/test\Healthy\test_000200.jpg,40.00680000,-73.99810000,10.00,Healthy,0.999999,True
2026-08-10T13:25:39+03:00,datasets/crop_disease/test\Healthy\test_000201.jpg,40.00690000,-74.00000000,10.00,Healthy,0.999965,True
2026-08-10T13:25:39+03:00,datasets/crop_disease/test\Healthy\test_000202.jpg,40.00690000,-73.99990000,10.00,Healthy,1.000000,True
2026-08-10T13:25:39+03:00,datasets/crop_disease/test\Healthy\test_000203.jpg,40.00690000,-73.99980000,10.00,Healthy,1.000000,True
2026-08-10T13:25:39+03:00,datasets/crop_disease/test\Healthy\test_000204.jpg,40.00690000,-73.99970000,10.00,Healthy,1.000000,True
2026-08-10T13:25:39+03:00,datasets/crop_disease/test\Healthy\test_000205.jpg,40.00690000,-73.99960000,10.00,Healthy,0.999999,True
2026-08-10T13:25:39+03:00,datasets/crop_disease/test\Healthy\test_000206.jpg,40.00690000,-73.99950000,10.00,Healthy,0.999098,True
2026-08-10T13:25:39+03:00,datasets/crop_disease/test\Healthy\test_000207.jpg,40.00690000,-73.99940000,10.00,Healthy,1.000000,True
2026-08-10T13:25:39+03:00,datasets/crop_disease/test\Healthy\test_000208.jpg,40.00690000,-73.99930000,10.00,Healthy,0.999998,True
2026-08-10T13:25:39+03:00,datasets/crop_disease/test\Healthy\test_000209.jpg,40.00690000,-73.99920000,10.00,Healthy,0.993232,True
2026-08-10T13:25:39+03:00,datasets/crop_disease/test\Healthy\test_000210.jpg,40.00690000,-73.99910000,10.00,Healthy,1.000000,True
2026-08-10T13:25:39+03:00,datasets/crop_disease/test\Healthy\test_000211.jpg,40.00690000,-73.99900000,10.00,Healthy,0.999997,True
2026-08-10T13:25:39+03:00,datasets/crop_disease/test\Healthy\test_000212.jpg,40.00690000,-73.99890000,10.00,Healthy,0.999994,True
2026-08-10T13:25:39+03:00,datasets/crop_disease/test\Healthy\test_000213.jpg,40.00690000,-73.99880000,10.00,Healthy,0.998112,True
2026-08-10T13:25:39+03:00,datasets/crop_disease/test\Healthy\test_000214.jpg,40.00690000,-73.99870000,10.00,Healthy,0.999929,True
2026-08-10T13:25:39+03:00,datasets/crop_disease/test\Healthy\test_000215.jpg,40.00690000,-73.99860000,10.00,Healthy,0.999996,True
2026-08-10T13:25:39+03:00,datasets/crop_disease/test\Healthy\test_000216.jpg,40.00690000,-73.99850000,10.00,Healthy,1.000000,True
2026-08-10T13:25:39+03:00,datasets/crop_disease/test\Healthy\test_000217.jpg,40.00690000,-73.99840000,10.00,Healthy,0.999877,True
2026-08-10T13:25:39+03:00,datasets/crop_disease/test\Healthy\test_000218.jpg,40.00690000,-73.99830000,10.00,Healthy,0.999990,True
2026-08-10T13:25:39+03:00,datasets/crop_disease/test\Healthy\test_000219.jpg,40.00690000,-73.99820000,10.00,Healthy,0.999965,True
2026-08-10T13:25:39+03:00,datasets/crop_disease/test\Healthy\test_000220.jpg,40.00690000,-73.99810000,10.00,Healthy,0.999999,True
2026-08-10T13:25:39+03:00,datasets/crop_disease/test\Healthy\test_000221.jpg,40.00700000,-74.00000000,10.00,Healthy,1.000000,True
2026-08-10T13:25:39+03:00,datasets/crop_disease/test\Healthy\test_000222.jpg,40.00700000,-73.99990000,10.00,Healthy,0.555776,False
2026-08-10T13:25:39+03:00,datasets/crop_disease/test\Healthy\test_000223.jpg,40.00700000,-73.99980000,10.00,Healthy,0.999998,True
2026-08-10T13:25:39+03:00,datasets/crop_disease/test\Healthy\test_000224.jpg,40.00700000,-73.99970000,10.00,Healthy,1.000000,True
2026-08-10T13:25:39+03:00,datasets/crop_disease/test\Healthy\test_000225.jpg,40.00700000,-73.99960000,10.00,Healthy,0.999995,True
2026-08-10T13:25:39+03:00,datasets/crop_disease/test\Healthy\test_000226.jpg,40.00700000,-73.99950000,10.00,Healthy,1.000000,True
2026-08-10T13:25:39+03:00,datasets/crop_disease/test\Healthy\test_000227.jpg,40.00700000,-73.99940000,10.00,Healthy,0.997613,True
2026-08-10T13:25:39+03:00,datasets/crop_disease/test\Healthy\test_000228.jpg,40.00700000,-73.99930000,10.00,Healthy,0.999996,True
2026-08-10T13:25:39+03:00,datasets/crop_disease/test\Healthy\test_000229.jpg,40.00700000,-73.99920000,10.00,Healthy,0.997314,True
2026-08-10T13:25:39+03:00,datasets/crop_disease/test\Healthy\test_000230.jpg,40.00700000,-73.99910000,10.00,Healthy,1.000000,True
2026-08-10T13:25:39+03:00,datasets/crop_disease/test\Healthy\test_000231.jpg,40.00700000,-73.99900000,10.00,Healthy,0.998320,True
2026-08-10T13:25:39+03:00,datasets/crop_disease/test\Healthy\test_000232.jpg,40.00700000,-73.99890000,10.00,Healthy,0.999845,True
2026-08-10T13:25:39+03:00,datasets/crop_disease/test\Healthy\test_000233.jpg,40.00700000,-73.99880000,10.00,Healthy,0.999996,True
2026-08-10T13:25:39+03:00,datasets/crop_disease/test\Healthy\test_000234.jpg,40.00700000,-73.99870000,10.00,Healthy,0.996962,True
2026-08-10T13:25:39+03:00,datasets/crop_disease/test\Healthy\test_000235.jpg,40.00700000,-73.99860000,10.00,Healthy,0.999998,True
2026-08-10T13:25:40+03:00,datasets/crop_disease/test\Healthy\test_000236.jpg,40.00700000,-73.99850000,10.00,Healthy,0.999978,True
2026-08-10T13:25:40+03:00,datasets/crop_disease/test\Healthy\test_000237.jpg,40.00700000,-73.99840000,10.00,Healthy,0.999983,True
2026-08-10T13:25:40+03:00,datasets/crop_disease/test\Healthy\test_000238.jpg,40.00700000,-73.99830000,10.00,Healthy,0.999994,True
2026-08-10T13:25:40+03:00,datasets/crop_disease/test\Healthy\test_000239.jpg,40.00700000,-73.99820000,10.00,Healthy,0.998978,True
2026-08-10T13:25:40+03:00,datasets/crop_disease/test\Healthy\test_000240.jpg,40.00700000,-73.99810000,10.00,Healthy,1.000000,True
2026-08-10T13:25:40+03:00,datasets/crop_disease/test\Healthy\test_000241.jpg,40.00710000,-74.00000000,10.00,Healthy,0.999999,True
2026-08-10T13:25:40+03:00,datasets/crop_disease/test\Healthy\test_000242.jpg,40.00710000,-73.99990000,10.00,Healthy,0.999961,True
2026-08-10T13:25:40+03:00,datasets/crop_disease/test\Healthy\test_000243.jpg,40.00710000,-73.99980000,10.00,Healthy,0.999994,True
2026-08-10T13:25:40+03:00,datasets/crop_disease/test\Healthy\test_000244.jpg,40.00710000,-73.99970000,10.00,Healthy,0.999824,True
2026-08-10T13:25:40+03:00,datasets/crop_disease/test\Healthy\test_000245.jpg,40.00710000,-73.99960000,10.00,Healthy,0.999998,True
2026-08-10T13:25:40+03:00,datasets/crop_disease/test\Healthy\test_000246.jpg,40.00710000,-73.99950000,10.00,Healthy,0.999999,True
2026-08-10T13:25:40+03:00,datasets/crop_disease/test\Healthy\test_000247.jpg,40.00710000,-73.99940000,10.00,Healthy,0.999051,True
2026-08-10T13:25:40+03:00,datasets/crop_disease/test\Healthy\test_000248.jpg,40.00710000,-73.99930000,10.00,Healthy,0.999999,True
2026-08-10T13:25:40+03:00,datasets/crop_disease/test\Healthy\test_000249.jpg,40.00710000,-73.99920000,10.00,Healthy,1.000000,True
2026-08-10T13:25:40+03:00,datasets/crop_disease/test\Healthy\test_000250.jpg,40.00710000,-73.99910000,10.00,Healthy,0.999945,True
2026-08-10T13:25:40+03:00,datasets/crop_disease/test\Healthy\test_000251.jpg,40.00710000,-73.99900000,10.00,Healthy,0.999992,True
2026-08-10T13:25:40+03:00,datasets/crop_disease/test\Healthy\test_000252.jpg,40.00710000,-73.99890000,10.00,Healthy,0.999912,True
2026-08-10T13:25:40+03:00,datasets/crop_disease/test\Healthy\test_000253.jpg,40.00710000,-73.99880000,10.00,Healthy,0.999994,True
2026-08-10T13:25:40+03:00,datasets/crop_disease/test\Healthy\test_000254.jpg,40.00710000,-73.99870000,10.00,Healthy,1.000000,True
2026-08-10T13:25:40+03:00,datasets/crop_disease/test\Healthy\test_000255.jpg,40.00710000,-73.99860000,10.00,Healthy,0.999999,True
2026-08-10T13:25:40+03:00,datasets/crop_disease/test\Healthy\test_000256.jpg,40.00710000,-73.99850000,10.00,Healthy,1.000000,True
2026-08-10T13:25:40+03:00,datasets/crop_disease/test\Healthy\test_000257.jpg,40.00710000,-73.99840000,10.00,Healthy,0.999999,True
2026-08-10T13:25:40+03:00,datasets/crop_disease/test\Healthy\test_000258.jpg,40.00710000,-73.99830000,10.00,Healthy,1.000000,True
2026-08-10T13:25:40+03:00,datasets/crop_disease/test\Healthy\test_000259.jpg,40.00710000,-73.99820000,10.00,Healthy,1.000000,True
2026-08-10T13:25:40+03:00,datasets/crop_disease/test\Healthy\test_000260.jpg,40.00710000,-73.99810000,10.00,Healthy,0.999999,True
2026-08-10T13:25:40+03:00,datasets/crop_disease/test\Healthy\test_000261.jpg,40.00720000,-74.00000000,10.00,Healthy,1.000000,True
2026-08-10T13:25:40+03:00,datasets/crop_disease/test\Healthy\test_000262.jpg,40.00720000,-73.99990000,10.00,Healthy,1.000000,True
2026-08-10T13:25:40+03:00,datasets/crop_disease/test\Healthy\test_000263.jpg,40.00720000,-73.99980000,10.00,Healthy,0.999998,True
2026-08-10T13:25:40+03:00,datasets/crop_disease/test\Healthy\test_000264.jpg,40.00720000,-73.99970000,10.00,Healthy,0.999998,True
2026-08-10T13:25:40+03:00,datasets/crop_disease/test\Healthy\test_000265.jpg,40.00720000,-73.99960000,10.00,Healthy,1.000000,True
2026-08-10T13:25:40+03:00,datasets/crop_disease/test\Healthy\test_000266.jpg,40.00720000,-73.99950000,10.00,Healthy,1.000000,True
2026-08-10T13:25:40+03:00,datasets/crop_disease/test\Healthy\test_000267.jpg,40.00720000,-73.99940000,10.00,Healthy,0.999999,True
2026-08-10T13:25:40+03:00,datasets/crop_disease/test\Healthy\test_000268.jpg,40.00720000,-73.99930000,10.00,Healthy,0.999959,True
2026-08-10T13:25:40+03:00,datasets/crop_disease/test\Healthy\test_000269.jpg,40.00720000,-73.99920000,10.00,Healthy,0.999998,True
2026-08-10T13:25:40+03:00,datasets/crop_disease/test\Healthy\test_000270.jpg,40.00720000,-73.99910000,10.00,Healthy,0.999985,True
2026-08-10T13:25:40+03:00,datasets/crop_disease/test\Healthy\test_000271.jpg,40.00720000,-73.99900000,10.00,Healthy,0.999998,True
2026-08-10T13:25:40+03:00,datasets/crop_disease/test\Healthy\test_000272.jpg,40.00720000,-73.99890000,10.00,Healthy,0.999997,True
2026-08-10T13:25:40+03:00,datasets/crop_disease/test\Healthy\test_000273.jpg,40.00720000,-73.99880000,10.00,Healthy,0.999998,True
2026-08-10T13:25:40+03:00,datasets/crop_disease/test\Healthy\test_000274.jpg,40.00720000,-73.99870000,10.00,Healthy,0.999990,True
2026-08-10T13:25:40+03:00,datasets/crop_disease/test\Healthy\test_000275.jpg,40.00720000,-73.99860000,10.00,Healthy,0.999971,True
2026-08-10T13:25:40+03:00,datasets/crop_disease/test\Healthy\test_000276.jpg,40.00720000,-73.99850000,10.00,Healthy,1.000000,True
2026-08-10T13:25:40+03:00,datasets/crop_disease/test\Healthy\test_000277.jpg,40.00720000,-73.99840000,10.00,Healthy,0.997977,True
2026-08-10T13:25:40+03:00,datasets/crop_disease/test\Healthy\test_000278.jpg,40.00720000,-73.99830000,10.00,Healthy,0.999963,True
2026-08-10T13:25:40+03:00,datasets/crop_disease/test\Healthy\test_000279.jpg,40.00720000,-73.99820000,10.00,Healthy,0.999995,True
2026-08-10T13:25:40+03:00,datasets/crop_disease/test\Healthy\test_000280.jpg,40.00720000,-73.99810000,10.00,Healthy,1.000000,True
2026-08-10T13:25:40+03:00,datasets/crop_disease/test\Healthy\test_000281.jpg,40.00730000,-74.00000000,10.00,Healthy,1.000000,True
2026-08-10T13:25:40+03:00,datasets/crop_disease/test\Healthy\test_000282.jpg,40.00730000,-73.99990000,10.00,Healthy,0.996317,True
2026-08-10T13:25:40+03:00,datasets/crop_disease/test\Healthy\test_000283.jpg,40.00730000,-73.99980000,10.00,Healthy,0.999998,True
2026-08-10T13:25:40+03:00,datasets/crop_disease/test\Healthy\test_000284.jpg,40.00730000,-73.99970000,10.00,Healthy,0.999994,True
2026-08-10T13:25:40+03:00,datasets/crop_disease/test\Healthy\test_000285.jpg,40.00730000,-73.99960000,10.00,Healthy,0.999997,True
2026-08-10T13:25:40+03:00,datasets/crop_disease/test\Healthy\test_000286.jpg,40.00730000,-73.99950000,10.00,Healthy,1.000000,True
2026-08-10T13:25:40+03:00,datasets/crop_disease/test\Healthy\test_000287.jpg,40.00730000,-73.99940000,10.00,Healthy,1.000000,True
2026-08-10T13:25:40+03:00,datasets/crop_disease/test\Healthy\test_000288.jpg,40.00730000,-73.99930000,10.00,Healthy,0.999976,True
2026-08-10T13:25:40+03:00,datasets/crop_disease/test\Healthy\test_000289.jpg,40.00730000,-73.99920000,10.00,Healthy,0.999999,True
2026-08-10T13:25:40+03:00,datasets/crop_disease/test\Healthy\test_000290.jpg,40.00730000,-73.99910000,10.00,Healthy,0.999545,True
2026-08-10T13:25:40+03:00,datasets/crop_disease/test\Healthy\test_000291.jpg,40.00730000,-73.99900000,10.00,Healthy,1.000000,True
2026-08-10T13:25:40+03:00,datasets/crop_disease/test\Healthy\test_000292.jpg,40.00730000,-73.99890000,10.00,Healthy,0.996465,True
2026-08-10T13:25:40+03:00,datasets/crop_disease/test\Healthy\test_000293.jpg,40.00730000,-73.99880000,10.00,Healthy,0.999880,True
2026-08-10T13:25:40+03:00,datasets/crop_disease/test\Healthy\test_000294.jpg,40.00730000,-73.99870000,10.00,Healthy,1.000000,True
2026-08-10T13:25:40+03:00,datasets/crop_disease/test\Healthy\test_000295.jpg,40.00730000,-73.99860000,10.00,Healthy,0.998657,True
2026-08-10T13:25:40+03:00,datasets/crop_disease/test\Healthy\test_000296.jpg,40.00730000,-73.99850000,10.00,Healthy,1.000000,True
2026-08-10T13:25:40+03:00,datasets/crop_disease/test\Healthy\test_000297.jpg,40.00730000,-73.99840000,10.00,Healthy,0.999974,True
2026-08-10T13:25:40+03:00,datasets/crop_disease/test\Healthy\test_000298.jpg,40.00730000,-73.99830000,10.00,Healthy,1.000000,True
2026-08-10T13:25:40+03:00,datasets/crop_disease/test\Healthy\test_000299.jpg,40.00730000,-73.99820000,10.00,Healthy,0.999999,True
2026-08-10T13:25:40+03:00,datasets/crop_disease/test\Healthy\test_000300.jpg,40.00730000,-73.99810000,10.00,Healthy,0.999999,True
2026-08-10T13:25:40+03:00,datasets/crop_disease/test\Healthy\test_000301.jpg,40.00740000,-74.00000000,10.00,Healthy,1.000000,True
2026-08-10T13:25:40+03:00,datasets/crop_disease/test\Healthy\test_000302.jpg,40.00740000,-73.99990000,10.00,Healthy,0.999836,True
2026-08-10T13:25:40+03:00,datasets/crop_disease/test\Healthy\test_000303.jpg,40.00740000,-73.99980000,10.00,Healthy,1.000000,True
2026-08-10T13:25:40+03:00,datasets/crop_disease/test\Healthy\test_000304.jpg,40.00740000,-73.99970000,10.00,Healthy,1.000000,True
2026-08-10T13:25:40+03:00,datasets/crop_disease/test\Healthy\test_000305.jpg,40.00740000,-73.99960000,10.00,Healthy,0.999992,True
2026-08-10T13:25:40+03:00,datasets/crop_disease/test\Healthy\test_000306.jpg,40.00740000,-73.99950000,10.00,Healthy,0.999966,True
2026-08-10T13:25:40+03:00,datasets/crop_disease/test\Healthy\test_000307.jpg,40.00740000,-73.99940000,10.00,Healthy,1.000000,True
2026-08-10T13:25:40+03:00,datasets/crop_disease/test\Healthy\test_000308.jpg,40.00740000,-73.99930000,10.00,Healthy,0.999993,True
2026-08-10T13:25:40+03:00,datasets/crop_disease/test\Healthy\test_000309.jpg,40.00740000,-73.99920000,10.00,Healthy,1.000000,True
2026-08-10T13:25:40+03:00,datasets/crop_disease/test\Healthy\test_000310.jpg,40.00740000,-73.99910000,10.00,Healthy,1.000000,True
2026-08-10T13:25:40+03:00,datasets/crop_disease/test\Healthy\test_000311.jpg,40.00740000,-73.99900000,10.00,Healthy,0.999921,True
2026-08-10T13:25:40+03:00,datasets/crop_disease/test\Healthy\test_000312.jpg,40.00740000,-73.99890000,10.00,Healthy,1.000000,True
2026-08-10T13:25:40+03:00,datasets/crop_disease/test\Healthy\test_000313.jpg,40.00740000,-73.99880000,10.00,Healthy,0.999984,True
2026-08-10T13:25:40+03:00,datasets/crop_disease/test\Healthy\test_000314.jpg,40.00740000,-73.99870000,10.00,Healthy,0.999956,True
2026-08-10T13:25:40+03:00,datasets/crop_disease/test\Healthy\test_000315.jpg,40.00740000,-73.99860000,10.00,Healthy,1.000000,True
2026-08-10T13:25:41+03:00,datasets/crop_disease/test\Healthy\test_000316.jpg,40.00740000,-73.99850000,10.00,Healthy,0.999999,True
2026-08-10T13:25:41+03:00,datasets/crop_disease/test\Healthy\test_000317.jpg,40.00740000,-73.99840000,10.00,Healthy,0.999983,True
2026-08-10T13:25:41+03:00,datasets/crop_disease/test\Healthy\test_000318.jpg,40.00740000,-73.99830000,10.00,Healthy,1.000000,True
2026-08-10T13:25:41+03:00,datasets/crop_disease/test\Healthy\test_000319.jpg,40.00740000,-73.99820000,10.00,Healthy,1.000000,True
2026-08-10T13:25:41+03:00,datasets/crop_disease/test\Healthy\test_000320.jpg,40.00740000,-73.99810000,10.00,Healthy,0.999997,True
2026-08-10T13:25:41+03:00,datasets/crop_disease/test\Healthy\test_000321.jpg,40.00750000,-74.00000000,10.00,Healthy,0.999998,True
2026-08-10T13:25:41+03:00,datasets/crop_disease/test\Healthy\test_000322.jpg,40.00750000,-73.99990000,10.00,Healthy,0.999956,True
2026-08-10T13:25:41+03:00,datasets/crop_disease/test\Healthy\test_000323.jpg,40.00750000,-73.99980000,10.00,Healthy,0.999998,True
2026-08-10T13:25:41+03:00,datasets/crop_disease/test\Healthy\test_000324.jpg,40.00750000,-73.99970000,10.00,Healthy,0.999976,True
2026-08-10T13:25:41+03:00,datasets/crop_disease/test\Healthy\test_000325.jpg,40.00750000,-73.99960000,10.00,Healthy,0.999998,True
2026-08-10T13:25:41+03:00,datasets/crop_disease/test\Healthy\test_000326.jpg,40.00750000,-73.99950000,10.00,Healthy,0.999992,True
2026-08-10T13:25:41+03:00,datasets/crop_disease/test\Healthy\test_000327.jpg,40.00750000,-73.99940000,10.00,Healthy,0.999999,True
2026-08-10T13:25:41+03:00,datasets/crop_disease/test\Healthy\test_000328.jpg,40.00750000,-73.99930000,10.00,Healthy,0.999721,True
2026-08-10T13:25:41+03:00,datasets/crop_disease/test\Healthy\test_000329.jpg,40.00750000,-73.99920000,10.00,Healthy,0.999999,True
2026-08-10T13:25:41+03:00,datasets/crop_disease/test\Healthy\test_000330.jpg,40.00750000,-73.99910000,10.00,Healthy,0.997769,True
2026-08-10T13:25:41+03:00,datasets/crop_disease/test\Healthy\test_000331.jpg,40.00750000,-73.99900000,10.00,Healthy,0.999995,True
2026-08-10T13:25:41+03:00,datasets/crop_disease/test\Healthy\test_000332.jpg,40.00750000,-73.99890000,10.00,Healthy,0.999595,True
2026-08-10T13:25:41+03:00,datasets/crop_disease/test\Healthy\test_000333.jpg,40.00750000,-73.99880000,10.00,Healthy,0.999873,True
2026-08-10T13:25:41+03:00,datasets/crop_disease/test\Healthy\test_000334.jpg,40.00750000,-73.99870000,10.00,Healthy,1.000000,True
2026-08-10T13:25:41+03:00,datasets/crop_disease/test\Healthy\test_000335.jpg,40.00750000,-73.99860000,10.00,Healthy,0.999898,True
2026-08-10T13:25:41+03:00,datasets/crop_disease/test\Healthy\test_000336.jpg,40.00750000,-73.99850000,10.00,Healthy,1.000000,True
2026-08-10T13:25:41+03:00,datasets/crop_disease/test\Healthy\test_000337.jpg,40.00750000,-73.99840000,10.00,Healthy,1.000000,True
2026-08-10T13:25:41+03:00,datasets/crop_disease/test\Healthy\test_000338.jpg,40.00750000,-73.99830000,10.00,Healthy,0.997447,True
2026-08-10T13:25:41+03:00,datasets/crop_disease/test\Healthy\test_000339.jpg,40.00750000,-73.99820000,10.00,Healthy,1.000000,True
2026-08-10T13:25:41+03:00,datasets/crop_disease/test\Healthy\test_000340.jpg,40.00750000,-73.99810000,10.00,Healthy,0.999998,True
2026-08-10T13:25:41+03:00,datasets/crop_disease/test\Healthy\test_000341.jpg,40.00760000,-74.00000000,10.00,Healthy,1.000000,True
2026-08-10T13:25:41+03:00,datasets/crop_disease/test\Healthy\test_000342.jpg,40.00760000,-73.99990000,10.00,Healthy,0.999997,True
2026-08-10T13:25:41+03:00,datasets/crop_disease/test\Healthy\test_000343.jpg,40.00760000,-73.99980000,10.00,Healthy,0.999998,True
2026-08-10T13:25:41+03:00,datasets/crop_disease/test\Healthy\test_000344.jpg,40.00760000,-73.99970000,10.00,Healthy,1.000000,True
2026-08-10T13:25:41+03:00,datasets/crop_disease/test\Healthy\test_000345.jpg,40.00760000,-73.99960000,10.00,Healthy,0.999988,True
2026-08-10T13:25:41+03:00,datasets/crop_disease/test\Healthy\test_000346.jpg,40.00760000,-73.99950000,10.00,Healthy,0.998530,True
2026-08-10T13:25:41+03:00,datasets/crop_disease/test\Healthy\test_000347.jpg,40.00760000,-73.99940000,10.00,Healthy,0.999964,True
2026-08-10T13:25:41+03:00,datasets/crop_disease/test\Healthy\test_000348.jpg,40.00760000,-73.99930000,10.00,Healthy,0.999999,True
2026-08-10T13:25:41+03:00,datasets/crop_disease/test\Healthy\test_000349.jpg,40.00760000,-73.99920000,10.00,Healthy,0.999907,True
2026-08-10T13:25:41+03:00,datasets/crop_disease/test\Healthy\test_000350.jpg,40.00760000,-73.99910000,10.00,Healthy,0.999883,True
2026-08-10T13:25:41+03:00,datasets/crop_disease/test\Healthy\test_000351.jpg,40.00760000,-73.99900000,10.00,Healthy,1.000000,True
2026-08-10T13:25:41+03:00,datasets/crop_disease/test\Healthy\test_000352.jpg,40.00760000,-73.99890000,10.00,Healthy,1.000000,True
2026-08-10T13:25:41+03:00,datasets/crop_disease/test\Healthy\test_000353.jpg,40.00760000,-73.99880000,10.00,Healthy,1.000000,True
2026-08-10T13:25:41+03:00,datasets/crop_disease/test\Healthy\test_000354.jpg,40.00760000,-73.99870000,10.00,Healthy,0.999995,True
2026-08-10T13:25:41+03:00,datasets/crop_disease/test\Healthy\test_000355.jpg,40.00760000,-73.99860000,10.00,Healthy,1.000000,True
2026-08-10T13:25:41+03:00,datasets/crop_disease/test\Healthy\test_000356.jpg,40.00760000,-73.99850000,10.00,Healthy,0.999984,True
2026-08-10T13:25:41+03:00,datasets/crop_disease/test\Healthy\test_000357.jpg,40.00760000,-73.99840000,10.00,Healthy,1.000000,True
2026-08-10T13:25:41+03:00,datasets/crop_disease/test\Healthy\test_000358.jpg,40.00760000,-73.99830000,10.00,Healthy,0.999988,True
2026-08-10T13:25:41+03:00,datasets/crop_disease/test\Healthy\test_000359.jpg,40.00760000,-73.99820000,10.00,Healthy,0.999987,True
2026-08-10T13:25:41+03:00,datasets/crop_disease/test\Healthy\test_000360.jpg,40.00760000,-73.99810000,10.00,Healthy,1.000000,True
2026-08-10T13:25:41+03:00,datasets/crop_disease/test\Healthy\test_000361.jpg,40.00770000,-74.00000000,10.00,Healthy,1.000000,True
2026-08-10T13:25:41+03:00,datasets/crop_disease/test\Healthy\test_000362.jpg,40.00770000,-73.99990000,10.00,Healthy,0.999933,True
2026-08-10T13:25:41+03:00,datasets/crop_disease/test\Healthy\test_000363.jpg,40.00770000,-73.99980000,10.00,Healthy,0.999986,True
2026-08-10T13:25:41+03:00,datasets/crop_disease/test\Healthy\test_000364.jpg,40.00770000,-73.99970000,10.00,Healthy,0.999931,True
2026-08-10T13:25:41+03:00,datasets/crop_disease/test\Healthy\test_000365.jpg,40.00770000,-73.99960000,10.00,Healthy,0.997658,True
2026-08-10T13:25:41+03:00,datasets/crop_disease/test\Healthy\test_000366.jpg,40.00770000,-73.99950000,10.00,Healthy,0.999952,True
2026-08-10T13:25:41+03:00,datasets/crop_disease/test\Healthy\test_000367.jpg,40.00770000,-73.99940000,10.00,Healthy,0.999999,True
2026-08-10T13:25:41+03:00,datasets/crop_disease/test\Healthy\test_000368.jpg,40.00770000,-73.99930000,10.00,Healthy,1.000000,True
2026-08-10T13:25:41+03:00,datasets/crop_disease/test\Healthy\test_000369.jpg,40.00770000,-73.99920000,10.00,Healthy,0.999960,True
2026-08-10T13:25:41+03:00,datasets/crop_disease/test\Healthy\test_000370.jpg,40.00770000,-73.99910000,10.00,Healthy,0.999999,True
2026-08-10T13:25:41+03:00,datasets/crop_disease/test\Healthy\test_000371.jpg,40.00770000,-73.99900000,10.00,Healthy,0.999996,True
2026-08-10T13:25:41+03:00,datasets/crop_disease/test\Healthy\test_000372.jpg,40.00770000,-73.99890000,10.00,Healthy,0.997023,True
2026-08-10T13:25:41+03:00,datasets/crop_disease/test\Healthy\test_000373.jpg,40.00770000,-73.99880000,10.00,Healthy,0.999999,True
2026-08-10T13:25:41+03:00,datasets/crop_disease/test\Healthy\test_000374.jpg,40.00770000,-73.99870000,10.00,Healthy,0.999999,True
2026-08-10T13:25:41+03:00,datasets/crop_disease/test\Healthy\test_000375.jpg,40.00770000,-73.99860000,10.00,Healthy,0.999998,True
2026-08-10T13:25:41+03:00,datasets/crop_disease/test\Healthy\test_000376.jpg,40.00770000,-73.99850000,10.00,Healthy,0.999777,True
2026-08-10T13:25:41+03:00,datasets/crop_disease/test\Healthy\test_000377.jpg,40.00770000,-73.99840000,10.00,Healthy,1.000000,True
2026-08-10T13:25:41+03:00,datasets/crop_disease/test\Healthy\test_000378.jpg,40.00770000,-73.99830000,10.00,Healthy,0.999993,True
2026-08-10T13:25:41+03:00,datasets/crop_disease/test\Healthy\test_000379.jpg,40.00770000,-73.99820000,10.00,Healthy,0.999992,True
2026-08-10T13:25:41+03:00,datasets/crop_disease/test\Healthy\test_000380.jpg,40.00770000,-73.99810000,10.00,Healthy,1.000000,True
2026-08-10T13:25:41+03:00,datasets/crop_disease/test\Healthy\test_000381.jpg,40.00780000,-74.00000000,10.00,Healthy,0.999963,True
2026-08-10T13:25:41+03:00,datasets/crop_disease/test\Healthy\test_000382.jpg,40.00780000,-73.99990000,10.00,Healthy,1.000000,True
2026-08-10T13:25:41+03:00,datasets/crop_disease/test\Healthy\test_000383.jpg,40.00780000,-73.99980000,10.00,Healthy,1.000000,True
2026-08-10T13:25:41+03:00,datasets/crop_disease/test\Healthy\test_000384.jpg,40.00780000,-73.99970000,10.00,Healthy,0.999716,True
2026-08-10T13:25:41+03:00,datasets/crop_disease/test\Healthy\test_000385.jpg,40.00780000,-73.99960000,10.00,Healthy,0.999999,True
2026-08-10T13:25:41+03:00,datasets/crop_disease/test\Healthy\test_000386.jpg,40.00780000,-73.99950000,10.00,Healthy,0.999991,True
2026-08-10T13:25:41+03:00,datasets/crop_disease/test\Healthy\test_000387.jpg,40.00780000,-73.99940000,10.00,Healthy,1.000000,True
2026-08-10T13:25:41+03:00,datasets/crop_disease/test\Healthy\test_000388.jpg,40.00780000,-73.99930000,10.00,Healthy,0.999997,True
2026-08-10T13:25:41+03:00,datasets/crop_disease/test\Healthy\test_000389.jpg,40.00780000,-73.99920000,10.00,Healthy,1.000000,True
2026-08-10T13:25:41+03:00,datasets/crop_disease/test\Healthy\test_000390.jpg,40.00780000,-73.99910000,10.00,Healthy,0.999978,True
2026-08-10T13:25:41+03:00,datasets/crop_disease/test\Healthy\test_000391.jpg,40.00780000,-73.99900000,10.00,Healthy,0.999830,True
2026-08-10T13:25:41+03:00,datasets/crop_disease/test\Healthy\test_000392.jpg,40.00780000,-73.99890000,10.00,Healthy,0.999694,True
2026-08-10T13:25:41+03:00,datasets/crop_disease/test\Healthy\test_000393.jpg,40.00780000,-73.99880000,10.00,Healthy,0.999951,True
2026-08-10T13:25:41+03:00,datasets/crop_disease/test\Healthy\test_000394.jpg,40.00780000,-73.99870000,10.00,Healthy,0.999999,True
2026-08-10T13:25:42+03:00,datasets/crop_disease/test\Healthy\test_000395.jpg,40.00780000,-73.99860000,10.00,Healthy,1.000000,True
2026-08-10T13:25:42+03:00,datasets/crop_disease/test\Healthy\test_000396.jpg,40.00780000,-73.99850000,10.00,Healthy,0.999996,True
2026-08-10T13:25:42+03:00,datasets/crop_disease/test\Healthy\test_000397.jpg,40.00780000,-73.99840000,10.00,Healthy,0.999977,True
2026-08-10T13:25:42+03:00,datasets/crop_disease/test\Healthy\test_000398.jpg,40.00780000,-73.99830000,10.00,Healthy,0.999986,True
2026-08-10T13:25:42+03:00,datasets/crop_disease/test\Healthy\test_000399.jpg,40.00780000,-73.99820000,10.00,Healthy,0.999897,True
2026-08-10T13:25:42+03:00,datasets/crop_disease/test\Healthy\test_000400.jpg,40.00780000,-73.99810000,10.00,Healthy,0.999960,True
2026-08-10T13:25:42+03:00,datasets/crop_disease/test\Healthy\test_000401.jpg,40.00790000,-74.00000000,10.00,Healthy,1.000000,True
2026-08-10T13:25:42+03:00,datasets/crop_disease/test\Healthy\test_000402.jpg,40.00790000,-73.99990000,10.00,Healthy,0.999997,True
2026-08-10T13:25:42+03:00,datasets/crop_disease/test\Healthy\test_000403.jpg,40.00790000,-73.99980000,10.00,Healthy,0.999868,True
2026-08-10T13:25:42+03:00,datasets/crop_disease/test\Healthy\test_000404.jpg,40.00790000,-73.99970000,10.00,Healthy,0.999989,True
2026-08-10T13:25:42+03:00,datasets/crop_disease/test\Healthy\test_000405.jpg,40.00790000,-73.99960000,10.00,Healthy,0.999996,True
2026-08-10T13:25:42+03:00,datasets/crop_disease/test\Healthy\test_000406.jpg,40.00790000,-73.99950000,10.00,Healthy,1.000000,True
2026-08-10T13:25:42+03:00,datasets/crop_disease/test\Healthy\test_000407.jpg,40.00790000,-73.99940000,10.00,Healthy,1.000000,True
2026-08-10T13:25:42+03:00,datasets/crop_disease/test\Healthy\test_000408.jpg,40.00790000,-73.99930000,10.00,Healthy,1.000000,True
2026-08-10T13:25:42+03:00,datasets/crop_disease/test\Healthy\test_000409.jpg,40.00790000,-73.99920000,10.00,Healthy,0.999731,True
2026-08-10T13:25:42+03:00,datasets/crop_disease/test\Healthy\test_000410.jpg,40.00790000,-73.99910000,10.00,Healthy,0.999974,True
2026-08-10T13:25:42+03:00,datasets/crop_disease/test\Healthy\test_000411.jpg,40.00790000,-73.99900000,10.00,Healthy,0.999956,True
2026-08-10T13:25:42+03:00,datasets/crop_disease/test\Healthy\test_000412.jpg,40.00790000,-73.99890000,10.00,Healthy,0.999999,True
2026-08-10T13:25:42+03:00,datasets/crop_disease/test\Healthy\test_000413.jpg,40.00790000,-73.99880000,10.00,Healthy,1.000000,True
2026-08-10T13:25:42+03:00,datasets/crop_disease/test\Healthy\test_000414.jpg,40.00790000,-73.99870000,10.00,Healthy,0.999982,True
2026-08-10T13:25:42+03:00,datasets/crop_disease/test\Healthy\test_000415.jpg,40.00790000,-73.99860000,10.00,Healthy,0.999999,True
2026-08-10T13:25:42+03:00,datasets/crop_disease/test\Healthy\test_000416.jpg,40.00790000,-73.99850000,10.00,Healthy,1.000000,True
2026-08-10T13:25:42+03:00,datasets/crop_disease/test\Healthy\test_000417.jpg,40.00790000,-73.99840000,10.00,Healthy,0.999974,True
2026-08-10T13:25:42+03:00,datasets/crop_disease/test\Healthy\test_000418.jpg,40.00790000,-73.99830000,10.00,Healthy,0.979056,True
2026-08-10T13:25:42+03:00,datasets/crop_disease/test\Healthy\test_000419.jpg,40.00790000,-73.99820000,10.00,Healthy,0.999998,True
2026-08-10T13:25:42+03:00,datasets/crop_disease/test\Healthy\test_000420.jpg,40.00790000,-73.99810000,10.00,Healthy,1.000000,True
2026-08-10T13:25:42+03:00,datasets/crop_disease/test\Healthy\test_000421.jpg,40.00800000,-74.00000000,10.00,Healthy,1.000000,True
2026-08-10T13:25:42+03:00,datasets/crop_disease/test\Healthy\test_000422.jpg,40.00800000,-73.99990000,10.00,Healthy,1.000000,True
2026-08-10T13:25:42+03:00,datasets/crop_disease/test\Healthy\test_000423.jpg,40.00800000,-73.99980000,10.00,Healthy,0.999999,True
2026-08-10T13:25:42+03:00,datasets/crop_disease/test\Healthy\test_000424.jpg,40.00800000,-73.99970000,10.00,Healthy,0.999999,True
2026-08-10T13:25:42+03:00,datasets/crop_disease/test\Healthy\test_000425.jpg,40.00800000,-73.99960000,10.00,Healthy,1.000000,True
2026-08-10T13:25:42+03:00,datasets/crop_disease/test\Healthy\test_000426.jpg,40.00800000,-73.99950000,10.00,Healthy,0.999919,True
2026-08-10T13:25:42+03:00,datasets/crop_disease/test\Healthy\test_000427.jpg,40.00800000,-73.99940000,10.00,Healthy,1.000000,True
2026-08-10T13:25:42+03:00,datasets/crop_disease/test\Healthy\test_000428.jpg,40.00800000,-73.99930000,10.00,Healthy,0.999961,True
2026-08-10T13:25:42+03:00,datasets/crop_disease/test\Healthy\test_000429.jpg,40.00800000,-73.99920000,10.00,Healthy,0.998796,True
2026-08-10T13:25:42+03:00,datasets/crop_disease/test\Healthy\test_000430.jpg,40.00800000,-73.99910000,10.00,Healthy,0.999999,True
2026-08-10T13:25:42+03:00,datasets/crop_disease/test\Healthy\test_000431.jpg,40.00800000,-73.99900000,10.00,Healthy,0.999998,True
2026-08-10T13:25:42+03:00,datasets/crop_disease/test\Healthy\test_000432.jpg,40.00800000,-73.99890000,10.00,Healthy,0.999391,True
2026-08-10T13:25:42+03:00,datasets/crop_disease/test\Healthy\test_000433.jpg,40.00800000,-73.99880000,10.00,Healthy,1.000000,True
2026-08-10T13:25:42+03:00,datasets/crop_disease/test\Healthy\test_000434.jpg,40.00800000,-73.99870000,10.00,Healthy,0.999821,True
2026-08-10T13:25:42+03:00,datasets/crop_disease/test\Healthy\test_000435.jpg,40.00800000,-73.99860000,10.00,Healthy,0.999996,True
2026-08-10T13:25:42+03:00,datasets/crop_disease/test\Healthy\test_000436.jpg,40.00800000,-73.99850000,10.00,Healthy,0.999999,True
2026-08-10T13:25:42+03:00,datasets/crop_disease/test\Healthy\test_000437.jpg,40.00800000,-73.99840000,10.00,Healthy,0.994070,True
2026-08-10T13:25:42+03:00,datasets/crop_disease/test\Healthy\test_000438.jpg,40.00800000,-73.99830000,10.00,Healthy,0.998846,True
2026-08-10T13:25:42+03:00,datasets/crop_disease/test\Healthy\test_000439.jpg,40.00800000,-73.99820000,10.00,Healthy,1.000000,True
2026-08-10T13:25:42+03:00,datasets/crop_disease/test\Healthy\test_000440.jpg,40.00800000,-73.99810000,10.00,Healthy,1.000000,True
2026-08-10T13:25:42+03:00,datasets/crop_disease/test\Healthy\test_000441.jpg,40.00810000,-74.00000000,10.00,Healthy,1.000000,True
2026-08-10T13:25:42+03:00,datasets/crop_disease/test\Healthy\test_000442.jpg,40.00810000,-73.99990000,10.00,Healthy,0.999980,True
2026-08-10T13:25:42+03:00,datasets/crop_disease/test\Healthy\test_000443.jpg,40.00810000,-73.99980000,10.00,Healthy,0.999998,True
2026-08-10T13:25:42+03:00,datasets/crop_disease/test\Healthy\test_000444.jpg,40.00810000,-73.99970000,10.00,Healthy,0.999669,True
2026-08-10T13:25:42+03:00,datasets/crop_disease/test\Healthy\test_000445.jpg,40.00810000,-73.99960000,10.00,Healthy,0.999978,True
2026-08-10T13:25:42+03:00,datasets/crop_disease/test\Healthy\test_000446.jpg,40.00810000,-73.99950000,10.00,Healthy,1.000000,True
2026-08-10T13:25:42+03:00,datasets/crop_disease/test\Healthy\test_000447.jpg,40.00810000,-73.99940000,10.00,Healthy,1.000000,True
2026-08-10T13:25:42+03:00,datasets/crop_disease/test\Healthy\test_000448.jpg,40.00810000,-73.99930000,10.00,Healthy,0.999945,True
2026-08-10T13:25:42+03:00,datasets/crop_disease/test\Healthy\test_000449.jpg,40.00810000,-73.99920000,10.00,Healthy,0.921916,False
2026-08-10T13:25:42+03:00,datasets/crop_disease/test\Healthy\test_000450.jpg,40.00810000,-73.99910000,10.00,Healthy,0.999463,True
2026-08-10T13:25:42+03:00,datasets/crop_disease/test\Healthy\test_000451.jpg,40.00810000,-73.99900000,10.00,Healthy,0.999931,True
2026-08-10T13:25:42+03:00,datasets/crop_disease/test\Healthy\test_000452.jpg,40.00810000,-73.99890000,10.00,Healthy,1.000000,True
2026-08-10T13:25:42+03:00,datasets/crop_disease/test\Healthy\test_000453.jpg,40.00810000,-73.99880000,10.00,Healthy,1.000000,True
2026-08-10T13:25:42+03:00,datasets/crop_disease/test\Healthy\test_000454.jpg,40.00810000,-73.99870000,10.00,Healthy,0.999996,True
2026-08-10T13:25:42+03:00,datasets/crop_disease/test\Healthy\test_000455.jpg,40.00810000,-73.99860000,10.00,Healthy,0.999999,True
2026-08-10T13:25:42+03:00,datasets/crop_disease/test\Healthy\test_000456.jpg,40.00810000,-73.99850000,10.00,Healthy,1.000000,True
2026-08-10T13:25:42+03:00,datasets/crop_disease/test\Healthy\test_000457.jpg,40.00810000,-73.99840000,10.00,Healthy,0.999653,True
2026-08-10T13:25:42+03:00,datasets/crop_disease/test\Healthy\test_000458.jpg,40.00810000,-73.99830000,10.00,Healthy,1.000000,True
2026-08-10T13:25:42+03:00,datasets/crop_disease/test\Healthy\test_000459.jpg,40.00810000,-73.99820000,10.00,Healthy,0.999425,True
2026-08-10T13:25:42+03:00,datasets/crop_disease/test\Healthy\test_000460.jpg,40.00810000,-73.99810000,10.00,Healthy,1.000000,True
2026-08-10T13:25:42+03:00,datasets/crop_disease/test\Healthy\test_000461.jpg,40.00820000,-74.00000000,10.00,Healthy,0.999961,True
2026-08-10T13:25:42+03:00,datasets/crop_disease/test\Healthy\test_000462.jpg,40.00820000,-73.99990000,10.00,Healthy,1.000000,True
2026-08-10T13:25:42+03:00,datasets/crop_disease/test\Healthy\test_000463.jpg,40.00820000,-73.99980000,10.00,Healthy,0.999990,True
2026-08-10T13:25:42+03:00,datasets/crop_disease/test\Healthy\test_000464.jpg,40.00820000,-73.99970000,10.00,Healthy,0.999999,True
2026-08-10T13:25:42+03:00,datasets/crop_disease/test\Healthy\test_000465.jpg,40.00820000,-73.99960000,10.00,Healthy,1.000000,True
2026-08-10T13:25:42+03:00,datasets/crop_disease/test\Healthy\test_000466.jpg,40.00820000,-73.99950000,10.00,Healthy,0.999883,True
2026-08-10T13:25:42+03:00,datasets/crop_disease/test\Healthy\test_000467.jpg,40.00820000,-73.99940000,10.00,Healthy,0.999805,True
2026-08-10T13:25:42+03:00,datasets/crop_disease/test\Healthy\test_000468.jpg,40.00820000,-73.99930000,10.00,Healthy,0.999999,True
2026-08-10T13:25:42+03:00,datasets/crop_disease/test\Healthy\test_000469.jpg,40.00820000,-73.99920000,10.00,Healthy,0.998979,True
2026-08-10T13:25:42+03:00,datasets/crop_disease/test\Healthy\test_000470.jpg,40.00820000,-73.99910000,10.00,Healthy,0.999998,True
2026-08-10T13:25:42+03:00,datasets/crop_disease/test\Healthy\test_000471.jpg,40.00820000,-73.99900000,10.00,Healthy,0.999721,True
2026-08-10T13:25:42+03:00,datasets/crop_disease/test\Healthy\test_000472.jpg,40.00820000,-73.99890000,10.00,Healthy,0.999998,True
2026-08-10T13:25:42+03:00,datasets/crop_disease/test\Healthy\test_000473.jpg,40.00820000,-73.99880000,10.00,Healthy,1.000000,True
2026-08-10T13:25:43+03:00,datasets/crop_disease/test\Healthy\test_000474.jpg,40.00820000,-73.99870000,10.00,Healthy,0.999988,True
2026-08-10T13:25:43+03:00,datasets/crop_disease/test\Healthy\test_000475.jpg,40.00820000,-73.99860000,10.00,Healthy,1.000000,True
2026-08-10T13:25:43+03:00,datasets/crop_disease/test\Healthy\test_000476.jpg,40.00820000,-73.99850000,10.00,Healthy,0.999983,True
2026-08-10T13:25:43+03:00,datasets/crop_disease/test\Healthy\test_000477.jpg,40.00820000,-73.99840000,10.00,Healthy,0.999910,True
2026-08-10T13:25:43+03:00,datasets/crop_disease/test\Healthy\test_000478.jpg,40.00820000,-73.99830000,10.00,Healthy,0.999819,True
2026-08-10T13:25:43+03:00,datasets/crop_disease/test\Healthy\test_000479.jpg,40.00820000,-73.99820000,10.00,Healthy,0.996914,True
2026-08-10T13:25:43+03:00,datasets/crop_disease/test\Healthy\test_000480.jpg,40.00820000,-73.99810000,10.00,Healthy,1.000000,True
2026-08-10T13:25:43+03:00,datasets/crop_disease/test\Healthy\test_000481.jpg,40.00830000,-74.00000000,10.00,Healthy,0.999999,True
2026-08-10T13:25:43+03:00,datasets/crop_disease/test\Healthy\test_000482.jpg,40.00830000,-73.99990000,10.00,Healthy,1.000000,True
2026-08-10T13:25:43+03:00,datasets/crop_disease/test\Healthy\test_000483.jpg,40.00830000,-73.99980000,10.00,Healthy,1.000000,True
2026-08-10T13:25:43+03:00,datasets/crop_disease/test\Healthy\test_000484.jpg,40.00830000,-73.99970000,10.00,Healthy,0.999997,True
2026-08-10T13:25:43+03:00,datasets/crop_disease/test\Healthy\test_000485.jpg,40.00830000,-73.99960000,10.00,Healthy,1.000000,True
2026-08-10T13:25:43+03:00,datasets/crop_disease/test\Healthy\test_000486.jpg,40.00830000,-73.99950000,10.00,Healthy,0.999993,True
2026-08-10T13:25:43+03:00,datasets/crop_disease/test\Healthy\test_000487.jpg,40.00830000,-73.99940000,10.00,Healthy,1.000000,True
2026-08-10T13:25:43+03:00,datasets/crop_disease/test\Healthy\test_000488.jpg,40.00830000,-73.99930000,10.00,Healthy,0.999941,True
2026-08-10T13:25:43+03:00,datasets/crop_disease/test\Healthy\test_000489.jpg,40.00830000,-73.99920000,10.00,Healthy,1.000000,True
2026-08-10T13:25:43+03:00,datasets/crop_disease/test\Healthy\test_000490.jpg,40.00830000,-73.99910000,10.00,Healthy,0.999993,True
2026-08-10T13:25:43+03:00,datasets/crop_disease/test\Healthy\test_000491.jpg,40.00830000,-73.99900000,10.00,Healthy,0.999999,True
2026-08-10T13:25:43+03:00,datasets/crop_disease/test\Healthy\test_000492.jpg,40.00830000,-73.99890000,10.00,Healthy,0.999975,True
2026-08-10T13:25:43+03:00,datasets/crop_disease/test\Healthy\test_000493.jpg,40.00830000,-73.99880000,10.00,Healthy,0.999984,True
2026-08-10T13:25:43+03:00,datasets/crop_disease/test\Healthy\test_000494.jpg,40.00830000,-73.99870000,10.00,Healthy,1.000000,True
2026-08-10T13:25:43+03:00,datasets/crop_disease/test\Healthy\test_000495.jpg,40.00830000,-73.99860000,10.00,Healthy,1.000000,True
2026-08-10T13:25:43+03:00,datasets/crop_disease/test\Healthy\test_000496.jpg,40.00830000,-73.99850000,10.00,Healthy,0.999966,True
2026-08-10T13:25:43+03:00,datasets/crop_disease/test\Healthy\test_000497.jpg,40.00830000,-73.99840000,10.00,Healthy,0.999910,True
2026-08-10T13:25:43+03:00,datasets/crop_disease/test\Healthy\test_000498.jpg,40.00830000,-73.99830000,10.00,Healthy,0.997056,True
2026-08-10T13:25:43+03:00,datasets/crop_disease/test\Healthy\test_000499.jpg,40.00830000,-73.99820000,10.00,Healthy,1.000000,True
2026-08-10T13:25:43+03:00,datasets/crop_disease/test\Healthy\test_000500.jpg,40.00830000,-73.99810000,10.00,Healthy,1.000000,True
2026-08-10T13:25:43+03:00,datasets/crop_disease/test\Healthy\test_000501.jpg,40.00840000,-74.00000000,10.00,Healthy,1.000000,True
2026-08-10T13:25:43+03:00,datasets/crop_disease/test\Healthy\test_000502.jpg,40.00840000,-73.99990000,10.00,Healthy,0.999980,True
2026-08-10T13:25:43+03:00,datasets/crop_disease/test\Healthy\test_000503.jpg,40.00840000,-73.99980000,10.00,Healthy,0.999999,True
2026-08-10T13:25:43+03:00,datasets/crop_disease/test\Healthy\test_000504.jpg,40.00840000,-73.99970000,10.00,Healthy,0.999997,True
2026-08-10T13:25:43+03:00,datasets/crop_disease/test\Healthy\test_000505.jpg,40.00840000,-73.99960000,10.00,Healthy,1.000000,True
2026-08-10T13:25:43+03:00,datasets/crop_disease/test\Healthy\test_000506.jpg,40.00840000,-73.99950000,10.00,Healthy,0.999992,True
2026-08-10T13:25:43+03:00,datasets/crop_disease/test\Healthy\test_000507.jpg,40.00840000,-73.99940000,10.00,Healthy,0.999998,True
2026-08-10T13:25:43+03:00,datasets/crop_disease/test\Healthy\test_000508.jpg,40.00840000,-73.99930000,10.00,Healthy,0.999990,True
2026-08-10T13:25:43+03:00,datasets/crop_disease/test\Healthy\test_000509.jpg,40.00840000,-73.99920000,10.00,Healthy,1.000000,True
2026-08-10T13:25:43+03:00,datasets/crop_disease/test\Healthy\test_000510.jpg,40.00840000,-73.99910000,10.00,Healthy,1.000000,True
2026-08-10T13:25:43+03:00,datasets/crop_disease/test\Healthy\test_000511.jpg,40.00840000,-73.99900000,10.00,Healthy,1.000000,True
2026-08-10T13:25:43+03:00,datasets/crop_disease/test\Healthy\test_000512.jpg,40.00840000,-73.99890000,10.00,Healthy,0.992049,True
2026-08-10T13:25:43+03:00,datasets/crop_disease/test\Healthy\test_000513.jpg,40.00840000,-73.99880000,10.00,Healthy,0.999882,True
2026-08-10T13:25:43+03:00,datasets/crop_disease/test\Healthy\test_000514.jpg,40.00840000,-73.99870000,10.00,Healthy,0.999985,True
2026-08-10T13:25:43+03:00,datasets/crop_disease/test\Healthy\test_000515.jpg,40.00840000,-73.99860000,10.00,Healthy,1.000000,True
2026-08-10T13:25:43+03:00,datasets/crop_disease/test\Healthy\test_000516.jpg,40.00840000,-73.99850000,10.00,Healthy,0.999998,True
2026-08-10T13:25:43+03:00,datasets/crop_disease/test\Healthy\test_000517.jpg,40.00840000,-73.99840000,10.00,Healthy,0.994310,True
2026-08-10T13:25:43+03:00,datasets/crop_disease/test\Healthy\test_000518.jpg,40.00840000,-73.99830000,10.00,Healthy,0.984988,True
2026-08-10T13:25:43+03:00,datasets/crop_disease/test\Healthy\test_000519.jpg,40.00840000,-73.99820000,10.00,Healthy,0.999833,True
2026-08-10T13:25:43+03:00,datasets/crop_disease/test\Healthy\test_000520.jpg,40.00840000,-73.99810000,10.00,Healthy,0.966435,True
2026-08-10T13:25:43+03:00,datasets/crop_disease/test\Healthy\test_000521.jpg,40.00850000,-74.00000000,10.00,Healthy,0.999995,True
2026-08-10T13:25:43+03:00,datasets/crop_disease/test\Healthy\test_000522.jpg,40.00850000,-73.99990000,10.00,Healthy,0.997839,True
2026-08-10T13:25:43+03:00,datasets/crop_disease/test\Healthy\test_000523.jpg,40.00850000,-73.99980000,10.00,Healthy,0.999989,True
2026-08-10T13:25:43+03:00,datasets/crop_disease/test\Healthy\test_000524.jpg,40.00850000,-73.99970000,10.00,Healthy,0.999971,True
2026-08-10T13:25:43+03:00,datasets/crop_disease/test\Healthy\test_000525.jpg,40.00850000,-73.99960000,10.00,Healthy,0.999993,True
2026-08-10T13:25:43+03:00,datasets/crop_disease/test\Healthy\test_000526.jpg,40.00850000,-73.99950000,10.00,Healthy,0.999999,True
2026-08-10T13:25:43+03:00,datasets/crop_disease/test\Healthy\test_000527.jpg,40.00850000,-73.99940000,10.00,Healthy,0.999236,True
2026-08-10T13:25:43+03:00,datasets/crop_disease/test\Healthy\test_000528.jpg,40.00850000,-73.99930000,10.00,Healthy,0.999997,True
2026-08-10T13:25:43+03:00,datasets/crop_disease/test\Healthy\test_000529.jpg,40.00850000,-73.99920000,10.00,Healthy,0.999976,True
2026-08-10T13:25:43+03:00,datasets/crop_disease/test\Healthy\test_000530.jpg,40.00850000,-73.99910000,10.00,Healthy,0.999880,True
2026-08-10T13:25:43+03:00,datasets/crop_disease/test\Healthy\test_000531.jpg,40.00850000,-73.99900000,10.00,Healthy,1.000000,True
2026-08-10T13:25:43+03:00,datasets/crop_disease/test\Healthy\test_000532.jpg,40.00850000,-73.99890000,10.00,Healthy,0.999919,True
2026-08-10T13:25:43+03:00,datasets/crop_disease/test\Healthy\test_000533.jpg,40.00850000,-73.99880000,10.00,Healthy,0.999997,True
2026-08-10T13:25:43+03:00,datasets/crop_disease/test\Healthy\test_000534.jpg,40.00850000,-73.99870000,10.00,Healthy,0.999469,True
2026-08-10T13:25:43+03:00,datasets/crop_disease/test\Healthy\test_000535.jpg,40.00850000,-73.99860000,10.00,Healthy,0.999970,True
2026-08-10T13:25:43+03:00,datasets/crop_disease/test\Healthy\test_000536.jpg,40.00850000,-73.99850000,10.00,Healthy,0.993789,True
2026-08-10T13:25:43+03:00,datasets/crop_disease/test\Healthy\test_000537.jpg,40.00850000,-73.99840000,10.00,Healthy,0.999981,True
2026-08-10T13:25:43+03:00,datasets/crop_disease/test\Healthy\test_000538.jpg,40.00850000,-73.99830000,10.00,Healthy,0.998476,True
2026-08-10T13:25:43+03:00,datasets/crop_disease/test\Healthy\test_000539.jpg,40.00850000,-73.99820000,10.00,Healthy,0.999997,True
2026-08-10T13:25:43+03:00,datasets/crop_disease/test\Healthy\test_000540.jpg,40.00850000,-73.99810000,10.00,Healthy,1.000000,True
2026-08-10T13:25:43+03:00,datasets/crop_disease/test\Healthy\test_000541.jpg,40.00860000,-74.00000000,10.00,Healthy,0.999997,True
2026-08-10T13:25:43+03:00,datasets/crop_disease/test\Healthy\test_000542.jpg,40.00860000,-73.99990000,10.00,Healthy,1.000000,True
2026-08-10T13:25:43+03:00,datasets/crop_disease/test\Healthy\test_000543.jpg,40.00860000,-73.99980000,10.00,Healthy,1.000000,True
2026-08-10T13:25:43+03:00,datasets/crop_disease/test\Healthy\test_000544.jpg,40.00860000,-73.99970000,10.00,Healthy,0.999970,True
2026-08-10T13:25:43+03:00,datasets/crop_disease/test\Healthy\test_000545.jpg,40.00860000,-73.99960000,10.00,Healthy,0.999998,True
2026-08-10T13:25:43+03:00,datasets/crop_disease/test\Healthy\test_000546.jpg,40.00860000,-73.99950000,10.00,Healthy,1.000000,True
2026-08-10T13:25:43+03:00,datasets/crop_disease/test\Healthy\test_000547.jpg,40.00860000,-73.99940000,10.00,Healthy,0.999999,True
2026-08-10T13:25:43+03:00,datasets/crop_disease/test\Healthy\test_000548.jpg,40.00860000,-73.99930000,10.00,Healthy,1.000000,True
2026-08-10T13:25:43+03:00,datasets/crop_disease/test\Healthy\test_000549.jpg,40.00860000,-73.99920000,10.00,Healthy,0.999991,True
2026-08-10T13:25:43+03:00,datasets/crop_disease/test\Healthy\test_000550.jpg,40.00860000,-73.99910000,10.00,Healthy,1.000000,True
2026-08-10T13:25:43+03:00,datasets/crop_disease/test\Healthy\test_000551.jpg,40.00860000,-73.99900000,10.00,Healthy,0.999999,True
2026-08-10T13:25:43+03:00,datasets/crop_disease/test\Healthy\test_000552.jpg,40.00860000,-73.99890000,10.00,Healthy,0.999997,True
2026-08-10T13:25:44+03:00,datasets/crop_disease/test\Healthy\test_000553.jpg,40.00860000,-73.99880000,10.00,Healthy,0.999870,True
2026-08-10T13:25:44+03:00,datasets/crop_disease/test\Healthy\test_000554.jpg,40.00860000,-73.99870000,10.00,Healthy,0.999615,True
2026-08-10T13:25:44+03:00,datasets/crop_disease/test\Healthy\test_000555.jpg,40.00860000,-73.99860000,10.00,Healthy,0.999999,True
2026-08-10T13:25:44+03:00,datasets/crop_disease/test\Healthy\test_000556.jpg,40.00860000,-73.99850000,10.00,Healthy,1.000000,True
2026-08-10T13:25:44+03:00,datasets/crop_disease/test\Healthy\test_000557.jpg,40.00860000,-73.99840000,10.00,Healthy,0.999869,True
2026-08-10T13:25:44+03:00,datasets/crop_disease/test\Healthy\test_000558.jpg,40.00860000,-73.99830000,10.00,Healthy,0.999999,True
2026-08-10T13:25:44+03:00,datasets/crop_disease/test\Healthy\test_000559.jpg,40.00860000,-73.99820000,10.00,Healthy,0.999964,True
2026-08-10T13:25:44+03:00,datasets/crop_disease/test\Healthy\test_000560.jpg,40.00860000,-73.99810000,10.00,Healthy,0.999859,True
2026-08-10T13:25:44+03:00,datasets/crop_disease/test\Healthy\test_000561.jpg,40.00870000,-74.00000000,10.00,Healthy,0.999851,True
2026-08-10T13:25:44+03:00,datasets/crop_disease/test\Healthy\test_000562.jpg,40.00870000,-73.99990000,10.00,Healthy,0.999961,True
2026-08-10T13:25:44+03:00,datasets/crop_disease/test\Healthy\test_000563.jpg,40.00870000,-73.99980000,10.00,Healthy,0.999994,True
2026-08-10T13:25:44+03:00,datasets/crop_disease/test\Healthy\test_000564.jpg,40.00870000,-73.99970000,10.00,Healthy,0.999999,True
2026-08-10T13:25:44+03:00,datasets/crop_disease/test\Healthy\test_000565.jpg,40.00870000,-73.99960000,10.00,Healthy,1.000000,True
2026-08-10T13:25:44+03:00,datasets/crop_disease/test\Healthy\test_000566.jpg,40.00870000,-73.99950000,10.00,Healthy,1.000000,True
2026-08-10T13:25:44+03:00,datasets/crop_disease/test\Healthy\test_000567.jpg,40.00870000,-73.99940000,10.00,Healthy,0.999943,True
2026-08-10T13:25:44+03:00,datasets/crop_disease/test\Healthy\test_000568.jpg,40.00870000,-73.99930000,10.00,Healthy,0.999958,True
2026-08-10T13:25:44+03:00,datasets/crop_disease/test\Healthy\test_000569.jpg,40.00870000,-73.99920000,10.00,Healthy,0.999999,True
2026-08-10T13:25:44+03:00,datasets/crop_disease/test\Healthy\test_000570.jpg,40.00870000,-73.99910000,10.00,Healthy,0.999991,True
2026-08-10T13:25:44+03:00,datasets/crop_disease/test\Healthy\test_000571.jpg,40.00870000,-73.99900000,10.00,Healthy,0.999999,True
2026-08-10T13:25:44+03:00,datasets/crop_disease/test\Healthy\test_000572.jpg,40.00870000,-73.99890000,10.00,Healthy,0.999746,True
2026-08-10T13:25:44+03:00,datasets/crop_disease/test\Healthy\test_000573.jpg,40.00870000,-73.99880000,10.00,Healthy,0.999963,True
2026-08-10T13:25:44+03:00,datasets/crop_disease/test\Healthy\test_000574.jpg,40.00870000,-73.99870000,10.00,Healthy,1.000000,True
2026-08-10T13:25:44+03:00,datasets/crop_disease/test\Healthy\test_000575.jpg,40.00870000,-73.99860000,10.00,Healthy,0.999985,True
2026-08-10T13:25:44+03:00,datasets/crop_disease/test\Healthy\test_000576.jpg,40.00870000,-73.99850000,10.00,Healthy,0.999997,True
2026-08-10T13:25:44+03:00,datasets/crop_disease/test\Healthy\test_000577.jpg,40.00870000,-73.99840000,10.00,Healthy,0.999946,True
2026-08-10T13:25:44+03:00,datasets/crop_disease/test\Healthy\test_000578.jpg,40.00870000,-73.99830000,10.00,Healthy,0.999999,True
2026-08-10T13:25:44+03:00,datasets/crop_disease/test\Healthy\test_000579.jpg,40.00870000,-73.99820000,10.00,Healthy,0.998856,True
2026-08-10T13:25:44+03:00,datasets/crop_disease/test\Healthy\test_000580.jpg,40.00870000,-73.99810000,10.00,Healthy,0.999998,True
2026-08-10T13:25:44+03:00,datasets/crop_disease/test\Healthy\test_000581.jpg,40.00880000,-74.00000000,10.00,Healthy,0.999999,True
2026-08-10T13:25:44+03:00,datasets/crop_disease/test\Healthy\test_000582.jpg,40.00880000,-73.99990000,10.00,Healthy,0.999853,True
2026-08-10T13:25:44+03:00,datasets/crop_disease/test\Healthy\test_000583.jpg,40.00880000,-73.99980000,10.00,Healthy,0.999997,True
2026-08-10T13:25:44+03:00,datasets/crop_disease/test\Healthy\test_000584.jpg,40.00880000,-73.99970000,10.00,Healthy,1.000000,True
2026-08-10T13:25:44+03:00,datasets/crop_disease/test\Healthy\test_000585.jpg,40.00880000,-73.99960000,10.00,Healthy,1.000000,True
2026-08-10T13:25:44+03:00,datasets/crop_disease/test\Healthy\test_000586.jpg,40.00880000,-73.99950000,10.00,Healthy,0.999994,True
2026-08-10T13:25:44+03:00,datasets/crop_disease/test\Healthy\test_000587.jpg,40.00880000,-73.99940000,10.00,Healthy,1.000000,True
2026-08-10T13:25:44+03:00,datasets/crop_disease/test\Healthy\test_000588.jpg,40.00880000,-73.99930000,10.00,Healthy,1.000000,True
2026-08-10T13:25:44+03:00,datasets/crop_disease/test\Healthy\test_000589.jpg,40.00880000,-73.99920000,10.00,Healthy,0.999994,True
2026-08-10T13:25:44+03:00,datasets/crop_disease/test\Healthy\test_000590.jpg,40.00880000,-73.99910000,10.00,Healthy,0.999833,True
2026-08-10T13:25:44+03:00,datasets/crop_disease/test\Healthy\test_000591.jpg,40.00880000,-73.99900000,10.00,Healthy,0.999996,True
2026-08-10T13:25:44+03:00,datasets/crop_disease/test\Healthy\test_000592.jpg,40.00880000,-73.99890000,10.00,Healthy,0.999985,True
2026-08-10T13:25:44+03:00,datasets/crop_disease/test\Healthy\test_000593.jpg,40.00880000,-73.99880000,10.00,Healthy,0.999998,True
2026-08-10T13:25:44+03:00,datasets/crop_disease/test\Healthy\test_000594.jpg,40.00880000,-73.99870000,10.00,Healthy,0.999998,True
2026-08-10T13:25:44+03:00,datasets/crop_disease/test\Healthy\test_000595.jpg,40.00880000,-73.99860000,10.00,Healthy,1.000000,True
2026-08-10T13:25:44+03:00,datasets/crop_disease/test\Healthy\test_000596.jpg,40.00880000,-73.99850000,10.00,Healthy,0.999979,True
2026-08-10T13:25:44+03:00,datasets/crop_disease/test\Healthy\test_000597.jpg,40.00880000,-73.99840000,10.00,Healthy,0.999985,True
2026-08-10T13:25:44+03:00,datasets/crop_disease/test\Healthy\test_000598.jpg,40.00880000,-73.99830000,10.00,Healthy,1.000000,True
2026-08-10T13:25:44+03:00,datasets/crop_disease/test\Healthy\test_000599.jpg,40.00880000,-73.99820000,10.00,Healthy,0.964503,True
2026-08-10T13:25:44+03:00,datasets/crop_disease/test\Healthy\test_000600.jpg,40.00880000,-73.99810000,10.00,Healthy,1.000000,True
2026-08-10T13:25:44+03:00,datasets/crop_disease/test\Healthy\test_000601.jpg,40.00890000,-74.00000000,10.00,Healthy,1.000000,True
2026-08-10T13:25:44+03:00,datasets/crop_disease/test\Healthy\test_000602.jpg,40.00890000,-73.99990000,10.00,Healthy,0.999930,True
2026-08-10T13:25:44+03:00,datasets/crop_disease/test\Healthy\test_000603.jpg,40.00890000,-73.99980000,10.00,Healthy,0.999997,True
2026-08-10T13:25:44+03:00,datasets/crop_disease/test\Healthy\test_000604.jpg,40.00890000,-73.99970000,10.00,Healthy,0.999957,True
2026-08-10T13:25:44+03:00,datasets/crop_disease/test\Healthy\test_000605.jpg,40.00890000,-73.99960000,10.00,Healthy,1.000000,True
2026-08-10T13:25:44+03:00,datasets/crop_disease/test\Healthy\test_000606.jpg,40.00890000,-73.99950000,10.00,Healthy,1.000000,True
2026-08-10T13:25:44+03:00,datasets/crop_disease/test\Healthy\test_000607.jpg,40.00890000,-73.99940000,10.00,Healthy,1.000000,True
2026-08-10T13:25:44+03:00,datasets/crop_disease/test\Healthy\test_000608.jpg,40.00890000,-73.99930000,10.00,Healthy,0.998849,True
2026-08-10T13:25:44+03:00,datasets/crop_disease/test\Healthy\test_000609.jpg,40.00890000,-73.99920000,10.00,Healthy,1.000000,True
2026-08-10T13:25:44+03:00,datasets/crop_disease/test\Healthy\test_000610.jpg,40.00890000,-73.99910000,10.00,Healthy,0.999982,True
2026-08-10T13:25:44+03:00,datasets/crop_disease/test\Healthy\test_000611.jpg,40.00890000,-73.99900000,10.00,Healthy,1.000000,True
2026-08-10T13:25:44+03:00,datasets/crop_disease/test\Healthy\test_000612.jpg,40.00890000,-73.99890000,10.00,Healthy,0.999436,True
2026-08-10T13:25:44+03:00,datasets/crop_disease/test\Healthy\test_000613.jpg,40.00890000,-73.99880000,10.00,Healthy,0.999993,True
2026-08-10T13:25:44+03:00,datasets/crop_disease/test\Healthy\test_000614.jpg,40.00890000,-73.99870000,10.00,Healthy,1.000000,True
2026-08-10T13:25:44+03:00,datasets/crop_disease/test\Healthy\test_000615.jpg,40.00890000,-73.99860000,10.00,Healthy,1.000000,True
2026-08-10T13:25:44+03:00,datasets/crop_disease/test\Healthy\test_000616.jpg,40.00890000,-73.99850000,10.00,Healthy,0.999924,True
2026-08-10T13:25:44+03:00,datasets/crop_disease/test\Healthy\test_000617.jpg,40.00890000,-73.99840000,10.00,Healthy,1.000000,True
2026-08-10T13:25:44+03:00,datasets/crop_disease/test\Healthy\test_000618.jpg,40.00890000,-73.99830000,10.00,Healthy,0.999994,True
2026-08-10T13:25:44+03:00,datasets/crop_disease/test\Healthy\test_000619.jpg,40.00890000,-73.99820000,10.00,Healthy,0.999998,True
2026-08-10T13:25:44+03:00,datasets/crop_disease/test\Healthy\test_000620.jpg,40.00890000,-73.99810000,10.00,Healthy,0.992009,True
2026-08-10T13:25:44+03:00,datasets/crop_disease/test\Healthy\test_000621.jpg,40.00900000,-74.00000000,10.00,Healthy,0.999999,True
2026-08-10T13:25:44+03:00,datasets/crop_disease/test\Healthy\test_000622.jpg,40.00900000,-73.99990000,10.00,Healthy,0.999974,True
2026-08-10T13:25:44+03:00,datasets/crop_disease/test\Healthy\test_000623.jpg,40.00900000,-73.99980000,10.00,Healthy,0.999999,True
2026-08-10T13:25:44+03:00,datasets/crop_disease/test\Healthy\test_000624.jpg,40.00900000,-73.99970000,10.00,Healthy,0.999992,True
2026-08-10T13:25:44+03:00,datasets/crop_disease/test\Healthy\test_000625.jpg,40.00900000,-73.99960000,10.00,Healthy,1.000000,True
2026-08-10T13:25:44+03:00,datasets/crop_disease/test\Healthy\test_000626.jpg,40.00900000,-73.99950000,10.00,Healthy,0.999706,True
2026-08-10T13:25:44+03:00,datasets/crop_disease/test\Healthy\test_000627.jpg,40.00900000,-73.99940000,10.00,Healthy,0.999995,True
2026-08-10T13:25:44+03:00,datasets/crop_disease/test\Healthy\test_000628.jpg,40.00900000,-73.99930000,10.00,Healthy,0.998513,True
2026-08-10T13:25:44+03:00,datasets/crop_disease/test\Healthy\test_000629.jpg,40.00900000,-73.99920000,10.00,Healthy,0.999998,True
2026-08-10T13:25:44+03:00,datasets/crop_disease/test\Healthy\test_000630.jpg,40.00900000,-73.99910000,10.00,Healthy,1.000000,True
2026-08-10T13:25:44+03:00,datasets/crop_disease/test\Healthy\test_000631.jpg,40.00900000,-73.99900000,10.00,Healthy,0.999999,True
2026-08-10T13:25:45+03:00,datasets/crop_disease/test\Healthy\test_000632.jpg,40.00900000,-73.99890000,10.00,Healthy,0.999999,True
2026-08-10T13:25:45+03:00,datasets/crop_disease/test\Healthy\test_000633.jpg,40.00900000,-73.99880000,10.00,Healthy,0.999999,True
2026-08-10T13:25:45+03:00,datasets/crop_disease/test\Healthy\test_000634.jpg,40.00900000,-73.99870000,10.00,Healthy,0.999999,True
2026-08-10T13:25:45+03:00,datasets/crop_disease/test\Healthy\test_000635.jpg,40.00900000,-73.99860000,10.00,Healthy,1.000000,True
2026-08-10T13:25:45+03:00,datasets/crop_disease/test\Healthy\test_000636.jpg,40.00900000,-73.99850000,10.00,Healthy,1.000000,True
2026-08-10T13:25:45+03:00,datasets/crop_disease/test\Healthy\test_000637.jpg,40.00900000,-73.99840000,10.00,Healthy,1.000000,True
2026-08-10T13:25:45+03:00,datasets/crop_disease/test\Healthy\test_000638.jpg,40.00900000,-73.99830000,10.00,Healthy,0.999971,True
2026-08-10T13:25:45+03:00,datasets/crop_disease/test\Healthy\test_000639.jpg,40.00900000,-73.99820000,10.00,Healthy,0.999997,True
2026-08-10T13:25:45+03:00,datasets/crop_disease/test\Healthy\test_000640.jpg,40.00900000,-73.99810000,10.00,Healthy,0.999999,True
2026-08-10T13:25:45+03:00,datasets/crop_disease/test\Healthy\test_000641.jpg,40.00910000,-74.00000000,10.00,Healthy,1.000000,True
2026-08-10T13:25:45+03:00,datasets/crop_disease/test\Healthy\test_000642.jpg,40.00910000,-73.99990000,10.00,Healthy,0.999886,True
2026-08-10T13:25:45+03:00,datasets/crop_disease/test\Healthy\test_000643.jpg,40.00910000,-73.99980000,10.00,Healthy,0.999997,True
2026-08-10T13:25:45+03:00,datasets/crop_disease/test\Healthy\test_000644.jpg,40.00910000,-73.99970000,10.00,Healthy,1.000000,True
2026-08-10T13:25:45+03:00,datasets/crop_disease/test\Healthy\test_000645.jpg,40.00910000,-73.99960000,10.00,Healthy,1.000000,True
2026-08-10T13:25:45+03:00,datasets/crop_disease/test\Healthy\test_000646.jpg,40.00910000,-73.99950000,10.00,Healthy,1.000000,True
2026-08-10T13:25:45+03:00,datasets/crop_disease/test\Healthy\test_000647.jpg,40.00910000,-73.99940000,10.00,Healthy,1.000000,True
2026-08-10T13:25:45+03:00,datasets/crop_disease/test\Healthy\test_000648.jpg,40.00910000,-73.99930000,10.00,Healthy,0.999994,True
2026-08-10T13:25:45+03:00,datasets/crop_disease/test\Healthy\test_000649.jpg,40.00910000,-73.99920000,10.00,Healthy,0.999996,True
2026-08-10T13:25:45+03:00,datasets/crop_disease/test\Healthy\test_000650.jpg,40.00910000,-73.99910000,10.00,Healthy,0.999999,True
2026-08-10T13:25:45+03:00,datasets/crop_disease/test\Healthy\test_000651.jpg,40.00910000,-73.99900000,10.00,Healthy,1.000000,True
2026-08-10T13:25:45+03:00,datasets/crop_disease/test\Healthy\test_000652.jpg,40.00910000,-73.99890000,10.00,Healthy,0.999999,True
2026-08-10T13:25:45+03:00,datasets/crop_disease/test\Healthy\test_000653.jpg,40.00910000,-73.99880000,10.00,Healthy,0.999994,True
2026-08-10T13:25:45+03:00,datasets/crop_disease/test\Healthy\test_000654.jpg,40.00910000,-73.99870000,10.00,Healthy,0.999998,True
2026-08-10T13:25:45+03:00,datasets/crop_disease/test\Healthy\test_000655.jpg,40.00910000,-73.99860000,10.00,Healthy,1.000000,True
2026-08-10T13:25:45+03:00,datasets/crop_disease/test\Healthy\test_000656.jpg,40.00910000,-73.99850000,10.00,Healthy,1.000000,True
2026-08-10T13:25:45+03:00,datasets/crop_disease/test\Healthy\test_000657.jpg,40.00910000,-73.99840000,10.00,Healthy,0.999997,True
2026-08-10T13:25:45+03:00,datasets/crop_disease/test\Healthy\test_000658.jpg,40.00910000,-73.99830000,10.00,Healthy,1.000000,True
2026-08-10T13:25:45+03:00,datasets/crop_disease/test\Healthy\test_000659.jpg,40.00910000,-73.99820000,10.00,Healthy,1.000000,True
2026-08-10T13:25:45+03:00,datasets/crop_disease/test\Healthy\test_000660.jpg,40.00910000,-73.99810000,10.00,Healthy,0.999996,True
2026-08-10T13:25:45+03:00,datasets/crop_disease/test\Healthy\test_000661.jpg,40.00920000,-74.00000000,10.00,Healthy,1.000000,True
2026-08-10T13:25:45+03:00,datasets/crop_disease/test\Healthy\test_000662.jpg,40.00920000,-73.99990000,10.00,Healthy,0.999998,True
2026-08-10T13:25:45+03:00,datasets/crop_disease/test\Healthy\test_000663.jpg,40.00920000,-73.99980000,10.00,Healthy,1.000000,True
2026-08-10T13:25:45+03:00,datasets/crop_disease/test\Healthy\test_000664.jpg,40.00920000,-73.99970000,10.00,Healthy,1.000000,True
2026-08-10T13:25:45+03:00,datasets/crop_disease/test\Healthy\test_000665.jpg,40.00920000,-73.99960000,10.00,Healthy,1.000000,True
2026-08-10T13:25:45+03:00,datasets/crop_disease/test\Healthy\test_000666.jpg,40.00920000,-73.99950000,10.00,Healthy,1.000000,True
2026-08-10T13:25:45+03:00,datasets/crop_disease/test\Healthy\test_000667.jpg,40.00920000,-73.99940000,10.00,Healthy,1.000000,True
2026-08-10T13:25:45+03:00,datasets/crop_disease/test\Healthy\test_000668.jpg,40.00920000,-73.99930000,10.00,Healthy,1.000000,True
2026-08-10T13:25:45+03:00,datasets/crop_disease/test\Healthy\test_000669.jpg,40.00920000,-73.99920000,10.00,Healthy,1.000000,True
2026-08-10T13:25:45+03:00,datasets/crop_disease/test\Healthy\test_000670.jpg,40.00920000,-73.99910000,10.00,Healthy,1.000000,True
2026-08-10T13:25:45+03:00,datasets/crop_disease/test\Healthy\test_000671.jpg,40.00920000,-73.99900000,10.00,Healthy,0.999973,True
2026-08-10T13:25:45+03:00,datasets/crop_disease/test\Healthy\test_000672.jpg,40.00920000,-73.99890000,10.00,Healthy,1.000000,True
2026-08-10T13:25:45+03:00,datasets/crop_disease/test\Healthy\test_000673.jpg,40.00920000,-73.99880000,10.00,Healthy,1.000000,True
2026-08-10T13:25:45+03:00,datasets/crop_disease/test\Healthy\test_000674.jpg,40.00920000,-73.99870000,10.00,Healthy,1.000000,True
2026-08-10T13:25:45+03:00,datasets/crop_disease/test\Healthy\test_000675.jpg,40.00920000,-73.99860000,10.00,Healthy,1.000000,True
2026-08-10T13:25:45+03:00,datasets/crop_disease/test\Healthy\test_000676.jpg,40.00920000,-73.99850000,10.00,Healthy,1.000000,True
2026-08-10T13:25:45+03:00,datasets/crop_disease/test\Healthy\test_000677.jpg,40.00920000,-73.99840000,10.00,Healthy,0.999985,True
2026-08-10T13:25:45+03:00,datasets/crop_disease/test\Healthy\test_000678.jpg,40.00920000,-73.99830000,10.00,Healthy,1.000000,True
2026-08-10T13:25:45+03:00,datasets/crop_disease/test\Healthy\test_000679.jpg,40.00920000,-73.99820000,10.00,Healthy,1.000000,True
2026-08-10T13:25:45+03:00,datasets/crop_disease/test\Healthy\test_000680.jpg,40.00920000,-73.99810000,10.00,Healthy,1.000000,True
2026-08-10T13:25:45+03:00,datasets/crop_disease/test\Healthy\test_000681.jpg,40.00930000,-74.00000000,10.00,Healthy,1.000000,True
2026-08-10T13:25:45+03:00,datasets/crop_disease/test\Healthy\test_000682.jpg,40.00930000,-73.99990000,10.00,Healthy,0.907014,False
2026-08-10T13:25:45+03:00,datasets/crop_disease/test\Healthy\test_000683.jpg,40.00930000,-73.99980000,10.00,Healthy,1.000000,True
2026-08-10T13:25:45+03:00,datasets/crop_disease/test\Healthy\test_000684.jpg,40.00930000,-73.99970000,10.00,Healthy,0.999993,True
2026-08-10T13:25:45+03:00,datasets/crop_disease/test\Healthy\test_000685.jpg,40.00930000,-73.99960000,10.00,Healthy,1.000000,True
2026-08-10T13:25:45+03:00,datasets/crop_disease/test\Healthy\test_000686.jpg,40.00930000,-73.99950000,10.00,Healthy,1.000000,True
2026-08-10T13:25:45+03:00,datasets/crop_disease/test\Healthy\test_000687.jpg,40.00930000,-73.99940000,10.00,Healthy,1.000000,True
2026-08-10T13:25:45+03:00,datasets/crop_disease/test\Healthy\test_000688.jpg,40.00930000,-73.99930000,10.00,Healthy,1.000000,True
2026-08-10T13:25:45+03:00,datasets/crop_disease/test\Healthy\test_000689.jpg,40.00930000,-73.99920000,10.00,Healthy,1.000000,True
2026-08-10T13:25:45+03:00,datasets/crop_disease/test\Healthy\test_000690.jpg,40.00930000,-73.99910000,10.00,Healthy,0.999436,True
2026-08-10T13:25:45+03:00,datasets/crop_disease/test\Healthy\test_000691.jpg,40.00930000,-73.99900000,10.00,Healthy,0.999993,True
2026-08-10T13:25:45+03:00,datasets/crop_disease/test\Healthy\test_000692.jpg,40.00930000,-73.99890000,10.00,Healthy,1.000000,True
2026-08-10T13:25:45+03:00,datasets/crop_disease/test\Healthy\test_000693.jpg,40.00930000,-73.99880000,10.00,Healthy,1.000000,True
2026-08-10T13:25:45+03:00,datasets/crop_disease/test\Healthy\test_000694.jpg,40.00930000,-73.99870000,10.00,Healthy,1.000000,True
2026-08-10T13:25:45+03:00,datasets/crop_disease/test\Healthy\test_000695.jpg,40.00930000,-73.99860000,10.00,Healthy,0.999999,True
2026-08-10T13:25:45+03:00,datasets/crop_disease/test\Healthy\test_000696.jpg,40.00930000,-73.99850000,10.00,Healthy,1.000000,True
2026-08-10T13:25:45+03:00,datasets/crop_disease/test\Healthy\test_000697.jpg,40.00930000,-73.99840000,10.00,Healthy,1.000000,True
2026-08-10T13:25:45+03:00,datasets/crop_disease/test\Healthy\test_000698.jpg,40.00930000,-73.99830000,10.00,Healthy,0.998693,True
2026-08-10T13:25:45+03:00,datasets/crop_disease/test\Healthy\test_000699.jpg,40.00930000,-73.99820000,10.00,Healthy,0.999998,True
2026-08-10T13:25:45+03:00,datasets/crop_disease/test\Healthy\test_000700.jpg,40.00930000,-73.99810000,10.00,Healthy,1.000000,True
2026-08-10T13:25:45+03:00,datasets/crop_disease/test\Healthy\test_000701.jpg,40.00940000,-74.00000000,10.00,Healthy,1.000000,True
2026-08-10T13:25:45+03:00,datasets/crop_disease/test\Healthy\test_000702.jpg,40.00940000,-73.99990000,10.00,Healthy,0.999716,True
2026-08-10T13:25:45+03:00,datasets/crop_disease/test\Healthy\test_000703.jpg,40.00940000,-73.99980000,10.00,Healthy,1.000000,True
2026-08-10T13:25:45+03:00,datasets/crop_disease/test\Healthy\test_000704.jpg,40.00940000,-73.99970000,10.00,Healthy,1.000000,True
2026-08-10T13:25:46+03:00,datasets/crop_disease/test\Healthy\test_000705.jpg,40.00940000,-73.99960000,10.00,Healthy,1.000000,True
2026-08-10T13:25:46+03:00,datasets/crop_disease/test\Healthy\test_000706.jpg,40.00940000,-73.99950000,10.00,Healthy,0.999999,True
2026-08-10T13:25:46+03:00,datasets/crop_disease/test\Healthy\test_000707.jpg,40.00940000,-73.99940000,10.00,Healthy,1.000000,True
2026-08-10T13:25:46+03:00,datasets/crop_disease/test\Healthy\test_000708.jpg,40.00940000,-73.99930000,10.00,Healthy,1.000000,True
2026-08-10T13:25:46+03:00,datasets/crop_disease/test\Healthy\test_000709.jpg,40.00940000,-73.99920000,10.00,Healthy,0.999991,True
2026-08-10T13:25:46+03:00,datasets/crop_disease/test\Healthy\test_000710.jpg,40.00940000,-73.99910000,10.00,Healthy,1.000000,True
2026-08-10T13:25:46+03:00,datasets/crop_disease/test\Healthy\test_000711.jpg,40.00940000,-73.99900000,10.00,Healthy,0.999999,True
2026-08-10T13:25:46+03:00,datasets/crop_disease/test\Healthy\test_000712.jpg,40.00940000,-73.99890000,10.00,Healthy,1.000000,True
2026-08-10T13:25:46+03:00,datasets/crop_disease/test\Healthy\test_000713.jpg,40.00940000,-73.99880000,10.00,Healthy,1.000000,True
2026-08-10T13:25:46+03:00,datasets/crop_disease/test\Healthy\test_000714.jpg,40.00940000,-73.99870000,10.00,Healthy,1.000000,True
2026-08-10T13:25:46+03:00,datasets/crop_disease/test\Healthy\test_000715.jpg,40.00940000,-73.99860000,10.00,Healthy,0.999390,True
2026-08-10T13:25:46+03:00,datasets/crop_disease/test\Healthy\test_000716.jpg,40.00940000,-73.99850000,10.00,Healthy,1.000000,True
2026-08-10T13:25:46+03:00,datasets/crop_disease/test\Healthy\test_000717.jpg,40.00940000,-73.99840000,10.00,Healthy,1.000000,True
2026-08-10T13:25:46+03:00,datasets/crop_disease/test\Healthy\test_000718.jpg,40.00940000,-73.99830000,10.00,Healthy,1.000000,True
2026-08-10T13:25:46+03:00,datasets/crop_disease/test\Healthy\test_000719.jpg,40.00940000,-73.99820000,10.00,Healthy,0.999990,True
2026-08-10T13:25:46+03:00,datasets/crop_disease/test\Healthy\test_000720.jpg,40.00940000,-73.99810000,10.00,Healthy,1.000000,True
2026-08-10T13:25:46+03:00,datasets/crop_disease/test\Healthy\test_000721.jpg,40.00950000,-74.00000000,10.00,Healthy,1.000000,True
2026-08-10T13:25:46+03:00,datasets/crop_disease/test\Healthy\test_000722.jpg,40.00950000,-73.99990000,10.00,Healthy,1.000000,True
2026-08-10T13:25:46+03:00,datasets/crop_disease/test\Healthy\test_000723.jpg,40.00950000,-73.99980000,10.00,Healthy,1.000000,True
2026-08-10T13:25:46+03:00,datasets/crop_disease/test\Healthy\test_000724.jpg,40.00950000,-73.99970000,10.00,Healthy,1.000000,True
2026-08-10T13:25:46+03:00,datasets/crop_disease/test\Healthy\test_000725.jpg,40.00950000,-73.99960000,10.00,Healthy,0.999986,True
2026-08-10T13:25:46+03:00,datasets/crop_disease/test\Healthy\test_000726.jpg,40.00950000,-73.99950000,10.00,Healthy,1.000000,True
2026-08-10T13:25:46+03:00,datasets/crop_disease/test\Healthy\test_000727.jpg,40.00950000,-73.99940000,10.00,Healthy,0.999980,True
2026-08-10T13:25:46+03:00,datasets/crop_disease/test\Healthy\test_000728.jpg,40.00950000,-73.99930000,10.00,Healthy,1.000000,True
2026-08-10T13:25:46+03:00,datasets/crop_disease/test\Healthy\test_000729.jpg,40.00950000,-73.99920000,10.00,Healthy,1.000000,True
2026-08-10T13:25:46+03:00,datasets/crop_disease/test\Healthy\test_000730.jpg,40.00950000,-73.99910000,10.00,Healthy,1.000000,True
2026-08-10T13:25:46+03:00,datasets/crop_disease/test\Healthy\test_000731.jpg,40.00950000,-73.99900000,10.00,Healthy,1.000000,True
2026-08-10T13:25:46+03:00,datasets/crop_disease/test\Healthy\test_000732.jpg,40.00950000,-73.99890000,10.00,Healthy,1.000000,True
2026-08-10T13:25:46+03:00,datasets/crop_disease/test\Healthy\test_000733.jpg,40.00950000,-73.99880000,10.00,Healthy,1.000000,True
2026-08-10T13:25:46+03:00,datasets/crop_disease/test\Healthy\test_000734.jpg,40.00950000,-73.99870000,10.00,Healthy,0.999113,True
2026-08-10T13:25:46+03:00,datasets/crop_disease/test\Healthy\test_000735.jpg,40.00950000,-73.99860000,10.00,Healthy,0.657144,False
2026-08-10T13:25:46+03:00,datasets/crop_disease/test\Healthy\test_000736.jpg,40.00950000,-73.99850000,10.00,Healthy,1.000000,True
2026-08-10T13:25:46+03:00,datasets/crop_disease/test\Healthy\test_000737.jpg,40.00950000,-73.99840000,10.00,Healthy,0.993564,True
2026-08-10T13:25:46+03:00,datasets/crop_disease/test\Healthy\test_000738.jpg,40.00950000,-73.99830000,10.00,Healthy,1.000000,True
2026-08-10T13:25:46+03:00,datasets/crop_disease/test\Healthy\test_000739.jpg,40.00950000,-73.99820000,10.00,Healthy,1.000000,True
2026-08-10T13:25:46+03:00,datasets/crop_disease/test\Healthy\test_000740.jpg,40.00950000,-73.99810000,10.00,Healthy,1.000000,True
2026-08-10T13:25:46+03:00,datasets/crop_disease/test\Healthy\test_000741.jpg,40.00960000,-74.00000000,10.00,Healthy,1.000000,True
2026-08-10T13:25:46+03:00,datasets/crop_disease/test\Healthy\test_000742.jpg,40.00960000,-73.99990000,10.00,Healthy,1.000000,True
2026-08-10T13:25:46+03:00,datasets/crop_disease/test\Healthy\test_000743.jpg,40.00960000,-73.99980000,10.00,Healthy,0.999998,True
2026-08-10T13:25:46+03:00,datasets/crop_disease/test\Healthy\test_000744.jpg,40.00960000,-73.99970000,10.00,Healthy,1.000000,True
2026-08-10T13:25:46+03:00,datasets/crop_disease/test\Healthy\test_000745.jpg,40.00960000,-73.99960000,10.00,Healthy,0.999999,True
2026-08-10T13:25:46+03:00,datasets/crop_disease/test\Healthy\test_000746.jpg,40.00960000,-73.99950000,10.00,Healthy,1.000000,True
2026-08-10T13:25:46+03:00,datasets/crop_disease/test\Healthy\test_000747.jpg,40.00960000,-73.99940000,10.00,Healthy,1.000000,True
2026-08-10T13:25:46+03:00,datasets/crop_disease/test\Healthy\test_000748.jpg,40.00960000,-73.99930000,10.00,Healthy,1.000000,True
2026-08-10T13:25:46+03:00,datasets/crop_disease/test\Healthy\test_000749.jpg,40.00960000,-73.99920000,10.00,Healthy,1.000000,True
2026-08-10T13:25:46+03:00,datasets/crop_disease/test\Healthy\test_000750.jpg,40.00960000,-73.99910000,10.00,Healthy,1.000000,True
2026-08-10T13:25:46+03:00,datasets/crop_disease/test\Healthy\test_000751.jpg,40.00960000,-73.99900000,10.00,Healthy,0.999999,True
2026-08-10T13:25:46+03:00,datasets/crop_disease/test\Healthy\test_000752.jpg,40.00960000,-73.99890000,10.00,Healthy,1.000000,True
2026-08-10T13:25:46+03:00,datasets/crop_disease/test\Healthy\test_000753.jpg,40.00960000,-73.99880000,10.00,Healthy,1.000000,True
2026-08-10T13:25:46+03:00,datasets/crop_disease/test\Healthy\test_000754.jpg,40.00960000,-73.99870000,10.00,Healthy,1.000000,True
2026-08-10T13:25:46+03:00,datasets/crop_disease/test\Healthy\test_000755.jpg,40.00960000,-73.99860000,10.00,Healthy,1.000000,True
2026-08-10T13:25:46+03:00,datasets/crop_disease/test\Healthy\test_000756.jpg,40.00960000,-73.99850000,10.00,Healthy,1.000000,True
2026-08-10T13:25:46+03:00,datasets/crop_disease/test\Healthy\test_000757.jpg,40.00960000,-73.99840000,10.00,Healthy,0.999993,True
2026-08-10T13:25:46+03:00,datasets/crop_disease/test\Healthy\test_000758.jpg,40.00960000,-73.99830000,10.00,Healthy,1.000000,True
2026-08-10T13:25:46+03:00,datasets/crop_disease/test\Healthy\test_000759.jpg,40.00960000,-73.99820000,10.00,Healthy,0.999938,True
2026-08-10T13:25:46+03:00,datasets/crop_disease/test\Healthy\test_000760.jpg,40.00960000,-73.99810000,10.00,Healthy,0.999997,True
2026-08-10T13:25:46+03:00,datasets/crop_disease/test\Healthy\test_000761.jpg,40.00970000,-74.00000000,10.00,Healthy,1.000000,True
2026-08-10T13:25:46+03:00,datasets/crop_disease/test\Healthy\test_000762.jpg,40.00970000,-73.99990000,10.00,Healthy,1.000000,True
2026-08-10T13:25:46+03:00,datasets/crop_disease/test\Healthy\test_000763.jpg,40.00970000,-73.99980000,10.00,Healthy,1.000000,True
2026-08-10T13:25:46+03:00,datasets/crop_disease/test\Healthy\test_000764.jpg,40.00970000,-73.99970000,10.00,Healthy,1.000000,True
2026-08-10T13:25:46+03:00,datasets/crop_disease/test\Healthy\test_000765.jpg,40.00970000,-73.99960000,10.00,Healthy,1.000000,True
2026-08-10T13:25:46+03:00,datasets/crop_disease/test\Healthy\test_000766.jpg,40.00970000,-73.99950000,10.00,Healthy,1.000000,True
2026-08-10T13:25:46+03:00,datasets/crop_disease/test\Healthy\test_000767.jpg,40.00970000,-73.99940000,10.00,Healthy,0.992876,True
2026-08-10T13:25:46+03:00,datasets/crop_disease/test\Healthy\test_000768.jpg,40.00970000,-73.99930000,10.00,Healthy,0.999999,True
2026-08-10T13:25:46+03:00,datasets/crop_disease/test\Healthy\test_000769.jpg,40.00970000,-73.99920000,10.00,Healthy,1.000000,True
2026-08-10T13:25:46+03:00,datasets/crop_disease/test\Healthy\test_000770.jpg,40.00970000,-73.99910000,10.00,Healthy,1.000000,True
2026-08-10T13:25:46+03:00,datasets/crop_disease/test\Healthy\test_000771.jpg,40.00970000,-73.99900000,10.00,Healthy,0.999972,True
2026-08-10T13:25:46+03:00,datasets/crop_disease/test\Healthy\test_000772.jpg,40.00970000,-73.99890000,10.00,Healthy,1.000000,True
2026-08-10T13:25:46+03:00,datasets/crop_disease/test\Healthy\test_000773.jpg,40.00970000,-73.99880000,10.00,Healthy,1.000000,True
2026-08-10T13:25:46+03:00,datasets/crop_disease/test\Healthy\test_000774.jpg,40.00970000,-73.99870000,10.00,Healthy,1.000000,True
2026-08-10T13:25:46+03:00,datasets/crop_disease/test\Healthy\test_000775.jpg,40.00970000,-73.99860000,10.00,Healthy,1.000000,True
2026-08-10T13:25:46+03:00,datasets/crop_disease/test\Healthy\test_000776.jpg,40.00970000,-73.99850000,10.00,Healthy,1.000000,True
2026-08-10T13:25:46+03:00,datasets/crop_disease/test\Healthy\test_000777.jpg,40.00970000,-73.99840000,10.00,Healthy,0.999992,True
2026-08-10T13:25:46+03:00,datasets/crop_disease/test\Healthy\test_000778.jpg,40.00970000,-73.99830000,10.00,Healthy,1.000000,True
2026-08-10T13:25:46+03:00,datasets/crop_disease/test\Healthy\test_000779.jpg,40.00970000,-73.99820000,10.00,Healthy,1.000000,True
2026-08-10T13:25:46+03:00,datasets/crop_disease/test\Healthy\test_000780.jpg,40.00970000,-73.99810000,10.00,Healthy,1.000000,True
2026-08-10T13:25:46+03:00,datasets/crop_disease/test\Healthy\test_000781.jpg,40.00980000,-74.00000000,10.00,Healthy,1.000000,True
2026-08-10T13:25:46+03:00,datasets/crop_disease/test\Healthy\test_000782.jpg,40.00980000,-73.99990000,10.00,Healthy,0.999999,True
2026-08-10T13:25:46+03:00,datasets/crop_disease/test\Healthy\test_000783.jpg,40.00980000,-73.99980000,10.00,Healthy,1.000000,True
2026-08-10T13:25:46+03:00,datasets/crop_disease/test\Healthy\test_000784.jpg,40.00980000,-73.99970000,10.00,Healthy,0.999986,True
2026-08-10T13:25:47+03:00,datasets/crop_disease/test\Healthy\test_000785.jpg,40.00980000,-73.99960000,10.00,Healthy,1.000000,True
2026-08-10T13:25:47+03:00,datasets/crop_disease/test\Healthy\test_000786.jpg,40.00980000,-73.99950000,10.00,Healthy,1.000000,True
2026-08-10T13:25:47+03:00,datasets/crop_disease/test\Healthy\test_000787.jpg,40.00980000,-73.99940000,10.00,Healthy,0.999998,True
2026-08-10T13:25:47+03:00,datasets/crop_disease/test\Healthy\test_000788.jpg,40.00980000,-73.99930000,10.00,Healthy,0.999770,True
2026-08-10T13:25:47+03:00,datasets/crop_disease/test\Healthy\test_000789.jpg,40.00980000,-73.99920000,10.00,Healthy,1.000000,True
2026-08-10T13:25:47+03:00,datasets/crop_disease/test\Healthy\test_000790.jpg,40.00980000,-73.99910000,10.00,Healthy,0.999443,True
2026-08-10T13:25:47+03:00,datasets/crop_disease/test\Healthy\test_000791.jpg,40.00980000,-73.99900000,10.00,Healthy,0.999999,True
2026-08-10T13:25:47+03:00,datasets/crop_disease/test\Healthy\test_000792.jpg,40.00980000,-73.99890000,10.00,Healthy,1.000000,True
2026-08-10T13:25:47+03:00,datasets/crop_disease/test\Healthy\test_000793.jpg,40.00980000,-73.99880000,10.00,Healthy,1.000000,True
2026-08-10T13:25:47+03:00,datasets/crop_disease/test\Healthy\test_000794.jpg,40.00980000,-73.99870000,10.00,Healthy,1.000000,True
2026-08-10T13:25:47+03:00,datasets/crop_disease/test\Healthy\test_000795.jpg,40.00980000,-73.99860000,10.00,Healthy,1.000000,True
2026-08-10T13:25:47+03:00,datasets/crop_disease/test\Healthy\test_000796.jpg,40.00980000,-73.99850000,10.00,Healthy,0.999800,True
2026-08-10T13:25:47+03:00,datasets/crop_disease/test\Healthy\test_000797.jpg,40.00980000,-73.99840000,10.00,Healthy,0.999998,True
2026-08-10T13:25:47+03:00,datasets/crop_disease/test\Healthy\test_000798.jpg,40.00980000,-73.99830000,10.00,Healthy,0.999998,True
2026-08-10T13:25:47+03:00,datasets/crop_disease/test\Healthy\test_000799.jpg,40.00980000,-73.99820000,10.00,Healthy,0.999950,True
2026-08-10T13:25:47+03:00,datasets/crop_disease/test\Healthy\test_000800.jpg,40.00980000,-73.99810000,10.00,Healthy,1.000000,True
2026-08-10T13:25:47+03:00,datasets/crop_disease/test\Healthy\test_000801.jpg,40.00990000,-74.00000000,10.00,Healthy,0.999999,True
2026-08-10T13:25:47+03:00,datasets/crop_disease/test\Healthy\test_000802.jpg,40.00990000,-73.99990000,10.00,Healthy,1.000000,True
2026-08-10T13:25:47+03:00,datasets/crop_disease/test\Healthy\test_000803.jpg,40.00990000,-73.99980000,10.00,Healthy,0.999998,True
2026-08-10T13:25:47+03:00,datasets/crop_disease/test\Healthy\test_000804.jpg,40.00990000,-73.99970000,10.00,Healthy,1.000000,True
2026-08-10T13:25:47+03:00,datasets/crop_disease/test\Healthy\test_000805.jpg,40.00990000,-73.99960000,10.00,Healthy,1.000000,True
2026-08-10T13:25:47+03:00,datasets/crop_disease/test\Healthy\test_000806.jpg,40.00990000,-73.99950000,10.00,Healthy,1.000000,True
2026-08-10T13:25:47+03:00,datasets/crop_disease/test\Healthy\test_000807.jpg,40.00990000,-73.99940000,10.00,Healthy,0.999999,True
2026-08-10T13:25:47+03:00,datasets/crop_disease/test\Healthy\test_000808.jpg,40.00990000,-73.99930000,10.00,Healthy,1.000000,True
2026-08-10T13:25:47+03:00,datasets/crop_disease/test\Healthy\test_000809.jpg,40.00990000,-73.99920000,10.00,Healthy,0.999993,True
2026-08-10T13:25:47+03:00,datasets/crop_disease/test\Healthy\test_000810.jpg,40.00990000,-73.99910000,10.00,Healthy,1.000000,True
2026-08-10T13:25:47+03:00,datasets/crop_disease/test\Healthy\test_000811.jpg,40.00990000,-73.99900000,10.00,Healthy,1.000000,True
2026-08-10T13:25:47+03:00,datasets/crop_disease/test\Healthy\test_000812.jpg,40.00990000,-73.99890000,10.00,Healthy,1.000000,True
2026-08-10T13:25:47+03:00,datasets/crop_disease/test\Healthy\test_000813.jpg,40.00990000,-73.99880000,10.00,Healthy,0.999992,True
2026-08-10T13:25:47+03:00,datasets/crop_disease/test\Healthy\test_000814.jpg,40.00990000,-73.99870000,10.00,Healthy,0.999893,True
2026-08-10T13:25:47+03:00,datasets/crop_disease/test\Healthy\test_000815.jpg,40.00990000,-73.99860000,10.00,Healthy,0.999999,True
2026-08-10T13:25:47+03:00,datasets/crop_disease/test\Healthy\test_000816.jpg,40.00990000,-73.99850000,10.00,Healthy,0.999981,True
2026-08-10T13:25:47+03:00,datasets/crop_disease/test\Healthy\test_000817.jpg,40.00990000,-73.99840000,10.00,Healthy,1.000000,True
2026-08-10T13:25:47+03:00,datasets/crop_disease/test\Healthy\test_000818.jpg,40.00990000,-73.99830000,10.00,Healthy,0.999976,True
2026-08-10T13:25:47+03:00,datasets/crop_disease/test\Healthy\test_000819.jpg,40.00990000,-73.99820000,10.00,Healthy,0.999929,True
2026-08-10T13:25:47+03:00,datasets/crop_disease/test\Healthy\test_000820.jpg,40.00990000,-73.99810000,10.00,Healthy,0.996387,True
2026-08-10T13:25:47+03:00,datasets/crop_disease/test\Healthy\test_000821.jpg,40.01000000,-74.00000000,10.00,Healthy,0.999999,True
2026-08-10T13:25:47+03:00,datasets/crop_disease/test\Healthy\test_000822.jpg,40.01000000,-73.99990000,10.00,Healthy,0.999928,True
2026-08-10T13:25:47+03:00,datasets/crop_disease/test\Healthy\test_000823.jpg,40.01000000,-73.99980000,10.00,Healthy,1.000000,True
2026-08-10T13:25:47+03:00,datasets/crop_disease/test\Healthy\test_000824.jpg,40.01000000,-73.99970000,10.00,Healthy,0.999981,True
2026-08-10T13:25:47+03:00,datasets/crop_disease/test\Healthy\test_000825.jpg,40.01000000,-73.99960000,10.00,Healthy,0.999991,True
2026-08-10T13:25:47+03:00,datasets/crop_disease/test\Healthy\test_000826.jpg,40.01000000,-73.99950000,10.00,Healthy,0.999989,True
2026-08-10T13:25:47+03:00,datasets/crop_disease/test\Healthy\test_000827.jpg,40.01000000,-73.99940000,10.00,Healthy,0.999993,True
2026-08-10T13:25:47+03:00,datasets/crop_disease/test\Healthy\test_000828.jpg,40.01000000,-73.99930000,10.00,Healthy,0.999993,True
2026-08-10T13:25:47+03:00,datasets/crop_disease/test\Healthy\test_000829.jpg,40.01000000,-73.99920000,10.00,Healthy,0.999886,True
2026-08-10T13:25:47+03:00,datasets/crop_disease/test\Healthy\test_000830.jpg,40.01000000,-73.99910000,10.00,Healthy,0.999883,True
2026-08-10T13:25:47+03:00,datasets/crop_disease/test\Healthy\test_000831.jpg,40.01000000,-73.99900000,10.00,Healthy,0.999577,True
2026-08-10T13:25:47+03:00,datasets/crop_disease/test\Healthy\test_000832.jpg,40.01000000,-73.99890000,10.00,Healthy,0.998033,True
2026-08-10T13:25:47+03:00,datasets/crop_disease/test\Healthy\test_000833.jpg,40.01000000,-73.99880000,10.00,Healthy,0.999983,True
2026-08-10T13:25:47+03:00,datasets/crop_disease/test\Healthy\test_000834.jpg,40.01000000,-73.99870000,10.00,Healthy,0.999893,True
2026-08-10T13:25:47+03:00,datasets/crop_disease/test\Healthy\test_000835.jpg,40.01000000,-73.99860000,10.00,Healthy,0.999995,True
2026-08-10T13:25:47+03:00,datasets/crop_disease/test\Healthy\test_000836.jpg,40.01000000,-73.99850000,10.00,Healthy,0.999988,True
2026-08-10T13:25:47+03:00,datasets/crop_disease/test\Healthy\test_000837.jpg,40.01000000,-73.99840000,10.00,Healthy,0.999993,True
2026-08-10T13:25:47+03:00,datasets/crop_disease/test\Healthy\test_000838.jpg,40.01000000,-73.99830000,10.00,Healthy,0.999581,True
2026-08-10T13:25:47+03:00,datasets/crop_disease/test\Healthy\test_000839.jpg,40.01000000,-73.99820000,10.00,Healthy,0.999998,True
2026-08-10T13:25:47+03:00,datasets/crop_disease/test\Healthy\test_000840.jpg,40.01000000,-73.99810000,10.00,Healthy,0.996558,True
2026-08-10T13:25:47+03:00,datasets/crop_disease/test\Healthy\test_000841.jpg,40.01010000,-74.00000000,10.00,Healthy,0.999534,True
2026-08-10T13:25:47+03:00,datasets/crop_disease/test\Healthy\test_000842.jpg,40.01010000,-73.99990000,10.00,Healthy,0.999984,True
2026-08-10T13:25:47+03:00,datasets/crop_disease/test\Healthy\test_000843.jpg,40.01010000,-73.99980000,10.00,Healthy,0.999925,True
2026-08-10T13:25:47+03:00,datasets/crop_disease/test\Healthy\test_000844.jpg,40.01010000,-73.99970000,10.00,Healthy,0.999804,True
2026-08-10T13:25:47+03:00,datasets/crop_disease/test\Healthy\test_000845.jpg,40.01010000,-73.99960000,10.00,Healthy,0.999992,True
2026-08-10T13:25:47+03:00,datasets/crop_disease/test\Healthy\test_000846.jpg,40.01010000,-73.99950000,10.00,Healthy,0.999999,True
2026-08-10T13:25:47+03:00,datasets/crop_disease/test\Healthy\test_000847.jpg,40.01010000,-73.99940000,10.00,Healthy,0.999999,True
2026-08-10T13:25:47+03:00,datasets/crop_disease/test\Healthy\test_000848.jpg,40.01010000,-73.99930000,10.00,Healthy,0.999726,True
2026-08-10T13:25:47+03:00,datasets/crop_disease/test\Healthy\test_000849.jpg,40.01010000,-73.99920000,10.00,Healthy,0.999999,True
2026-08-10T13:25:47+03:00,datasets/crop_disease/test\Healthy\test_000850.jpg,40.01010000,-73.99910000,10.00,Healthy,0.999954,True
2026-08-10T13:25:47+03:00,datasets/crop_disease/test\Healthy\test_000851.jpg,40.01010000,-73.99900000,10.00,Healthy,0.999913,True
2026-08-10T13:25:47+03:00,datasets/crop_disease/test\Healthy\test_000852.jpg,40.01010000,-73.99890000,10.00,Healthy,0.999986,True
2026-08-10T13:25:47+03:00,datasets/crop_disease/test\Healthy\test_000853.jpg,40.01010000,-73.99880000,10.00,Healthy,0.996738,True
2026-08-10T13:25:47+03:00,datasets/crop_disease/test\Healthy\test_000854.jpg,40.01010000,-73.99870000,10.00,Healthy,0.999996,True
2026-08-10T13:25:47+03:00,datasets/crop_disease/test\Healthy\test_000855.jpg,40.01010000,-73.99860000,10.00,Healthy,0.999827,True
2026-08-10T13:25:47+03:00,datasets/crop_disease/test\Healthy\test_000856.jpg,40.01010000,-73.99850000,10.00,Healthy,0.999966,True
2026-08-10T13:25:47+03:00,datasets/crop_disease/test\Healthy\test_000857.jpg,40.01010000,-73.99840000,10.00,Healthy,0.999805,True
2026-08-10T13:25:47+03:00,datasets/crop_disease/test\Healthy\test_000858.jpg,40.01010000,-73.99830000,10.00,Healthy,0.999994,True
2026-08-10T13:25:47+03:00,datasets/crop_disease/test\Healthy\test_000859.jpg,40.01010000,-73.99820000,10.00,Healthy,0.972245,True
2026-08-10T13:25:48+03:00,datasets/crop_disease/test\Healthy\test_000860.jpg,40.01010000,-73.99810000,10.00,Healthy,0.999774,True
2026-08-10T13:25:48+03:00,datasets/crop_disease/test\Healthy\test_000861.jpg,40.01020000,-74.00000000,10.00,Healthy,0.999982,True
2026-08-10T13:25:48+03:00,datasets/crop_disease/test\Healthy\test_000862.jpg,40.01020000,-73.99990000,10.00,Healthy,0.999981,True
2026-08-10T13:25:48+03:00,datasets/crop_disease/test\Healthy\test_000863.jpg,40.01020000,-73.99980000,10.00,Healthy,0.976641,True
2026-08-10T13:25:48+03:00,datasets/crop_disease/test\Healthy\test_000864.jpg,40.01020000,-73.99970000,10.00,Healthy,0.999989,True
2026-08-10T13:25:48+03:00,datasets/crop_disease/test\Healthy\test_000865.jpg,40.01020000,-73.99960000,10.00,Healthy,0.999999,True
2026-08-10T13:25:48+03:00,datasets/crop_disease/test\Healthy\test_000866.jpg,40.01020000,-73.99950000,10.00,Healthy,0.991102,True
2026-08-10T13:25:48+03:00,datasets/crop_disease/test\Healthy\test_000867.jpg,40.01020000,-73.99940000,10.00,Healthy,0.999907,True
2026-08-10T13:25:48+03:00,datasets/crop_disease/test\Healthy\test_000868.jpg,40.01020000,-73.99930000,10.00,Healthy,0.999920,True
2026-08-10T13:25:48+03:00,datasets/crop_disease/test\Healthy\test_000869.jpg,40.01020000,-73.99920000,10.00,Healthy,0.996583,True
2026-08-10T13:25:48+03:00,datasets/crop_disease/test\Healthy\test_000870.jpg,40.01020000,-73.99910000,10.00,Healthy,0.999987,True
2026-08-10T13:25:48+03:00,datasets/crop_disease/test\Healthy\test_000871.jpg,40.01020000,-73.99900000,10.00,Healthy,0.999943,True
2026-08-10T13:25:48+03:00,datasets/crop_disease/test\Healthy\test_000872.jpg,40.01020000,-73.99890000,10.00,Healthy,1.000000,True
2026-08-10T13:25:48+03:00,datasets/crop_disease/test\Healthy\test_000873.jpg,40.01020000,-73.99880000,10.00,Healthy,0.999972,True
2026-08-10T13:25:48+03:00,datasets/crop_disease/test\Healthy\test_000874.jpg,40.01020000,-73.99870000,10.00,Healthy,0.999952,True
2026-08-10T13:25:48+03:00,datasets/crop_disease/test\Healthy\test_000875.jpg,40.01020000,-73.99860000,10.00,Healthy,0.999901,True
2026-08-10T13:25:48+03:00,datasets/crop_disease/test\Healthy\test_000876.jpg,40.01020000,-73.99850000,10.00,Healthy,0.999933,True
2026-08-10T13:25:48+03:00,datasets/crop_disease/test\Healthy\test_000877.jpg,40.01020000,-73.99840000,10.00,Healthy,0.999986,True
2026-08-10T13:25:48+03:00,datasets/crop_disease/test\Healthy\test_000878.jpg,40.01020000,-73.99830000,10.00,Healthy,0.999922,True
2026-08-10T13:25:48+03:00,datasets/crop_disease/test\Healthy\test_000879.jpg,40.01020000,-73.99820000,10.00,Healthy,0.999990,True
2026-08-10T13:25:48+03:00,datasets/crop_disease/test\Healthy\test_000880.jpg,40.01020000,-73.99810000,10.00,Healthy,0.999992,True
2026-08-10T13:25:48+03:00,datasets/crop_disease/test\Healthy\test_000881.jpg,40.01030000,-74.00000000,10.00,Healthy,1.000000,True
2026-08-10T13:25:48+03:00,datasets/crop_disease/test\Healthy\test_000882.jpg,40.01030000,-73.99990000,10.00,Healthy,0.998080,True
2026-08-10T13:25:48+03:00,datasets/crop_disease/test\Healthy\test_000883.jpg,40.01030000,-73.99980000,10.00,Healthy,0.999243,True
2026-08-10T13:25:48+03:00,datasets/crop_disease/test\Healthy\test_000884.jpg,40.01030000,-73.99970000,10.00,Healthy,0.999987,True
2026-08-10T13:25:48+03:00,datasets/crop_disease/test\Healthy\test_000885.jpg,40.01030000,-73.99960000,10.00,Healthy,0.999951,True
2026-08-10T13:25:48+03:00,datasets/crop_disease/test\Healthy\test_000886.jpg,40.01030000,-73.99950000,10.00,Healthy,0.998305,True
2026-08-10T13:25:48+03:00,datasets/crop_disease/test\Healthy\test_000887.jpg,40.01030000,-73.99940000,10.00,Healthy,0.999990,True
2026-08-10T13:25:48+03:00,datasets/crop_disease/test\Healthy\test_000888.jpg,40.01030000,-73.99930000,10.00,Healthy,0.999999,True
2026-08-10T13:25:48+03:00,datasets/crop_disease/test\Healthy\test_000889.jpg,40.01030000,-73.99920000,10.00,Healthy,0.999953,True
2026-08-10T13:25:48+03:00,datasets/crop_disease/test\Healthy\test_000890.jpg,40.01030000,-73.99910000,10.00,Healthy,0.986004,True
2026-08-10T13:25:48+03:00,datasets/crop_disease/test\Healthy\test_000891.jpg,40.01030000,-73.99900000,10.00,Healthy,0.999996,True
2026-08-10T13:25:48+03:00,datasets/crop_disease/test\Healthy\test_000892.jpg,40.01030000,-73.99890000,10.00,Healthy,0.999995,True
2026-08-10T13:25:48+03:00,datasets/crop_disease/test\Healthy\test_000893.jpg,40.01030000,-73.99880000,10.00,Healthy,0.999939,True
2026-08-10T13:25:48+03:00,datasets/crop_disease/test\Healthy\test_000894.jpg,40.01030000,-73.99870000,10.00,Healthy,0.999966,True
2026-08-10T13:25:48+03:00,datasets/crop_disease/test\Healthy\test_000895.jpg,40.01030000,-73.99860000,10.00,Healthy,1.000000,True
2026-08-10T13:25:48+03:00,datasets/crop_disease/test\Healthy\test_000896.jpg,40.01030000,-73.99850000,10.00,Healthy,0.999999,True
2026-08-10T13:25:48+03:00,datasets/crop_disease/test\Healthy\test_000897.jpg,40.01030000,-73.99840000,10.00,Healthy,0.998101,True
2026-08-10T13:25:48+03:00,datasets/crop_disease/test\Healthy\test_000898.jpg,40.01030000,-73.99830000,10.00,Healthy,0.999979,True
2026-08-10T13:25:48+03:00,datasets/crop_disease/test\Healthy\test_000899.jpg,40.01030000,-73.99820000,10.00,Healthy,0.793098,False
2026-08-10T13:25:48+03:00,datasets/crop_disease/test\Healthy\test_000900.jpg,40.01030000,-73.99810000,10.00,Healthy,0.999999,True
2026-08-10T13:25:48+03:00,datasets/crop_disease/test\Healthy\test_000901.jpg,40.01040000,-74.00000000,10.00,Healthy,0.999996,True
2026-08-10T13:25:48+03:00,datasets/crop_disease/test\Healthy\test_000902.jpg,40.01040000,-73.99990000,10.00,Healthy,1.000000,True
2026-08-10T13:25:48+03:00,datasets/crop_disease/test\Healthy\test_000903.jpg,40.01040000,-73.99980000,10.00,Healthy,0.999994,True
2026-08-10T13:25:48+03:00,datasets/crop_disease/test\Healthy\test_000904.jpg,40.01040000,-73.99970000,10.00,Healthy,0.999991,True
2026-08-10T13:25:48+03:00,datasets/crop_disease/test\Healthy\test_000905.jpg,40.01040000,-73.99960000,10.00,Healthy,0.999998,True
2026-08-10T13:25:48+03:00,datasets/crop_disease/test\Healthy\test_000906.jpg,40.01040000,-73.99950000,10.00,Healthy,0.999994,True
2026-08-10T13:25:48+03:00,datasets/crop_disease/test\Healthy\test_000907.jpg,40.01040000,-73.99940000,10.00,Healthy,1.000000,True
2026-08-10T13:25:48+03:00,datasets/crop_disease/test\Healthy\test_000908.jpg,40.01040000,-73.99930000,10.00,Healthy,0.999989,True
2026-08-10T13:25:48+03:00,datasets/crop_disease/test\Healthy\test_000909.jpg,40.01040000,-73.99920000,10.00,Healthy,0.999968,True
2026-08-10T13:25:48+03:00,datasets/crop_disease/test\Healthy\test_000910.jpg,40.01040000,-73.99910000,10.00,Healthy,0.994839,True
2026-08-10T13:25:48+03:00,datasets/crop_disease/test\Healthy\test_000911.jpg,40.01040000,-73.99900000,10.00,Healthy,0.999455,True
2026-08-10T13:25:48+03:00,datasets/crop_disease/test\Healthy\test_000912.jpg,40.01040000,-73.99890000,10.00,Healthy,0.999995,True
2026-08-10T13:25:48+03:00,datasets/crop_disease/test\Healthy\test_000913.jpg,40.01040000,-73.99880000,10.00,Healthy,0.999999,True
2026-08-10T13:25:48+03:00,datasets/crop_disease/test\Healthy\test_000914.jpg,40.01040000,-73.99870000,10.00,Healthy,0.999613,True
2026-08-10T13:25:48+03:00,datasets/crop_disease/test\Healthy\test_000915.jpg,40.01040000,-73.99860000,10.00,Healthy,0.999999,True
2026-08-10T13:25:48+03:00,datasets/crop_disease/test\Healthy\test_000916.jpg,40.01040000,-73.99850000,10.00,Healthy,0.999989,True
2026-08-10T13:25:48+03:00,datasets/crop_disease/test\Healthy\test_000917.jpg,40.01040000,-73.99840000,10.00,Healthy,1.000000,True
2026-08-10T13:25:48+03:00,datasets/crop_disease/test\Healthy\test_000918.jpg,40.01040000,-73.99830000,10.00,Healthy,0.999884,True
2026-08-10T13:25:48+03:00,datasets/crop_disease/test\Healthy\test_000919.jpg,40.01040000,-73.99820000,10.00,Healthy,0.999453,True
2026-08-10T13:25:48+03:00,datasets/crop_disease/test\Healthy\test_000920.jpg,40.01040000,-73.99810000,10.00,Healthy,0.998949,True
2026-08-10T13:25:48+03:00,datasets/crop_disease/test\Healthy\test_000921.jpg,40.01050000,-74.00000000,10.00,Healthy,0.999338,True
2026-08-10T13:25:48+03:00,datasets/crop_disease/test\Healthy\test_000922.jpg,40.01050000,-73.99990000,10.00,Healthy,0.999999,True
2026-08-10T13:25:48+03:00,datasets/crop_disease/test\Healthy\test_000923.jpg,40.01050000,-73.99980000,10.00,Healthy,0.999989,True
2026-08-10T13:25:48+03:00,datasets/crop_disease/test\Healthy\test_000924.jpg,40.01050000,-73.99970000,10.00,Healthy,0.999972,True
2026-08-10T13:25:48+03:00,datasets/crop_disease/test\Healthy\test_000925.jpg,40.01050000,-73.99960000,10.00,Healthy,0.999990,True
2026-08-10T13:25:48+03:00,datasets/crop_disease/test\Healthy\test_000926.jpg,40.01050000,-73.99950000,10.00,Healthy,0.997473,True
2026-08-10T13:25:48+03:00,datasets/crop_disease/test\Healthy\test_000927.jpg,40.01050000,-73.99940000,10.00,Healthy,0.999994,True
2026-08-10T13:25:48+03:00,datasets/crop_disease/test\Healthy\test_000928.jpg,40.01050000,-73.99930000,10.00,Healthy,0.999984,True
2026-08-10T13:25:48+03:00,datasets/crop_disease/test\Healthy\test_000929.jpg,40.01050000,-73.99920000,10.00,Healthy,0.999984,True
2026-08-10T13:25:48+03:00,datasets/crop_disease/test\Healthy\test_000930.jpg,40.01050000,-73.99910000,10.00,Healthy,0.999913,True
2026-08-10T13:25:48+03:00,datasets/crop_disease/test\Healthy\test_000931.jpg,40.01050000,-73.99900000,10.00,Healthy,0.997933,True
2026-08-10T13:25:48+03:00,datasets/crop_disease/test\Healthy\test_000932.jpg,40.01050000,-73.99890000,10.00,Healthy,0.999169,True
2026-08-10T13:25:48+03:00,datasets/crop_disease/test\Healthy\test_000933.jpg,40.01050000,-73.99880000,10.00,Healthy,0.999993,True
2026-08-10T13:25:48+03:00,datasets/crop_disease/test\Healthy\test_000934.jpg,40.01050000,-73.99870000,10.00,Healthy,0.999997,True
2026-08-10T13:25:48+03:00,datasets/crop_disease/test\Healthy\test_000935.jpg,40.01050000,-73.99860000,10.00,Healthy,0.998428,True
2026-08-10T13:25:48+03:00,datasets/crop_disease/test\Healthy\test_000936.jpg,40.01050000,-73.99850000,10.00,Healthy,0.999999,True
2026-08-10T13:25:49+03:00,datasets/crop_disease/test\Healthy\test_000937.jpg,40.01050000,-73.99840000,10.00,Healthy,0.999973,True
2026-08-10T13:25:49+03:00,datasets/crop_disease/test\Healthy\test_000938.jpg,40.01050000,-73.99830000,10.00,Healthy,1.000000,True
2026-08-10T13:25:49+03:00,datasets/crop_disease/test\Healthy\test_000939.jpg,40.01050000,-73.99820000,10.00,Healthy,0.999077,True
2026-08-10T13:25:49+03:00,datasets/crop_disease/test\Healthy\test_000940.jpg,40.01050000,-73.99810000,10.00,Healthy,0.999973,True
2026-08-10T13:25:49+03:00,datasets/crop_disease/test\Healthy\test_000941.jpg,40.01060000,-74.00000000,10.00,Healthy,0.999999,True
2026-08-10T13:25:49+03:00,datasets/crop_disease/test\Healthy\test_000942.jpg,40.01060000,-73.99990000,10.00,Healthy,0.999928,True
2026-08-10T13:25:49+03:00,datasets/crop_disease/test\Healthy\test_000943.jpg,40.01060000,-73.99980000,10.00,Healthy,0.999986,True
2026-08-10T13:25:49+03:00,datasets/crop_disease/test\Healthy\test_000944.jpg,40.01060000,-73.99970000,10.00,Healthy,0.999995,True
2026-08-10T13:25:49+03:00,datasets/crop_disease/test\Healthy\test_000945.jpg,40.01060000,-73.99960000,10.00,Healthy,0.975026,True
2026-08-10T13:25:49+03:00,datasets/crop_disease/test\Healthy\test_000946.jpg,40.01060000,-73.99950000,10.00,Healthy,0.999993,True
2026-08-10T13:25:49+03:00,datasets/crop_disease/test\Healthy\test_000947.jpg,40.01060000,-73.99940000,10.00,Healthy,0.995768,True
2026-08-10T13:25:49+03:00,datasets/crop_disease/test\Healthy\test_000948.jpg,40.01060000,-73.99930000,10.00,Healthy,0.998881,True
2026-08-10T13:25:49+03:00,datasets/crop_disease/test\Healthy\test_000949.jpg,40.01060000,-73.99920000,10.00,Healthy,0.998582,True
2026-08-10T13:25:49+03:00,datasets/crop_disease/test\Healthy\test_000950.jpg,40.01060000,-73.99910000,10.00,Healthy,0.998996,True
2026-08-10T13:25:49+03:00,datasets/crop_disease/test\Healthy\test_000951.jpg,40.01060000,-73.99900000,10.00,Healthy,0.999996,True
2026-08-10T13:25:49+03:00,datasets/crop_disease/test\Healthy\test_000952.jpg,40.01060000,-73.99890000,10.00,Healthy,0.999976,True
2026-08-10T13:25:49+03:00,datasets/crop_disease/test\Healthy\test_000953.jpg,40.01060000,-73.99880000,10.00,Healthy,0.999975,True
2026-08-10T13:25:49+03:00,datasets/crop_disease/test\Healthy\test_000954.jpg,40.01060000,-73.99870000,10.00,Healthy,0.999993,True
2026-08-10T13:25:49+03:00,datasets/crop_disease/test\Healthy\test_000955.jpg,40.01060000,-73.99860000,10.00,Healthy,0.999998,True
2026-08-10T13:25:49+03:00,datasets/crop_disease/test\Healthy\test_000956.jpg,40.01060000,-73.99850000,10.00,Healthy,1.000000,True
2026-08-10T13:25:49+03:00,datasets/crop_disease/test\Healthy\test_000957.jpg,40.01060000,-73.99840000,10.00,Healthy,1.000000,True
2026-08-10T13:25:49+03:00,datasets/crop_disease/test\Healthy\test_000958.jpg,40.01060000,-73.99830000,10.00,Healthy,0.999995,True
2026-08-10T13:25:49+03:00,datasets/crop_disease/test\Healthy\test_000959.jpg,40.01060000,-73.99820000,10.00,Healthy,0.999217,True
2026-08-10T13:25:49+03:00,datasets/crop_disease/test\Healthy\test_000960.jpg,40.01060000,-73.99810000,10.00,Healthy,0.999998,True
2026-08-10T13:25:49+03:00,datasets/crop_disease/test\Healthy\test_000961.jpg,40.01070000,-74.00000000,10.00,Healthy,0.999999,True
2026-08-10T13:25:49+03:00,datasets/crop_disease/test\Healthy\test_000962.jpg,40.01070000,-73.99990000,10.00,Healthy,0.999985,True
2026-08-10T13:25:49+03:00,datasets/crop_disease/test\Healthy\test_000963.jpg,40.01070000,-73.99980000,10.00,Healthy,0.999998,True
2026-08-10T13:25:49+03:00,datasets/crop_disease/test\Healthy\test_000964.jpg,40.01070000,-73.99970000,10.00,Healthy,0.999985,True
2026-08-10T13:25:49+03:00,datasets/crop_disease/test\Healthy\test_000965.jpg,40.01070000,-73.99960000,10.00,Healthy,0.999773,True
2026-08-10T13:25:49+03:00,datasets/crop_disease/test\Healthy\test_000966.jpg,40.01070000,-73.99950000,10.00,Healthy,0.999998,True
2026-08-10T13:25:49+03:00,datasets/crop_disease/test\Healthy\test_000967.jpg,40.01070000,-73.99940000,10.00,Healthy,0.999984,True
2026-08-10T13:25:49+03:00,datasets/crop_disease/test\Healthy\test_000968.jpg,40.01070000,-73.99930000,10.00,Healthy,0.999047,True
2026-08-10T13:25:49+03:00,datasets/crop_disease/test\Healthy\test_000969.jpg,40.01070000,-73.99920000,10.00,Healthy,0.999999,True
2026-08-10T13:25:49+03:00,datasets/crop_disease/test\Healthy\test_000970.jpg,40.01070000,-73.99910000,10.00,Healthy,0.999996,True
2026-08-10T13:25:49+03:00,datasets/crop_disease/test\Healthy\test_000971.jpg,40.01070000,-73.99900000,10.00,Healthy,0.999947,True
2026-08-10T13:25:49+03:00,datasets/crop_disease/test\Healthy\test_000972.jpg,40.01070000,-73.99890000,10.00,Healthy,0.999965,True
2026-08-10T13:25:49+03:00,datasets/crop_disease/test\Healthy\test_000973.jpg,40.01070000,-73.99880000,10.00,Healthy,0.999994,True
2026-08-10T13:25:49+03:00,datasets/crop_disease/test\Healthy\test_000974.jpg,40.01070000,-73.99870000,10.00,Healthy,0.999998,True
2026-08-10T13:25:49+03:00,datasets/crop_disease/test\Healthy\test_000975.jpg,40.01070000,-73.99860000,10.00,Healthy,0.999155,True
2026-08-10T13:25:49+03:00,datasets/crop_disease/test\Healthy\test_000976.jpg,40.01070000,-73.99850000,10.00,Healthy,0.999961,True
2026-08-10T13:25:49+03:00,datasets/crop_disease/test\Healthy\test_000977.jpg,40.01070000,-73.99840000,10.00,Healthy,0.999999,True
2026-08-10T13:25:49+03:00,datasets/crop_disease/test\Healthy\test_000978.jpg,40.01070000,-73.99830000,10.00,Healthy,0.999944,True
2026-08-10T13:25:49+03:00,datasets/crop_disease/test\Healthy\test_000979.jpg,40.01070000,-73.99820000,10.00,Healthy,0.999999,True
2026-08-10T13:25:49+03:00,datasets/crop_disease/test\Healthy\test_000980.jpg,40.01070000,-73.99810000,10.00,Healthy,0.999979,True
2026-08-10T13:25:49+03:00,datasets/crop_disease/test\Healthy\test_000981.jpg,40.01080000,-74.00000000,10.00,Healthy,0.999917,True
2026-08-10T13:25:49+03:00,datasets/crop_disease/test\Healthy\test_000982.jpg,40.01080000,-73.99990000,10.00,Healthy,0.997434,True
2026-08-10T13:25:49+03:00,datasets/crop_disease/test\Healthy\test_000983.jpg,40.01080000,-73.99980000,10.00,Healthy,0.999982,True
2026-08-10T13:25:49+03:00,datasets/crop_disease/test\Healthy\test_000984.jpg,40.01080000,-73.99970000,10.00,Healthy,0.999485,True
2026-08-10T13:25:49+03:00,datasets/crop_disease/test\Healthy\test_000985.jpg,40.01080000,-73.99960000,10.00,Healthy,0.999982,True
2026-08-10T13:25:49+03:00,datasets/crop_disease/test\Healthy\test_000986.jpg,40.01080000,-73.99950000,10.00,Healthy,1.000000,True
2026-08-10T13:25:49+03:00,datasets/crop_disease/test\Healthy\test_000987.jpg,40.01080000,-73.99940000,10.00,Healthy,0.999895,True
2026-08-10T13:25:49+03:00,datasets/crop_disease/test\Healthy\test_000988.jpg,40.01080000,-73.99930000,10.00,Healthy,0.999926,True
2026-08-10T13:25:49+03:00,datasets/crop_disease/test\Healthy\test_000989.jpg,40.01080000,-73.99920000,10.00,Healthy,1.000000,True
2026-08-10T13:25:49+03:00,datasets/crop_disease/test\Healthy\test_000990.jpg,40.01080000,-73.99910000,10.00,Healthy,0.999998,True
2026-08-10T13:25:49+03:00,datasets/crop_disease/test\Healthy\test_000991.jpg,40.01080000,-73.99900000,10.00,Healthy,0.999916,True
2026-08-10T13:25:49+03:00,datasets/crop_disease/test\Healthy\test_000992.jpg,40.01080000,-73.99890000,10.00,Healthy,0.999815,True
2026-08-10T13:25:49+03:00,datasets/crop_disease/test\Healthy\test_000993.jpg,40.01080000,-73.99880000,10.00,Healthy,0.999876,True
2026-08-10T13:25:49+03:00,datasets/crop_disease/test\Healthy\test_000994.jpg,40.01080000,-73.99870000,10.00,Healthy,1.000000,True
2026-08-10T13:25:49+03:00,datasets/crop_disease/test\Healthy\test_000995.jpg,40.01080000,-73.99860000,10.00,Healthy,0.999907,True
2026-08-10T13:25:49+03:00,datasets/crop_disease/test\Healthy\test_000996.jpg,40.01080000,-73.99850000,10.00,Healthy,0.999417,True
2026-08-10T13:25:49+03:00,datasets/crop_disease/test\Healthy\test_000997.jpg,40.01080000,-73.99840000,10.00,Healthy,0.999998,True
2026-08-10T13:25:49+03:00,datasets/crop_disease/test\Healthy\test_000998.jpg,40.01080000,-73.99830000,10.00,Healthy,1.000000,True
2026-08-10T13:25:49+03:00,datasets/crop_disease/test\Healthy\test_000999.jpg,40.01080000,-73.99820000,10.00,Healthy,0.999512,True
2026-08-10T13:25:49+03:00,datasets/crop_disease/test\Healthy\test_001000.jpg,40.01080000,-73.99810000,10.00,Healthy,0.999982,True
2026-08-10T13:25:49+03:00,datasets/crop_disease/test\Healthy\test_001001.jpg,40.01090000,-74.00000000,10.00,Healthy,1.000000,True
2026-08-10T13:25:49+03:00,datasets/crop_disease/test\Healthy\test_001002.jpg,40.01090000,-73.99990000,10.00,Healthy,0.998843,True
2026-08-10T13:25:49+03:00,datasets/crop_disease/test\Healthy\test_001003.jpg,40.01090000,-73.99980000,10.00,Healthy,0.999991,True
2026-08-10T13:25:49+03:00,datasets/crop_disease/test\Healthy\test_001004.jpg,40.01090000,-73.99970000,10.00,Healthy,0.999996,True
2026-08-10T13:25:49+03:00,datasets/crop_disease/test\Healthy\test_001005.jpg,40.01090000,-73.99960000,10.00,Healthy,0.999239,True
2026-08-10T13:25:49+03:00,datasets/crop_disease/test\Healthy\test_001006.jpg,40.01090000,-73.99950000,10.00,Healthy,0.983620,True
2026-08-10T13:25:49+03:00,datasets/crop_disease/test\Healthy\test_001007.jpg,40.01090000,-73.99940000,10.00,Healthy,1.000000,True
2026-08-10T13:25:49+03:00,datasets/crop_disease/test\Healthy\test_001008.jpg,40.01090000,-73.99930000,10.00,Healthy,0.999998,True
2026-08-10T13:25:49+03:00,datasets/crop_disease/test\Healthy\test_001009.jpg,40.01090000,-73.99920000,10.00,Healthy,0.999725,True
2026-08-10T13:25:49+03:00,datasets/crop_disease/test\Healthy\test_001010.jpg,40.01090000,-73.99910000,10.00,Healthy,0.999944,True
2026-08-10T13:25:49+03:00,datasets/crop_disease/test\Healthy\test_001011.jpg,40.01090000,-73.99900000,10.00,Healthy,0.997218,True
2026-08-10T13:25:49+03:00,datasets/crop_disease/test\Healthy\test_001012.jpg,40.01090000,-73.99890000,10.00,Healthy,0.999861,True
2026-08-10T13:25:49+03:00,datasets/crop_disease/test\Healthy\test_001013.jpg,40.01090000,-73.99880000,10.00,Healthy,0.995446,True
2026-08-10T13:25:50+03:00,datasets/crop_disease/test\Healthy\test_001014.jpg,40.01090000,-73.99870000,10.00,Healthy,0.999919,True
2026-08-10T13:25:50+03:00,datasets/crop_disease/test\Healthy\test_001015.jpg,40.01090000,-73.99860000,10.00,Healthy,0.997935,True
2026-08-10T13:25:50+03:00,datasets/crop_disease/test\Healthy\test_001016.jpg,40.01090000,-73.99850000,10.00,Healthy,0.999999,True
2026-08-10T13:25:50+03:00,datasets/crop_disease/test\Healthy\test_001017.jpg,40.01090000,-73.99840000,10.00,Healthy,0.999650,True
2026-08-10T13:25:50+03:00,datasets/crop_disease/test\Healthy\test_001018.jpg,40.01090000,-73.99830000,10.00,Healthy,1.000000,True
2026-08-10T13:25:50+03:00,datasets/crop_disease/test\Healthy\test_001019.jpg,40.01090000,-73.99820000,10.00,Healthy,0.999846,True
2026-08-10T13:25:50+03:00,datasets/crop_disease/test\Healthy\test_001020.jpg,40.01090000,-73.99810000,10.00,Healthy,0.997314,True
2026-08-10T13:25:50+03:00,datasets/crop_disease/test\Healthy\test_001021.jpg,40.01100000,-74.00000000,10.00,Healthy,0.999997,True
2026-08-10T13:25:50+03:00,datasets/crop_disease/test\Healthy\test_001022.jpg,40.01100000,-73.99990000,10.00,Healthy,0.999977,True
2026-08-10T13:25:50+03:00,datasets/crop_disease/test\Healthy\test_001023.jpg,40.01100000,-73.99980000,10.00,Healthy,0.999964,True
2026-08-10T13:25:50+03:00,datasets/crop_disease/test\Healthy\test_001024.jpg,40.01100000,-73.99970000,10.00,Healthy,0.999993,True
2026-08-10T13:25:50+03:00,datasets/crop_disease/test\Healthy\test_001025.jpg,40.01100000,-73.99960000,10.00,Healthy,0.999998,True
2026-08-10T13:25:50+03:00,datasets/crop_disease/test\Healthy\test_001026.jpg,40.01100000,-73.99950000,10.00,Healthy,0.999519,True
2026-08-10T13:25:50+03:00,datasets/crop_disease/test\Healthy\test_001027.jpg,40.01100000,-73.99940000,10.00,Healthy,0.999700,True
2026-08-10T13:25:50+03:00,datasets/crop_disease/test\Healthy\test_001028.jpg,40.01100000,-73.99930000,10.00,Healthy,0.998127,True
2026-08-10T13:25:50+03:00,datasets/crop_disease/test\Healthy\test_001029.jpg,40.01100000,-73.99920000,10.00,Healthy,0.999747,True
2026-08-10T13:25:50+03:00,datasets/crop_disease/test\Healthy\test_001030.jpg,40.01100000,-73.99910000,10.00,Healthy,0.997786,True
2026-08-10T13:25:50+03:00,datasets/crop_disease/test\Healthy\test_001031.jpg,40.01100000,-73.99900000,10.00,Healthy,0.999994,True
2026-08-10T13:25:50+03:00,datasets/crop_disease/test\Healthy\test_001032.jpg,40.01100000,-73.99890000,10.00,Healthy,0.999944,True
2026-08-10T13:25:50+03:00,datasets/crop_disease/test\Healthy\test_001033.jpg,40.01100000,-73.99880000,10.00,Healthy,0.999979,True
2026-08-10T13:25:50+03:00,datasets/crop_disease/test\Healthy\test_001034.jpg,40.01100000,-73.99870000,10.00,Healthy,0.999892,True
2026-08-10T13:25:50+03:00,datasets/crop_disease/test\Healthy\test_001035.jpg,40.01100000,-73.99860000,10.00,Healthy,0.962022,True
2026-08-10T13:25:50+03:00,datasets/crop_disease/test\Healthy\test_001036.jpg,40.01100000,-73.99850000,10.00,Healthy,0.999986,True
2026-08-10T13:25:50+03:00,datasets/crop_disease/test\Healthy\test_001037.jpg,40.01100000,-73.99840000,10.00,Healthy,0.986922,True
2026-08-10T13:25:50+03:00,datasets/crop_disease/test\Healthy\test_001038.jpg,40.01100000,-73.99830000,10.00,Healthy,0.997820,True
2026-08-10T13:25:50+03:00,datasets/crop_disease/test\Healthy\test_001039.jpg,40.01100000,-73.99820000,10.00,Healthy,0.999960,True
2026-08-10T13:25:50+03:00,datasets/crop_disease/test\Healthy\test_001040.jpg,40.01100000,-73.99810000,10.00,Healthy,0.999998,True
2026-08-10T13:25:50+03:00,datasets/crop_disease/test\Healthy\test_001041.jpg,40.01110000,-74.00000000,10.00,Healthy,0.999998,True
2026-08-10T13:25:50+03:00,datasets/crop_disease/test\Healthy\test_001042.jpg,40.01110000,-73.99990000,10.00,Healthy,0.999877,True
2026-08-10T13:25:50+03:00,datasets/crop_disease/test\Healthy\test_001043.jpg,40.01110000,-73.99980000,10.00,Healthy,0.999986,True
2026-08-10T13:25:50+03:00,datasets/crop_disease/test\Healthy\test_001044.jpg,40.01110000,-73.99970000,10.00,Healthy,0.999477,True
2026-08-10T13:25:50+03:00,datasets/crop_disease/test\Healthy\test_001045.jpg,40.01110000,-73.99960000,10.00,Healthy,1.000000,True
2026-08-10T13:25:50+03:00,datasets/crop_disease/test\Healthy\test_001046.jpg,40.01110000,-73.99950000,10.00,Healthy,0.999932,True
2026-08-10T13:25:50+03:00,datasets/crop_disease/test\Healthy\test_001047.jpg,40.01110000,-73.99940000,10.00,Healthy,0.999994,True
2026-08-10T13:25:50+03:00,datasets/crop_disease/test\Healthy\test_001048.jpg,40.01110000,-73.99930000,10.00,Healthy,0.997515,True
2026-08-10T13:25:50+03:00,datasets/crop_disease/test\Healthy\test_001049.jpg,40.01110000,-73.99920000,10.00,Healthy,0.988710,True
2026-08-10T13:25:50+03:00,datasets/crop_disease/test\Healthy\test_001050.jpg,40.01110000,-73.99910000,10.00,Healthy,0.999998,True
2026-08-10T13:25:50+03:00,datasets/crop_disease/test\Healthy\test_001051.jpg,40.01110000,-73.99900000,10.00,Healthy,0.999977,True
2026-08-10T13:25:50+03:00,datasets/crop_disease/test\Healthy\test_001052.jpg,40.01110000,-73.99890000,10.00,Healthy,0.999999,True
2026-08-10T13:25:50+03:00,datasets/crop_disease/test\Healthy\test_001053.jpg,40.01110000,-73.99880000,10.00,Healthy,0.999705,True
2026-08-10T13:25:50+03:00,datasets/crop_disease/test\Healthy\test_001054.jpg,40.01110000,-73.99870000,10.00,Healthy,0.999929,True
2026-08-10T13:25:50+03:00,datasets/crop_disease/test\Healthy\test_001055.jpg,40.01110000,-73.99860000,10.00,Healthy,0.999844,True
2026-08-10T13:25:50+03:00,datasets/crop_disease/test\Healthy\test_001056.jpg,40.01110000,-73.99850000,10.00,Healthy,0.999959,True
2026-08-10T13:25:50+03:00,datasets/crop_disease/test\Healthy\test_001057.jpg,40.01110000,-73.99840000,10.00,Healthy,1.000000,True
2026-08-10T13:25:50+03:00,datasets/crop_disease/test\Healthy\test_001058.jpg,40.01110000,-73.99830000,10.00,Healthy,0.999990,True
2026-08-10T13:25:50+03:00,datasets/crop_disease/test\Healthy\test_001059.jpg,40.01110000,-73.99820000,10.00,Healthy,1.000000,True
2026-08-10T13:25:50+03:00,datasets/crop_disease/test\Healthy\test_001060.jpg,40.01110000,-73.99810000,10.00,Healthy,0.995376,True
2026-08-10T13:25:50+03:00,datasets/crop_disease/test\Healthy\test_001061.jpg,40.01120000,-74.00000000,10.00,Healthy,0.998429,True
2026-08-10T13:25:50+03:00,datasets/crop_disease/test\Healthy\test_001062.jpg,40.01120000,-73.99990000,10.00,Healthy,0.999918,True
2026-08-10T13:25:50+03:00,datasets/crop_disease/test\Healthy\test_001063.jpg,40.01120000,-73.99980000,10.00,Healthy,0.999942,True
2026-08-10T13:25:50+03:00,datasets/crop_disease/test\Healthy\test_001064.jpg,40.01120000,-73.99970000,10.00,Healthy,0.999918,True
2026-08-10T13:25:50+03:00,datasets/crop_disease/test\Healthy\test_001065.jpg,40.01120000,-73.99960000,10.00,Healthy,0.999872,True
2026-08-10T13:25:50+03:00,datasets/crop_disease/test\Healthy\test_001066.jpg,40.01120000,-73.99950000,10.00,Healthy,0.999968,True
2026-08-10T13:25:50+03:00,datasets/crop_disease/test\Healthy\test_001067.jpg,40.01120000,-73.99940000,10.00,Healthy,0.999971,True
2026-08-10T13:25:50+03:00,datasets/crop_disease/test\Healthy\test_001068.jpg,40.01120000,-73.99930000,10.00,Healthy,0.999949,True
2026-08-10T13:25:50+03:00,datasets/crop_disease/test\Healthy\test_001069.jpg,40.01120000,-73.99920000,10.00,Healthy,0.999999,True
2026-08-10T13:25:50+03:00,datasets/crop_disease/test\Healthy\test_001070.jpg,40.01120000,-73.99910000,10.00,Healthy,0.999958,True
2026-08-10T13:25:50+03:00,datasets/crop_disease/test\Healthy\test_001071.jpg,40.01120000,-73.99900000,10.00,Healthy,0.999757,True
2026-08-10T13:25:50+03:00,datasets/crop_disease/test\Healthy\test_001072.jpg,40.01120000,-73.99890000,10.00,Healthy,0.999993,True
2026-08-10T13:25:50+03:00,datasets/crop_disease/test\Healthy\test_001073.jpg,40.01120000,-73.99880000,10.00,Healthy,0.999864,True
2026-08-10T13:25:50+03:00,datasets/crop_disease/test\Healthy\test_001074.jpg,40.01120000,-73.99870000,10.00,Healthy,0.952068,True
2026-08-10T13:25:50+03:00,datasets/crop_disease/test\Healthy\test_001075.jpg,40.01120000,-73.99860000,10.00,Healthy,0.998579,True
2026-08-10T13:25:50+03:00,datasets/crop_disease/test\Healthy\test_001076.jpg,40.01120000,-73.99850000,10.00,Healthy,0.999999,True
2026-08-10T13:25:50+03:00,datasets/crop_disease/test\Healthy\test_001077.jpg,40.01120000,-73.99840000,10.00,Healthy,0.999999,True
2026-08-10T13:25:50+03:00,datasets/crop_disease/test\Healthy\test_001078.jpg,40.01120000,-73.99830000,10.00,Healthy,0.998284,True
2026-08-10T13:25:50+03:00,datasets/crop_disease/test\Healthy\test_001079.jpg,40.01120000,-73.99820000,10.00,Healthy,1.000000,True
2026-08-10T13:25:50+03:00,datasets/crop_disease/test\Healthy\test_001080.jpg,40.01120000,-73.99810000,10.00,Healthy,0.985902,True
2026-08-10T13:25:50+03:00,datasets/crop_disease/test\Healthy\test_001081.jpg,40.01130000,-74.00000000,10.00,Healthy,0.998719,True
2026-08-10T13:25:50+03:00,datasets/crop_disease/test\Healthy\test_001082.jpg,40.01130000,-73.99990000,10.00,Healthy,0.999902,True
2026-08-10T13:25:50+03:00,datasets/crop_disease/test\Healthy\test_001083.jpg,40.01130000,-73.99980000,10.00,Healthy,0.999440,True
2026-08-10T13:25:50+03:00,datasets/crop_disease/test\Healthy\test_001084.jpg,40.01130000,-73.99970000,10.00,Healthy,0.997761,True
2026-08-10T13:25:50+03:00,datasets/crop_disease/test\Healthy\test_001085.jpg,40.01130000,-73.99960000,10.00,Healthy,0.999521,True
2026-08-10T13:25:50+03:00,datasets/crop_disease/test\Healthy\test_001086.jpg,40.01130000,-73.99950000,10.00,Healthy,0.999702,True
2026-08-10T13:25:50+03:00,datasets/crop_disease/test\Healthy\test_001087.jpg,40.01130000,-73.99940000,10.00,Healthy,0.999961,True
2026-08-10T13:25:50+03:00,datasets/crop_disease/test\Healthy\test_001088.jpg,40.01130000,-73.99930000,10.00,Healthy,1.000000,True
2026-08-10T13:25:50+03:00,datasets/crop_disease/test\Healthy\test_001089.jpg,40.01130000,-73.99920000,10.00,Healthy,0.999961,True
2026-08-10T13:25:50+03:00,datasets/crop_disease/test\Healthy\test_001090.jpg,40.01130000,-73.99910000,10.00,Healthy,0.999956,True
2026-08-10T13:25:50+03:00,datasets/crop_disease/test\Healthy\test_001091.jpg,40.01130000,-73.99900000,10.00,Healthy,0.999761,True
2026-08-10T13:25:50+03:00,datasets/crop_disease/test\Healthy\test_001092.jpg,40.01130000,-73.99890000,10.00,Healthy,0.999986,True
2026-08-10T13:25:51+03:00,datasets/crop_disease/test\Healthy\test_001093.jpg,40.01130000,-73.99880000,10.00,Healthy,0.999999,True
2026-08-10T13:25:51+03:00,datasets/crop_disease/test\Healthy\test_001094.jpg,40.01130000,-73.99870000,10.00,Healthy,0.977412,True
2026-08-10T13:25:51+03:00,datasets/crop_disease/test\Healthy\test_001095.jpg,40.01130000,-73.99860000,10.00,Healthy,0.999923,True
2026-08-10T13:25:51+03:00,datasets/crop_disease/test\Healthy\test_001096.jpg,40.01130000,-73.99850000,10.00,Healthy,0.999995,True
2026-08-10T13:25:51+03:00,datasets/crop_disease/test\Healthy\test_001097.jpg,40.01130000,-73.99840000,10.00,Healthy,0.999865,True
2026-08-10T13:25:51+03:00,datasets/crop_disease/test\Healthy\test_001098.jpg,40.01130000,-73.99830000,10.00,Healthy,0.999895,True
2026-08-10T13:25:51+03:00,datasets/crop_disease/test\Healthy\test_001099.jpg,40.01130000,-73.99820000,10.00,Healthy,0.999995,True
2026-08-10T13:25:51+03:00,datasets/crop_disease/test\Healthy\test_001100.jpg,40.01130000,-73.99810000,10.00,Healthy,0.998908,True
2026-08-10T13:25:51+03:00,datasets/crop_disease/test\Healthy\test_001101.jpg,40.01140000,-74.00000000,10.00,Healthy,0.999965,True
2026-08-10T13:25:51+03:00,datasets/crop_disease/test\Healthy\test_001102.jpg,40.01140000,-73.99990000,10.00,Healthy,0.999988,True
2026-08-10T13:25:51+03:00,datasets/crop_disease/test\Healthy\test_001103.jpg,40.01140000,-73.99980000,10.00,Healthy,0.996825,True
2026-08-10T13:25:51+03:00,datasets/crop_disease/test\Healthy\test_001104.jpg,40.01140000,-73.99970000,10.00,Healthy,0.997825,True
2026-08-10T13:25:51+03:00,datasets/crop_disease/test\Healthy\test_001105.jpg,40.01140000,-73.99960000,10.00,Healthy,0.997640,True
2026-08-10T13:25:51+03:00,datasets/crop_disease/test\Healthy\test_001106.jpg,40.01140000,-73.99950000,10.00,Healthy,0.999918,True
2026-08-10T13:25:51+03:00,datasets/crop_disease/test\Healthy\test_001107.jpg,40.01140000,-73.99940000,10.00,Healthy,0.999983,True
2026-08-10T13:25:51+03:00,datasets/crop_disease/test\Healthy\test_001108.jpg,40.01140000,-73.99930000,10.00,Healthy,0.999935,True
2026-08-10T13:25:51+03:00,datasets/crop_disease/test\Healthy\test_001109.jpg,40.01140000,-73.99920000,10.00,Healthy,0.999831,True
2026-08-10T13:25:51+03:00,datasets/crop_disease/test\Healthy\test_001110.jpg,40.01140000,-73.99910000,10.00,Healthy,0.999995,True
2026-08-10T13:25:51+03:00,datasets/crop_disease/test\Healthy\test_001111.jpg,40.01140000,-73.99900000,10.00,Healthy,0.999993,True
2026-08-10T13:25:51+03:00,datasets/crop_disease/test\Healthy\test_001112.jpg,40.01140000,-73.99890000,10.00,Healthy,0.999992,True
2026-08-10T13:25:51+03:00,datasets/crop_disease/test\Healthy\test_001113.jpg,40.01140000,-73.99880000,10.00,Healthy,0.986438,True
2026-08-10T13:25:51+03:00,datasets/crop_disease/test\Healthy\test_001114.jpg,40.01140000,-73.99870000,10.00,Healthy,0.999992,True
2026-08-10T13:25:51+03:00,datasets/crop_disease/test\Healthy\test_001115.jpg,40.01140000,-73.99860000,10.00,Healthy,0.999987,True
2026-08-10T13:25:51+03:00,datasets/crop_disease/test\Healthy\test_001116.jpg,40.01140000,-73.99850000,10.00,Healthy,0.999977,True
2026-08-10T13:25:51+03:00,datasets/crop_disease/test\Healthy\test_001117.jpg,40.01140000,-73.99840000,10.00,Healthy,1.000000,True
2026-08-10T13:25:51+03:00,datasets/crop_disease/test\Healthy\test_001118.jpg,40.01140000,-73.99830000,10.00,Healthy,0.999992,True
2026-08-10T13:25:51+03:00,datasets/crop_disease/test\Healthy\test_001119.jpg,40.01140000,-73.99820000,10.00,Healthy,0.999498,True
2026-08-10T13:25:51+03:00,datasets/crop_disease/test\Healthy\test_001120.jpg,40.01140000,-73.99810000,10.00,Healthy,0.998188,True
2026-08-10T13:25:51+03:00,datasets/crop_disease/test\Healthy\test_001121.jpg,40.01150000,-74.00000000,10.00,Healthy,0.999988,True
2026-08-10T13:25:51+03:00,datasets/crop_disease/test\Healthy\test_001122.jpg,40.01150000,-73.99990000,10.00,Healthy,0.999802,True
2026-08-10T13:25:51+03:00,datasets/crop_disease/test\Healthy\test_001123.jpg,40.01150000,-73.99980000,10.00,Healthy,0.999984,True
2026-08-10T13:25:51+03:00,datasets/crop_disease/test\Healthy\test_001124.jpg,40.01150000,-73.99970000,10.00,Healthy,0.998896,True
2026-08-10T13:25:51+03:00,datasets/crop_disease/test\Healthy\test_001125.jpg,40.01150000,-73.99960000,10.00,Healthy,0.999509,True
2026-08-10T13:25:51+03:00,datasets/crop_disease/test\Healthy\test_001126.jpg,40.01150000,-73.99950000,10.00,Healthy,0.999942,True
2026-08-10T13:25:51+03:00,datasets/crop_disease/test\Healthy\test_001127.jpg,40.01150000,-73.99940000,10.00,Healthy,0.999993,True
2026-08-10T13:25:51+03:00,datasets/crop_disease/test\Healthy\test_001128.jpg,40.01150000,-73.99930000,10.00,Healthy,0.999715,True
2026-08-10T13:25:51+03:00,datasets/crop_disease/test\Healthy\test_001129.jpg,40.01150000,-73.99920000,10.00,Healthy,0.998455,True
2026-08-10T13:25:51+03:00,datasets/crop_disease/test\Healthy\test_001130.jpg,40.01150000,-73.99910000,10.00,Healthy,0.999999,True
2026-08-10T13:25:51+03:00,datasets/crop_disease/test\Healthy\test_001131.jpg,40.01150000,-73.99900000,10.00,Healthy,0.999947,True
2026-08-10T13:25:51+03:00,datasets/crop_disease/test\Healthy\test_001132.jpg,40.01150000,-73.99890000,10.00,Healthy,0.999869,True
2026-08-10T13:25:51+03:00,datasets/crop_disease/test\Healthy\test_001133.jpg,40.01150000,-73.99880000,10.00,Healthy,0.999997,True
2026-08-10T13:25:51+03:00,datasets/crop_disease/test\Healthy\test_001134.jpg,40.01150000,-73.99870000,10.00,Healthy,0.994799,True
2026-08-10T13:25:51+03:00,datasets/crop_disease/test\Healthy\test_001135.jpg,40.01150000,-73.99860000,10.00,Healthy,1.000000,True
2026-08-10T13:25:51+03:00,datasets/crop_disease/test\Healthy\test_001136.jpg,40.01150000,-73.99850000,10.00,Healthy,0.999996,True
2026-08-10T13:25:51+03:00,datasets/crop_disease/test\Healthy\test_001137.jpg,40.01150000,-73.99840000,10.00,Healthy,0.999949,True
2026-08-10T13:25:51+03:00,datasets/crop_disease/test\Healthy\test_001138.jpg,40.01150000,-73.99830000,10.00,Healthy,0.999979,True
2026-08-10T13:25:51+03:00,datasets/crop_disease/test\Healthy\test_001139.jpg,40.01150000,-73.99820000,10.00,Healthy,0.999998,True
2026-08-10T13:25:51+03:00,datasets/crop_disease/test\Healthy\test_001140.jpg,40.01150000,-73.99810000,10.00,Healthy,0.999808,True
2026-08-10T13:25:51+03:00,datasets/crop_disease/test\Healthy\test_001141.jpg,40.01160000,-74.00000000,10.00,Healthy,1.000000,True
2026-08-10T13:25:51+03:00,datasets/crop_disease/test\Healthy\test_001142.jpg,40.01160000,-73.99990000,10.00,Healthy,0.999998,True
2026-08-10T13:25:51+03:00,datasets/crop_disease/test\Healthy\test_001143.jpg,40.01160000,-73.99980000,10.00,Healthy,0.999660,True
2026-08-10T13:25:51+03:00,datasets/crop_disease/test\Healthy\test_001144.jpg,40.01160000,-73.99970000,10.00,Healthy,0.999933,True
2026-08-10T13:25:51+03:00,datasets/crop_disease/test\Healthy\test_001145.jpg,40.01160000,-73.99960000,10.00,Healthy,0.999299,True
2026-08-10T13:25:51+03:00,datasets/crop_disease/test\Healthy\test_001146.jpg,40.01160000,-73.99950000,10.00,Healthy,0.999928,True
2026-08-10T13:25:51+03:00,datasets/crop_disease/test\Healthy\test_001147.jpg,40.01160000,-73.99940000,10.00,Healthy,0.999944,True
2026-08-10T13:25:51+03:00,datasets/crop_disease/test\Healthy\test_001148.jpg,40.01160000,-73.99930000,10.00,Healthy,0.999986,True
2026-08-10T13:25:51+03:00,datasets/crop_disease/test\Healthy\test_001149.jpg,40.01160000,-73.99920000,10.00,Healthy,0.999992,True
2026-08-10T13:25:51+03:00,datasets/crop_disease/test\Healthy\test_001150.jpg,40.01160000,-73.99910000,10.00,Healthy,0.999995,True
2026-08-10T13:25:51+03:00,datasets/crop_disease/test\Healthy\test_001151.jpg,40.01160000,-73.99900000,10.00,Healthy,0.999908,True
2026-08-10T13:25:51+03:00,datasets/crop_disease/test\Healthy\test_001152.jpg,40.01160000,-73.99890000,10.00,Healthy,0.999998,True
2026-08-10T13:25:51+03:00,datasets/crop_disease/test\Healthy\test_001153.jpg,40.01160000,-73.99880000,10.00,Healthy,0.999044,True
2026-08-10T13:25:51+03:00,datasets/crop_disease/test\Healthy\test_001154.jpg,40.01160000,-73.99870000,10.00,Healthy,0.999999,True
2026-08-10T13:25:51+03:00,datasets/crop_disease/test\Healthy\test_001155.jpg,40.01160000,-73.99860000,10.00,Healthy,0.999975,True
2026-08-10T13:25:51+03:00,datasets/crop_disease/test\Healthy\test_001156.jpg,40.01160000,-73.99850000,10.00,Healthy,0.999982,True
2026-08-10T13:25:51+03:00,datasets/crop_disease/test\Healthy\test_001157.jpg,40.01160000,-73.99840000,10.00,Healthy,0.999989,True
2026-08-10T13:25:51+03:00,datasets/crop_disease/test\Healthy\test_001158.jpg,40.01160000,-73.99830000,10.00,Healthy,0.999422,True
2026-08-10T13:25:51+03:00,datasets/crop_disease/test\Healthy\test_001159.jpg,40.01160000,-73.99820000,10.00,Healthy,0.999997,True
2026-08-10T13:25:51+03:00,datasets/crop_disease/test\Healthy\test_001160.jpg,40.01160000,-73.99810000,10.00,Healthy,0.999935,True
2026-08-10T13:25:51+03:00,datasets/crop_disease/test\Healthy\test_001161.jpg,40.01170000,-74.00000000,10.00,Healthy,0.999821,True
2026-08-10T13:25:51+03:00,datasets/crop_disease/test\Healthy\test_001162.jpg,40.01170000,-73.99990000,10.00,Healthy,1.000000,True
2026-08-10T13:25:51+03:00,datasets/crop_disease/test\Healthy\test_001163.jpg,40.01170000,-73.99980000,10.00,Healthy,1.000000,True
2026-08-10T13:25:51+03:00,datasets/crop_disease/test\Healthy\test_001164.jpg,40.01170000,-73.99970000,10.00,Healthy,0.989871,True
2026-08-10T13:25:51+03:00,datasets/crop_disease/test\Healthy\test_001165.jpg,40.01170000,-73.99960000,10.00,Healthy,0.999969,True
2026-08-10T13:25:51+03:00,datasets/crop_disease/test\Healthy\test_001166.jpg,40.01170000,-73.99950000,10.00,Healthy,1.000000,True
2026-08-10T13:25:51+03:00,datasets/crop_disease/test\Healthy\test_001167.jpg,40.01170000,-73.99940000,10.00,Healthy,0.999977,True
2026-08-10T13:25:52+03:00,datasets/crop_disease/test\Healthy\test_001168.jpg,40.01170000,-73.99930000,10.00,Healthy,0.990144,True
2026-08-10T13:25:52+03:00,datasets/crop_disease/test\Healthy\test_001169.jpg,40.01170000,-73.99920000,10.00,Healthy,0.999986,True
2026-08-10T13:25:52+03:00,datasets/crop_disease/test\Healthy\test_001170.jpg,40.01170000,-73.99910000,10.00,Healthy,0.999993,True
2026-08-10T13:25:52+03:00,datasets/crop_disease/test\Healthy\test_001171.jpg,40.01170000,-73.99900000,10.00,Healthy,0.995078,True
2026-08-10T13:25:52+03:00,datasets/crop_disease/test\Healthy\test_001172.jpg,40.01170000,-73.99890000,10.00,Healthy,0.999997,True
2026-08-10T13:25:52+03:00,datasets/crop_disease/test\Healthy\test_001173.jpg,40.01170000,-73.99880000,10.00,Healthy,0.999881,True
2026-08-10T13:25:52+03:00,datasets/crop_disease/test\Healthy\test_001174.jpg,40.01170000,-73.99870000,10.00,Healthy,0.999997,True
2026-08-10T13:25:52+03:00,datasets/crop_disease/test\Healthy\test_001175.jpg,40.01170000,-73.99860000,10.00,Healthy,1.000000,True
2026-08-10T13:25:52+03:00,datasets/crop_disease/test\Healthy\test_001176.jpg,40.01170000,-73.99850000,10.00,Healthy,0.998562,True
2026-08-10T13:25:52+03:00,datasets/crop_disease/test\Healthy\test_001177.jpg,40.01170000,-73.99840000,10.00,Healthy,0.999985,True
2026-08-10T13:25:52+03:00,datasets/crop_disease/test\Healthy\test_001178.jpg,40.01170000,-73.99830000,10.00,Healthy,1.000000,True
2026-08-10T13:25:52+03:00,datasets/crop_disease/test\Healthy\test_001179.jpg,40.01170000,-73.99820000,10.00,Healthy,0.999983,True
2026-08-10T13:25:52+03:00,datasets/crop_disease/test\Healthy\test_001180.jpg,40.01170000,-73.99810000,10.00,Healthy,0.999996,True
2026-08-10T13:25:52+03:00,datasets/crop_disease/test\Healthy\test_001181.jpg,40.01180000,-74.00000000,10.00,Healthy,1.000000,True
2026-08-10T13:25:52+03:00,datasets/crop_disease/test\Healthy\test_001182.jpg,40.01180000,-73.99990000,10.00,Healthy,0.999978,True
2026-08-10T13:25:52+03:00,datasets/crop_disease/test\Healthy\test_001183.jpg,40.01180000,-73.99980000,10.00,Healthy,0.999996,True
2026-08-10T13:25:52+03:00,datasets/crop_disease/test\Healthy\test_001184.jpg,40.01180000,-73.99970000,10.00,Healthy,1.000000,True
2026-08-10T13:25:52+03:00,datasets/crop_disease/test\Healthy\test_001185.jpg,40.01180000,-73.99960000,10.00,Healthy,0.999538,True
2026-08-10T13:25:52+03:00,datasets/crop_disease/test\Healthy\test_001186.jpg,40.01180000,-73.99950000,10.00,Healthy,0.999795,True
2026-08-10T13:25:52+03:00,datasets/crop_disease/test\Healthy\test_001187.jpg,40.01180000,-73.99940000,10.00,Healthy,0.999992,True
2026-08-10T13:25:52+03:00,datasets/crop_disease/test\Healthy\test_001188.jpg,40.01180000,-73.99930000,10.00,Healthy,0.997259,True
2026-08-10T13:25:52+03:00,datasets/crop_disease/test\Healthy\test_001189.jpg,40.01180000,-73.99920000,10.00,Healthy,0.999799,True
2026-08-10T13:25:52+03:00,datasets/crop_disease/test\Healthy\test_001190.jpg,40.01180000,-73.99910000,10.00,Healthy,0.999986,True
2026-08-10T13:25:52+03:00,datasets/crop_disease/test\Healthy\test_001191.jpg,40.01180000,-73.99900000,10.00,Healthy,0.999994,True
2026-08-10T13:25:52+03:00,datasets/crop_disease/test\Healthy\test_001192.jpg,40.01180000,-73.99890000,10.00,Healthy,0.999913,True
2026-08-10T13:25:52+03:00,datasets/crop_disease/test\Healthy\test_001193.jpg,40.01180000,-73.99880000,10.00,Healthy,0.999990,True
2026-08-10T13:25:52+03:00,datasets/crop_disease/test\Healthy\test_001194.jpg,40.01180000,-73.99870000,10.00,Healthy,0.999926,True
2026-08-10T13:25:52+03:00,datasets/crop_disease/test\Healthy\test_001195.jpg,40.01180000,-73.99860000,10.00,Healthy,0.999983,True
2026-08-10T13:25:52+03:00,datasets/crop_disease/test\Healthy\test_001196.jpg,40.01180000,-73.99850000,10.00,Healthy,0.999469,True
2026-08-10T13:25:52+03:00,datasets/crop_disease/test\Healthy\test_001197.jpg,40.01180000,-73.99840000,10.00,Healthy,0.999999,True
2026-08-10T13:25:52+03:00,datasets/crop_disease/test\Healthy\test_001198.jpg,40.01180000,-73.99830000,10.00,Healthy,0.999354,True
2026-08-10T13:25:52+03:00,datasets/crop_disease/test\Healthy\test_001199.jpg,40.01180000,-73.99820000,10.00,Healthy,0.999916,True
2026-08-10T13:25:52+03:00,datasets/crop_disease/test\Healthy\test_001200.jpg,40.01180000,-73.99810000,10.00,Healthy,0.997770,True
2026-08-10T13:25:52+03:00,datasets/crop_disease/test\Healthy\test_001201.jpg,40.01190000,-74.00000000,10.00,Healthy,0.999997,True
2026-08-10T13:25:52+03:00,datasets/crop_disease/test\Healthy\test_001202.jpg,40.01190000,-73.99990000,10.00,Healthy,0.999998,True
2026-08-10T13:25:52+03:00,datasets/crop_disease/test\Healthy\test_001203.jpg,40.01190000,-73.99980000,10.00,Healthy,1.000000,True
2026-08-10T13:25:52+03:00,datasets/crop_disease/test\Healthy\test_001204.jpg,40.01190000,-73.99970000,10.00,Healthy,0.999984,True
2026-08-10T13:25:52+03:00,datasets/crop_disease/test\Healthy\test_001205.jpg,40.01190000,-73.99960000,10.00,Healthy,1.000000,True
2026-08-10T13:25:52+03:00,datasets/crop_disease/test\Healthy\test_001206.jpg,40.01190000,-73.99950000,10.00,Healthy,0.999973,True
2026-08-10T13:25:52+03:00,datasets/crop_disease/test\Healthy\test_001207.jpg,40.01190000,-73.99940000,10.00,Healthy,1.000000,True
2026-08-10T13:25:52+03:00,datasets/crop_disease/test\Healthy\test_001208.jpg,40.01190000,-73.99930000,10.00,Healthy,0.990846,True
2026-08-10T13:25:52+03:00,datasets/crop_disease/test\Healthy\test_001209.jpg,40.01190000,-73.99920000,10.00,Healthy,0.999999,True
2026-08-10T13:25:52+03:00,datasets/crop_disease/test\Healthy\test_001210.jpg,40.01190000,-73.99910000,10.00,Healthy,0.999999,True
2026-08-10T13:25:52+03:00,datasets/crop_disease/test\Healthy\test_001211.jpg,40.01190000,-73.99900000,10.00,Healthy,0.998581,True
2026-08-10T13:25:52+03:00,datasets/crop_disease/test\Healthy\test_001212.jpg,40.01190000,-73.99890000,10.00,Healthy,0.999999,True
2026-08-10T13:25:52+03:00,datasets/crop_disease/test\Healthy\test_001213.jpg,40.01190000,-73.99880000,10.00,Healthy,1.000000,True
2026-08-10T13:25:52+03:00,datasets/crop_disease/test\Healthy\test_001214.jpg,40.01190000,-73.99870000,10.00,Healthy,1.000000,True
2026-08-10T13:25:52+03:00,datasets/crop_disease/test\Healthy\test_001215.jpg,40.01190000,-73.99860000,10.00,Healthy,1.000000,True
2026-08-10T13:25:52+03:00,datasets/crop_disease/test\Healthy\test_001216.jpg,40.01190000,-73.99850000,10.00,Healthy,0.999932,True
2026-08-10T13:25:52+03:00,datasets/crop_disease/test\Healthy\test_001217.jpg,40.01190000,-73.99840000,10.00,Healthy,0.999910,True
2026-08-10T13:25:52+03:00,datasets/crop_disease/test\Healthy\test_001218.jpg,40.01190000,-73.99830000,10.00,Healthy,0.999990,True
2026-08-10T13:25:52+03:00,datasets/crop_disease/test\Healthy\test_001219.jpg,40.01190000,-73.99820000,10.00,Healthy,1.000000,True
2026-08-10T13:25:52+03:00,datasets/crop_disease/test\Healthy\test_001220.jpg,40.01190000,-73.99810000,10.00,Healthy,0.999795,True
2026-08-10T13:25:52+03:00,datasets/crop_disease/test\Healthy\test_001221.jpg,40.01200000,-74.00000000,10.00,Healthy,0.999988,True
2026-08-10T13:25:52+03:00,datasets/crop_disease/test\Healthy\test_001222.jpg,40.01200000,-73.99990000,10.00,Healthy,1.000000,True
2026-08-10T13:25:52+03:00,datasets/crop_disease/test\Healthy\test_001223.jpg,40.01200000,-73.99980000,10.00,Healthy,0.999909,True
2026-08-10T13:25:52+03:00,datasets/crop_disease/test\Healthy\test_001224.jpg,40.01200000,-73.99970000,10.00,Healthy,0.999997,True
2026-08-10T13:25:52+03:00,datasets/crop_disease/test\Healthy\test_001225.jpg,40.01200000,-73.99960000,10.00,Healthy,0.999995,True
2026-08-10T13:25:52+03:00,datasets/crop_disease/test\Healthy\test_001226.jpg,40.01200000,-73.99950000,10.00,Healthy,0.999998,True
2026-08-10T13:25:52+03:00,datasets/crop_disease/test\Healthy\test_001227.jpg,40.01200000,-73.99940000,10.00,Healthy,1.000000,True
2026-08-10T13:25:52+03:00,datasets/crop_disease/test\Healthy\test_001228.jpg,40.01200000,-73.99930000,10.00,Healthy,0.998288,True
2026-08-10T13:25:52+03:00,datasets/crop_disease/test\Healthy\test_001229.jpg,40.01200000,-73.99920000,10.00,Healthy,1.000000,True
2026-08-10T13:25:52+03:00,datasets/crop_disease/test\Healthy\test_001230.jpg,40.01200000,-73.99910000,10.00,Healthy,0.999999,True
2026-08-10T13:25:52+03:00,datasets/crop_disease/test\Healthy\test_001231.jpg,40.01200000,-73.99900000,10.00,Healthy,1.000000,True
2026-08-10T13:25:52+03:00,datasets/crop_disease/test\Healthy\test_001232.jpg,40.01200000,-73.99890000,10.00,Healthy,0.999999,True
2026-08-10T13:25:52+03:00,datasets/crop_disease/test\Healthy\test_001233.jpg,40.01200000,-73.99880000,10.00,Healthy,0.999997,True
2026-08-10T13:25:52+03:00,datasets/crop_disease/test\Healthy\test_001234.jpg,40.01200000,-73.99870000,10.00,Healthy,0.999904,True
2026-08-10T13:25:52+03:00,datasets/crop_disease/test\Healthy\test_001235.jpg,40.01200000,-73.99860000,10.00,Healthy,1.000000,True
2026-08-10T13:25:52+03:00,datasets/crop_disease/test\Healthy\test_001236.jpg,40.01200000,-73.99850000,10.00,Healthy,0.999998,True
2026-08-10T13:25:52+03:00,datasets/crop_disease/test\Healthy\test_001237.jpg,40.01200000,-73.99840000,10.00,Healthy,0.999234,True
2026-08-10T13:25:52+03:00,datasets/crop_disease/test\Healthy\test_001238.jpg,40.01200000,-73.99830000,10.00,Healthy,0.999928,True
2026-08-10T13:25:52+03:00,datasets/crop_disease/test\Healthy\test_001239.jpg,40.01200000,-73.99820000,10.00,Healthy,1.000000,True
2026-08-10T13:25:52+03:00,datasets/crop_disease/test\Healthy\test_001240.jpg,40.01200000,-73.99810000,10.00,Healthy,1.000000,True
2026-08-10T13:25:52+03:00,datasets/crop_disease/test\Healthy\test_001241.jpg,40.01210000,-74.00000000,10.00,Healthy,0.999989,True
2026-08-10T13:25:52+03:00,datasets/crop_disease/test\Healthy\test_001242.jpg,40.01210000,-73.99990000,10.00,Healthy,1.000000,True
2026-08-10T13:25:52+03:00,datasets/crop_disease/test\Healthy\test_001243.jpg,40.01210000,-73.99980000,10.00,Healthy,0.999883,True
2026-08-10T13:25:52+03:00,datasets/crop_disease/test\Healthy\test_001244.jpg,40.01210000,-73.99970000,10.00,Healthy,1.000000,True
2026-08-10T13:25:53+03:00,datasets/crop_disease/test\Healthy\test_001245.jpg,40.01210000,-73.99960000,10.00,Healthy,0.999991,True
2026-08-10T13:25:53+03:00,datasets/crop_disease/test\Healthy\test_001246.jpg,40.01210000,-73.99950000,10.00,Healthy,0.990997,True
2026-08-10T13:25:53+03:00,datasets/crop_disease/test\Healthy\test_001247.jpg,40.01210000,-73.99940000,10.00,Healthy,0.999999,True
2026-08-10T13:25:53+03:00,datasets/crop_disease/test\Healthy\test_001248.jpg,40.01210000,-73.99930000,10.00,Healthy,0.999421,True
2026-08-10T13:25:53+03:00,datasets/crop_disease/test\Healthy\test_001249.jpg,40.01210000,-73.99920000,10.00,Healthy,0.999998,True
2026-08-10T13:25:53+03:00,datasets/crop_disease/test\Healthy\test_001250.jpg,40.01210000,-73.99910000,10.00,Healthy,0.999995,True
2026-08-10T13:25:53+03:00,datasets/crop_disease/test\Healthy\test_001251.jpg,40.01210000,-73.99900000,10.00,Healthy,1.000000,True
2026-08-10T13:25:53+03:00,datasets/crop_disease/test\Healthy\test_001252.jpg,40.01210000,-73.99890000,10.00,Healthy,0.999987,True
2026-08-10T13:25:53+03:00,datasets/crop_disease/test\Healthy\test_001253.jpg,40.01210000,-73.99880000,10.00,Healthy,1.000000,True
2026-08-10T13:25:53+03:00,datasets/crop_disease/test\Healthy\test_001254.jpg,40.01210000,-73.99870000,10.00,Healthy,1.000000,True
2026-08-10T13:25:53+03:00,datasets/crop_disease/test\Healthy\test_001255.jpg,40.01210000,-73.99860000,10.00,Healthy,1.000000,True
2026-08-10T13:25:53+03:00,datasets/crop_disease/test\Healthy\test_001256.jpg,40.01210000,-73.99850000,10.00,Healthy,0.999991,True
2026-08-10T13:25:53+03:00,datasets/crop_disease/test\Healthy\test_001257.jpg,40.01210000,-73.99840000,10.00,Healthy,0.999996,True
2026-08-10T13:25:53+03:00,datasets/crop_disease/test\Healthy\test_001258.jpg,40.01210000,-73.99830000,10.00,Healthy,0.999988,True
2026-08-10T13:25:53+03:00,datasets/crop_disease/test\Healthy\test_001259.jpg,40.01210000,-73.99820000,10.00,Healthy,1.000000,True
2026-08-10T13:25:53+03:00,datasets/crop_disease/test\Healthy\test_001260.jpg,40.01210000,-73.99810000,10.00,Healthy,0.999642,True
2026-08-10T13:25:53+03:00,datasets/crop_disease/test\Healthy\test_001261.jpg,40.01220000,-74.00000000,10.00,Healthy,0.999999,True
2026-08-10T13:25:53+03:00,datasets/crop_disease/test\Healthy\test_001262.jpg,40.01220000,-73.99990000,10.00,Healthy,1.000000,True
2026-08-10T13:25:53+03:00,datasets/crop_disease/test\Healthy\test_001263.jpg,40.01220000,-73.99980000,10.00,Healthy,1.000000,True
2026-08-10T13:25:53+03:00,datasets/crop_disease/test\Healthy\test_001264.jpg,40.01220000,-73.99970000,10.00,Healthy,1.000000,True
2026-08-10T13:25:53+03:00,datasets/crop_disease/test\Healthy\test_001265.jpg,40.01220000,-73.99960000,10.00,Healthy,1.000000,True
2026-08-10T13:25:53+03:00,datasets/crop_disease/test\Healthy\test_001266.jpg,40.01220000,-73.99950000,10.00,Healthy,0.999999,True
2026-08-10T13:25:53+03:00,datasets/crop_disease/test\Healthy\test_001267.jpg,40.01220000,-73.99940000,10.00,Healthy,1.000000,True
2026-08-10T13:25:53+03:00,datasets/crop_disease/test\Healthy\test_001268.jpg,40.01220000,-73.99930000,10.00,Healthy,1.000000,True
2026-08-10T13:25:53+03:00,datasets/crop_disease/test\Healthy\test_001269.jpg,40.01220000,-73.99920000,10.00,Healthy,1.000000,True
2026-08-10T13:25:53+03:00,datasets/crop_disease/test\Healthy\test_001270.jpg,40.01220000,-73.99910000,10.00,Healthy,0.999996,True
2026-08-10T13:25:53+03:00,datasets/crop_disease/test\Healthy\test_001271.jpg,40.01220000,-73.99900000,10.00,Healthy,0.999928,True
2026-08-10T13:25:53+03:00,datasets/crop_disease/test\Healthy\test_001272.jpg,40.01220000,-73.99890000,10.00,Healthy,1.000000,True
2026-08-10T13:25:53+03:00,datasets/crop_disease/test\Healthy\test_001273.jpg,40.01220000,-73.99880000,10.00,Healthy,0.999999,True
2026-08-10T13:25:53+03:00,datasets/crop_disease/test\Healthy\test_001274.jpg,40.01220000,-73.99870000,10.00,Healthy,0.999984,True
2026-08-10T13:25:53+03:00,datasets/crop_disease/test\Healthy\test_001275.jpg,40.01220000,-73.99860000,10.00,Healthy,1.000000,True
2026-08-10T13:25:53+03:00,datasets/crop_disease/test\Healthy\test_001276.jpg,40.01220000,-73.99850000,10.00,Healthy,0.999998,True
2026-08-10T13:25:53+03:00,datasets/crop_disease/test\Healthy\test_001277.jpg,40.01220000,-73.99840000,10.00,Healthy,0.999999,True
2026-08-10T13:25:53+03:00,datasets/crop_disease/test\Healthy\test_001278.jpg,40.01220000,-73.99830000,10.00,Healthy,1.000000,True
2026-08-10T13:25:53+03:00,datasets/crop_disease/test\Healthy\test_001279.jpg,40.01220000,-73.99820000,10.00,Healthy,0.999990,True
2026-08-10T13:25:53+03:00,datasets/crop_disease/test\Healthy\test_001280.jpg,40.01220000,-73.99810000,10.00,Healthy,0.999992,True
2026-08-10T13:25:53+03:00,datasets/crop_disease/test\Healthy\test_001281.jpg,40.01230000,-74.00000000,10.00,Healthy,0.999995,True
2026-08-10T13:25:53+03:00,datasets/crop_disease/test\Healthy\test_001282.jpg,40.01230000,-73.99990000,10.00,Healthy,0.999991,True
2026-08-10T13:25:53+03:00,datasets/crop_disease/test\Healthy\test_001283.jpg,40.01230000,-73.99980000,10.00,Healthy,1.000000,True
2026-08-10T13:25:53+03:00,datasets/crop_disease/test\Healthy\test_001284.jpg,40.01230000,-73.99970000,10.00,Healthy,1.000000,True
2026-08-10T13:25:53+03:00,datasets/crop_disease/test\Healthy\test_001285.jpg,40.01230000,-73.99960000,10.00,Healthy,0.999968,True
2026-08-10T13:25:53+03:00,datasets/crop_disease/test\Healthy\test_001286.jpg,40.01230000,-73.99950000,10.00,Healthy,0.971372,True
2026-08-10T13:25:53+03:00,datasets/crop_disease/test\Healthy\test_001287.jpg,40.01230000,-73.99940000,10.00,Healthy,1.000000,True
2026-08-10T13:25:53+03:00,datasets/crop_disease/test\Healthy\test_001288.jpg,40.01230000,-73.99930000,10.00,Healthy,0.999868,True
2026-08-10T13:25:53+03:00,datasets/crop_disease/test\Healthy\test_001289.jpg,40.01230000,-73.99920000,10.00,Healthy,1.000000,True
2026-08-10T13:25:53+03:00,datasets/crop_disease/test\Healthy\test_001290.jpg,40.01230000,-73.99910000,10.00,Healthy,0.999906,True
2026-08-10T13:25:53+03:00,datasets/crop_disease/test\Healthy\test_001291.jpg,40.01230000,-73.99900000,10.00,Healthy,0.999997,True
2026-08-10T13:25:53+03:00,datasets/crop_disease/test\Healthy\test_001292.jpg,40.01230000,-73.99890000,10.00,Healthy,0.999998,True
2026-08-10T13:25:53+03:00,datasets/crop_disease/test\Healthy\test_001293.jpg,40.01230000,-73.99880000,10.00,Healthy,0.997901,True
2026-08-10T13:25:53+03:00,datasets/crop_disease/test\Healthy\test_001294.jpg,40.01230000,-73.99870000,10.00,Healthy,1.000000,True
2026-08-10T13:25:53+03:00,datasets/crop_disease/test\Healthy\test_001295.jpg,40.01230000,-73.99860000,10.00,Healthy,1.000000,True
2026-08-10T13:25:53+03:00,datasets/crop_disease/test\Healthy\test_001296.jpg,40.01230000,-73.99850000,10.00,Healthy,0.999720,True
2026-08-10T13:25:53+03:00,datasets/crop_disease/test\Healthy\test_001297.jpg,40.01230000,-73.99840000,10.00,Healthy,0.999851,True
2026-08-10T13:25:53+03:00,datasets/crop_disease/test\Healthy\test_001298.jpg,40.01230000,-73.99830000,10.00,Healthy,0.999976,True
2026-08-10T13:25:53+03:00,datasets/crop_disease/test\Healthy\test_001299.jpg,40.01230000,-73.99820000,10.00,Healthy,0.999383,True
2026-08-10T13:25:53+03:00,datasets/crop_disease/test\Healthy\test_001300.jpg,40.01230000,-73.99810000,10.00,Healthy,1.000000,True
2026-08-10T13:25:53+03:00,datasets/crop_disease/test\Healthy\test_001301.jpg,40.01240000,-74.00000000,10.00,Healthy,0.999995,True
2026-08-10T13:25:53+03:00,datasets/crop_disease/test\Healthy\test_001302.jpg,40.01240000,-73.99990000,10.00,Healthy,1.000000,True
2026-08-10T13:25:53+03:00,datasets/crop_disease/test\Healthy\test_001303.jpg,40.01240000,-73.99980000,10.00,Healthy,1.000000,True
2026-08-10T13:25:53+03:00,datasets/crop_disease/test\Healthy\test_001304.jpg,40.01240000,-73.99970000,10.00,Healthy,0.999874,True
2026-08-10T13:25:53+03:00,datasets/crop_disease/test\Healthy\test_001305.jpg,40.01240000,-73.99960000,10.00,Healthy,1.000000,True
2026-08-10T13:25:53+03:00,datasets/crop_disease/test\Healthy\test_001306.jpg,40.01240000,-73.99950000,10.00,Healthy,0.999993,True
2026-08-10T13:25:53+03:00,datasets/crop_disease/test\Healthy\test_001307.jpg,40.01240000,-73.99940000,10.00,Healthy,0.999997,True
2026-08-10T13:25:53+03:00,datasets/crop_disease/test\Healthy\test_001308.jpg,40.01240000,-73.99930000,10.00,Healthy,1.000000,True
2026-08-10T13:25:53+03:00,datasets/crop_disease/test\Healthy\test_001309.jpg,40.01240000,-73.99920000,10.00,Healthy,0.999999,True
2026-08-10T13:25:53+03:00,datasets/crop_disease/test\Healthy\test_001310.jpg,40.01240000,-73.99910000,10.00,Healthy,1.000000,True
2026-08-10T13:25:53+03:00,datasets/crop_disease/test\Healthy\test_001311.jpg,40.01240000,-73.99900000,10.00,Healthy,0.999600,True
2026-08-10T13:25:53+03:00,datasets/crop_disease/test\Healthy\test_001312.jpg,40.01240000,-73.99890000,10.00,Healthy,0.999999,True
2026-08-10T13:25:53+03:00,datasets/crop_disease/test\Healthy\test_001313.jpg,40.01240000,-73.99880000,10.00,Healthy,1.000000,True
2026-08-10T13:25:53+03:00,datasets/crop_disease/test\Healthy\test_001314.jpg,40.01240000,-73.99870000,10.00,Healthy,1.000000,True
2026-08-10T13:25:53+03:00,datasets/crop_disease/test\Healthy\test_001315.jpg,40.01240000,-73.99860000,10.00,Healthy,1.000000,True
2026-08-10T13:25:53+03:00,datasets/crop_disease/test\Healthy\test_001316.jpg,40.01240000,-73.99850000,10.00,Healthy,0.999937,True
2026-08-10T13:25:53+03:00,datasets/crop_disease/test\Healthy\test_001317.jpg,40.01240000,-73.99840000,10.00,Healthy,1.000000,True
2026-08-10T13:25:53+03:00,datasets/crop_disease/test\Healthy\test_001318.jpg,40.01240000,-73.99830000,10.00,Healthy,0.999992,True
2026-08-10T13:25:53+03:00,datasets/crop_disease/test\Healthy\test_001319.jpg,40.01240000,-73.99820000,10.00,Healthy,0.999949,True
2026-08-10T13:25:53+03:00,datasets/crop_disease/test\Healthy\test_001320.jpg,40.01240000,-73.99810000,10.00,Healthy,0.999996,True
2026-08-10T13:25:53+03:00,datasets/crop_disease/test\Healthy\test_001321.jpg,40.01250000,-74.00000000,10.00,Healthy,1.000000,True
2026-08-10T13:25:53+03:00,datasets/crop_disease/test\Healthy\test_001322.jpg,40.01250000,-73.99990000,10.00,Healthy,1.000000,True
2026-08-10T13:25:53+03:00,datasets/crop_disease/test\Healthy\test_001323.jpg,40.01250000,-73.99980000,10.00,Healthy,1.000000,True
2026-08-10T13:25:53+03:00,datasets/crop_disease/test\Healthy\test_001324.jpg,40.01250000,-73.99970000,10.00,Healthy,0.999983,True
2026-08-10T13:25:54+03:00,datasets/crop_disease/test\Healthy\test_001325.jpg,40.01250000,-73.99960000,10.00,Healthy,1.000000,True
2026-08-10T13:25:54+03:00,datasets/crop_disease/test\Healthy\test_001326.jpg,40.01250000,-73.99950000,10.00,Healthy,1.000000,True
2026-08-10T13:25:54+03:00,datasets/crop_disease/test\Healthy\test_001327.jpg,40.01250000,-73.99940000,10.00,Healthy,1.000000,True
2026-08-10T13:25:54+03:00,datasets/crop_disease/test\Healthy\test_001328.jpg,40.01250000,-73.99930000,10.00,Healthy,0.999991,True
2026-08-10T13:25:54+03:00,datasets/crop_disease/test\Healthy\test_001329.jpg,40.01250000,-73.99920000,10.00,Healthy,1.000000,True
2026-08-10T13:25:54+03:00,datasets/crop_disease/test\Healthy\test_001330.jpg,40.01250000,-73.99910000,10.00,Healthy,0.999999,True
2026-08-10T13:25:54+03:00,datasets/crop_disease/test\Healthy\test_001331.jpg,40.01250000,-73.99900000,10.00,Healthy,0.999766,True
2026-08-10T13:25:54+03:00,datasets/crop_disease/test\Healthy\test_001332.jpg,40.01250000,-73.99890000,10.00,Healthy,0.999635,True
2026-08-10T13:25:54+03:00,datasets/crop_disease/test\Healthy\test_001333.jpg,40.01250000,-73.99880000,10.00,Healthy,1.000000,True
2026-08-10T13:25:54+03:00,datasets/crop_disease/test\Healthy\test_001334.jpg,40.01250000,-73.99870000,10.00,Healthy,1.000000,True
2026-08-10T13:25:54+03:00,datasets/crop_disease/test\Healthy\test_001335.jpg,40.01250000,-73.99860000,10.00,Healthy,0.999987,True
2026-08-10T13:25:54+03:00,datasets/crop_disease/test\Healthy\test_001336.jpg,40.01250000,-73.99850000,10.00,Healthy,0.999999,True
2026-08-10T13:25:54+03:00,datasets/crop_disease/test\Healthy\test_001337.jpg,40.01250000,-73.99840000,10.00,Healthy,0.999991,True
2026-08-10T13:25:54+03:00,datasets/crop_disease/test\Healthy\test_001338.jpg,40.01250000,-73.99830000,10.00,Healthy,1.000000,True
2026-08-10T13:25:54+03:00,datasets/crop_disease/test\Healthy\test_001339.jpg,40.01250000,-73.99820000,10.00,Healthy,1.000000,True
2026-08-10T13:25:54+03:00,datasets/crop_disease/test\Healthy\test_001340.jpg,40.01250000,-73.99810000,10.00,Healthy,0.999997,True
2026-08-10T13:25:54+03:00,datasets/crop_disease/test\Healthy\test_001341.jpg,40.01260000,-74.00000000,10.00,Healthy,0.999995,True
2026-08-10T13:25:54+03:00,datasets/crop_disease/test\Healthy\test_001342.jpg,40.01260000,-73.99990000,10.00,Healthy,1.000000,True
2026-08-10T13:25:54+03:00,datasets/crop_disease/test\Healthy\test_001343.jpg,40.01260000,-73.99980000,10.00,Healthy,1.000000,True
2026-08-10T13:25:54+03:00,datasets/crop_disease/test\Healthy\test_001344.jpg,40.01260000,-73.99970000,10.00,Healthy,0.999994,True
2026-08-10T13:25:54+03:00,datasets/crop_disease/test\Healthy\test_001345.jpg,40.01260000,-73.99960000,10.00,Healthy,1.000000,True
2026-08-10T13:25:54+03:00,datasets/crop_disease/test\Healthy\test_001346.jpg,40.01260000,-73.99950000,10.00,Healthy,0.999997,True
2026-08-10T13:25:54+03:00,datasets/crop_disease/test\Healthy\test_001347.jpg,40.01260000,-73.99940000,10.00,Healthy,1.000000,True
2026-08-10T13:25:54+03:00,datasets/crop_disease/test\Healthy\test_001348.jpg,40.01260000,-73.99930000,10.00,Healthy,1.000000,True
2026-08-10T13:25:54+03:00,datasets/crop_disease/test\Healthy\test_001349.jpg,40.01260000,-73.99920000,10.00,Healthy,1.000000,True
2026-08-10T13:25:54+03:00,datasets/crop_disease/test\Healthy\test_001350.jpg,40.01260000,-73.99910000,10.00,Healthy,1.000000,True
2026-08-10T13:25:54+03:00,datasets/crop_disease/test\Healthy\test_001351.jpg,40.01260000,-73.99900000,10.00,Healthy,0.999997,True
2026-08-10T13:25:54+03:00,datasets/crop_disease/test\Healthy\test_001352.jpg,40.01260000,-73.99890000,10.00,Healthy,1.000000,True
2026-08-10T13:25:54+03:00,datasets/crop_disease/test\Healthy\test_001353.jpg,40.01260000,-73.99880000,10.00,Healthy,0.999995,True
2026-08-10T13:25:54+03:00,datasets/crop_disease/test\Healthy\test_001354.jpg,40.01260000,-73.99870000,10.00,Healthy,0.999992,True
2026-08-10T13:25:54+03:00,datasets/crop_disease/test\Healthy\test_001355.jpg,40.01260000,-73.99860000,10.00,Healthy,1.000000,True
2026-08-10T13:25:54+03:00,datasets/crop_disease/test\Healthy\test_001356.jpg,40.01260000,-73.99850000,10.00,Healthy,0.999998,True
2026-08-10T13:25:54+03:00,datasets/crop_disease/test\Healthy\test_001357.jpg,40.01260000,-73.99840000,10.00,Healthy,1.000000,True
2026-08-10T13:25:54+03:00,datasets/crop_disease/test\Healthy\test_001358.jpg,40.01260000,-73.99830000,10.00,Healthy,0.999999,True
2026-08-10T13:25:54+03:00,datasets/crop_disease/test\Healthy\test_001359.jpg,40.01260000,-73.99820000,10.00,Healthy,0.999979,True
2026-08-10T13:25:54+03:00,datasets/crop_disease/test\Healthy\test_001360.jpg,40.01260000,-73.99810000,10.00,Healthy,0.999989,True
2026-08-10T13:25:54+03:00,datasets/crop_disease/test\Healthy\test_001361.jpg,40.01270000,-74.00000000,10.00,Healthy,1.000000,True
2026-08-10T13:25:54+03:00,datasets/crop_disease/test\Healthy\test_001362.jpg,40.01270000,-73.99990000,10.00,Healthy,0.999562,True
2026-08-10T13:25:54+03:00,datasets/crop_disease/test\Healthy\test_001363.jpg,40.01270000,-73.99980000,10.00,Healthy,0.999933,True
2026-08-10T13:25:54+03:00,datasets/crop_disease/test\Healthy\test_001364.jpg,40.01270000,-73.99970000,10.00,Healthy,1.000000,True
2026-08-10T13:25:54+03:00,datasets/crop_disease/test\Healthy\test_001365.jpg,40.01270000,-73.99960000,10.00,Healthy,0.977224,True
2026-08-10T13:25:54+03:00,datasets/crop_disease/test\Healthy\test_001366.jpg,40.01270000,-73.99950000,10.00,Healthy,0.999996,True
2026-08-10T13:25:54+03:00,datasets/crop_disease/test\Healthy\test_001367.jpg,40.01270000,-73.99940000,10.00,Healthy,1.000000,True
2026-08-10T13:25:54+03:00,datasets/crop_disease/test\Healthy\test_001368.jpg,40.01270000,-73.99930000,10.00,Healthy,1.000000,True
2026-08-10T13:25:54+03:00,datasets/crop_disease/test\Healthy\test_001369.jpg,40.01270000,-73.99920000,10.00,Healthy,0.999929,True
2026-08-10T13:25:54+03:00,datasets/crop_disease/test\Healthy\test_001370.jpg,40.01270000,-73.99910000,10.00,Healthy,0.999997,True
2026-08-10T13:25:54+03:00,datasets/crop_disease/test\Healthy\test_001371.jpg,40.01270000,-73.99900000,10.00,Healthy,0.999960,True
2026-08-10T13:25:54+03:00,datasets/crop_disease/test\Healthy\test_001372.jpg,40.01270000,-73.99890000,10.00,Healthy,0.999902,True
2026-08-10T13:25:54+03:00,datasets/crop_disease/test\Healthy\test_001373.jpg,40.01270000,-73.99880000,10.00,Healthy,0.999995,True
2026-08-10T13:25:54+03:00,datasets/crop_disease/test\Healthy\test_001374.jpg,40.01270000,-73.99870000,10.00,Healthy,1.000000,True
2026-08-10T13:25:54+03:00,datasets/crop_disease/test\Healthy\test_001375.jpg,40.01270000,-73.99860000,10.00,Healthy,0.999998,True
2026-08-10T13:25:54+03:00,datasets/crop_disease/test\Healthy\test_001376.jpg,40.01270000,-73.99850000,10.00,Healthy,0.999974,True
2026-08-10T13:25:54+03:00,datasets/crop_disease/test\Healthy\test_001377.jpg,40.01270000,-73.99840000,10.00,Healthy,1.000000,True
2026-08-10T13:25:54+03:00,datasets/crop_disease/test\Healthy\test_001378.jpg,40.01270000,-73.99830000,10.00,Healthy,0.999997,True
2026-08-10T13:25:54+03:00,datasets/crop_disease/test\Healthy\test_001379.jpg,40.01270000,-73.99820000,10.00,Healthy,1.000000,True
2026-08-10T13:25:54+03:00,datasets/crop_disease/test\Healthy\test_001380.jpg,40.01270000,-73.99810000,10.00,Healthy,1.000000,True
2026-08-10T13:25:54+03:00,datasets/crop_disease/test\Healthy\test_001381.jpg,40.01280000,-74.00000000,10.00,Healthy,0.991131,True
2026-08-10T13:25:54+03:00,datasets/crop_disease/test\Healthy\test_001382.jpg,40.01280000,-73.99990000,10.00,Healthy,0.999949,True
2026-08-10T13:25:54+03:00,datasets/crop_disease/test\Healthy\test_001383.jpg,40.01280000,-73.99980000,10.00,Healthy,0.999963,True
2026-08-10T13:25:54+03:00,datasets/crop_disease/test\Healthy\test_001384.jpg,40.01280000,-73.99970000,10.00,Healthy,1.000000,True
2026-08-10T13:25:54+03:00,datasets/crop_disease/test\Healthy\test_001385.jpg,40.01280000,-73.99960000,10.00,Healthy,0.996750,True
2026-08-10T13:25:54+03:00,datasets/crop_disease/test\Healthy\test_001386.jpg,40.01280000,-73.99950000,10.00,Healthy,1.000000,True
2026-08-10T13:25:54+03:00,datasets/crop_disease/test\Healthy\test_001387.jpg,40.01280000,-73.99940000,10.00,Healthy,0.999448,True
2026-08-10T13:25:54+03:00,datasets/crop_disease/test\Healthy\test_001388.jpg,40.01280000,-73.99930000,10.00,Healthy,1.000000,True
2026-08-10T13:25:54+03:00,datasets/crop_disease/test\Healthy\test_001389.jpg,40.01280000,-73.99920000,10.00,Healthy,0.999999,True
2026-08-10T13:25:54+03:00,datasets/crop_disease/test\Healthy\test_001390.jpg,40.01280000,-73.99910000,10.00,Healthy,1.000000,True
2026-08-10T13:25:54+03:00,datasets/crop_disease/test\Healthy\test_001391.jpg,40.01280000,-73.99900000,10.00,Healthy,0.999863,True
2026-08-10T13:25:54+03:00,datasets/crop_disease/test\Healthy\test_001392.jpg,40.01280000,-73.99890000,10.00,Healthy,1.000000,True
2026-08-10T13:25:54+03:00,datasets/crop_disease/test\Healthy\test_001393.jpg,40.01280000,-73.99880000,10.00,Healthy,0.997316,True
2026-08-10T13:25:54+03:00,datasets/crop_disease/test\Healthy\test_001394.jpg,40.01280000,-73.99870000,10.00,Healthy,0.999568,True
2026-08-10T13:25:54+03:00,datasets/crop_disease/test\Healthy\test_001395.jpg,40.01280000,-73.99860000,10.00,Healthy,0.999996,True
2026-08-10T13:25:54+03:00,datasets/crop_disease/test\Healthy\test_001396.jpg,40.01280000,-73.99850000,10.00,Healthy,0.999980,True
2026-08-10T13:25:54+03:00,datasets/crop_disease/test\Healthy\test_001397.jpg,40.01280000,-73.99840000,10.00,Healthy,1.000000,True
2026-08-10T13:25:54+03:00,datasets/crop_disease/test\Healthy\test_001398.jpg,40.01280000,-73.99830000,10.00,Healthy,0.999997,True
2026-08-10T13:25:54+03:00,datasets/crop_disease/test\Healthy\test_001399.jpg,40.01280000,-73.99820000,10.00,Healthy,1.000000,True
2026-08-10T13:25:54+03:00,datasets/crop_disease/test\Healthy\test_001400.jpg,40.01280000,-73.99810000,10.00,Healthy,0.999991,True
2026-08-10T13:25:54+03:00,datasets/crop_disease/test\Healthy\test_001401.jpg,40.01290000,-74.00000000,10.00,Healthy,1.000000,True
2026-08-10T13:25:54+03:00,datasets/crop_disease/test\Healthy\test_001402.jpg,40.01290000,-73.99990000,10.00,Healthy,0.999999,True
2026-08-10T13:25:54+03:00,datasets/crop_disease/test\Healthy\test_001403.jpg,40.01290000,-73.99980000,10.00,Healthy,1.000000,True
2026-08-10T13:25:55+03:00,datasets/crop_disease/test\Healthy\test_001404.jpg,40.01290000,-73.99970000,10.00,Healthy,1.000000,True
2026-08-10T13:25:55+03:00,datasets/crop_disease/test\Healthy\test_001405.jpg,40.01290000,-73.99960000,10.00,Healthy,0.999994,True
2026-08-10T13:25:55+03:00,datasets/crop_disease/test\Healthy\test_001406.jpg,40.01290000,-73.99950000,10.00,Healthy,1.000000,True
2026-08-10T13:25:55+03:00,datasets/crop_disease/test\Healthy\test_001407.jpg,40.01290000,-73.99940000,10.00,Healthy,1.000000,True
2026-08-10T13:25:55+03:00,datasets/crop_disease/test\Healthy\test_001408.jpg,40.01290000,-73.99930000,10.00,Healthy,0.999972,True
2026-08-10T13:25:55+03:00,datasets/crop_disease/test\Healthy\test_001409.jpg,40.01290000,-73.99920000,10.00,Healthy,0.998260,True
2026-08-10T13:25:55+03:00,datasets/crop_disease/test\Healthy\test_001410.jpg,40.01290000,-73.99910000,10.00,Healthy,0.999993,True
2026-08-10T13:25:55+03:00,datasets/crop_disease/test\Healthy\test_001411.jpg,40.01290000,-73.99900000,10.00,Healthy,0.999995,True
2026-08-10T13:25:55+03:00,datasets/crop_disease/test\Healthy\test_001412.jpg,40.01290000,-73.99890000,10.00,Healthy,0.999972,True
2026-08-10T13:25:55+03:00,datasets/crop_disease/test\Healthy\test_001413.jpg,40.01290000,-73.99880000,10.00,Healthy,0.999999,True
2026-08-10T13:25:55+03:00,datasets/crop_disease/test\Healthy\test_001414.jpg,40.01290000,-73.99870000,10.00,Healthy,0.998906,True
2026-08-10T13:25:55+03:00,datasets/crop_disease/test\Healthy\test_001415.jpg,40.01290000,-73.99860000,10.00,Healthy,1.000000,True
2026-08-10T13:25:55+03:00,datasets/crop_disease/test\Healthy\test_001416.jpg,40.01290000,-73.99850000,10.00,Healthy,0.999997,True
2026-08-10T13:25:55+03:00,datasets/crop_disease/test\Healthy\test_001417.jpg,40.01290000,-73.99840000,10.00,Healthy,1.000000,True
2026-08-10T13:25:55+03:00,datasets/crop_disease/test\Healthy\test_001418.jpg,40.01290000,-73.99830000,10.00,Healthy,1.000000,True
2026-08-10T13:25:55+03:00,datasets/crop_disease/test\Healthy\test_001419.jpg,40.01290000,-73.99820000,10.00,Healthy,0.999633,True
2026-08-10T13:25:55+03:00,datasets/crop_disease/test\Healthy\test_001420.jpg,40.01290000,-73.99810000,10.00,Healthy,0.999986,True
2026-08-10T13:25:55+03:00,datasets/crop_disease/test\Healthy\test_001421.jpg,40.01300000,-74.00000000,10.00,Healthy,0.999927,True
2026-08-10T13:25:55+03:00,datasets/crop_disease/test\Healthy\test_001422.jpg,40.01300000,-73.99990000,10.00,Healthy,0.999998,True
2026-08-10T13:25:55+03:00,datasets/crop_disease/test\Healthy\test_001423.jpg,40.01300000,-73.99980000,10.00,Healthy,0.999938,True
2026-08-10T13:25:55+03:00,datasets/crop_disease/test\Healthy\test_001424.jpg,40.01300000,-73.99970000,10.00,Healthy,1.000000,True
2026-08-10T13:25:55+03:00,datasets/crop_disease/test\Healthy\test_001425.jpg,40.01300000,-73.99960000,10.00,Healthy,0.999828,True
2026-08-10T13:25:55+03:00,datasets/crop_disease/test\Healthy\test_001426.jpg,40.01300000,-73.99950000,10.00,Healthy,0.999987,True
2026-08-10T13:25:55+03:00,datasets/crop_disease/test\Healthy\test_001427.jpg,40.01300000,-73.99940000,10.00,Healthy,1.000000,True
2026-08-10T13:25:55+03:00,datasets/crop_disease/test\Healthy\test_001428.jpg,40.01300000,-73.99930000,10.00,Healthy,0.999826,True
2026-08-10T13:25:55+03:00,datasets/crop_disease/test\Healthy\test_001429.jpg,40.01300000,-73.99920000,10.00,Healthy,0.999999,True
2026-08-10T13:25:55+03:00,datasets/crop_disease/test\Healthy\test_001430.jpg,40.01300000,-73.99910000,10.00,Healthy,1.000000,True
2026-08-10T13:25:55+03:00,datasets/crop_disease/test\Healthy\test_001431.jpg,40.01300000,-73.99900000,10.00,Healthy,1.000000,True
2026-08-10T13:25:55+03:00,datasets/crop_disease/test\Healthy\test_001432.jpg,40.01300000,-73.99890000,10.00,Healthy,0.999360,True
2026-08-10T13:25:55+03:00,datasets/crop_disease/test\Healthy\test_001433.jpg,40.01300000,-73.99880000,10.00,Healthy,0.999989,True
2026-08-10T13:25:55+03:00,datasets/crop_disease/test\Healthy\test_001434.jpg,40.01300000,-73.99870000,10.00,Healthy,1.000000,True
2026-08-10T13:25:55+03:00,datasets/crop_disease/test\Healthy\test_001435.jpg,40.01300000,-73.99860000,10.00,Healthy,0.999924,True
2026-08-10T13:25:55+03:00,datasets/crop_disease/test\Healthy\test_001436.jpg,40.01300000,-73.99850000,10.00,Healthy,0.999998,True
2026-08-10T13:25:55+03:00,datasets/crop_disease/test\Healthy\test_001437.jpg,40.01300000,-73.99840000,10.00,Healthy,0.999999,True
2026-08-10T13:25:55+03:00,datasets/crop_disease/test\Healthy\test_001438.jpg,40.01300000,-73.99830000,10.00,Healthy,0.999999,True
2026-08-10T13:25:55+03:00,datasets/crop_disease/test\Healthy\test_001439.jpg,40.01300000,-73.99820000,10.00,Healthy,0.999999,True
2026-08-10T13:25:55+03:00,datasets/crop_disease/test\Healthy\test_001440.jpg,40.01300000,-73.99810000,10.00,Healthy,1.000000,True
2026-08-10T13:25:55+03:00,datasets/crop_disease/test\Healthy\test_001441.jpg,40.01310000,-74.00000000,10.00,Healthy,1.000000,True
2026-08-10T13:25:55+03:00,datasets/crop_disease/test\Healthy\test_001442.jpg,40.01310000,-73.99990000,10.00,Healthy,0.997234,True
2026-08-10T13:25:55+03:00,datasets/crop_disease/test\Healthy\test_001443.jpg,40.01310000,-73.99980000,10.00,Healthy,0.999991,True
2026-08-10T13:25:55+03:00,datasets/crop_disease/test\Healthy\test_001444.jpg,40.01310000,-73.99970000,10.00,Healthy,0.999991,True
2026-08-10T13:25:55+03:00,datasets/crop_disease/test\Healthy\test_001445.jpg,40.01310000,-73.99960000,10.00,Healthy,0.999993,True
2026-08-10T13:25:55+03:00,datasets/crop_disease/test\Healthy\test_001446.jpg,40.01310000,-73.99950000,10.00,Healthy,1.000000,True
2026-08-10T13:25:55+03:00,datasets/crop_disease/test\Healthy\test_001447.jpg,40.01310000,-73.99940000,10.00,Healthy,1.000000,True
2026-08-10T13:25:55+03:00,datasets/crop_disease/test\Healthy\test_001448.jpg,40.01310000,-73.99930000,10.00,Healthy,0.999920,True
2026-08-10T13:25:55+03:00,datasets/crop_disease/test\Healthy\test_001449.jpg,40.01310000,-73.99920000,10.00,Healthy,0.999838,True
2026-08-10T13:25:55+03:00,datasets/crop_disease/test\Healthy\test_001450.jpg,40.01310000,-73.99910000,10.00,Healthy,0.999647,True
2026-08-10T13:25:55+03:00,datasets/crop_disease/test\Healthy\test_001451.jpg,40.01310000,-73.99900000,10.00,Healthy,1.000000,True
2026-08-10T13:25:55+03:00,datasets/crop_disease/test\Healthy\test_001452.jpg,40.01310000,-73.99890000,10.00,Healthy,1.000000,True
2026-08-10T13:25:55+03:00,datasets/crop_disease/test\Healthy\test_001453.jpg,40.01310000,-73.99880000,10.00,Healthy,0.999999,True
2026-08-10T13:25:55+03:00,datasets/crop_disease/test\Healthy\test_001454.jpg,40.01310000,-73.99870000,10.00,Healthy,0.999869,True
2026-08-10T13:25:55+03:00,datasets/crop_disease/test\Healthy\test_001455.jpg,40.01310000,-73.99860000,10.00,Healthy,0.999999,True
2026-08-10T13:25:55+03:00,datasets/crop_disease/test\Healthy\test_001456.jpg,40.01310000,-73.99850000,10.00,Healthy,1.000000,True
2026-08-10T13:25:55+03:00,datasets/crop_disease/test\Healthy\test_001457.jpg,40.01310000,-73.99840000,10.00,Healthy,0.999999,True
2026-08-10T13:25:55+03:00,datasets/crop_disease/test\Healthy\test_001458.jpg,40.01310000,-73.99830000,10.00,Healthy,0.999985,True
2026-08-10T13:25:55+03:00,datasets/crop_disease/test\Healthy\test_001459.jpg,40.01310000,-73.99820000,10.00,Healthy,1.000000,True
2026-08-10T13:25:55+03:00,datasets/crop_disease/test\Healthy\test_001460.jpg,40.01310000,-73.99810000,10.00,Healthy,1.000000,True
2026-08-10T13:25:55+03:00,datasets/crop_disease/test\Healthy\test_001461.jpg,40.01320000,-74.00000000,10.00,Healthy,1.000000,True
2026-08-10T13:25:55+03:00,datasets/crop_disease/test\Healthy\test_001462.jpg,40.01320000,-73.99990000,10.00,Healthy,1.000000,True
2026-08-10T13:25:55+03:00,datasets/crop_disease/test\Healthy\test_001463.jpg,40.01320000,-73.99980000,10.00,Healthy,0.999994,True
2026-08-10T13:25:55+03:00,datasets/crop_disease/test\Healthy\test_001464.jpg,40.01320000,-73.99970000,10.00,Healthy,1.000000,True
2026-08-10T13:25:55+03:00,datasets/crop_disease/test\Healthy\test_001465.jpg,40.01320000,-73.99960000,10.00,Healthy,1.000000,True
2026-08-10T13:25:55+03:00,datasets/crop_disease/test\Healthy\test_001466.jpg,40.01320000,-73.99950000,10.00,Healthy,0.999995,True
2026-08-10T13:25:55+03:00,datasets/crop_disease/test\Healthy\test_001467.jpg,40.01320000,-73.99940000,10.00,Healthy,0.999971,True
2026-08-10T13:25:55+03:00,datasets/crop_disease/test\Healthy\test_001468.jpg,40.01320000,-73.99930000,10.00,Healthy,0.999979,True
2026-08-10T13:25:55+03:00,datasets/crop_disease/test\Healthy\test_001469.jpg,40.01320000,-73.99920000,10.00,Healthy,0.999999,True
2026-08-10T13:25:55+03:00,datasets/crop_disease/test\Healthy\test_001470.jpg,40.01320000,-73.99910000,10.00,Healthy,0.999999,True
2026-08-10T13:25:55+03:00,datasets/crop_disease/test\Healthy\test_001471.jpg,40.01320000,-73.99900000,10.00,Healthy,1.000000,True
2026-08-10T13:25:55+03:00,datasets/crop_disease/test\Healthy\test_001472.jpg,40.01320000,-73.99890000,10.00,Healthy,0.999996,True
2026-08-10T13:25:55+03:00,datasets/crop_disease/test\Healthy\test_001473.jpg,40.01320000,-73.99880000,10.00,Healthy,1.000000,True
2026-08-10T13:25:55+03:00,datasets/crop_disease/test\Healthy\test_001474.jpg,40.01320000,-73.99870000,10.00,Healthy,0.999993,True
2026-08-10T13:25:55+03:00,datasets/crop_disease/test\Healthy\test_001475.jpg,40.01320000,-73.99860000,10.00,Healthy,1.000000,True
2026-08-10T13:25:55+03:00,datasets/crop_disease/test\Healthy\test_001476.jpg,40.01320000,-73.99850000,10.00,Healthy,1.000000,True
2026-08-10T13:25:55+03:00,datasets/crop_disease/test\Healthy\test_001477.jpg,40.01320000,-73.99840000,10.00,Healthy,0.999991,True
2026-08-10T13:25:55+03:00,datasets/crop_disease/test\Healthy\test_001478.jpg,40.01320000,-73.99830000,10.00,Healthy,1.000000,True
2026-08-10T13:25:56+03:00,datasets/crop_disease/test\Healthy\test_001479.jpg,40.01320000,-73.99820000,10.00,Healthy,1.000000,True
2026-08-10T13:25:56+03:00,datasets/crop_disease/test\Healthy\test_001480.jpg,40.01320000,-73.99810000,10.00,Healthy,1.000000,True
2026-08-10T13:25:56+03:00,datasets/crop_disease/test\Healthy\test_001481.jpg,40.01330000,-74.00000000,10.00,Healthy,1.000000,True
2026-08-10T13:25:56+03:00,datasets/crop_disease/test\Healthy\test_001482.jpg,40.01330000,-73.99990000,10.00,Healthy,0.999980,True
2026-08-10T13:25:56+03:00,datasets/crop_disease/test\Healthy\test_001483.jpg,40.01330000,-73.99980000,10.00,Healthy,1.000000,True
2026-08-10T13:25:56+03:00,datasets/crop_disease/test\Healthy\test_001484.jpg,40.01330000,-73.99970000,10.00,Healthy,0.999996,True
2026-08-10T13:25:56+03:00,datasets/crop_disease/test\Healthy\test_001485.jpg,40.01330000,-73.99960000,10.00,Healthy,0.999985,True
2026-08-10T13:25:56+03:00,datasets/crop_disease/test\Healthy\test_001486.jpg,40.01330000,-73.99950000,10.00,Healthy,0.999996,True
2026-08-10T13:25:56+03:00,datasets/crop_disease/test\Healthy\test_001487.jpg,40.01330000,-73.99940000,10.00,Healthy,0.999997,True
2026-08-10T13:25:56+03:00,datasets/crop_disease/test\Healthy\test_001488.jpg,40.01330000,-73.99930000,10.00,Healthy,0.999841,True
2026-08-10T13:25:56+03:00,datasets/crop_disease/test\Healthy\test_001489.jpg,40.01330000,-73.99920000,10.00,Healthy,0.999999,True
2026-08-10T13:25:56+03:00,datasets/crop_disease/test\Healthy\test_001490.jpg,40.01330000,-73.99910000,10.00,Healthy,0.999889,True
2026-08-10T13:25:56+03:00,datasets/crop_disease/test\Healthy\test_001491.jpg,40.01330000,-73.99900000,10.00,Healthy,1.000000,True
2026-08-10T13:25:56+03:00,datasets/crop_disease/test\Healthy\test_001492.jpg,40.01330000,-73.99890000,10.00,Healthy,0.999892,True
2026-08-10T13:25:56+03:00,datasets/crop_disease/test\Healthy\test_001493.jpg,40.01330000,-73.99880000,10.00,Healthy,0.999957,True
2026-08-10T13:25:56+03:00,datasets/crop_disease/test\Healthy\test_001494.jpg,40.01330000,-73.99870000,10.00,Healthy,0.999999,True
2026-08-10T13:25:56+03:00,datasets/crop_disease/test\Healthy\test_001495.jpg,40.01330000,-73.99860000,10.00,Healthy,0.999985,True
2026-08-10T13:25:56+03:00,datasets/crop_disease/test\Healthy\test_001496.jpg,40.01330000,-73.99850000,10.00,Healthy,1.000000,True
2026-08-10T13:25:56+03:00,datasets/crop_disease/test\Healthy\test_001497.jpg,40.01330000,-73.99840000,10.00,Healthy,1.000000,True
2026-08-10T13:25:56+03:00,datasets/crop_disease/test\Healthy\test_001498.jpg,40.01330000,-73.99830000,10.00,Healthy,0.999979,True
2026-08-10T13:25:56+03:00,datasets/crop_disease/test\Healthy\test_001499.jpg,40.01330000,-73.99820000,10.00,Healthy,0.999940,True
2026-08-10T13:25:56+03:00,datasets/crop_disease/test\Healthy\test_001500.jpg,40.01330000,-73.99810000,10.00,Healthy,0.994910,True
2026-08-10T13:25:56+03:00,datasets/crop_disease/test\Healthy\test_001501.jpg,40.01340000,-74.00000000,10.00,Healthy,0.997062,True
2026-08-10T13:25:56+03:00,datasets/crop_disease/test\Healthy\test_001502.jpg,40.01340000,-73.99990000,10.00,Healthy,0.999015,True
2026-08-10T13:25:56+03:00,datasets/crop_disease/test\Healthy\test_001503.jpg,40.01340000,-73.99980000,10.00,Healthy,0.999617,True
2026-08-10T13:25:56+03:00,datasets/crop_disease/test\Healthy\test_001504.jpg,40.01340000,-73.99970000,10.00,Healthy,0.999852,True
2026-08-10T13:25:56+03:00,datasets/crop_disease/test\Healthy\test_001505.jpg,40.01340000,-73.99960000,10.00,Healthy,0.961268,True
2026-08-10T13:25:56+03:00,datasets/crop_disease/test\Healthy\test_001506.jpg,40.01340000,-73.99950000,10.00,Healthy,0.999180,True
2026-08-10T13:25:56+03:00,datasets/crop_disease/test\Healthy\test_001507.jpg,40.01340000,-73.99940000,10.00,Healthy,0.999998,True
2026-08-10T13:25:56+03:00,datasets/crop_disease/test\Healthy\test_001508.jpg,40.01340000,-73.99930000,10.00,Healthy,0.999900,True
2026-08-10T13:25:56+03:00,datasets/crop_disease/test\Healthy\test_001509.jpg,40.01340000,-73.99920000,10.00,Healthy,0.998202,True
2026-08-10T13:25:56+03:00,datasets/crop_disease/test\Healthy\test_001510.jpg,40.01340000,-73.99910000,10.00,Healthy,0.999488,True
2026-08-10T13:25:56+03:00,datasets/crop_disease/test\Healthy\test_001511.jpg,40.01340000,-73.99900000,10.00,Healthy,0.999984,True
2026-08-10T13:25:56+03:00,datasets/crop_disease/test\Healthy\test_001512.jpg,40.01340000,-73.99890000,10.00,Healthy,0.999556,True
2026-08-10T13:25:56+03:00,datasets/crop_disease/test\Healthy\test_001513.jpg,40.01340000,-73.99880000,10.00,Healthy,0.999899,True
2026-08-10T13:25:56+03:00,datasets/crop_disease/test\Healthy\test_001514.jpg,40.01340000,-73.99870000,10.00,Healthy,0.999459,True
2026-08-10T13:25:56+03:00,datasets/crop_disease/test\Healthy\test_001515.jpg,40.01340000,-73.99860000,10.00,Healthy,0.999884,True
2026-08-10T13:25:56+03:00,datasets/crop_disease/test\Healthy\test_001516.jpg,40.01340000,-73.99850000,10.00,Healthy,0.889847,False
2026-08-10T13:25:56+03:00,datasets/crop_disease/test\Healthy\test_001517.jpg,40.01340000,-73.99840000,10.00,Healthy,0.998122,True
2026-08-10T13:25:56+03:00,datasets/crop_disease/test\Healthy\test_001518.jpg,40.01340000,-73.99830000,10.00,Healthy,0.981996,True
2026-08-10T13:25:56+03:00,datasets/crop_disease/test\Healthy\test_001519.jpg,40.01340000,-73.99820000,10.00,Healthy,0.999916,True
2026-08-10T13:25:56+03:00,datasets/crop_disease/test\Healthy\test_001520.jpg,40.01340000,-73.99810000,10.00,Blight,0.564538,False
2026-08-10T13:25:56+03:00,datasets/crop_disease/test\Healthy\test_001521.jpg,40.01350000,-74.00000000,10.00,Healthy,0.998061,True
2026-08-10T13:25:56+03:00,datasets/crop_disease/test\Healthy\test_001522.jpg,40.01350000,-73.99990000,10.00,Healthy,0.999947,True
2026-08-10T13:25:56+03:00,datasets/crop_disease/test\Healthy\test_001523.jpg,40.01350000,-73.99980000,10.00,Healthy,0.999975,True
2026-08-10T13:25:56+03:00,datasets/crop_disease/test\Healthy\test_001524.jpg,40.01350000,-73.99970000,10.00,Healthy,0.999853,True
2026-08-10T13:25:56+03:00,datasets/crop_disease/test\Healthy\test_001525.jpg,40.01350000,-73.99960000,10.00,Healthy,0.999529,True
2026-08-10T13:25:56+03:00,datasets/crop_disease/test\Healthy\test_001526.jpg,40.01350000,-73.99950000,10.00,Healthy,0.999994,True
2026-08-10T13:25:56+03:00,datasets/crop_disease/test\Healthy\test_001527.jpg,40.01350000,-73.99940000,10.00,Healthy,0.880414,False
2026-08-10T13:25:56+03:00,datasets/crop_disease/test\Healthy\test_001528.jpg,40.01350000,-73.99930000,10.00,Healthy,0.994714,True
2026-08-10T13:25:56+03:00,datasets/crop_disease/test\Healthy\test_001529.jpg,40.01350000,-73.99920000,10.00,Healthy,1.000000,True
2026-08-10T13:25:56+03:00,datasets/crop_disease/test\Healthy\test_001530.jpg,40.01350000,-73.99910000,10.00,Healthy,0.999995,True
2026-08-10T13:25:56+03:00,datasets/crop_disease/test\Healthy\test_001531.jpg,40.01350000,-73.99900000,10.00,Healthy,0.999984,True
2026-08-10T13:25:56+03:00,datasets/crop_disease/test\Healthy\test_001532.jpg,40.01350000,-73.99890000,10.00,Healthy,0.999992,True
2026-08-10T13:25:56+03:00,datasets/crop_disease/test\Healthy\test_001533.jpg,40.01350000,-73.99880000,10.00,Healthy,0.999998,True
2026-08-10T13:25:56+03:00,datasets/crop_disease/test\Healthy\test_001534.jpg,40.01350000,-73.99870000,10.00,Healthy,0.999998,True
2026-08-10T13:25:56+03:00,datasets/crop_disease/test\Healthy\test_001535.jpg,40.01350000,-73.99860000,10.00,Healthy,0.999805,True
2026-08-10T13:25:56+03:00,datasets/crop_disease/test\Healthy\test_001536.jpg,40.01350000,-73.99850000,10.00,Healthy,0.999968,True
2026-08-10T13:25:56+03:00,datasets/crop_disease/test\Healthy\test_001537.jpg,40.01350000,-73.99840000,10.00,Healthy,0.999988,True
2026-08-10T13:25:56+03:00,datasets/crop_disease/test\Healthy\test_001538.jpg,40.01350000,-73.99830000,10.00,Healthy,0.999997,True
2026-08-10T13:25:56+03:00,datasets/crop_disease/test\Healthy\test_001539.jpg,40.01350000,-73.99820000,10.00,Healthy,0.999989,True
2026-08-10T13:25:56+03:00,datasets/crop_disease/test\Healthy\test_001540.jpg,40.01350000,-73.99810000,10.00,Healthy,0.999979,True
2026-08-10T13:25:56+03:00,datasets/crop_disease/test\Healthy\test_001541.jpg,40.01360000,-74.00000000,10.00,Healthy,1.000000,True
2026-08-10T13:25:56+03:00,datasets/crop_disease/test\Healthy\test_001542.jpg,40.01360000,-73.99990000,10.00,Healthy,0.999996,True
2026-08-10T13:25:56+03:00,datasets/crop_disease/test\Healthy\test_001543.jpg,40.01360000,-73.99980000,10.00,Healthy,0.999992,True
2026-08-10T13:25:56+03:00,datasets/crop_disease/test\Healthy\test_001544.jpg,40.01360000,-73.99970000,10.00,Healthy,0.999994,True
2026-08-10T13:25:56+03:00,datasets/crop_disease/test\Healthy\test_001545.jpg,40.01360000,-73.99960000,10.00,Healthy,0.999928,True
2026-08-10T13:25:56+03:00,datasets/crop_disease/test\Healthy\test_001546.jpg,40.01360000,-73.99950000,10.00,Healthy,0.999997,True
2026-08-10T13:25:56+03:00,datasets/crop_disease/test\Healthy\test_001547.jpg,40.01360000,-73.99940000,10.00,Healthy,1.000000,True
2026-08-10T13:25:56+03:00,datasets/crop_disease/test\Healthy\test_001548.jpg,40.01360000,-73.99930000,10.00,Healthy,0.999992,True
2026-08-10T13:25:56+03:00,datasets/crop_disease/test\Healthy\test_001549.jpg,40.01360000,-73.99920000,10.00,Healthy,0.999710,True
2026-08-10T13:25:56+03:00,datasets/crop_disease/test\Healthy\test_001550.jpg,40.01360000,-73.99910000,10.00,Healthy,0.999968,True
2026-08-10T13:25:56+03:00,datasets/crop_disease/test\Healthy\test_001551.jpg,40.01360000,-73.99900000,10.00,Healthy,0.999601,True
2026-08-10T13:25:56+03:00,datasets/crop_disease/test\Healthy\test_001552.jpg,40.01360000,-73.99890000,10.00,Healthy,0.999980,True
2026-08-10T13:25:56+03:00,datasets/crop_disease/test\Healthy\test_001553.jpg,40.01360000,-73.99880000,10.00,Healthy,0.999947,True
2026-08-10T13:25:56+03:00,datasets/crop_disease/test\Healthy\test_001554.jpg,40.01360000,-73.99870000,10.00,Healthy,0.999998,True
2026-08-10T13:25:56+03:00,datasets/crop_disease/test\Healthy\test_001555.jpg,40.01360000,-73.99860000,10.00,Healthy,0.999996,True
2026-08-10T13:25:57+03:00,datasets/crop_disease/test\Healthy\test_001556.jpg,40.01360000,-73.99850000,10.00,Healthy,0.999997,True
2026-08-10T13:25:57+03:00,datasets/crop_disease/test\Healthy\test_001557.jpg,40.01360000,-73.99840000,10.00,Healthy,0.999999,True
2026-08-10T13:25:57+03:00,datasets/crop_disease/test\Healthy\test_001558.jpg,40.01360000,-73.99830000,10.00,Healthy,0.999720,True
2026-08-10T13:25:57+03:00,datasets/crop_disease/test\Healthy\test_001559.jpg,40.01360000,-73.99820000,10.00,Healthy,0.996783,True
2026-08-10T13:25:57+03:00,datasets/crop_disease/test\Healthy\test_001560.jpg,40.01360000,-73.99810000,10.00,Healthy,0.999991,True
2026-08-10T13:25:57+03:00,datasets/crop_disease/test\Healthy\test_001561.jpg,40.01370000,-74.00000000,10.00,Healthy,0.999989,True
2026-08-10T13:25:57+03:00,datasets/crop_disease/test\Healthy\test_001562.jpg,40.01370000,-73.99990000,10.00,Healthy,0.999999,True
2026-08-10T13:25:57+03:00,datasets/crop_disease/test\Healthy\test_001563.jpg,40.01370000,-73.99980000,10.00,Healthy,0.999125,True
2026-08-10T13:25:57+03:00,datasets/crop_disease/test\Healthy\test_001564.jpg,40.01370000,-73.99970000,10.00,Healthy,0.999918,True
2026-08-10T13:25:57+03:00,datasets/crop_disease/test\Healthy\test_001565.jpg,40.01370000,-73.99960000,10.00,Healthy,0.999996,True
2026-08-10T13:25:57+03:00,datasets/crop_disease/test\Healthy\test_001566.jpg,40.01370000,-73.99950000,10.00,Healthy,0.999979,True
2026-08-10T13:25:57+03:00,datasets/crop_disease/test\Healthy\test_001567.jpg,40.01370000,-73.99940000,10.00,Healthy,0.999981,True
2026-08-10T13:25:57+03:00,datasets/crop_disease/test\Healthy\test_001568.jpg,40.01370000,-73.99930000,10.00,Healthy,0.999986,True
2026-08-10T13:25:57+03:00,datasets/crop_disease/test\Healthy\test_001569.jpg,40.01370000,-73.99920000,10.00,Healthy,1.000000,True
2026-08-10T13:25:57+03:00,datasets/crop_disease/test\Healthy\test_001570.jpg,40.01370000,-73.99910000,10.00,Healthy,0.999911,True
2026-08-10T13:25:57+03:00,datasets/crop_disease/test\Healthy\test_001571.jpg,40.01370000,-73.99900000,10.00,Healthy,1.000000,True
2026-08-10T13:25:57+03:00,datasets/crop_disease/test\Healthy\test_001572.jpg,40.01370000,-73.99890000,10.00,Healthy,0.999972,True
2026-08-10T13:25:57+03:00,datasets/crop_disease/test\Healthy\test_001573.jpg,40.01370000,-73.99880000,10.00,Healthy,0.999981,True
2026-08-10T13:25:57+03:00,datasets/crop_disease/test\Healthy\test_001574.jpg,40.01370000,-73.99870000,10.00,Healthy,1.000000,True
2026-08-10T13:25:57+03:00,datasets/crop_disease/test\Healthy\test_001575.jpg,40.01370000,-73.99860000,10.00,Healthy,0.999982,True
2026-08-10T13:25:57+03:00,datasets/crop_disease/test\Healthy\test_001576.jpg,40.01370000,-73.99850000,10.00,Healthy,0.999987,True
2026-08-10T13:25:57+03:00,datasets/crop_disease/test\Healthy\test_001577.jpg,40.01370000,-73.99840000,10.00,Healthy,0.999999,True
2026-08-10T13:25:57+03:00,datasets/crop_disease/test\Healthy\test_001578.jpg,40.01370000,-73.99830000,10.00,Healthy,0.999998,True
2026-08-10T13:25:57+03:00,datasets/crop_disease/test\Healthy\test_001579.jpg,40.01370000,-73.99820000,10.00,Healthy,0.999933,True
2026-08-10T13:25:57+03:00,datasets/crop_disease/test\Healthy\test_001580.jpg,40.01370000,-73.99810000,10.00,Healthy,0.999999,True
2026-08-10T13:25:57+03:00,datasets/crop_disease/test\Healthy\test_001581.jpg,40.01380000,-74.00000000,10.00,Healthy,0.999847,True
2026-08-10T13:25:57+03:00,datasets/crop_disease/test\Healthy\test_001582.jpg,40.01380000,-73.99990000,10.00,Healthy,0.997939,True
2026-08-10T13:25:57+03:00,datasets/crop_disease/test\Healthy\test_001583.jpg,40.01380000,-73.99980000,10.00,Healthy,0.999953,True
2026-08-10T13:25:57+03:00,datasets/crop_disease/test\Healthy\test_001584.jpg,40.01380000,-73.99970000,10.00,Healthy,0.999956,True
2026-08-10T13:25:57+03:00,datasets/crop_disease/test\Healthy\test_001585.jpg,40.01380000,-73.99960000,10.00,Healthy,0.998504,True
2026-08-10T13:25:57+03:00,datasets/crop_disease/test\Healthy\test_001586.jpg,40.01380000,-73.99950000,10.00,Healthy,1.000000,True
2026-08-10T13:25:57+03:00,datasets/crop_disease/test\Healthy\test_001587.jpg,40.01380000,-73.99940000,10.00,Healthy,0.999989,True
2026-08-10T13:25:57+03:00,datasets/crop_disease/test\Healthy\test_001588.jpg,40.01380000,-73.99930000,10.00,Healthy,0.999993,True
2026-08-10T13:25:57+03:00,datasets/crop_disease/test\Healthy\test_001589.jpg,40.01380000,-73.99920000,10.00,Healthy,0.999988,True
2026-08-10T13:25:57+03:00,datasets/crop_disease/test\Healthy\test_001590.jpg,40.01380000,-73.99910000,10.00,Healthy,0.999937,True
2026-08-10T13:25:57+03:00,datasets/crop_disease/test\Healthy\test_001591.jpg,40.01380000,-73.99900000,10.00,Healthy,1.000000,True
2026-08-10T13:25:57+03:00,datasets/crop_disease/test\Healthy\test_001592.jpg,40.01380000,-73.99890000,10.00,Healthy,0.999997,True
2026-08-10T13:25:57+03:00,datasets/crop_disease/test\Healthy\test_001593.jpg,40.01380000,-73.99880000,10.00,Healthy,0.999773,True
2026-08-10T13:25:57+03:00,datasets/crop_disease/test\Healthy\test_001594.jpg,40.01380000,-73.99870000,10.00,Healthy,0.999928,True
2026-08-10T13:25:57+03:00,datasets/crop_disease/test\Healthy\test_001595.jpg,40.01380000,-73.99860000,10.00,Healthy,0.999996,True
2026-08-10T13:25:57+03:00,datasets/crop_disease/test\Healthy\test_001596.jpg,40.01380000,-73.99850000,10.00,Healthy,0.999545,True
2026-08-10T13:25:57+03:00,datasets/crop_disease/test\Healthy\test_001597.jpg,40.01380000,-73.99840000,10.00,Healthy,0.997058,True
2026-08-10T13:25:57+03:00,datasets/crop_disease/test\Healthy\test_001598.jpg,40.01380000,-73.99830000,10.00,Healthy,0.999990,True
2026-08-10T13:25:57+03:00,datasets/crop_disease/test\Healthy\test_001599.jpg,40.01380000,-73.99820000,10.00,Healthy,1.000000,True
2026-08-10T13:25:57+03:00,datasets/crop_disease/test\Healthy\test_001600.jpg,40.01380000,-73.99810000,10.00,Healthy,0.999998,True
2026-08-10T13:25:57+03:00,datasets/crop_disease/test\Healthy\test_001601.jpg,40.01390000,-74.00000000,10.00,Healthy,0.999993,True
2026-08-10T13:25:57+03:00,datasets/crop_disease/test\Healthy\test_001602.jpg,40.01390000,-73.99990000,10.00,Healthy,0.999997,True
2026-08-10T13:25:57+03:00,datasets/crop_disease/test\Healthy\test_001603.jpg,40.01390000,-73.99980000,10.00,Healthy,1.000000,True
2026-08-10T13:25:57+03:00,datasets/crop_disease/test\Healthy\test_001604.jpg,40.01390000,-73.99970000,10.00,Healthy,0.999995,True
2026-08-10T13:25:57+03:00,datasets/crop_disease/test\Healthy\test_001605.jpg,40.01390000,-73.99960000,10.00,Healthy,1.000000,True
2026-08-10T13:25:57+03:00,datasets/crop_disease/test\Healthy\test_001606.jpg,40.01390000,-73.99950000,10.00,Healthy,0.994496,True
2026-08-10T13:25:57+03:00,datasets/crop_disease/test\Healthy\test_001607.jpg,40.01390000,-73.99940000,10.00,Healthy,0.999994,True
2026-08-10T13:25:57+03:00,datasets/crop_disease/test\Healthy\test_001608.jpg,40.01390000,-73.99930000,10.00,Healthy,1.000000,True
2026-08-10T13:25:57+03:00,datasets/crop_disease/test\Healthy\test_001609.jpg,40.01390000,-73.99920000,10.00,Healthy,0.999999,True
2026-08-10T13:25:57+03:00,datasets/crop_disease/test\Healthy\test_001610.jpg,40.01390000,-73.99910000,10.00,Healthy,1.000000,True
2026-08-10T13:25:57+03:00,datasets/crop_disease/test\Healthy\test_001611.jpg,40.01390000,-73.99900000,10.00,Healthy,0.999444,True
2026-08-10T13:25:57+03:00,datasets/crop_disease/test\Healthy\test_001612.jpg,40.01390000,-73.99890000,10.00,Healthy,1.000000,True
2026-08-10T13:25:57+03:00,datasets/crop_disease/test\Healthy\test_001613.jpg,40.01390000,-73.99880000,10.00,Healthy,0.999998,True
2026-08-10T13:25:57+03:00,datasets/crop_disease/test\Healthy\test_001614.jpg,40.01390000,-73.99870000,10.00,Healthy,0.999962,True
2026-08-10T13:25:57+03:00,datasets/crop_disease/test\Healthy\test_001615.jpg,40.01390000,-73.99860000,10.00,Healthy,0.999995,True
2026-08-10T13:25:57+03:00,datasets/crop_disease/test\Healthy\test_001616.jpg,40.01390000,-73.99850000,10.00,Healthy,0.999998,True
2026-08-10T13:25:57+03:00,datasets/crop_disease/test\Healthy\test_001617.jpg,40.01390000,-73.99840000,10.00,Healthy,0.999998,True
2026-08-10T13:25:57+03:00,datasets/crop_disease/test\Healthy\test_001618.jpg,40.01390000,-73.99830000,10.00,Healthy,0.999933,True
2026-08-10T13:25:57+03:00,datasets/crop_disease/test\Healthy\test_001619.jpg,40.01390000,-73.99820000,10.00,Healthy,0.999998,True
2026-08-10T13:25:57+03:00,datasets/crop_disease/test\Healthy\test_001620.jpg,40.01390000,-73.99810000,10.00,Healthy,1.000000,True
2026-08-10T13:25:57+03:00,datasets/crop_disease/test\Healthy\test_001621.jpg,40.01400000,-74.00000000,10.00,Healthy,0.999998,True
2026-08-10T13:25:57+03:00,datasets/crop_disease/test\Healthy\test_001622.jpg,40.01400000,-73.99990000,10.00,Healthy,0.999995,True
2026-08-10T13:25:57+03:00,datasets/crop_disease/test\Healthy\test_001623.jpg,40.01400000,-73.99980000,10.00,Healthy,1.000000,True
2026-08-10T13:25:57+03:00,datasets/crop_disease/test\Healthy\test_001624.jpg,40.01400000,-73.99970000,10.00,Healthy,1.000000,True
2026-08-10T13:25:57+03:00,datasets/crop_disease/test\Healthy\test_001625.jpg,40.01400000,-73.99960000,10.00,Healthy,0.999999,True
2026-08-10T13:25:57+03:00,datasets/crop_disease/test\Healthy\test_001626.jpg,40.01400000,-73.99950000,10.00,Healthy,0.999607,True
2026-08-10T13:25:57+03:00,datasets/crop_disease/test\Healthy\test_001627.jpg,40.01400000,-73.99940000,10.00,Healthy,0.999994,True
2026-08-10T13:25:57+03:00,datasets/crop_disease/test\Healthy\test_001628.jpg,40.01400000,-73.99930000,10.00,Healthy,0.999999,True
2026-08-10T13:25:57+03:00,datasets/crop_disease/test\Healthy\test_001629.jpg,40.01400000,-73.99920000,10.00,Healthy,1.000000,True
2026-08-10T13:25:57+03:00,datasets/crop_disease/test\Healthy\test_001630.jpg,40.01400000,-73.99910000,10.00,Healthy,0.999825,True
2026-08-10T13:25:58+03:00,datasets/crop_disease/test\Healthy\test_001631.jpg,40.01400000,-73.99900000,10.00,Healthy,0.999999,True
2026-08-10T13:25:58+03:00,datasets/crop_disease/test\Healthy\test_001632.jpg,40.01400000,-73.99890000,10.00,Healthy,0.999995,True
2026-08-10T13:25:58+03:00,datasets/crop_disease/test\Healthy\test_001633.jpg,40.01400000,-73.99880000,10.00,Healthy,0.999974,True
2026-08-10T13:25:58+03:00,datasets/crop_disease/test\Healthy\test_001634.jpg,40.01400000,-73.99870000,10.00,Healthy,1.000000,True
2026-08-10T13:25:58+03:00,datasets/crop_disease/test\Healthy\test_001635.jpg,40.01400000,-73.99860000,10.00,Healthy,1.000000,True
2026-08-10T13:25:58+03:00,datasets/crop_disease/test\Healthy\test_001636.jpg,40.01400000,-73.99850000,10.00,Healthy,1.000000,True
2026-08-10T13:25:58+03:00,datasets/crop_disease/test\Healthy\test_001637.jpg,40.01400000,-73.99840000,10.00,Healthy,1.000000,True
2026-08-10T13:25:58+03:00,datasets/crop_disease/test\Healthy\test_001638.jpg,40.01400000,-73.99830000,10.00,Healthy,0.999999,True
2026-08-10T13:25:58+03:00,datasets/crop_disease/test\Healthy\test_001639.jpg,40.01400000,-73.99820000,10.00,Healthy,1.000000,True
2026-08-10T13:25:58+03:00,datasets/crop_disease/test\Healthy\test_001640.jpg,40.01400000,-73.99810000,10.00,Healthy,1.000000,True
2026-08-10T13:25:58+03:00,datasets/crop_disease/test\Healthy\test_001641.jpg,40.01410000,-74.00000000,10.00,Healthy,1.000000,True
2026-08-10T13:25:58+03:00,datasets/crop_disease/test\Healthy\test_001642.jpg,40.01410000,-73.99990000,10.00,Healthy,0.999940,True
2026-08-10T13:25:58+03:00,datasets/crop_disease/test\Healthy\test_001643.jpg,40.01410000,-73.99980000,10.00,Healthy,0.999999,True
2026-08-10T13:25:58+03:00,datasets/crop_disease/test\Healthy\test_001644.jpg,40.01410000,-73.99970000,10.00,Healthy,0.999994,True
2026-08-10T13:25:58+03:00,datasets/crop_disease/test\Healthy\test_001645.jpg,40.01410000,-73.99960000,10.00,Healthy,1.000000,True
2026-08-10T13:25:58+03:00,datasets/crop_disease/test\Healthy\test_001646.jpg,40.01410000,-73.99950000,10.00,Healthy,1.000000,True
2026-08-10T13:25:58+03:00,datasets/crop_disease/test\Healthy\test_001647.jpg,40.01410000,-73.99940000,10.00,Healthy,1.000000,True
2026-08-10T13:25:58+03:00,datasets/crop_disease/test\Healthy\test_001648.jpg,40.01410000,-73.99930000,10.00,Healthy,1.000000,True
2026-08-10T13:25:58+03:00,datasets/crop_disease/test\Healthy\test_001649.jpg,40.01410000,-73.99920000,10.00,Healthy,0.999183,True
2026-08-10T13:25:58+03:00,datasets/crop_disease/test\Healthy\test_001650.jpg,40.01410000,-73.99910000,10.00,Healthy,1.000000,True
2026-08-10T13:25:58+03:00,datasets/crop_disease/test\Healthy\test_001651.jpg,40.01410000,-73.99900000,10.00,Healthy,0.999991,True
2026-08-10T13:25:58+03:00,datasets/crop_disease/test\Healthy\test_001652.jpg,40.01410000,-73.99890000,10.00,Healthy,0.999998,True
2026-08-10T13:25:58+03:00,datasets/crop_disease/test\Healthy\test_001653.jpg,40.01410000,-73.99880000,10.00,Healthy,0.999991,True
2026-08-10T13:25:58+03:00,datasets/crop_disease/test\Healthy\test_001654.jpg,40.01410000,-73.99870000,10.00,Healthy,1.000000,True
2026-08-10T13:25:58+03:00,datasets/crop_disease/test\Healthy\test_001655.jpg,40.01410000,-73.99860000,10.00,Healthy,1.000000,True
2026-08-10T13:25:58+03:00,datasets/crop_disease/test\Healthy\test_001656.jpg,40.01410000,-73.99850000,10.00,Healthy,1.000000,True
2026-08-10T13:25:58+03:00,datasets/crop_disease/test\Healthy\test_001657.jpg,40.01410000,-73.99840000,10.00,Healthy,1.000000,True
2026-08-10T13:25:58+03:00,datasets/crop_disease/test\Healthy\test_001658.jpg,40.01410000,-73.99830000,10.00,Healthy,0.999999,True
2026-08-10T13:25:58+03:00,datasets/crop_disease/test\Healthy\test_001659.jpg,40.01410000,-73.99820000,10.00,Healthy,0.999960,True
2026-08-10T13:25:58+03:00,datasets/crop_disease/test\Healthy\test_001660.jpg,40.01410000,-73.99810000,10.00,Healthy,0.999995,True
2026-08-10T13:25:58+03:00,datasets/crop_disease/test\Healthy\test_001661.jpg,40.01420000,-74.00000000,10.00,Healthy,0.999998,True
2026-08-10T13:25:58+03:00,datasets/crop_disease/test\Healthy\test_001662.jpg,40.01420000,-73.99990000,10.00,Healthy,0.999998,True
2026-08-10T13:25:58+03:00,datasets/crop_disease/test\Healthy\test_001663.jpg,40.01420000,-73.99980000,10.00,Healthy,0.999997,True
2026-08-10T13:25:58+03:00,datasets/crop_disease/test\Healthy\test_001664.jpg,40.01420000,-73.99970000,10.00,Healthy,0.999970,True
2026-08-10T13:25:58+03:00,datasets/crop_disease/test\Healthy\test_001665.jpg,40.01420000,-73.99960000,10.00,Healthy,1.000000,True
2026-08-10T13:25:58+03:00,datasets/crop_disease/test\Healthy\test_001666.jpg,40.01420000,-73.99950000,10.00,Healthy,1.000000,True
2026-08-10T13:25:58+03:00,datasets/crop_disease/test\Healthy\test_001667.jpg,40.01420000,-73.99940000,10.00,Healthy,1.000000,True
2026-08-10T13:25:58+03:00,datasets/crop_disease/test\Healthy\test_001668.jpg,40.01420000,-73.99930000,10.00,Healthy,1.000000,True
2026-08-10T13:25:58+03:00,datasets/crop_disease/test\Healthy\test_001669.jpg,40.01420000,-73.99920000,10.00,Healthy,1.000000,True
2026-08-10T13:25:58+03:00,datasets/crop_disease/test\Healthy\test_001670.jpg,40.01420000,-73.99910000,10.00,Healthy,0.999980,True
2026-08-10T13:25:58+03:00,datasets/crop_disease/test\Healthy\test_001671.jpg,40.01420000,-73.99900000,10.00,Healthy,1.000000,True
2026-08-10T13:25:58+03:00,datasets/crop_disease/test\Healthy\test_001672.jpg,40.01420000,-73.99890000,10.00,Healthy,1.000000,True
2026-08-10T13:25:58+03:00,datasets/crop_disease/test\Healthy\test_001673.jpg,40.01420000,-73.99880000,10.00,Healthy,1.000000,True
2026-08-10T13:25:58+03:00,datasets/crop_disease/test\Healthy\test_001674.jpg,40.01420000,-73.99870000,10.00,Healthy,1.000000,True
2026-08-10T13:25:58+03:00,datasets/crop_disease/test\Healthy\test_001675.jpg,40.01420000,-73.99860000,10.00,Healthy,1.000000,True
2026-08-10T13:25:58+03:00,datasets/crop_disease/test\Healthy\test_001676.jpg,40.01420000,-73.99850000,10.00,Healthy,1.000000,True
2026-08-10T13:25:58+03:00,datasets/crop_disease/test\Healthy\test_001677.jpg,40.01420000,-73.99840000,10.00,Healthy,0.999993,True
2026-08-10T13:25:58+03:00,datasets/crop_disease/test\Healthy\test_001678.jpg,40.01420000,-73.99830000,10.00,Healthy,1.000000,True
2026-08-10T13:25:58+03:00,datasets/crop_disease/test\Healthy\test_001679.jpg,40.01420000,-73.99820000,10.00,Healthy,1.000000,True
2026-08-10T13:25:58+03:00,datasets/crop_disease/test\Healthy\test_001680.jpg,40.01420000,-73.99810000,10.00,Healthy,0.999999,True
2026-08-10T13:25:58+03:00,datasets/crop_disease/test\Healthy\test_001681.jpg,40.01430000,-74.00000000,10.00,Healthy,1.000000,True
2026-08-10T13:25:58+03:00,datasets/crop_disease/test\Healthy\test_001682.jpg,40.01430000,-73.99990000,10.00,Healthy,1.000000,True
2026-08-10T13:25:58+03:00,datasets/crop_disease/test\Healthy\test_001683.jpg,40.01430000,-73.99980000,10.00,Healthy,1.000000,True
2026-08-10T13:25:58+03:00,datasets/crop_disease/test\Healthy\test_001684.jpg,40.01430000,-73.99970000,10.00,Healthy,0.999982,True
2026-08-10T13:25:58+03:00,datasets/crop_disease/test\Healthy\test_001685.jpg,40.01430000,-73.99960000,10.00,Healthy,1.000000,True
2026-08-10T13:25:58+03:00,datasets/crop_disease/test\Healthy\test_001686.jpg,40.01430000,-73.99950000,10.00,Healthy,1.000000,True
2026-08-10T13:25:58+03:00,datasets/crop_disease/test\Healthy\test_001687.jpg,40.01430000,-73.99940000,10.00,Healthy,1.000000,True
2026-08-10T13:25:58+03:00,datasets/crop_disease/test\Healthy\test_001688.jpg,40.01430000,-73.99930000,10.00,Healthy,1.000000,True
2026-08-10T13:25:58+03:00,datasets/crop_disease/test\Healthy\test_001689.jpg,40.01430000,-73.99920000,10.00,Healthy,1.000000,True
2026-08-10T13:25:58+03:00,datasets/crop_disease/test\Healthy\test_001690.jpg,40.01430000,-73.99910000,10.00,Healthy,1.000000,True
2026-08-10T13:25:58+03:00,datasets/crop_disease/test\Healthy\test_001691.jpg,40.01430000,-73.99900000,10.00,Healthy,0.999998,True
2026-08-10T13:25:58+03:00,datasets/crop_disease/test\Healthy\test_001692.jpg,40.01430000,-73.99890000,10.00,Healthy,1.000000,True
2026-08-10T13:25:58+03:00,datasets/crop_disease/test\Healthy\test_001693.jpg,40.01430000,-73.99880000,10.00,Healthy,1.000000,True
2026-08-10T13:25:58+03:00,datasets/crop_disease/test\Healthy\test_001694.jpg,40.01430000,-73.99870000,10.00,Healthy,1.000000,True
2026-08-10T13:25:58+03:00,datasets/crop_disease/test\Healthy\test_001695.jpg,40.01430000,-73.99860000,10.00,Healthy,1.000000,True
2026-08-10T13:25:58+03:00,datasets/crop_disease/test\Healthy\test_001696.jpg,40.01430000,-73.99850000,10.00,Healthy,1.000000,True
2026-08-10T13:25:58+03:00,datasets/crop_disease/test\Healthy\test_001697.jpg,40.01430000,-73.99840000,10.00,Healthy,0.999977,True
2026-08-10T13:25:59+03:00,datasets/crop_disease/test\Healthy\test_001698.jpg,40.01430000,-73.99830000,10.00,Healthy,1.000000,True
2026-08-10T13:25:59+03:00,datasets/crop_disease/test\Healthy\test_001699.jpg,40.01430000,-73.99820000,10.00,Healthy,0.999999,True
2026-08-10T13:25:59+03:00,datasets/crop_disease/test\Healthy\test_001700.jpg,40.01430000,-73.99810000,10.00,Healthy,1.000000,True
2026-08-10T13:25:59+03:00,datasets/crop_disease/test\Healthy\test_001701.jpg,40.01440000,-74.00000000,10.00,Healthy,1.000000,True
2026-08-10T13:25:59+03:00,datasets/crop_disease/test\Healthy\test_001702.jpg,40.01440000,-73.99990000,10.00,Healthy,0.999999,True
2026-08-10T13:25:59+03:00,datasets/crop_disease/test\Healthy\test_001703.jpg,40.01440000,-73.99980000,10.00,Healthy,0.999996,True
2026-08-10T13:25:59+03:00,datasets/crop_disease/test\Healthy\test_001704.jpg,40.01440000,-73.99970000,10.00,Healthy,0.999991,True
2026-08-10T13:25:59+03:00,datasets/crop_disease/test\Healthy\test_001705.jpg,40.01440000,-73.99960000,10.00,Healthy,1.000000,True
2026-08-10T13:25:59+03:00,datasets/crop_disease/test\Healthy\test_001706.jpg,40.01440000,-73.99950000,10.00,Healthy,0.999974,True
2026-08-10T13:25:59+03:00,datasets/crop_disease/test\Healthy\test_001707.jpg,40.01440000,-73.99940000,10.00,Healthy,1.000000,True
2026-08-10T13:25:59+03:00,datasets/crop_disease/test\Healthy\test_001708.jpg,40.01440000,-73.99930000,10.00,Healthy,1.000000,True
2026-08-10T13:25:59+03:00,datasets/crop_disease/test\Healthy\test_001709.jpg,40.01440000,-73.99920000,10.00,Healthy,0.999925,True
2026-08-10T13:25:59+03:00,datasets/crop_disease/test\Healthy\test_001710.jpg,40.01440000,-73.99910000,10.00,Healthy,0.999419,True
2026-08-10T13:25:59+03:00,datasets/crop_disease/test\Healthy\test_001711.jpg,40.01440000,-73.99900000,10.00,Healthy,1.000000,True
2026-08-10T13:25:59+03:00,datasets/crop_disease/test\Healthy\test_001712.jpg,40.01440000,-73.99890000,10.00,Healthy,1.000000,True
2026-08-10T13:25:59+03:00,datasets/crop_disease/test\Healthy\test_001713.jpg,40.01440000,-73.99880000,10.00,Healthy,0.999972,True
2026-08-10T13:25:59+03:00,datasets/crop_disease/test\Healthy\test_001714.jpg,40.01440000,-73.99870000,10.00,Healthy,1.000000,True
2026-08-10T13:25:59+03:00,datasets/crop_disease/test\Healthy\test_001715.jpg,40.01440000,-73.99860000,10.00,Healthy,0.999994,True
2026-08-10T13:25:59+03:00,datasets/crop_disease/test\Healthy\test_001716.jpg,40.01440000,-73.99850000,10.00,Healthy,0.999992,True
2026-08-10T13:25:59+03:00,datasets/crop_disease/test\Healthy\test_001717.jpg,40.01440000,-73.99840000,10.00,Healthy,1.000000,True
2026-08-10T13:25:59+03:00,datasets/crop_disease/test\Healthy\test_001718.jpg,40.01440000,-73.99830000,10.00,Healthy,0.995669,True
2026-08-10T13:25:59+03:00,datasets/crop_disease/test\Healthy\test_001719.jpg,40.01440000,-73.99820000,10.00,Healthy,1.000000,True
2026-08-10T13:25:59+03:00,datasets/crop_disease/test\Healthy\test_001720.jpg,40.01440000,-73.99810000,10.00,Healthy,0.999889,True
2026-08-10T13:25:59+03:00,datasets/crop_disease/test\Healthy\test_001721.jpg,40.01450000,-74.00000000,10.00,Healthy,1.000000,True
2026-08-10T13:25:59+03:00,datasets/crop_disease/test\Healthy\test_001722.jpg,40.01450000,-73.99990000,10.00,Healthy,1.000000,True
2026-08-10T13:25:59+03:00,datasets/crop_disease/test\Healthy\test_001723.jpg,40.01450000,-73.99980000,10.00,Healthy,1.000000,True
2026-08-10T13:25:59+03:00,datasets/crop_disease/test\Healthy\test_001724.jpg,40.01450000,-73.99970000,10.00,Healthy,0.999997,True
2026-08-10T13:25:59+03:00,datasets/crop_disease/test\Healthy\test_001725.jpg,40.01450000,-73.99960000,10.00,Healthy,0.999999,True
2026-08-10T13:25:59+03:00,datasets/crop_disease/test\Healthy\test_001726.jpg,40.01450000,-73.99950000,10.00,Healthy,0.998774,True
2026-08-10T13:25:59+03:00,datasets/crop_disease/test\Healthy\test_001727.jpg,40.01450000,-73.99940000,10.00,Healthy,0.999990,True
2026-08-10T13:25:59+03:00,datasets/crop_disease/test\Healthy\test_001728.jpg,40.01450000,-73.99930000,10.00,Healthy,1.000000,True
2026-08-10T13:25:59+03:00,datasets/crop_disease/test\Healthy\test_001729.jpg,40.01450000,-73.99920000,10.00,Healthy,1.000000,True
2026-08-10T13:25:59+03:00,datasets/crop_disease/test\Healthy\test_001730.jpg,40.01450000,-73.99910000,10.00,Healthy,1.000000,True
2026-08-10T13:25:59+03:00,datasets/crop_disease/test\Healthy\test_001731.jpg,40.01450000,-73.99900000,10.00,Healthy,1.000000,True
2026-08-10T13:25:59+03:00,datasets/crop_disease/test\Healthy\test_001732.jpg,40.01450000,-73.99890000,10.00,Healthy,1.000000,True
2026-08-10T13:25:59+03:00,datasets/crop_disease/test\Healthy\test_001733.jpg,40.01450000,-73.99880000,10.00,Healthy,1.000000,True
2026-08-10T13:25:59+03:00,datasets/crop_disease/test\Healthy\test_001734.jpg,40.01450000,-73.99870000,10.00,Healthy,1.000000,True
2026-08-10T13:25:59+03:00,datasets/crop_disease/test\Healthy\test_001735.jpg,40.01450000,-73.99860000,10.00,Healthy,0.999999,True
2026-08-10T13:25:59+03:00,datasets/crop_disease/test\Healthy\test_001736.jpg,40.01450000,-73.99850000,10.00,Healthy,1.000000,True
2026-08-10T13:25:59+03:00,datasets/crop_disease/test\Healthy\test_001737.jpg,40.01450000,-73.99840000,10.00,Healthy,0.999997,True
2026-08-10T13:25:59+03:00,datasets/crop_disease/test\Healthy\test_001738.jpg,40.01450000,-73.99830000,10.00,Healthy,1.000000,True
2026-08-10T13:25:59+03:00,datasets/crop_disease/test\Healthy\test_001739.jpg,40.01450000,-73.99820000,10.00,Healthy,0.999998,True
2026-08-10T13:25:59+03:00,datasets/crop_disease/test\Healthy\test_001740.jpg,40.01450000,-73.99810000,10.00,Healthy,0.999987,True
2026-08-10T13:25:59+03:00,datasets/crop_disease/test\Healthy\test_001741.jpg,40.01460000,-74.00000000,10.00,Healthy,1.000000,True
2026-08-10T13:25:59+03:00,datasets/crop_disease/test\Healthy\test_001742.jpg,40.01460000,-73.99990000,10.00,Healthy,1.000000,True
2026-08-10T13:25:59+03:00,datasets/crop_disease/test\Healthy\test_001743.jpg,40.01460000,-73.99980000,10.00,Healthy,1.000000,True
2026-08-10T13:25:59+03:00,datasets/crop_disease/test\Healthy\test_001744.jpg,40.01460000,-73.99970000,10.00,Healthy,0.999998,True
2026-08-10T13:25:59+03:00,datasets/crop_disease/test\Healthy\test_001745.jpg,40.01460000,-73.99960000,10.00,Healthy,0.999976,True
2026-08-10T13:25:59+03:00,datasets/crop_disease/test\Healthy\test_001746.jpg,40.01460000,-73.99950000,10.00,Healthy,1.000000,True
2026-08-10T13:25:59+03:00,datasets/crop_disease/test\Healthy\test_001747.jpg,40.01460000,-73.99940000,10.00,Healthy,0.999999,True
2026-08-10T13:25:59+03:00,datasets/crop_disease/test\Healthy\test_001748.jpg,40.01460000,-73.99930000,10.00,Healthy,0.999996,True
2026-08-10T13:25:59+03:00,datasets/crop_disease/test\Healthy\test_001749.jpg,40.01460000,-73.99920000,10.00,Healthy,1.000000,True
2026-08-10T13:25:59+03:00,datasets/crop_disease/test\Healthy\test_001750.jpg,40.01460000,-73.99910000,10.00,Healthy,1.000000,True
2026-08-10T13:25:59+03:00,datasets/crop_disease/test\Healthy\test_001751.jpg,40.01460000,-73.99900000,10.00,Healthy,0.999997,True
2026-08-10T13:25:59+03:00,datasets/crop_disease/test\Healthy\test_001752.jpg,40.01460000,-73.99890000,10.00,Healthy,1.000000,True
2026-08-10T13:25:59+03:00,datasets/crop_disease/test\Healthy\test_001753.jpg,40.01460000,-73.99880000,10.00,Healthy,1.000000,True
2026-08-10T13:25:59+03:00,datasets/crop_disease/test\Healthy\test_001754.jpg,40.01460000,-73.99870000,10.00,Healthy,0.999981,True
2026-08-10T13:25:59+03:00,datasets/crop_disease/test\Healthy\test_001755.jpg,40.01460000,-73.99860000,10.00,Healthy,1.000000,True
2026-08-10T13:25:59+03:00,datasets/crop_disease/test\Healthy\test_001756.jpg,40.01460000,-73.99850000,10.00,Healthy,1.000000,True
2026-08-10T13:25:59+03:00,datasets/crop_disease/test\Healthy\test_001757.jpg,40.01460000,-73.99840000,10.00,Healthy,1.000000,True
2026-08-10T13:25:59+03:00,datasets/crop_disease/test\Healthy\test_001758.jpg,40.01460000,-73.99830000,10.00,Healthy,1.000000,True
2026-08-10T13:25:59+03:00,datasets/crop_disease/test\Healthy\test_001759.jpg,40.01460000,-73.99820000,10.00,Healthy,0.999992,True
2026-08-10T13:25:59+03:00,datasets/crop_disease/test\Healthy\test_001760.jpg,40.01460000,-73.99810000,10.00,Healthy,1.000000,True
2026-08-10T13:25:59+03:00,datasets/crop_disease/test\Healthy\test_001761.jpg,40.01470000,-74.00000000,10.00,Healthy,0.999963,True
2026-08-10T13:25:59+03:00,datasets/crop_disease/test\Healthy\test_001762.jpg,40.01470000,-73.99990000,10.00,Healthy,1.000000,True
2026-08-10T13:25:59+03:00,datasets/crop_disease/test\Healthy\test_001763.jpg,40.01470000,-73.99980000,10.00,Healthy,0.999999,True
2026-08-10T13:25:59+03:00,datasets/crop_disease/test\Healthy\test_001764.jpg,40.01470000,-73.99970000,10.00,Healthy,0.988713,True
2026-08-10T13:25:59+03:00,datasets/crop_disease/test\Healthy\test_001765.jpg,40.01470000,-73.99960000,10.00,Healthy,1.000000,True
2026-08-10T13:25:59+03:00,datasets/crop_disease/test\Healthy\test_001766.jpg,40.01470000,-73.99950000,10.00,Healthy,1.000000,True
2026-08-10T13:25:59+03:00,datasets/crop_disease/test\Healthy\test_001767.jpg,40.01470000,-73.99940000,10.00,Healthy,1.000000,True
2026-08-10T13:25:59+03:00,datasets/crop_disease/test\Healthy\test_001768.jpg,40.01470000,-73.99930000,10.00,Healthy,1.000000,True
2026-08-10T13:25:59+03:00,datasets/crop_disease/test\Healthy\test_001769.jpg,40.01470000,-73.99920000,10.00,Healthy,1.000000,True
2026-08-10T13:25:59+03:00,datasets/crop_disease/test\Healthy\test_001770.jpg,40.01470000,-73.99910000,10.00,Healthy,1.000000,True
2026-08-10T13:25:59+03:00,datasets/crop_disease/test\Healthy\test_001771.jpg,40.01470000,-73.99900000,10.00,Healthy,0.999980,True
2026-08-10T13:25:59+03:00,datasets/crop_disease/test\Healthy\test_001772.jpg,40.01470000,-73.99890000,10.00,Healthy,1.000000,True
2026-08-10T13:25:59+03:00,datasets/crop_disease/test\Healthy\test_001773.jpg,40.01470000,-73.99880000,10.00,Healthy,1.000000,True
2026-08-10T13:25:59+03:00,datasets/crop_disease/test\Healthy\test_001774.jpg,40.01470000,-73.99870000,10.00,Healthy,0.999995,True
2026-08-10T13:25:59+03:00,datasets/crop_disease/test\Healthy\test_001775.jpg,40.01470000,-73.99860000,10.00,Healthy,1.000000,True
2026-08-10T13:25:59+03:00,datasets/crop_disease/test\Healthy\test_001776.jpg,40.01470000,-73.99850000,10.00,Healthy,1.000000,True
2026-08-10T13:25:59+03:00,datasets/crop_disease/test\Healthy\test_001777.jpg,40.01470000,-73.99840000,10.00,Healthy,0.999969,True
2026-08-10T13:25:59+03:00,datasets/crop_disease/test\Healthy\test_001778.jpg,40.01470000,-73.99830000,10.00,Healthy,1.000000,True
2026-08-10T13:25:59+03:00,datasets/crop_disease/test\Healthy\test_001779.jpg,40.01470000,-73.99820000,10.00,Healthy,0.999995,True
2026-08-10T13:26:00+03:00,datasets/crop_disease/test\Healthy\test_001780.jpg,40.01470000,-73.99810000,10.00,Healthy,1.000000,True
2026-08-10T13:26:00+03:00,datasets/crop_disease/test\Healthy\test_001781.jpg,40.01480000,-74.00000000,10.00,Healthy,1.000000,True
2026-08-10T13:26:00+03:00,datasets/crop_disease/test\Healthy\test_001782.jpg,40.01480000,-73.99990000,10.00,Healthy,1.000000,True
2026-08-10T13:26:00+03:00,datasets/crop_disease/test\Healthy\test_001783.jpg,40.01480000,-73.99980000,10.00,Healthy,0.999998,True
2026-08-10T13:26:00+03:00,datasets/crop_disease/test\Healthy\test_001784.jpg,40.01480000,-73.99970000,10.00,Healthy,1.000000,True
2026-08-10T13:26:00+03:00,datasets/crop_disease/test\Healthy\test_001785.jpg,40.01480000,-73.99960000,10.00,Healthy,1.000000,True
2026-08-10T13:26:00+03:00,datasets/crop_disease/test\Healthy\test_001786.jpg,40.01480000,-73.99950000,10.00,Healthy,0.998948,True
2026-08-10T13:26:00+03:00,datasets/crop_disease/test\Healthy\test_001787.jpg,40.01480000,-73.99940000,10.00,Healthy,1.000000,True
2026-08-10T13:26:00+03:00,datasets/crop_disease/test\Healthy\test_001788.jpg,40.01480000,-73.99930000,10.00,Healthy,1.000000,True
2026-08-10T13:26:00+03:00,datasets/crop_disease/test\Healthy\test_001789.jpg,40.01480000,-73.99920000,10.00,Healthy,0.999999,True
2026-08-10T13:26:00+03:00,datasets/crop_disease/test\Healthy\test_001790.jpg,40.01480000,-73.99910000,10.00,Healthy,1.000000,True
2026-08-10T13:26:00+03:00,datasets/crop_disease/test\Healthy\test_001791.jpg,40.01480000,-73.99900000,10.00,Healthy,0.999718,True
2026-08-10T13:26:00+03:00,datasets/crop_disease/test\Healthy\test_001792.jpg,40.01480000,-73.99890000,10.00,Healthy,1.000000,True
2026-08-10T13:26:00+03:00,datasets/crop_disease/test\Healthy\test_001793.jpg,40.01480000,-73.99880000,10.00,Healthy,1.000000,True
2026-08-10T13:26:00+03:00,datasets/crop_disease/test\Healthy\test_001794.jpg,40.01480000,-73.99870000,10.00,Healthy,1.000000,True
2026-08-10T13:26:00+03:00,datasets/crop_disease/test\Healthy\test_001795.jpg,40.01480000,-73.99860000,10.00,Healthy,1.000000,True
2026-08-10T13:26:00+03:00,datasets/crop_disease/test\Healthy\test_001796.jpg,40.01480000,-73.99850000,10.00,Healthy,1.000000,True
2026-08-10T13:26:00+03:00,datasets/crop_disease/test\Healthy\test_001797.jpg,40.01480000,-73.99840000,10.00,Healthy,0.999960,True
2026-08-10T13:26:00+03:00,datasets/crop_disease/test\Healthy\test_001798.jpg,40.01480000,-73.99830000,10.00,Healthy,1.000000,True
2026-08-10T13:26:00+03:00,datasets/crop_disease/test\Healthy\test_001799.jpg,40.01480000,-73.99820000,10.00,Healthy,1.000000,True
2026-08-10T13:26:00+03:00,datasets/crop_disease/test\Healthy\test_001800.jpg,40.01480000,-73.99810000,10.00,Healthy,1.000000,True
2026-08-10T13:26:00+03:00,datasets/crop_disease/test\Healthy\test_001801.jpg,40.01490000,-74.00000000,10.00,Healthy,1.000000,True
2026-08-10T13:26:00+03:00,datasets/crop_disease/test\Healthy\test_001802.jpg,40.01490000,-73.99990000,10.00,Healthy,1.000000,True
2026-08-10T13:26:00+03:00,datasets/crop_disease/test\Healthy\test_001803.jpg,40.01490000,-73.99980000,10.00,Healthy,0.999999,True
2026-08-10T13:26:00+03:00,datasets/crop_disease/test\Healthy\test_001804.jpg,40.01490000,-73.99970000,10.00,Healthy,1.000000,True
2026-08-10T13:26:00+03:00,datasets/crop_disease/test\Healthy\test_001805.jpg,40.01490000,-73.99960000,10.00,Healthy,0.999999,True
2026-08-10T13:26:00+03:00,datasets/crop_disease/test\Healthy\test_001806.jpg,40.01490000,-73.99950000,10.00,Healthy,1.000000,True
2026-08-10T13:26:00+03:00,datasets/crop_disease/test\Healthy\test_001807.jpg,40.01490000,-73.99940000,10.00,Healthy,1.000000,True
2026-08-10T13:26:00+03:00,datasets/crop_disease/test\Healthy\test_001808.jpg,40.01490000,-73.99930000,10.00,Healthy,1.000000,True
2026-08-10T13:26:00+03:00,datasets/crop_disease/test\Healthy\test_001809.jpg,40.01490000,-73.99920000,10.00,Healthy,1.000000,True
2026-08-10T13:26:00+03:00,datasets/crop_disease/test\Healthy\test_001810.jpg,40.01490000,-73.99910000,10.00,Healthy,1.000000,True
2026-08-10T13:26:00+03:00,datasets/crop_disease/test\Healthy\test_001811.jpg,40.01490000,-73.99900000,10.00,Healthy,1.000000,True
2026-08-10T13:26:00+03:00,datasets/crop_disease/test\Healthy\test_001812.jpg,40.01490000,-73.99890000,10.00,Healthy,0.999997,True
2026-08-10T13:26:00+03:00,datasets/crop_disease/test\Healthy\test_001813.jpg,40.01490000,-73.99880000,10.00,Healthy,1.000000,True
2026-08-10T13:26:00+03:00,datasets/crop_disease/test\Healthy\test_001814.jpg,40.01490000,-73.99870000,10.00,Healthy,1.000000,True
2026-08-10T13:26:00+03:00,datasets/crop_disease/test\Healthy\test_001815.jpg,40.01490000,-73.99860000,10.00,Healthy,0.999999,True
2026-08-10T13:26:00+03:00,datasets/crop_disease/test\Healthy\test_001816.jpg,40.01490000,-73.99850000,10.00,Healthy,0.999999,True
2026-08-10T13:26:00+03:00,datasets/crop_disease/test\Healthy\test_001817.jpg,40.01490000,-73.99840000,10.00,Healthy,0.999997,True
2026-08-10T13:26:00+03:00,datasets/crop_disease/test\Healthy\test_001818.jpg,40.01490000,-73.99830000,10.00,Healthy,0.999926,True
2026-08-10T13:26:00+03:00,datasets/crop_disease/test\Healthy\test_001819.jpg,40.01490000,-73.99820000,10.00,Healthy,0.999997,True
2026-08-10T13:26:00+03:00,datasets/crop_disease/test\Healthy\test_001820.jpg,40.01490000,-73.99810000,10.00,Healthy,1.000000,True
2026-08-10T13:26:00+03:00,datasets/crop_disease/test\Healthy\test_001821.jpg,40.01500000,-74.00000000,10.00,Healthy,1.000000,True
2026-08-10T13:26:00+03:00,datasets/crop_disease/test\Healthy\test_001822.jpg,40.01500000,-73.99990000,10.00,Healthy,1.000000,True
2026-08-10T13:26:00+03:00,datasets/crop_disease/test\Healthy\test_001823.jpg,40.01500000,-73.99980000,10.00,Healthy,1.000000,True
2026-08-10T13:26:00+03:00,datasets/crop_disease/test\Healthy\test_001824.jpg,40.01500000,-73.99970000,10.00,Healthy,0.999997,True
2026-08-10T13:26:00+03:00,datasets/crop_disease/test\Healthy\test_001825.jpg,40.01500000,-73.99960000,10.00,Healthy,1.000000,True
2026-08-10T13:26:00+03:00,datasets/crop_disease/test\Healthy\test_001826.jpg,40.01500000,-73.99950000,10.00,Healthy,1.000000,True
2026-08-10T13:26:00+03:00,datasets/crop_disease/test\Healthy\test_001827.jpg,40.01500000,-73.99940000,10.00,Healthy,1.000000,True
2026-08-10T13:26:00+03:00,datasets/crop_disease/test\Healthy\test_001828.jpg,40.01500000,-73.99930000,10.00,Healthy,1.000000,True
2026-08-10T13:26:00+03:00,datasets/crop_disease/test\Healthy\test_001829.jpg,40.01500000,-73.99920000,10.00,Healthy,0.999990,True
2026-08-10T13:26:00+03:00,datasets/crop_disease/test\Healthy\test_001830.jpg,40.01500000,-73.99910000,10.00,Healthy,0.999937,True
2026-08-10T13:26:00+03:00,datasets/crop_disease/test\Healthy\test_001831.jpg,40.01500000,-73.99900000,10.00,Healthy,1.000000,True
2026-08-10T13:26:00+03:00,datasets/crop_disease/test\Healthy\test_001832.jpg,40.01500000,-73.99890000,10.00,Healthy,1.000000,True
2026-08-10T13:26:00+03:00,datasets/crop_disease/test\Healthy\test_001833.jpg,40.01500000,-73.99880000,10.00,Healthy,1.000000,True
2026-08-10T13:26:00+03:00,datasets/crop_disease/test\Healthy\test_001834.jpg,40.01500000,-73.99870000,10.00,Healthy,0.999947,True
2026-08-10T13:26:00+03:00,datasets/crop_disease/test\Healthy\test_001835.jpg,40.01500000,-73.99860000,10.00,Healthy,1.000000,True
2026-08-10T13:26:00+03:00,datasets/crop_disease/test\Healthy\test_001836.jpg,40.01500000,-73.99850000,10.00,Healthy,1.000000,True
2026-08-10T13:26:00+03:00,datasets/crop_disease/test\Healthy\test_001837.jpg,40.01500000,-73.99840000,10.00,Healthy,0.999997,True
2026-08-10T13:26:00+03:00,datasets/crop_disease/test\Healthy\test_001838.jpg,40.01500000,-73.99830000,10.00,Healthy,0.999994,True
2026-08-10T13:26:00+03:00,datasets/crop_disease/test\Healthy\test_001839.jpg,40.01500000,-73.99820000,10.00,Healthy,0.999998,True
2026-08-10T13:26:00+03:00,datasets/crop_disease/test\Healthy\test_001840.jpg,40.01500000,-73.99810000,10.00,Healthy,1.000000,True
2026-08-10T13:26:00+03:00,datasets/crop_disease/test\Healthy\test_001841.jpg,40.01510000,-74.00000000,10.00,Healthy,0.999996,True
2026-08-10T13:26:00+03:00,datasets/crop_disease/test\Healthy\test_001842.jpg,40.01510000,-73.99990000,10.00,Healthy,1.000000,True
2026-08-10T13:26:00+03:00,datasets/crop_disease/test\Healthy\test_001843.jpg,40.01510000,-73.99980000,10.00,Healthy,1.000000,True
2026-08-10T13:26:00+03:00,datasets/crop_disease/test\Healthy\test_001844.jpg,40.01510000,-73.99970000,10.00,Healthy,0.999858,True
2026-08-10T13:26:00+03:00,datasets/crop_disease/test\Healthy\test_001845.jpg,40.01510000,-73.99960000,10.00,Healthy,0.999992,True
2026-08-10T13:26:00+03:00,datasets/crop_disease/test\Healthy\test_001846.jpg,40.01510000,-73.99950000,10.00,Healthy,1.000000,True
2026-08-10T13:26:00+03:00,datasets/crop_disease/test\Healthy\test_001847.jpg,40.01510000,-73.99940000,10.00,Healthy,1.000000,True
2026-08-10T13:26:00+03:00,datasets/crop_disease/test\Healthy\test_001848.jpg,40.01510000,-73.99930000,10.00,Healthy,0.999999,True
2026-08-10T13:26:00+03:00,datasets/crop_disease/test\Healthy\test_001849.jpg,40.01510000,-73.99920000,10.00,Healthy,1.000000,True
2026-08-10T13:26:00+03:00,datasets/crop_disease/test\Healthy\test_001850.jpg,40.01510000,-73.99910000,10.00,Healthy,0.999998,True
2026-08-10T13:26:00+03:00,datasets/crop_disease/test\Healthy\test_001851.jpg,40.01510000,-73.99900000,10.00,Healthy,1.000000,True
2026-08-10T13:26:00+03:00,datasets/crop_disease/test\Healthy\test_001852.jpg,40.01510000,-73.99890000,10.00,Healthy,1.000000,True
2026-08-10T13:26:00+03:00,datasets/crop_disease/test\Healthy\test_001853.jpg,40.01510000,-73.99880000,10.00,Healthy,1.000000,True
2026-08-10T13:26:00+03:00,datasets/crop_disease/test\Healthy\test_001854.jpg,40.01510000,-73.99870000,10.00,Healthy,0.999999,True
2026-08-10T13:26:00+03:00,datasets/crop_disease/test\Healthy\test_001855.jpg,40.01510000,-73.99860000,10.00,Healthy,1.000000,True
2026-08-10T13:26:00+03:00,datasets/crop_disease/test\Healthy\test_001856.jpg,40.01510000,-73.99850000,10.00,Healthy,1.000000,True
2026-08-10T13:26:00+03:00,datasets/crop_disease/test\Healthy\test_001857.jpg,40.01510000,-73.99840000,10.00,Healthy,0.999999,True
2026-08-10T13:26:00+03:00,datasets/crop_disease/test\Healthy\test_001858.jpg,40.01510000,-73.99830000,10.00,Healthy,1.000000,True
2026-08-10T13:26:00+03:00,datasets/crop_disease/test\Healthy\test_001859.jpg,40.01510000,-73.99820000,10.00,Healthy,1.000000,True
2026-08-10T13:26:00+03:00,datasets/crop_disease/test\Healthy\test_001860.jpg,40.01510000,-73.99810000,10.00,Healthy,1.000000,True
2026-08-10T13:26:00+03:00,datasets/crop_disease/test\Healthy\test_001861.jpg,40.01520000,-74.00000000,10.00,Healthy,1.000000,True
2026-08-10T13:26:00+03:00,datasets/crop_disease/test\Healthy\test_001862.jpg,40.01520000,-73.99990000,10.00,Healthy,0.999999,True
2026-08-10T13:26:00+03:00,datasets/crop_disease/test\Healthy\test_001863.jpg,40.01520000,-73.99980000,10.00,Healthy,0.999974,True
2026-08-10T13:26:00+03:00,datasets/crop_disease/test\Healthy\test_001864.jpg,40.01520000,-73.99970000,10.00,Healthy,0.999995,True
2026-08-10T13:26:00+03:00,datasets/crop_disease/test\Healthy\test_001865.jpg,40.01520000,-73.99960000,10.00,Healthy,1.000000,True
2026-08-10T13:26:00+03:00,datasets/crop_disease/test\Healthy\test_001866.jpg,40.01520000,-73.99950000,10.00,Healthy,1.000000,True
2026-08-10T13:26:01+03:00,datasets/crop_disease/test\Healthy\test_001867.jpg,40.01520000,-73.99940000,10.00,Healthy,1.000000,True
2026-08-10T13:26:01+03:00,datasets/crop_disease/test\Healthy\test_001868.jpg,40.01520000,-73.99930000,10.00,Healthy,1.000000,True
2026-08-10T13:26:01+03:00,datasets/crop_disease/test\Healthy\test_001869.jpg,40.01520000,-73.99920000,10.00,Healthy,1.000000,True
2026-08-10T13:26:01+03:00,datasets/crop_disease/test\Healthy\test_001870.jpg,40.01520000,-73.99910000,10.00,Healthy,0.999856,True
2026-08-10T13:26:01+03:00,datasets/crop_disease/test\Healthy\test_001871.jpg,40.01520000,-73.99900000,10.00,Healthy,1.000000,True
2026-08-10T13:26:01+03:00,datasets/crop_disease/test\Healthy\test_001872.jpg,40.01520000,-73.99890000,10.00,Healthy,0.999967,True
2026-08-10T13:26:01+03:00,datasets/crop_disease/test\Healthy\test_001873.jpg,40.01520000,-73.99880000,10.00,Healthy,1.000000,True
2026-08-10T13:26:01+03:00,datasets/crop_disease/test\Healthy\test_001874.jpg,40.01520000,-73.99870000,10.00,Healthy,0.999999,True
2026-08-10T13:26:01+03:00,datasets/crop_disease/test\Healthy\test_001875.jpg,40.01520000,-73.99860000,10.00,Healthy,1.000000,True
2026-08-10T13:26:01+03:00,datasets/crop_disease/test\Healthy\test_001876.jpg,40.01520000,-73.99850000,10.00,Healthy,1.000000,True
2026-08-10T13:26:01+03:00,datasets/crop_disease/test\Healthy\test_001877.jpg,40.01520000,-73.99840000,10.00,Healthy,0.999993,True
2026-08-10T13:26:01+03:00,datasets/crop_disease/test\Healthy\test_001878.jpg,40.01520000,-73.99830000,10.00,Healthy,0.999999,True
2026-08-10T13:26:01+03:00,datasets/crop_disease/test\Healthy\test_001879.jpg,40.01520000,-73.99820000,10.00,Healthy,1.000000,True
2026-08-10T13:26:01+03:00,datasets/crop_disease/test\Healthy\test_001880.jpg,40.01520000,-73.99810000,10.00,Healthy,0.998760,True
2026-08-10T13:26:01+03:00,datasets/crop_disease/test\Healthy\test_001881.jpg,40.01530000,-74.00000000,10.00,Healthy,0.999998,True
2026-08-10T13:26:01+03:00,datasets/crop_disease/test\Healthy\test_001882.jpg,40.01530000,-73.99990000,10.00,Healthy,1.000000,True
2026-08-10T13:26:01+03:00,datasets/crop_disease/test\Healthy\test_001883.jpg,40.01530000,-73.99980000,10.00,Healthy,1.000000,True
2026-08-10T13:26:01+03:00,datasets/crop_disease/test\Healthy\test_001884.jpg,40.01530000,-73.99970000,10.00,Healthy,0.999999,True
2026-08-10T13:26:01+03:00,datasets/crop_disease/test\Healthy\test_001885.jpg,40.01530000,-73.99960000,10.00,Healthy,0.999724,True
2026-08-10T13:26:01+03:00,datasets/crop_disease/test\Healthy\test_001886.jpg,40.01530000,-73.99950000,10.00,Healthy,1.000000,True
2026-08-10T13:26:01+03:00,datasets/crop_disease/test\Healthy\test_001887.jpg,40.01530000,-73.99940000,10.00,Healthy,1.000000,True
2026-08-10T13:26:01+03:00,datasets/crop_disease/test\Healthy\test_001888.jpg,40.01530000,-73.99930000,10.00,Healthy,0.999924,True
2026-08-10T13:26:01+03:00,datasets/crop_disease/test\Healthy\test_001889.jpg,40.01530000,-73.99920000,10.00,Healthy,1.000000,True
2026-08-10T13:26:01+03:00,datasets/crop_disease/test\Healthy\test_001890.jpg,40.01530000,-73.99910000,10.00,Healthy,0.999894,True
2026-08-10T13:26:01+03:00,datasets/crop_disease/test\Healthy\test_001891.jpg,40.01530000,-73.99900000,10.00,Healthy,1.000000,True
2026-08-10T13:26:01+03:00,datasets/crop_disease/test\Healthy\test_001892.jpg,40.01530000,-73.99890000,10.00,Healthy,0.999970,True
2026-08-10T13:26:01+03:00,datasets/crop_disease/test\Healthy\test_001893.jpg,40.01530000,-73.99880000,10.00,Healthy,0.999999,True
2026-08-10T13:26:01+03:00,datasets/crop_disease/test\Healthy\test_001894.jpg,40.01530000,-73.99870000,10.00,Healthy,0.999998,True
2026-08-10T13:26:01+03:00,datasets/crop_disease/test\Healthy\test_001895.jpg,40.01530000,-73.99860000,10.00,Healthy,1.000000,True
2026-08-10T13:26:01+03:00,datasets/crop_disease/test\Healthy\test_001896.jpg,40.01530000,-73.99850000,10.00,Healthy,1.000000,True
2026-08-10T13:26:01+03:00,datasets/crop_disease/test\Healthy\test_001897.jpg,40.01530000,-73.99840000,10.00,Healthy,1.000000,True
2026-08-10T13:26:01+03:00,datasets/crop_disease/test\Healthy\test_001898.jpg,40.01530000,-73.99830000,10.00,Healthy,0.998604,True
2026-08-10T13:26:01+03:00,datasets/crop_disease/test\Healthy\test_001899.jpg,40.01530000,-73.99820000,10.00,Healthy,0.999984,True
2026-08-10T13:26:01+03:00,datasets/crop_disease/test\Healthy\test_001900.jpg,40.01530000,-73.99810000,10.00,Healthy,0.999996,True
2026-08-10T13:26:01+03:00,datasets/crop_disease/test\Healthy\test_001901.jpg,40.01540000,-74.00000000,10.00,Healthy,1.000000,True
2026-08-10T13:26:01+03:00,datasets/crop_disease/test\Healthy\test_001902.jpg,40.01540000,-73.99990000,10.00,Healthy,0.999906,True
2026-08-10T13:26:01+03:00,datasets/crop_disease/test\Healthy\test_001903.jpg,40.01540000,-73.99980000,10.00,Healthy,1.000000,True
2026-08-10T13:26:01+03:00,datasets/crop_disease/test\Healthy\test_001904.jpg,40.01540000,-73.99970000,10.00,Healthy,0.999998,True
2026-08-10T13:26:01+03:00,datasets/crop_disease/test\Healthy\test_001905.jpg,40.01540000,-73.99960000,10.00,Healthy,1.000000,True
2026-08-10T13:26:01+03:00,datasets/crop_disease/test\Healthy\test_001906.jpg,40.01540000,-73.99950000,10.00,Healthy,1.000000,True
2026-08-10T13:26:01+03:00,datasets/crop_disease/test\Healthy\test_001907.jpg,40.01540000,-73.99940000,10.00,Healthy,1.000000,True
2026-08-10T13:26:01+03:00,datasets/crop_disease/test\Healthy\test_001908.jpg,40.01540000,-73.99930000,10.00,Healthy,1.000000,True
2026-08-10T13:26:01+03:00,datasets/crop_disease/test\Healthy\test_001909.jpg,40.01540000,-73.99920000,10.00,Healthy,0.995476,True
2026-08-10T13:26:01+03:00,datasets/crop_disease/test\Healthy\test_001910.jpg,40.01540000,-73.99910000,10.00,Healthy,1.000000,True
2026-08-10T13:26:01+03:00,datasets/crop_disease/test\Healthy\test_001911.jpg,40.01540000,-73.99900000,10.00,Healthy,1.000000,True
2026-08-10T13:26:01+03:00,datasets/crop_disease/test\Healthy\test_001912.jpg,40.01540000,-73.99890000,10.00,Healthy,0.999980,True
2026-08-10T13:26:01+03:00,datasets/crop_disease/test\Healthy\test_001913.jpg,40.01540000,-73.99880000,10.00,Healthy,1.000000,True
2026-08-10T13:26:01+03:00,datasets/crop_disease/test\Healthy\test_001914.jpg,40.01540000,-73.99870000,10.00,Healthy,0.999999,True
2026-08-10T13:26:01+03:00,datasets/crop_disease/test\Healthy\test_001915.jpg,40.01540000,-73.99860000,10.00,Healthy,1.000000,True
2026-08-10T13:26:01+03:00,datasets/crop_disease/test\Healthy\test_001916.jpg,40.01540000,-73.99850000,10.00,Healthy,0.999999,True
2026-08-10T13:26:01+03:00,datasets/crop_disease/test\Healthy\test_001917.jpg,40.01540000,-73.99840000,10.00,Healthy,0.999999,True
2026-08-10T13:26:01+03:00,datasets/crop_disease/test\Healthy\test_001918.jpg,40.01540000,-73.99830000,10.00,Healthy,1.000000,True
2026-08-10T13:26:01+03:00,datasets/crop_disease/test\Healthy\test_001919.jpg,40.01540000,-73.99820000,10.00,Healthy,1.000000,True
2026-08-10T13:26:01+03:00,datasets/crop_disease/test\Healthy\test_001920.jpg,40.01540000,-73.99810000,10.00,Healthy,0.999995,True
2026-08-10T13:26:01+03:00,datasets/crop_disease/test\Healthy\test_001921.jpg,40.01550000,-74.00000000,10.00,Healthy,1.000000,True
2026-08-10T13:26:01+03:00,datasets/crop_disease/test\Healthy\test_001922.jpg,40.01550000,-73.99990000,10.00,Healthy,1.000000,True
2026-08-10T13:26:01+03:00,datasets/crop_disease/test\Healthy\test_001923.jpg,40.01550000,-73.99980000,10.00,Healthy,1.000000,True
2026-08-10T13:26:01+03:00,datasets/crop_disease/test\Healthy\test_001924.jpg,40.01550000,-73.99970000,10.00,Healthy,0.999982,True
2026-08-10T13:26:01+03:00,datasets/crop_disease/test\Healthy\test_001925.jpg,40.01550000,-73.99960000,10.00,Healthy,1.000000,True
2026-08-10T13:26:01+03:00,datasets/crop_disease/test\Healthy\test_001926.jpg,40.01550000,-73.99950000,10.00,Healthy,1.000000,True
2026-08-10T13:26:01+03:00,datasets/crop_disease/test\Healthy\test_001927.jpg,40.01550000,-73.99940000,10.00,Healthy,0.999999,True
2026-08-10T13:26:01+03:00,datasets/crop_disease/test\Healthy\test_001928.jpg,40.01550000,-73.99930000,10.00,Healthy,1.000000,True
2026-08-10T13:26:01+03:00,datasets/crop_disease/test\Healthy\test_001929.jpg,40.01550000,-73.99920000,10.00,Healthy,1.000000,True
2026-08-10T13:26:01+03:00,datasets/crop_disease/test\Healthy\test_001930.jpg,40.01550000,-73.99910000,10.00,Healthy,1.000000,True
2026-08-10T13:26:01+03:00,datasets/crop_disease/test\Healthy\test_001931.jpg,40.01550000,-73.99900000,10.00,Healthy,0.986439,True
2026-08-10T13:26:01+03:00,datasets/crop_disease/test\Healthy\test_001932.jpg,40.01550000,-73.99890000,10.00,Healthy,1.000000,True
2026-08-10T13:26:01+03:00,datasets/crop_disease/test\Healthy\test_001933.jpg,40.01550000,-73.99880000,10.00,Healthy,0.999998,True
2026-08-10T13:26:01+03:00,datasets/crop_disease/test\Healthy\test_001934.jpg,40.01550000,-73.99870000,10.00,Healthy,0.999998,True
2026-08-10T13:26:01+03:00,datasets/crop_disease/test\Healthy\test_001935.jpg,40.01550000,-73.99860000,10.00,Healthy,1.000000,True
2026-08-10T13:26:01+03:00,datasets/crop_disease/test\Healthy\test_001936.jpg,40.01550000,-73.99850000,10.00,Healthy,0.999955,True
2026-08-10T13:26:01+03:00,datasets/crop_disease/test\Healthy\test_001937.jpg,40.01550000,-73.99840000,10.00,Healthy,0.999999,True
2026-08-10T13:26:01+03:00,datasets/crop_disease/test\Healthy\test_001938.jpg,40.01550000,-73.99830000,10.00,Healthy,1.000000,True
2026-08-10T13:26:01+03:00,datasets/crop_disease/test\Healthy\test_001939.jpg,40.01550000,-73.99820000,10.00,Healthy,0.999999,True
2026-08-10T13:26:01+03:00,datasets/crop_disease/test\Healthy\test_001940.jpg,40.01550000,-73.99810000,10.00,Healthy,1.000000,True
2026-08-10T13:26:01+03:00,datasets/crop_disease/test\Healthy\test_001941.jpg,40.01560000,-74.00000000,10.00,Healthy,0.999995,True
2026-08-10T13:26:01+03:00,datasets/crop_disease/test\Healthy\test_001942.jpg,40.01560000,-73.99990000,10.00,Healthy,0.999881,True
2026-08-10T13:26:02+03:00,datasets/crop_disease/test\Healthy\test_001943.jpg,40.01560000,-73.99980000,10.00,Healthy,1.000000,True
2026-08-10T13:26:02+03:00,datasets/crop_disease/test\Healthy\test_001944.jpg,40.01560000,-73.99970000,10.00,Healthy,1.000000,True
2026-08-10T13:26:02+03:00,datasets/crop_disease/test\Healthy\test_001945.jpg,40.01560000,-73.99960000,10.00,Healthy,1.000000,True
2026-08-10T13:26:02+03:00,datasets/crop_disease/test\Healthy\test_001946.jpg,40.01560000,-73.99950000,10.00,Healthy,1.000000,True
2026-08-10T13:26:02+03:00,datasets/crop_disease/test\Healthy\test_001947.jpg,40.01560000,-73.99940000,10.00,Healthy,1.000000,True
2026-08-10T13:26:02+03:00,datasets/crop_disease/test\Healthy\test_001948.jpg,40.01560000,-73.99930000,10.00,Healthy,1.000000,True
2026-08-10T13:26:02+03:00,datasets/crop_disease/test\Healthy\test_001949.jpg,40.01560000,-73.99920000,10.00,Healthy,1.000000,True
2026-08-10T13:26:02+03:00,datasets/crop_disease/test\Healthy\test_001950.jpg,40.01560000,-73.99910000,10.00,Healthy,0.999999,True
2026-08-10T13:26:02+03:00,datasets/crop_disease/test\Healthy\test_001951.jpg,40.01560000,-73.99900000,10.00,Healthy,0.999998,True
2026-08-10T13:26:02+03:00,datasets/crop_disease/test\Healthy\test_001952.jpg,40.01560000,-73.99890000,10.00,Healthy,0.999996,True
2026-08-10T13:26:02+03:00,datasets/crop_disease/test\Healthy\test_001953.jpg,40.01560000,-73.99880000,10.00,Healthy,1.000000,True
2026-08-10T13:26:02+03:00,datasets/crop_disease/test\Healthy\test_001954.jpg,40.01560000,-73.99870000,10.00,Healthy,0.999998,True
2026-08-10T13:26:02+03:00,datasets/crop_disease/test\Healthy\test_001955.jpg,40.01560000,-73.99860000,10.00,Healthy,1.000000,True
2026-08-10T13:26:02+03:00,datasets/crop_disease/test\Healthy\test_001956.jpg,40.01560000,-73.99850000,10.00,Healthy,0.999332,True
2026-08-10T13:26:02+03:00,datasets/crop_disease/test\Healthy\test_001957.jpg,40.01560000,-73.99840000,10.00,Healthy,1.000000,True
2026-08-10T13:26:02+03:00,datasets/crop_disease/test\Healthy\test_001958.jpg,40.01560000,-73.99830000,10.00,Healthy,1.000000,True
2026-08-10T13:26:02+03:00,datasets/crop_disease/test\Healthy\test_001959.jpg,40.01560000,-73.99820000,10.00,Healthy,0.999999,True
2026-08-10T13:26:02+03:00,datasets/crop_disease/test\Healthy\test_001960.jpg,40.01560000,-73.99810000,10.00,Healthy,1.000000,True
2026-08-10T13:26:02+03:00,datasets/crop_disease/test\Healthy\test_001961.jpg,40.01570000,-74.00000000,10.00,Healthy,0.999954,True
2026-08-10T13:26:02+03:00,datasets/crop_disease/test\Healthy\test_001962.jpg,40.01570000,-73.99990000,10.00,Healthy,0.999913,True
2026-08-10T13:26:02+03:00,datasets/crop_disease/test\Healthy\test_001963.jpg,40.01570000,-73.99980000,10.00,Healthy,1.000000,True
2026-08-10T13:26:02+03:00,datasets/crop_disease/test\Healthy\test_001964.jpg,40.01570000,-73.99970000,10.00,Healthy,0.999139,True
2026-08-10T13:26:02+03:00,datasets/crop_disease/test\Healthy\test_001965.jpg,40.01570000,-73.99960000,10.00,Healthy,0.999997,True
2026-08-10T13:26:02+03:00,datasets/crop_disease/test\Healthy\test_001966.jpg,40.01570000,-73.99950000,10.00,Healthy,0.999984,True
2026-08-10T13:26:02+03:00,datasets/crop_disease/test\Healthy\test_001967.jpg,40.01570000,-73.99940000,10.00,Healthy,1.000000,True
2026-08-10T13:26:02+03:00,datasets/crop_disease/test\Healthy\test_001968.jpg,40.01570000,-73.99930000,10.00,Healthy,0.999999,True
2026-08-10T13:26:02+03:00,datasets/crop_disease/test\Healthy\test_001969.jpg,40.01570000,-73.99920000,10.00,Healthy,1.000000,True
2026-08-10T13:26:02+03:00,datasets/crop_disease/test\Healthy\test_001970.jpg,40.01570000,-73.99910000,10.00,Healthy,0.999998,True
2026-08-10T13:26:02+03:00,datasets/crop_disease/test\Healthy\test_001971.jpg,40.01570000,-73.99900000,10.00,Healthy,1.000000,True
2026-08-10T13:26:02+03:00,datasets/crop_disease/test\Healthy\test_001972.jpg,40.01570000,-73.99890000,10.00,Healthy,0.999937,True
2026-08-10T13:26:02+03:00,datasets/crop_disease/test\Healthy\test_001973.jpg,40.01570000,-73.99880000,10.00,Healthy,1.000000,True
2026-08-10T13:26:02+03:00,datasets/crop_disease/test\Healthy\test_001974.jpg,40.01570000,-73.99870000,10.00,Healthy,1.000000,True
2026-08-10T13:26:02+03:00,datasets/crop_disease/test\Healthy\test_001975.jpg,40.01570000,-73.99860000,10.00,Healthy,1.000000,True
2026-08-10T13:26:02+03:00,datasets/crop_disease/test\Healthy\test_001976.jpg,40.01570000,-73.99850000,10.00,Healthy,1.000000,True
2026-08-10T13:26:02+03:00,datasets/crop_disease/test\Healthy\test_001977.jpg,40.01570000,-73.99840000,10.00,Healthy,1.000000,True
2026-08-10T13:26:02+03:00,datasets/crop_disease/test\Healthy\test_001978.jpg,40.01570000,-73.99830000,10.00,Healthy,1.000000,True
2026-08-10T13:26:02+03:00,datasets/crop_disease/test\Healthy\test_001979.jpg,40.01570000,-73.99820000,10.00,Healthy,0.999999,True
2026-08-10T13:26:02+03:00,datasets/crop_disease/test\Healthy\test_001980.jpg,40.01570000,-73.99810000,10.00,Healthy,1.000000,True
2026-08-10T13:26:02+03:00,datasets/crop_disease/test\Healthy\test_001981.jpg,40.01580000,-74.00000000,10.00,Healthy,1.000000,True
2026-08-10T13:26:02+03:00,datasets/crop_disease/test\Healthy\test_001982.jpg,40.01580000,-73.99990000,10.00,Healthy,0.999996,True
2026-08-10T13:26:02+03:00,datasets/crop_disease/test\Healthy\test_001983.jpg,40.01580000,-73.99980000,10.00,LeafSpot,0.371615,False
2026-08-10T13:26:02+03:00,datasets/crop_disease/test\Healthy\test_001984.jpg,40.01580000,-73.99970000,10.00,Healthy,1.000000,True
2026-08-10T13:26:02+03:00,datasets/crop_disease/test\Healthy\test_001985.jpg,40.01580000,-73.99960000,10.00,Healthy,0.999920,True
2026-08-10T13:26:02+03:00,datasets/crop_disease/test\Healthy\test_001986.jpg,40.01580000,-73.99950000,10.00,Healthy,0.996275,True
2026-08-10T13:26:02+03:00,datasets/crop_disease/test\Healthy\test_001987.jpg,40.01580000,-73.99940000,10.00,Healthy,1.000000,True
2026-08-10T13:26:02+03:00,datasets/crop_disease/test\Healthy\test_001988.jpg,40.01580000,-73.99930000,10.00,Healthy,0.999933,True
2026-08-10T13:26:02+03:00,datasets/crop_disease/test\Healthy\test_001989.jpg,40.01580000,-73.99920000,10.00,Healthy,1.000000,True
2026-08-10T13:26:02+03:00,datasets/crop_disease/test\Healthy\test_001990.jpg,40.01580000,-73.99910000,10.00,Healthy,0.999957,True
2026-08-10T13:26:02+03:00,datasets/crop_disease/test\Healthy\test_001991.jpg,40.01580000,-73.99900000,10.00,Healthy,0.999799,True
2026-08-10T13:26:02+03:00,datasets/crop_disease/test\Healthy\test_001992.jpg,40.01580000,-73.99890000,10.00,Healthy,1.000000,True
2026-08-10T13:26:02+03:00,datasets/crop_disease/test\Healthy\test_001993.jpg,40.01580000,-73.99880000,10.00,Healthy,0.999974,True
2026-08-10T13:26:02+03:00,datasets/crop_disease/test\Healthy\test_001994.jpg,40.01580000,-73.99870000,10.00,Healthy,0.999995,True
2026-08-10T13:26:02+03:00,datasets/crop_disease/test\Healthy\test_001995.jpg,40.01580000,-73.99860000,10.00,Healthy,0.999957,True
2026-08-10T13:26:02+03:00,datasets/crop_disease/test\Healthy\test_001996.jpg,40.01580000,-73.99850000,10.00,Healthy,0.999997,True
2026-08-10T13:26:02+03:00,datasets/crop_disease/test\Healthy\test_001997.jpg,40.01580000,-73.99840000,10.00,Healthy,0.999962,True
2026-08-10T13:26:02+03:00,datasets/crop_disease/test\Healthy\test_001998.jpg,40.01580000,-73.99830000,10.00,Healthy,0.999399,True
2026-08-10T13:26:02+03:00,datasets/crop_disease/test\Healthy\test_001999.jpg,40.01580000,-73.99820000,10.00,Healthy,1.000000,True
2026-08-10T13:26:02+03:00,datasets/crop_disease/test\Healthy\test_002000.jpg,40.01580000,-73.99810000,10.00,Healthy,0.999985,True
2026-08-10T13:26:02+03:00,datasets/crop_disease/test\Healthy\test_002001.jpg,40.01590000,-74.00000000,10.00,Healthy,0.999788,True
2026-08-10T13:26:02+03:00,datasets/crop_disease/test\Healthy\test_002002.jpg,40.01590000,-73.99990000,10.00,Healthy,1.000000,True
2026-08-10T13:26:02+03:00,datasets/crop_disease/test\Healthy\test_002003.jpg,40.01590000,-73.99980000,10.00,Healthy,0.999860,True
2026-08-10T13:26:02+03:00,datasets/crop_disease/test\Healthy\test_002004.jpg,40.01590000,-73.99970000,10.00,Healthy,1.000000,True
2026-08-10T13:26:02+03:00,datasets/crop_disease/test\Healthy\test_002005.jpg,40.01590000,-73.99960000,10.00,Healthy,0.999995,True
2026-08-10T13:26:02+03:00,datasets/crop_disease/test\Healthy\test_002006.jpg,40.01590000,-73.99950000,10.00,Healthy,1.000000,True
2026-08-10T13:26:02+03:00,datasets/crop_disease/test\Healthy\test_002007.jpg,40.01590000,-73.99940000,10.00,Healthy,1.000000,True
2026-08-10T13:26:02+03:00,datasets/crop_disease/test\Healthy\test_002008.jpg,40.01590000,-73.99930000,10.00,Healthy,0.999992,True
2026-08-10T13:26:02+03:00,datasets/crop_disease/test\Healthy\test_002009.jpg,40.01590000,-73.99920000,10.00,Healthy,1.000000,True
2026-08-10T13:26:02+03:00,datasets/crop_disease/test\Healthy\test_002010.jpg,40.01590000,-73.99910000,10.00,Healthy,0.999966,True
2026-08-10T13:26:02+03:00,datasets/crop_disease/test\Healthy\test_002011.jpg,40.01590000,-73.99900000,10.00,Healthy,1.000000,True
2026-08-10T13:26:02+03:00,datasets/crop_disease/test\Healthy\test_002012.jpg,40.01590000,-73.99890000,10.00,Healthy,0.999995,True
2026-08-10T13:26:02+03:00,datasets/crop_disease/test\Healthy\test_002013.jpg,40.01590000,-73.99880000,10.00,Healthy,0.999999,True
2026-08-10T13:26:02+03:00,datasets/crop_disease/test\Healthy\test_002014.jpg,40.01590000,-73.99870000,10.00,Healthy,0.999999,True
2026-08-10T13:26:02+03:00,datasets/crop_disease/test\Healthy\test_002015.jpg,40.01590000,-73.99860000,10.00,Healthy,0.999996,True
2026-08-10T13:26:02+03:00,datasets/crop_disease/test\Healthy\test_002016.jpg,40.01590000,-73.99850000,10.00,Healthy,1.000000,True
2026-08-10T13:26:02+03:00,datasets/crop_disease/test\Healthy\test_002017.jpg,40.01590000,-73.99840000,10.00,Healthy,0.999987,True
2026-08-10T13:26:02+03:00,datasets/crop_disease/test\Healthy\test_002018.jpg,40.01590000,-73.99830000,10.00,Healthy,1.000000,True
2026-08-10T13:26:02+03:00,datasets/crop_disease/test\Healthy\test_002019.jpg,40.01590000,-73.99820000,10.00,Healthy,0.999981,True
2026-08-10T13:26:02+03:00,datasets/crop_disease/test\Healthy\test_002020.jpg,40.01590000,-73.99810000,10.00,Healthy,1.000000,True
2026-08-10T13:26:03+03:00,datasets/crop_disease/test\Healthy\test_002021.jpg,40.01600000,-74.00000000,10.00,Healthy,1.000000,True
2026-08-10T13:26:03+03:00,datasets/crop_disease/test\Healthy\test_002022.jpg,40.01600000,-73.99990000,10.00,Healthy,1.000000,True
2026-08-10T13:26:03+03:00,datasets/crop_disease/test\Healthy\test_002023.jpg,40.01600000,-73.99980000,10.00,Healthy,1.000000,True
2026-08-10T13:26:03+03:00,datasets/crop_disease/test\Healthy\test_002024.jpg,40.01600000,-73.99970000,10.00,Healthy,1.000000,True
2026-08-10T13:26:03+03:00,datasets/crop_disease/test\Healthy\test_002025.jpg,40.01600000,-73.99960000,10.00,Healthy,0.999906,True
2026-08-10T13:26:03+03:00,datasets/crop_disease/test\Healthy\test_002026.jpg,40.01600000,-73.99950000,10.00,Healthy,1.000000,True
2026-08-10T13:26:03+03:00,datasets/crop_disease/test\Healthy\test_002027.jpg,40.01600000,-73.99940000,10.00,Healthy,0.999997,True
2026-08-10T13:26:03+03:00,datasets/crop_disease/test\Healthy\test_002028.jpg,40.01600000,-73.99930000,10.00,Healthy,1.000000,True
2026-08-10T13:26:03+03:00,datasets/crop_disease/test\Healthy\test_002029.jpg,40.01600000,-73.99920000,10.00,Healthy,1.000000,True
2026-08-10T13:26:03+03:00,datasets/crop_disease/test\Healthy\test_002030.jpg,40.01600000,-73.99910000,10.00,Healthy,0.999998,True
2026-08-10T13:26:03+03:00,datasets/crop_disease/test\Healthy\test_002031.jpg,40.01600000,-73.99900000,10.00,Healthy,1.000000,True
2026-08-10T13:26:03+03:00,datasets/crop_disease/test\Healthy\test_002032.jpg,40.01600000,-73.99890000,10.00,Healthy,1.000000,True
2026-08-10T13:26:03+03:00,datasets/crop_disease/test\Healthy\test_002033.jpg,40.01600000,-73.99880000,10.00,Healthy,1.000000,True
2026-08-10T13:26:03+03:00,datasets/crop_disease/test\Healthy\test_002034.jpg,40.01600000,-73.99870000,10.00,Healthy,1.000000,True
2026-08-10T13:26:03+03:00,datasets/crop_disease/test\Healthy\test_002035.jpg,40.01600000,-73.99860000,10.00,Healthy,0.999998,True
2026-08-10T13:26:03+03:00,datasets/crop_disease/test\Healthy\test_002036.jpg,40.01600000,-73.99850000,10.00,Healthy,0.999998,True
2026-08-10T13:26:03+03:00,datasets/crop_disease/test\Healthy\test_002037.jpg,40.01600000,-73.99840000,10.00,Healthy,1.000000,True
2026-08-10T13:26:03+03:00,datasets/crop_disease/test\Healthy\test_002038.jpg,40.01600000,-73.99830000,10.00,Healthy,0.999990,True
2026-08-10T13:26:03+03:00,datasets/crop_disease/test\Healthy\test_002039.jpg,40.01600000,-73.99820000,10.00,Healthy,0.999991,True
2026-08-10T13:26:03+03:00,datasets/crop_disease/test\Healthy\test_002040.jpg,40.01600000,-73.99810000,10.00,Healthy,1.000000,True
2026-08-10T13:26:03+03:00,datasets/crop_disease/test\Healthy\test_002041.jpg,40.01610000,-74.00000000,10.00,Healthy,0.995307,True
2026-08-10T13:26:03+03:00,datasets/crop_disease/test\Healthy\test_002042.jpg,40.01610000,-73.99990000,10.00,Healthy,0.999991,True
2026-08-10T13:26:03+03:00,datasets/crop_disease/test\Healthy\test_002043.jpg,40.01610000,-73.99980000,10.00,Healthy,0.999886,True
2026-08-10T13:26:03+03:00,datasets/crop_disease/test\Healthy\test_002044.jpg,40.01610000,-73.99970000,10.00,Healthy,1.000000,True
2026-08-10T13:26:03+03:00,datasets/crop_disease/test\Healthy\test_002045.jpg,40.01610000,-73.99960000,10.00,Healthy,1.000000,True
2026-08-10T13:26:03+03:00,datasets/crop_disease/test\Healthy\test_002046.jpg,40.01610000,-73.99950000,10.00,Healthy,1.000000,True
2026-08-10T13:26:03+03:00,datasets/crop_disease/test\Healthy\test_002047.jpg,40.01610000,-73.99940000,10.00,Healthy,1.000000,True
2026-08-10T13:26:03+03:00,datasets/crop_disease/test\Healthy\test_002048.jpg,40.01610000,-73.99930000,10.00,Healthy,1.000000,True
2026-08-10T13:26:03+03:00,datasets/crop_disease/test\Healthy\test_002049.jpg,40.01610000,-73.99920000,10.00,Healthy,0.996887,True
2026-08-10T13:26:03+03:00,datasets/crop_disease/test\Healthy\test_002050.jpg,40.01610000,-73.99910000,10.00,Healthy,0.999998,True
2026-08-10T13:26:03+03:00,datasets/crop_disease/test\Healthy\test_002051.jpg,40.01610000,-73.99900000,10.00,Healthy,0.999999,True
2026-08-10T13:26:03+03:00,datasets/crop_disease/test\Healthy\test_002052.jpg,40.01610000,-73.99890000,10.00,Healthy,1.000000,True
2026-08-10T13:26:03+03:00,datasets/crop_disease/test\Healthy\test_002053.jpg,40.01610000,-73.99880000,10.00,Healthy,0.999999,True
2026-08-10T13:26:03+03:00,datasets/crop_disease/test\Healthy\test_002054.jpg,40.01610000,-73.99870000,10.00,Healthy,1.000000,True
2026-08-10T13:26:03+03:00,datasets/crop_disease/test\Healthy\test_002055.jpg,40.01610000,-73.99860000,10.00,Healthy,1.000000,True
2026-08-10T13:26:03+03:00,datasets/crop_disease/test\Healthy\test_002056.jpg,40.01610000,-73.99850000,10.00,Healthy,1.000000,True
2026-08-10T13:26:03+03:00,datasets/crop_disease/test\Healthy\test_002057.jpg,40.01610000,-73.99840000,10.00,Healthy,0.999999,True
2026-08-10T13:26:03+03:00,datasets/crop_disease/test\Healthy\test_002058.jpg,40.01610000,-73.99830000,10.00,Healthy,0.999996,True
2026-08-10T13:26:03+03:00,datasets/crop_disease/test\Healthy\test_002059.jpg,40.01610000,-73.99820000,10.00,Healthy,0.999991,True
2026-08-10T13:26:03+03:00,datasets/crop_disease/test\Healthy\test_002060.jpg,40.01610000,-73.99810000,10.00,Healthy,0.999998,True
2026-08-10T13:26:03+03:00,datasets/crop_disease/test\Healthy\test_002061.jpg,40.01620000,-74.00000000,10.00,Healthy,1.000000,True
2026-08-10T13:26:03+03:00,datasets/crop_disease/test\Healthy\test_002062.jpg,40.01620000,-73.99990000,10.00,Healthy,1.000000,True
2026-08-10T13:26:03+03:00,datasets/crop_disease/test\Healthy\test_002063.jpg,40.01620000,-73.99980000,10.00,Healthy,1.000000,True
2026-08-10T13:26:03+03:00,datasets/crop_disease/test\Healthy\test_002064.jpg,40.01620000,-73.99970000,10.00,Healthy,1.000000,True
2026-08-10T13:26:03+03:00,datasets/crop_disease/test\Healthy\test_002065.jpg,40.01620000,-73.99960000,10.00,Healthy,1.000000,True
2026-08-10T13:26:03+03:00,datasets/crop_disease/test\Healthy\test_002066.jpg,40.01620000,-73.99950000,10.00,Healthy,0.999999,True
2026-08-10T13:26:03+03:00,datasets/crop_disease/test\Healthy\test_002067.jpg,40.01620000,-73.99940000,10.00,Healthy,1.000000,True
2026-08-10T13:26:03+03:00,datasets/crop_disease/test\Healthy\test_002068.jpg,40.01620000,-73.99930000,10.00,Healthy,0.999982,True
2026-08-10T13:26:03+03:00,datasets/crop_disease/test\Healthy\test_002069.jpg,40.01620000,-73.99920000,10.00,Healthy,1.000000,True
2026-08-10T13:26:03+03:00,datasets/crop_disease/test\Healthy\test_002070.jpg,40.01620000,-73.99910000,10.00,Healthy,0.999999,True
2026-08-10T13:26:03+03:00,datasets/crop_disease/test\Healthy\test_002071.jpg,40.01620000,-73.99900000,10.00,Healthy,0.999990,True
2026-08-10T13:26:03+03:00,datasets/crop_disease/test\Healthy\test_002072.jpg,40.01620000,-73.99890000,10.00,Healthy,0.999999,True
2026-08-10T13:26:03+03:00,datasets/crop_disease/test\Healthy\test_002073.jpg,40.01620000,-73.99880000,10.00,Healthy,0.999762,True
2026-08-10T13:26:03+03:00,datasets/crop_disease/test\Healthy\test_002074.jpg,40.01620000,-73.99870000,10.00,Healthy,1.000000,True
2026-08-10T13:26:03+03:00,datasets/crop_disease/test\Healthy\test_002075.jpg,40.01620000,-73.99860000,10.00,Healthy,1.000000,True
2026-08-10T13:26:03+03:00,datasets/crop_disease/test\Healthy\test_002076.jpg,40.01620000,-73.99850000,10.00,Healthy,1.000000,True
2026-08-10T13:26:03+03:00,datasets/crop_disease/test\Healthy\test_002077.jpg,40.01620000,-73.99840000,10.00,Healthy,1.000000,True
2026-08-10T13:26:03+03:00,datasets/crop_disease/test\Healthy\test_002078.jpg,40.01620000,-73.99830000,10.00,Healthy,1.000000,True
2026-08-10T13:26:03+03:00,datasets/crop_disease/test\Healthy\test_002079.jpg,40.01620000,-73.99820000,10.00,Healthy,1.000000,True
2026-08-10T13:26:03+03:00,datasets/crop_disease/test\Healthy\test_002080.jpg,40.01620000,-73.99810000,10.00,Healthy,0.999999,True
2026-08-10T13:26:03+03:00,datasets/crop_disease/test\Healthy\test_002081.jpg,40.01630000,-74.00000000,10.00,Healthy,1.000000,True
2026-08-10T13:26:03+03:00,datasets/crop_disease/test\Healthy\test_002082.jpg,40.01630000,-73.99990000,10.00,Healthy,0.999999,True
2026-08-10T13:26:03+03:00,datasets/crop_disease/test\Healthy\test_002083.jpg,40.01630000,-73.99980000,10.00,Healthy,1.000000,True
2026-08-10T13:26:03+03:00,datasets/crop_disease/test\Healthy\test_002084.jpg,40.01630000,-73.99970000,10.00,Healthy,0.999996,True
2026-08-10T13:26:03+03:00,datasets/crop_disease/test\Healthy\test_002085.jpg,40.01630000,-73.99960000,10.00,Healthy,1.000000,True
2026-08-10T13:26:03+03:00,datasets/crop_disease/test\Healthy\test_002086.jpg,40.01630000,-73.99950000,10.00,Healthy,0.999957,True
2026-08-10T13:26:03+03:00,datasets/crop_disease/test\Healthy\test_002087.jpg,40.01630000,-73.99940000,10.00,Healthy,1.000000,True
2026-08-10T13:26:03+03:00,datasets/crop_disease/test\Healthy\test_002088.jpg,40.01630000,-73.99930000,10.00,Healthy,0.999999,True
2026-08-10T13:26:03+03:00,datasets/crop_disease/test\Healthy\test_002089.jpg,40.01630000,-73.99920000,10.00,Healthy,1.000000,True
2026-08-10T13:26:03+03:00,datasets/crop_disease/test\Healthy\test_002090.jpg,40.01630000,-73.99910000,10.00,Healthy,0.999969,True
2026-08-10T13:26:03+03:00,datasets/crop_disease/test\Healthy\test_002091.jpg,40.01630000,-73.99900000,10.00,Healthy,1.000000,True
2026-08-10T13:26:03+03:00,datasets/crop_disease/test\Healthy\test_002092.jpg,40.01630000,-73.99890000,10.00,Healthy,1.000000,True
2026-08-10T13:26:03+03:00,datasets/crop_disease/test\Healthy\test_002093.jpg,40.01630000,-73.99880000,10.00,Healthy,0.999999,True
2026-08-10T13:26:03+03:00,datasets/crop_disease/test\Healthy\test_002094.jpg,40.01630000,-73.99870000,10.00,Healthy,1.000000,True
2026-08-10T13:26:03+03:00,datasets/crop_disease/test\Healthy\test_002095.jpg,40.01630000,-73.99860000,10.00,Healthy,0.999998,True
2026-08-10T13:26:03+03:00,datasets/crop_disease/test\Healthy\test_002096.jpg,40.01630000,-73.99850000,10.00,Healthy,0.999999,True
2026-08-10T13:26:04+03:00,datasets/crop_disease/test\Healthy\test_002097.jpg,40.01630000,-73.99840000,10.00,Healthy,1.000000,True
2026-08-10T13:26:04+03:00,datasets/crop_disease/test\Healthy\test_002098.jpg,40.01630000,-73.99830000,10.00,Healthy,1.000000,True
2026-08-10T13:26:04+03:00,datasets/crop_disease/test\Healthy\test_002099.jpg,40.01630000,-73.99820000,10.00,Healthy,1.000000,True
2026-08-10T13:26:04+03:00,datasets/crop_disease/test\Healthy\test_002100.jpg,40.01630000,-73.99810000,10.00,Healthy,1.000000,True
2026-08-10T13:26:04+03:00,datasets/crop_disease/test\Healthy\test_002101.jpg,40.01640000,-74.00000000,10.00,Healthy,0.999998,True
2026-08-10T13:26:04+03:00,datasets/crop_disease/test\Healthy\test_002102.jpg,40.01640000,-73.99990000,10.00,Healthy,0.999995,True
2026-08-10T13:26:04+03:00,datasets/crop_disease/test\Healthy\test_002103.jpg,40.01640000,-73.99980000,10.00,Healthy,1.000000,True
2026-08-10T13:26:04+03:00,datasets/crop_disease/test\Healthy\test_002104.jpg,40.01640000,-73.99970000,10.00,Healthy,1.000000,True
2026-08-10T13:26:04+03:00,datasets/crop_disease/test\Healthy\test_002105.jpg,40.01640000,-73.99960000,10.00,Healthy,0.999889,True
2026-08-10T13:26:04+03:00,datasets/crop_disease/test\Healthy\test_002106.jpg,40.01640000,-73.99950000,10.00,Healthy,1.000000,True
2026-08-10T13:26:04+03:00,datasets/crop_disease/test\Healthy\test_002107.jpg,40.01640000,-73.99940000,10.00,Healthy,1.000000,True
2026-08-10T13:26:04+03:00,datasets/crop_disease/test\Healthy\test_002108.jpg,40.01640000,-73.99930000,10.00,Healthy,1.000000,True
2026-08-10T13:26:04+03:00,datasets/crop_disease/test\Healthy\test_002109.jpg,40.01640000,-73.99920000,10.00,Healthy,1.000000,True
2026-08-10T13:26:04+03:00,datasets/crop_disease/test\Healthy\test_002110.jpg,40.01640000,-73.99910000,10.00,Healthy,1.000000,True
2026-08-10T13:26:04+03:00,datasets/crop_disease/test\Healthy\test_002111.jpg,40.01640000,-73.99900000,10.00,Healthy,0.999950,True
2026-08-10T13:26:04+03:00,datasets/crop_disease/test\Healthy\test_002112.jpg,40.01640000,-73.99890000,10.00,Healthy,1.000000,True
2026-08-10T13:26:04+03:00,datasets/crop_disease/test\Healthy\test_002113.jpg,40.01640000,-73.99880000,10.00,Healthy,1.000000,True
2026-08-10T13:26:04+03:00,datasets/crop_disease/test\Healthy\test_002114.jpg,40.01640000,-73.99870000,10.00,Healthy,1.000000,True
2026-08-10T13:26:04+03:00,datasets/crop_disease/test\Healthy\test_002115.jpg,40.01640000,-73.99860000,10.00,Healthy,0.999991,True
2026-08-10T13:26:04+03:00,datasets/crop_disease/test\Healthy\test_002116.jpg,40.01640000,-73.99850000,10.00,Healthy,1.000000,True
2026-08-10T13:26:04+03:00,datasets/crop_disease/test\Healthy\test_002117.jpg,40.01640000,-73.99840000,10.00,Healthy,1.000000,True
2026-08-10T13:26:04+03:00,datasets/crop_disease/test\Healthy\test_002118.jpg,40.01640000,-73.99830000,10.00,Healthy,0.999979,True
2026-08-10T13:26:04+03:00,datasets/crop_disease/test\Healthy\test_002119.jpg,40.01640000,-73.99820000,10.00,Healthy,0.999878,True
2026-08-10T13:26:04+03:00,datasets/crop_disease/test\Healthy\test_002120.jpg,40.01640000,-73.99810000,10.00,Healthy,1.000000,True
2026-08-10T13:26:04+03:00,datasets/crop_disease/test\Healthy\test_002121.jpg,40.01650000,-74.00000000,10.00,Healthy,1.000000,True
2026-08-10T13:26:04+03:00,datasets/crop_disease/test\Healthy\test_002122.jpg,40.01650000,-73.99990000,10.00,Healthy,1.000000,True
2026-08-10T13:26:04+03:00,datasets/crop_disease/test\Healthy\test_002123.jpg,40.01650000,-73.99980000,10.00,Healthy,1.000000,True
2026-08-10T13:26:04+03:00,datasets/crop_disease/test\Healthy\test_002124.jpg,40.01650000,-73.99970000,10.00,Healthy,0.999992,True
2026-08-10T13:26:04+03:00,datasets/crop_disease/test\Healthy\test_002125.jpg,40.01650000,-73.99960000,10.00,Healthy,1.000000,True
2026-08-10T13:26:04+03:00,datasets/crop_disease/test\Healthy\test_002126.jpg,40.01650000,-73.99950000,10.00,Healthy,1.000000,True
2026-08-10T13:26:04+03:00,datasets/crop_disease/test\Healthy\test_002127.jpg,40.01650000,-73.99940000,10.00,Healthy,1.000000,True
2026-08-10T13:26:04+03:00,datasets/crop_disease/test\Healthy\test_002128.jpg,40.01650000,-73.99930000,10.00,Healthy,0.830886,False
2026-08-10T13:26:04+03:00,datasets/crop_disease/test\Healthy\test_002129.jpg,40.01650000,-73.99920000,10.00,Healthy,1.000000,True
2026-08-10T13:26:04+03:00,datasets/crop_disease/test\Healthy\test_002130.jpg,40.01650000,-73.99910000,10.00,Healthy,1.000000,True
2026-08-10T13:26:04+03:00,datasets/crop_disease/test\Healthy\test_002131.jpg,40.01650000,-73.99900000,10.00,Healthy,1.000000,True
2026-08-10T13:26:04+03:00,datasets/crop_disease/test\Healthy\test_002132.jpg,40.01650000,-73.99890000,10.00,Healthy,1.000000,True
2026-08-10T13:26:04+03:00,datasets/crop_disease/test\Healthy\test_002133.jpg,40.01650000,-73.99880000,10.00,Healthy,0.999961,True
2026-08-10T13:26:04+03:00,datasets/crop_disease/test\Healthy\test_002134.jpg,40.01650000,-73.99870000,10.00,Healthy,0.999995,True
2026-08-10T13:26:04+03:00,datasets/crop_disease/test\Healthy\test_002135.jpg,40.01650000,-73.99860000,10.00,Healthy,1.000000,True
2026-08-10T13:26:04+03:00,datasets/crop_disease/test\Healthy\test_002136.jpg,40.01650000,-73.99850000,10.00,Healthy,1.000000,True
2026-08-10T13:26:04+03:00,datasets/crop_disease/test\Healthy\test_002137.jpg,40.01650000,-73.99840000,10.00,Healthy,1.000000,True
2026-08-10T13:26:04+03:00,datasets/crop_disease/test\Healthy\test_002138.jpg,40.01650000,-73.99830000,10.00,Healthy,1.000000,True
2026-08-10T13:26:04+03:00,datasets/crop_disease/test\Healthy\test_002139.jpg,40.01650000,-73.99820000,10.00,Healthy,0.999997,True
2026-08-10T13:26:04+03:00,datasets/crop_disease/test\Healthy\test_002140.jpg,40.01650000,-73.99810000,10.00,Healthy,1.000000,True
2026-08-10T13:26:04+03:00,datasets/crop_disease/test\Healthy\test_002141.jpg,40.01660000,-74.00000000,10.00,Healthy,1.000000,True
2026-08-10T13:26:04+03:00,datasets/crop_disease/test\Healthy\test_002142.jpg,40.01660000,-73.99990000,10.00,Healthy,0.999852,True
2026-08-10T13:26:04+03:00,datasets/crop_disease/test\Healthy\test_002143.jpg,40.01660000,-73.99980000,10.00,Healthy,0.999964,True
2026-08-10T13:26:04+03:00,datasets/crop_disease/test\Healthy\test_002144.jpg,40.01660000,-73.99970000,10.00,Healthy,1.000000,True
2026-08-10T13:26:04+03:00,datasets/crop_disease/test\Healthy\test_002145.jpg,40.01660000,-73.99960000,10.00,Healthy,0.999997,True
2026-08-10T13:26:04+03:00,datasets/crop_disease/test\Healthy\test_002146.jpg,40.01660000,-73.99950000,10.00,Healthy,1.000000,True
2026-08-10T13:26:04+03:00,datasets/crop_disease/test\Healthy\test_002147.jpg,40.01660000,-73.99940000,10.00,Healthy,1.000000,True
2026-08-10T13:26:04+03:00,datasets/crop_disease/test\Healthy\test_002148.jpg,40.01660000,-73.99930000,10.00,Healthy,0.999992,True
2026-08-10T13:26:04+03:00,datasets/crop_disease/test\Healthy\test_002149.jpg,40.01660000,-73.99920000,10.00,Healthy,1.000000,True
2026-08-10T13:26:04+03:00,datasets/crop_disease/test\Healthy\test_002150.jpg,40.01660000,-73.99910000,10.00,Healthy,1.000000,True
2026-08-10T13:26:04+03:00,datasets/crop_disease/test\Healthy\test_002151.jpg,40.01660000,-73.99900000,10.00,Healthy,0.999994,True
2026-08-10T13:26:04+03:00,datasets/crop_disease/test\Healthy\test_002152.jpg,40.01660000,-73.99890000,10.00,Healthy,1.000000,True
2026-08-10T13:26:04+03:00,datasets/crop_disease/test\Healthy\test_002153.jpg,40.01660000,-73.99880000,10.00,Healthy,1.000000,True
2026-08-10T13:26:04+03:00,datasets/crop_disease/test\Healthy\test_002154.jpg,40.01660000,-73.99870000,10.00,Healthy,1.000000,True
2026-08-10T13:26:04+03:00,datasets/crop_disease/test\Healthy\test_002155.jpg,40.01660000,-73.99860000,10.00,Healthy,1.000000,True
2026-08-10T13:26:04+03:00,datasets/crop_disease/test\Healthy\test_002156.jpg,40.01660000,-73.99850000,10.00,Healthy,1.000000,True
2026-08-10T13:26:04+03:00,datasets/crop_disease/test\Healthy\test_002157.jpg,40.01660000,-73.99840000,10.00,Healthy,0.999960,True
2026-08-10T13:26:04+03:00,datasets/crop_disease/test\Healthy\test_002158.jpg,40.01660000,-73.99830000,10.00,Healthy,0.999156,True
2026-08-10T13:26:04+03:00,datasets/crop_disease/test\Healthy\test_002159.jpg,40.01660000,-73.99820000,10.00,Healthy,0.999996,True
2026-08-10T13:26:04+03:00,datasets/crop_disease/test\Healthy\test_002160.jpg,40.01660000,-73.99810000,10.00,Healthy,1.000000,True
2026-08-10T13:26:04+03:00,datasets/crop_disease/test\Healthy\test_002161.jpg,40.01670000,-74.00000000,10.00,Healthy,1.000000,True
2026-08-10T13:26:04+03:00,datasets/crop_disease/test\Healthy\test_002162.jpg,40.01670000,-73.99990000,10.00,Healthy,1.000000,True
2026-08-10T13:26:04+03:00,datasets/crop_disease/test\Healthy\test_002163.jpg,40.01670000,-73.99980000,10.00,Healthy,1.000000,True
2026-08-10T13:26:04+03:00,datasets/crop_disease/test\Healthy\test_002164.jpg,40.01670000,-73.99970000,10.00,Healthy,1.000000,True
2026-08-10T13:26:04+03:00,datasets/crop_disease/test\Healthy\test_002165.jpg,40.01670000,-73.99960000,10.00,Healthy,0.998854,True
2026-08-10T13:26:04+03:00,datasets/crop_disease/test\Healthy\test_002166.jpg,40.01670000,-73.99950000,10.00,Healthy,0.999913,True
2026-08-10T13:26:04+03:00,datasets/crop_disease/test\Healthy\test_002167.jpg,40.01670000,-73.99940000,10.00,Healthy,1.000000,True
2026-08-10T13:26:04+03:00,datasets/crop_disease/test\Healthy\test_002168.jpg,40.01670000,-73.99930000,10.00,Healthy,0.999994,True
2026-08-10T13:26:04+03:00,datasets/crop_disease/test\Healthy\test_002169.jpg,40.01670000,-73.99920000,10.00,Healthy,0.999999,True
2026-08-10T13:26:04+03:00,datasets/crop_disease/test\Healthy\test_002170.jpg,40.01670000,-73.99910000,10.00,Healthy,0.999999,True
2026-08-10T13:26:04+03:00,datasets/crop_disease/test\Healthy\test_002171.jpg,40.01670000,-73.99900000,10.00,Healthy,0.999990,True
2026-08-10T13:26:04+03:00,datasets/crop_disease/test\Healthy\test_002172.jpg,40.01670000,-73.99890000,10.00,Healthy,0.999999,True
2026-08-10T13:26:04+03:00,datasets/crop_disease/test\Healthy\test_002173.jpg,40.01670000,-73.99880000,10.00,Healthy,1.000000,True
2026-08-10T13:26:04+03:00,datasets/crop_disease/test\Healthy\test_002174.jpg,40.01670000,-73.99870000,10.00,Healthy,0.999914,True
2026-08-10T13:26:04+03:00,datasets/crop_disease/test\Healthy\test_002175.jpg,40.01670000,-73.99860000,10.00,Healthy,0.999641,True
2026-08-10T13:26:04+03:00,datasets/crop_disease/test\Healthy\test_002176.jpg,40.01670000,-73.99850000,10.00,Healthy,0.999999,True
2026-08-10T13:26:05+03:00,datasets/crop_disease/test\Healthy\test_002177.jpg,40.01670000,-73.99840000,10.00,Healthy,0.999876,True
2026-08-10T13:26:05+03:00,datasets/crop_disease/test\Healthy\test_002178.jpg,40.01670000,-73.99830000,10.00,Healthy,1.000000,True
2026-08-10T13:26:05+03:00,datasets/crop_disease/test\Healthy\test_002179.jpg,40.01670000,-73.99820000,10.00,Healthy,0.999863,True
2026-08-10T13:26:05+03:00,datasets/crop_disease/test\Healthy\test_002180.jpg,40.01670000,-73.99810000,10.00,Healthy,0.999563,True
2026-08-10T13:26:05+03:00,datasets/crop_disease/test\Healthy\test_002181.jpg,40.01680000,-74.00000000,10.00,Healthy,1.000000,True
2026-08-10T13:26:05+03:00,datasets/crop_disease/test\Healthy\test_002182.jpg,40.01680000,-73.99990000,10.00,Healthy,0.999997,True
2026-08-10T13:26:05+03:00,datasets/crop_disease/test\Healthy\test_002183.jpg,40.01680000,-73.99980000,10.00,Healthy,1.000000,True
2026-08-10T13:26:05+03:00,datasets/crop_disease/test\Healthy\test_002184.jpg,40.01680000,-73.99970000,10.00,Healthy,0.999998,True
2026-08-10T13:26:05+03:00,datasets/crop_disease/test\Healthy\test_002185.jpg,40.01680000,-73.99960000,10.00,Healthy,1.000000,True
2026-08-10T13:26:05+03:00,datasets/crop_disease/test\Healthy\test_002186.jpg,40.01680000,-73.99950000,10.00,Healthy,1.000000,True
2026-08-10T13:26:05+03:00,datasets/crop_disease/test\Healthy\test_002187.jpg,40.01680000,-73.99940000,10.00,Healthy,1.000000,True
2026-08-10T13:26:05+03:00,datasets/crop_disease/test\Healthy\test_002188.jpg,40.01680000,-73.99930000,10.00,Healthy,1.000000,True
2026-08-10T13:26:05+03:00,datasets/crop_disease/test\Healthy\test_002189.jpg,40.01680000,-73.99920000,10.00,Healthy,1.000000,True
2026-08-10T13:26:05+03:00,datasets/crop_disease/test\Healthy\test_002190.jpg,40.01680000,-73.99910000,10.00,Healthy,0.990131,True
2026-08-10T13:26:05+03:00,datasets/crop_disease/test\Healthy\test_002191.jpg,40.01680000,-73.99900000,10.00,Healthy,1.000000,True
2026-08-10T13:26:05+03:00,datasets/crop_disease/test\Healthy\test_002192.jpg,40.01680000,-73.99890000,10.00,Healthy,0.999999,True
2026-08-10T13:26:05+03:00,datasets/crop_disease/test\Healthy\test_002193.jpg,40.01680000,-73.99880000,10.00,Healthy,0.999987,True
2026-08-10T13:26:05+03:00,datasets/crop_disease/test\Healthy\test_002194.jpg,40.01680000,-73.99870000,10.00,Healthy,1.000000,True
2026-08-10T13:26:05+03:00,datasets/crop_disease/test\Healthy\test_002195.jpg,40.01680000,-73.99860000,10.00,Healthy,1.000000,True
2026-08-10T13:26:05+03:00,datasets/crop_disease/test\Healthy\test_002196.jpg,40.01680000,-73.99850000,10.00,Healthy,1.000000,True
2026-08-10T13:26:05+03:00,datasets/crop_disease/test\Healthy\test_002197.jpg,40.01680000,-73.99840000,10.00,Healthy,0.999135,True
2026-08-10T13:26:05+03:00,datasets/crop_disease/test\Healthy\test_002198.jpg,40.01680000,-73.99830000,10.00,Healthy,1.000000,True
2026-08-10T13:26:05+03:00,datasets/crop_disease/test\Healthy\test_002199.jpg,40.01680000,-73.99820000,10.00,Healthy,0.999977,True
2026-08-10T13:26:05+03:00,datasets/crop_disease/test\Healthy\test_002200.jpg,40.01680000,-73.99810000,10.00,Healthy,0.999970,True
2026-08-10T13:26:05+03:00,datasets/crop_disease/test\Healthy\test_002201.jpg,40.01690000,-74.00000000,10.00,Healthy,0.999902,True
2026-08-10T13:26:05+03:00,datasets/crop_disease/test\Healthy\test_002202.jpg,40.01690000,-73.99990000,10.00,Healthy,1.000000,True
2026-08-10T13:26:05+03:00,datasets/crop_disease/test\Healthy\test_002203.jpg,40.01690000,-73.99980000,10.00,Healthy,0.999999,True
2026-08-10T13:26:05+03:00,datasets/crop_disease/test\Healthy\test_002204.jpg,40.01690000,-73.99970000,10.00,Healthy,1.000000,True
2026-08-10T13:26:05+03:00,datasets/crop_disease/test\Healthy\test_002205.jpg,40.01690000,-73.99960000,10.00,Healthy,1.000000,True
2026-08-10T13:26:05+03:00,datasets/crop_disease/test\Healthy\test_002206.jpg,40.01690000,-73.99950000,10.00,Healthy,1.000000,True
2026-08-10T13:26:05+03:00,datasets/crop_disease/test\Healthy\test_002207.jpg,40.01690000,-73.99940000,10.00,Healthy,1.000000,True
2026-08-10T13:26:05+03:00,datasets/crop_disease/test\Healthy\test_002208.jpg,40.01690000,-73.99930000,10.00,Healthy,1.000000,True
2026-08-10T13:26:05+03:00,datasets/crop_disease/test\Healthy\test_002209.jpg,40.01690000,-73.99920000,10.00,Healthy,1.000000,True
2026-08-10T13:26:05+03:00,datasets/crop_disease/test\Healthy\test_002210.jpg,40.01690000,-73.99910000,10.00,Healthy,1.000000,True
2026-08-10T13:26:05+03:00,datasets/crop_disease/test\Healthy\test_002211.jpg,40.01690000,-73.99900000,10.00,Healthy,1.000000,True
2026-08-10T13:26:05+03:00,datasets/crop_disease/test\Healthy\test_002212.jpg,40.01690000,-73.99890000,10.00,Healthy,1.000000,True
2026-08-10T13:26:05+03:00,datasets/crop_disease/test\Healthy\test_002213.jpg,40.01690000,-73.99880000,10.00,Healthy,0.999993,True
2026-08-10T13:26:05+03:00,datasets/crop_disease/test\Healthy\test_002214.jpg,40.01690000,-73.99870000,10.00,Healthy,1.000000,True
2026-08-10T13:26:05+03:00,datasets/crop_disease/test\Healthy\test_002215.jpg,40.01690000,-73.99860000,10.00,Healthy,1.000000,True
2026-08-10T13:26:05+03:00,datasets/crop_disease/test\Healthy\test_002216.jpg,40.01690000,-73.99850000,10.00,Healthy,1.000000,True
2026-08-10T13:26:05+03:00,datasets/crop_disease/test\Healthy\test_002217.jpg,40.01690000,-73.99840000,10.00,Healthy,1.000000,True
2026-08-10T13:26:05+03:00,datasets/crop_disease/test\Healthy\test_002218.jpg,40.01690000,-73.99830000,10.00,Healthy,0.999977,True
2026-08-10T13:26:05+03:00,datasets/crop_disease/test\Healthy\test_002219.jpg,40.01690000,-73.99820000,10.00,Healthy,0.999999,True
2026-08-10T13:26:05+03:00,datasets/crop_disease/test\Healthy\test_002220.jpg,40.01690000,-73.99810000,10.00,Healthy,1.000000,True
2026-08-10T13:26:05+03:00,datasets/crop_disease/test\Healthy\test_002221.jpg,40.01700000,-74.00000000,10.00,Healthy,0.999995,True
2026-08-10T13:26:05+03:00,datasets/crop_disease/test\Healthy\test_002222.jpg,40.01700000,-73.99990000,10.00,Healthy,0.999999,True
2026-08-10T13:26:05+03:00,datasets/crop_disease/test\Healthy\test_002223.jpg,40.01700000,-73.99980000,10.00,Healthy,1.000000,True
2026-08-10T13:26:05+03:00,datasets/crop_disease/test\Healthy\test_002224.jpg,40.01700000,-73.99970000,10.00,Healthy,1.000000,True
2026-08-10T13:26:05+03:00,datasets/crop_disease/test\Healthy\test_002225.jpg,40.01700000,-73.99960000,10.00,Healthy,1.000000,True
2026-08-10T13:26:05+03:00,datasets/crop_disease/test\Healthy\test_002226.jpg,40.01700000,-73.99950000,10.00,Healthy,1.000000,True
2026-08-10T13:26:05+03:00,datasets/crop_disease/test\Healthy\test_002227.jpg,40.01700000,-73.99940000,10.00,Healthy,1.000000,True
2026-08-10T13:26:05+03:00,datasets/crop_disease/test\Healthy\test_002228.jpg,40.01700000,-73.99930000,10.00,Healthy,1.000000,True
2026-08-10T13:26:05+03:00,datasets/crop_disease/test\Healthy\test_002229.jpg,40.01700000,-73.99920000,10.00,Healthy,1.000000,True
2026-08-10T13:26:05+03:00,datasets/crop_disease/test\Healthy\test_002230.jpg,40.01700000,-73.99910000,10.00,Healthy,1.000000,True
2026-08-10T13:26:05+03:00,datasets/crop_disease/test\Healthy\test_002231.jpg,40.01700000,-73.99900000,10.00,Healthy,1.000000,True
2026-08-10T13:26:05+03:00,datasets/crop_disease/test\Healthy\test_002232.jpg,40.01700000,-73.99890000,10.00,Healthy,1.000000,True
2026-08-10T13:26:05+03:00,datasets/crop_disease/test\Healthy\test_002233.jpg,40.01700000,-73.99880000,10.00,Healthy,0.999987,True
2026-08-10T13:26:05+03:00,datasets/crop_disease/test\Healthy\test_002234.jpg,40.01700000,-73.99870000,10.00,Healthy,0.999968,True
2026-08-10T13:26:05+03:00,datasets/crop_disease/test\Healthy\test_002235.jpg,40.01700000,-73.99860000,10.00,Healthy,1.000000,True
2026-08-10T13:26:05+03:00,datasets/crop_disease/test\Healthy\test_002236.jpg,40.01700000,-73.99850000,10.00,Healthy,1.000000,True
2026-08-10T13:26:05+03:00,datasets/crop_disease/test\Healthy\test_002237.jpg,40.01700000,-73.99840000,10.00,Healthy,0.999987,True
2026-08-10T13:26:05+03:00,datasets/crop_disease/test\Healthy\test_002238.jpg,40.01700000,-73.99830000,10.00,Healthy,1.000000,True
2026-08-10T13:26:05+03:00,datasets/crop_disease/test\Healthy\test_002239.jpg,40.01700000,-73.99820000,10.00,Healthy,0.999999,True
2026-08-10T13:26:05+03:00,datasets/crop_disease/test\Healthy\test_002240.jpg,40.01700000,-73.99810000,10.00,Healthy,1.000000,True
2026-08-10T13:26:05+03:00,datasets/crop_disease/test\Healthy\test_002241.jpg,40.01710000,-74.00000000,10.00,Healthy,1.000000,True
2026-08-10T13:26:05+03:00,datasets/crop_disease/test\Healthy\test_002242.jpg,40.01710000,-73.99990000,10.00,Healthy,1.000000,True
2026-08-10T13:26:05+03:00,datasets/crop_disease/test\Healthy\test_002243.jpg,40.01710000,-73.99980000,10.00,Healthy,1.000000,True
2026-08-10T13:26:05+03:00,datasets/crop_disease/test\Healthy\test_002244.jpg,40.01710000,-73.99970000,10.00,Healthy,1.000000,True
2026-08-10T13:26:05+03:00,datasets/crop_disease/test\Healthy\test_002245.jpg,40.01710000,-73.99960000,10.00,Healthy,0.999907,True
2026-08-10T13:26:05+03:00,datasets/crop_disease/test\Healthy\test_002246.jpg,40.01710000,-73.99950000,10.00,Healthy,1.000000,True
2026-08-10T13:26:05+03:00,datasets/crop_disease/test\Healthy\test_002247.jpg,40.01710000,-73.99940000,10.00,Healthy,1.000000,True
2026-08-10T13:26:05+03:00,datasets/crop_disease/test\Healthy\test_002248.jpg,40.01710000,-73.99930000,10.00,Healthy,0.999999,True
2026-08-10T13:26:05+03:00,datasets/crop_disease/test\Healthy\test_002249.jpg,40.01710000,-73.99920000,10.00,Healthy,1.000000,True
2026-08-10T13:26:05+03:00,datasets/crop_disease/test\Healthy\test_002250.jpg,40.01710000,-73.99910000,10.00,Healthy,1.000000,True
2026-08-10T13:26:05+03:00,datasets/crop_disease/test\Healthy\test_002251.jpg,40.01710000,-73.99900000,10.00,Healthy,1.000000,True
2026-08-10T13:26:05+03:00,datasets/crop_disease/test\Healthy\test_002252.jpg,40.01710000,-73.99890000,10.00,Healthy,0.999923,True
2026-08-10T13:26:05+03:00,datasets/crop_disease/test\Healthy\test_002253.jpg,40.01710000,-73.99880000,10.00,Healthy,1.000000,True
2026-08-10T13:26:05+03:00,datasets/crop_disease/test\Healthy\test_002254.jpg,40.01710000,-73.99870000,10.00,Healthy,1.000000,True
2026-08-10T13:26:05+03:00,datasets/crop_disease/test\Healthy\test_002255.jpg,40.01710000,-73.99860000,10.00,Healthy,0.999999,True
2026-08-10T13:26:06+03:00,datasets/crop_disease/test\Healthy\test_002256.jpg,40.01710000,-73.99850000,10.00,Healthy,0.999987,True
2026-08-10T13:26:06+03:00,datasets/crop_disease/test\Healthy\test_002257.jpg,40.01710000,-73.99840000,10.00,Healthy,0.999999,True
2026-08-10T13:26:06+03:00,datasets/crop_disease/test\Healthy\test_002258.jpg,40.01710000,-73.99830000,10.00,Healthy,1.000000,True
2026-08-10T13:26:06+03:00,datasets/crop_disease/test\Healthy\test_002259.jpg,40.01710000,-73.99820000,10.00,Healthy,1.000000,True
2026-08-10T13:26:06+03:00,datasets/crop_disease/test\Healthy\test_002260.jpg,40.01710000,-73.99810000,10.00,Healthy,0.999997,True
2026-08-10T13:26:06+03:00,datasets/crop_disease/test\Healthy\test_002261.jpg,40.01720000,-74.00000000,10.00,Healthy,1.000000,True
2026-08-10T13:26:06+03:00,datasets/crop_disease/test\Healthy\test_002262.jpg,40.01720000,-73.99990000,10.00,Healthy,1.000000,True
2026-08-10T13:26:06+03:00,datasets/crop_disease/test\Healthy\test_002263.jpg,40.01720000,-73.99980000,10.00,Healthy,1.000000,True
2026-08-10T13:26:06+03:00,datasets/crop_disease/test\Healthy\test_002264.jpg,40.01720000,-73.99970000,10.00,Healthy,1.000000,True
2026-08-10T13:26:06+03:00,datasets/crop_disease/test\Healthy\test_002265.jpg,40.01720000,-73.99960000,10.00,Healthy,1.000000,True
2026-08-10T13:26:06+03:00,datasets/crop_disease/test\Healthy\test_002266.jpg,40.01720000,-73.99950000,10.00,Healthy,1.000000,True
2026-08-10T13:26:06+03:00,datasets/crop_disease/test\Healthy\test_002267.jpg,40.01720000,-73.99940000,10.00,Healthy,0.999961,True
2026-08-10T13:26:06+03:00,datasets/crop_disease/test\Healthy\test_002268.jpg,40.01720000,-73.99930000,10.00,Healthy,0.999999,True
2026-08-10T13:26:06+03:00,datasets/crop_disease/test\Healthy\test_002269.jpg,40.01720000,-73.99920000,10.00,Healthy,1.000000,True
2026-08-10T13:26:06+03:00,datasets/crop_disease/test\Healthy\test_002270.jpg,40.01720000,-73.99910000,10.00,Healthy,1.000000,True
2026-08-10T13:26:06+03:00,datasets/crop_disease/test\Healthy\test_002271.jpg,40.01720000,-73.99900000,10.00,Healthy,1.000000,True
2026-08-10T13:26:06+03:00,datasets/crop_disease/test\Healthy\test_002272.jpg,40.01720000,-73.99890000,10.00,Healthy,1.000000,True
2026-08-10T13:26:06+03:00,datasets/crop_disease/test\Healthy\test_002273.jpg,40.01720000,-73.99880000,10.00,Healthy,1.000000,True
2026-08-10T13:26:06+03:00,datasets/crop_disease/test\Healthy\test_002274.jpg,40.01720000,-73.99870000,10.00,Healthy,1.000000,True
2026-08-10T13:26:06+03:00,datasets/crop_disease/test\Healthy\test_002275.jpg,40.01720000,-73.99860000,10.00,Healthy,1.000000,True
2026-08-10T13:26:06+03:00,datasets/crop_disease/test\Healthy\test_002276.jpg,40.01720000,-73.99850000,10.00,Healthy,0.999965,True
2026-08-10T13:26:06+03:00,datasets/crop_disease/test\Healthy\test_002277.jpg,40.01720000,-73.99840000,10.00,Healthy,0.999996,True
2026-08-10T13:26:06+03:00,datasets/crop_disease/test\Healthy\test_002278.jpg,40.01720000,-73.99830000,10.00,Healthy,1.000000,True
2026-08-10T13:26:06+03:00,datasets/crop_disease/test\Healthy\test_002279.jpg,40.01720000,-73.99820000,10.00,Healthy,1.000000,True
2026-08-10T13:26:06+03:00,datasets/crop_disease/test\Healthy\test_002280.jpg,40.01720000,-73.99810000,10.00,Healthy,0.999767,True
2026-08-10T13:26:06+03:00,datasets/crop_disease/test\Healthy\test_002281.jpg,40.01730000,-74.00000000,10.00,Healthy,1.000000,True
2026-08-10T13:26:06+03:00,datasets/crop_disease/test\Healthy\test_002282.jpg,40.01730000,-73.99990000,10.00,Healthy,0.999990,True
2026-08-10T13:26:06+03:00,datasets/crop_disease/test\Healthy\test_002283.jpg,40.01730000,-73.99980000,10.00,Healthy,1.000000,True
2026-08-10T13:26:06+03:00,datasets/crop_disease/test\Healthy\test_002284.jpg,40.01730000,-73.99970000,10.00,Healthy,0.999999,True
2026-08-10T13:26:06+03:00,datasets/crop_disease/test\Healthy\test_002285.jpg,40.01730000,-73.99960000,10.00,Healthy,1.000000,True
2026-08-10T13:26:06+03:00,datasets/crop_disease/test\Healthy\test_002286.jpg,40.01730000,-73.99950000,10.00,Healthy,1.000000,True
2026-08-10T13:26:06+03:00,datasets/crop_disease/test\Healthy\test_002287.jpg,40.01730000,-73.99940000,10.00,Healthy,1.000000,True
2026-08-10T13:26:06+03:00,datasets/crop_disease/test\Healthy\test_002288.jpg,40.01730000,-73.99930000,10.00,Healthy,0.999997,True
2026-08-10T13:26:06+03:00,datasets/crop_disease/test\Healthy\test_002289.jpg,40.01730000,-73.99920000,10.00,Healthy,1.000000,True
2026-08-10T13:26:06+03:00,datasets/crop_disease/test\Healthy\test_002290.jpg,40.01730000,-73.99910000,10.00,Healthy,1.000000,True
2026-08-10T13:26:06+03:00,datasets/crop_disease/test\Healthy\test_002291.jpg,40.01730000,-73.99900000,10.00,Healthy,1.000000,True
2026-08-10T13:26:06+03:00,datasets/crop_disease/test\Healthy\test_002292.jpg,40.01730000,-73.99890000,10.00,Healthy,1.000000,True
2026-08-10T13:26:06+03:00,datasets/crop_disease/test\Healthy\test_002293.jpg,40.01730000,-73.99880000,10.00,Healthy,0.999961,True
2026-08-10T13:26:06+03:00,datasets/crop_disease/test\Healthy\test_002294.jpg,40.01730000,-73.99870000,10.00,Healthy,0.999999,True
2026-08-10T13:26:06+03:00,datasets/crop_disease/test\Healthy\test_002295.jpg,40.01730000,-73.99860000,10.00,Healthy,1.000000,True
2026-08-10T13:26:06+03:00,datasets/crop_disease/test\Healthy\test_002296.jpg,40.01730000,-73.99850000,10.00,Healthy,1.000000,True
2026-08-10T13:26:06+03:00,datasets/crop_disease/test\Healthy\test_002297.jpg,40.01730000,-73.99840000,10.00,Healthy,1.000000,True
2026-08-10T13:26:06+03:00,datasets/crop_disease/test\Healthy\test_002298.jpg,40.01730000,-73.99830000,10.00,Healthy,1.000000,True
2026-08-10T13:26:06+03:00,datasets/crop_disease/test\Healthy\test_002299.jpg,40.01730000,-73.99820000,10.00,Healthy,1.000000,True
2026-08-10T13:26:06+03:00,datasets/crop_disease/test\Healthy\test_002300.jpg,40.01730000,-73.99810000,10.00,Healthy,0.999992,True
2026-08-10T13:26:06+03:00,datasets/crop_disease/test\Healthy\test_002301.jpg,40.01740000,-74.00000000,10.00,Healthy,1.000000,True
2026-08-10T13:26:06+03:00,datasets/crop_disease/test\Healthy\test_002302.jpg,40.01740000,-73.99990000,10.00,Healthy,0.999999,True
2026-08-10T13:26:06+03:00,datasets/crop_disease/test\Healthy\test_002303.jpg,40.01740000,-73.99980000,10.00,Healthy,0.994640,True
2026-08-10T13:26:06+03:00,datasets/crop_disease/test\Healthy\test_002304.jpg,40.01740000,-73.99970000,10.00,Healthy,0.999986,True
2026-08-10T13:26:06+03:00,datasets/crop_disease/test\Healthy\test_002305.jpg,40.01740000,-73.99960000,10.00,Healthy,1.000000,True
2026-08-10T13:26:06+03:00,datasets/crop_disease/test\Healthy\test_002306.jpg,40.01740000,-73.99950000,10.00,Healthy,1.000000,True
2026-08-10T13:26:06+03:00,datasets/crop_disease/test\Healthy\test_002307.jpg,40.01740000,-73.99940000,10.00,Healthy,0.999998,True
2026-08-10T13:26:06+03:00,datasets/crop_disease/test\Healthy\test_002308.jpg,40.01740000,-73.99930000,10.00,Healthy,1.000000,True
2026-08-10T13:26:06+03:00,datasets/crop_disease/test\Healthy\test_002309.jpg,40.01740000,-73.99920000,10.00,Healthy,0.999982,True
2026-08-10T13:26:06+03:00,datasets/crop_disease/test\Healthy\test_002310.jpg,40.01740000,-73.99910000,10.00,Healthy,1.000000,True
2026-08-10T13:26:06+03:00,datasets/crop_disease/test\Healthy\test_002311.jpg,40.01740000,-73.99900000,10.00,Healthy,1.000000,True
2026-08-10T13:26:06+03:00,datasets/crop_disease/test\Healthy\test_002312.jpg,40.01740000,-73.99890000,10.00,Healthy,1.000000,True
2026-08-10T13:26:06+03:00,datasets/crop_disease/test\Healthy\test_002313.jpg,40.01740000,-73.99880000,10.00,Healthy,1.000000,True
2026-08-10T13:26:06+03:00,datasets/crop_disease/test\Healthy\test_002314.jpg,40.01740000,-73.99870000,10.00,Healthy,1.000000,True
2026-08-10T13:26:06+03:00,datasets/crop_disease/test\Healthy\test_002315.jpg,40.01740000,-73.99860000,10.00,Healthy,0.999997,True
2026-08-10T13:26:06+03:00,datasets/crop_disease/test\Healthy\test_002316.jpg,40.01740000,-73.99850000,10.00,Healthy,0.999991,True
2026-08-10T13:26:06+03:00,datasets/crop_disease/test\Healthy\test_002317.jpg,40.01740000,-73.99840000,10.00,Healthy,1.000000,True
2026-08-10T13:26:06+03:00,datasets/crop_disease/test\Healthy\test_002318.jpg,40.01740000,-73.99830000,10.00,Healthy,0.999999,True
2026-08-10T13:26:06+03:00,datasets/crop_disease/test\Healthy\test_002319.jpg,40.01740000,-73.99820000,10.00,Healthy,1.000000,True
2026-08-10T13:26:06+03:00,datasets/crop_disease/test\Healthy\test_002320.jpg,40.01740000,-73.99810000,10.00,Healthy,1.000000,True
2026-08-10T13:26:06+03:00,datasets/crop_disease/test\Healthy\test_002321.jpg,40.01750000,-74.00000000,10.00,Healthy,0.999999,True
2026-08-10T13:26:06+03:00,datasets/crop_disease/test\Healthy\test_002322.jpg,40.01750000,-73.99990000,10.00,Healthy,0.999989,True
2026-08-10T13:26:06+03:00,datasets/crop_disease/test\Healthy\test_002323.jpg,40.01750000,-73.99980000,10.00,Healthy,1.000000,True
2026-08-10T13:26:06+03:00,datasets/crop_disease/test\Healthy\test_002324.jpg,40.01750000,-73.99970000,10.00,Healthy,0.999999,True
2026-08-10T13:26:06+03:00,datasets/crop_disease/test\Healthy\test_002325.jpg,40.01750000,-73.99960000,10.00,Healthy,0.999998,True
2026-08-10T13:26:06+03:00,datasets/crop_disease/test\Healthy\test_002326.jpg,40.01750000,-73.99950000,10.00,Healthy,1.000000,True
2026-08-10T13:26:06+03:00,datasets/crop_disease/test\Healthy\test_002327.jpg,40.01750000,-73.99940000,10.00,Healthy,0.999999,True
2026-08-10T13:26:06+03:00,datasets/crop_disease/test\Healthy\test_002328.jpg,40.01750000,-73.99930000,10.00,Healthy,0.999998,True
2026-08-10T13:26:06+03:00,datasets/crop_disease/test\Healthy\test_002329.jpg,40.01750000,-73.99920000,10.00,Healthy,0.999996,True
2026-08-10T13:26:06+03:00,datasets/crop_disease/test\Healthy\test_002330.jpg,40.01750000,-73.99910000,10.00,Healthy,1.000000,True
2026-08-10T13:26:06+03:00,datasets/crop_disease/test\Healthy\test_002331.jpg,40.01750000,-73.99900000,10.00,Healthy,1.000000,True
2026-08-10T13:26:06+03:00,datasets/crop_disease/test\Healthy\test_002332.jpg,40.01750000,-73.99890000,10.00,Healthy,0.999878,True
2026-08-10T13:26:06+03:00,datasets/crop_disease/test\Healthy\test_002333.jpg,40.01750000,-73.99880000,10.00,Healthy,1.000000,True
2026-08-10T13:26:07+03:00,datasets/crop_disease/test\Healthy\test_002334.jpg,40.01750000,-73.99870000,10.00,Healthy,0.999977,True
2026-08-10T13:26:07+03:00,datasets/crop_disease/test\Healthy\test_002335.jpg,40.01750000,-73.99860000,10.00,Healthy,1.000000,True
2026-08-10T13:26:07+03:00,datasets/crop_disease/test\Healthy\test_002336.jpg,40.01750000,-73.99850000,10.00,Healthy,0.999045,True
2026-08-10T13:26:07+03:00,datasets/crop_disease/test\Healthy\test_002337.jpg,40.01750000,-73.99840000,10.00,Healthy,1.000000,True
2026-08-10T13:26:07+03:00,datasets/crop_disease/test\Healthy\test_002338.jpg,40.01750000,-73.99830000,10.00,Healthy,1.000000,True
2026-08-10T13:26:07+03:00,datasets/crop_disease/test\Healthy\test_002339.jpg,40.01750000,-73.99820000,10.00,Healthy,0.997229,True
2026-08-10T13:26:07+03:00,datasets/crop_disease/test\Healthy\test_002340.jpg,40.01750000,-73.99810000,10.00,Healthy,0.999989,True
2026-08-10T13:26:07+03:00,datasets/crop_disease/test\Healthy\test_002341.jpg,40.01760000,-74.00000000,10.00,Healthy,0.999999,True
2026-08-10T13:26:07+03:00,datasets/crop_disease/test\Healthy\test_002342.jpg,40.01760000,-73.99990000,10.00,Healthy,0.999998,True
2026-08-10T13:26:07+03:00,datasets/crop_disease/test\Healthy\test_002343.jpg,40.01760000,-73.99980000,10.00,Healthy,1.000000,True
2026-08-10T13:26:07+03:00,datasets/crop_disease/test\Healthy\test_002344.jpg,40.01760000,-73.99970000,10.00,Healthy,1.000000,True
2026-08-10T13:26:07+03:00,datasets/crop_disease/test\Healthy\test_002345.jpg,40.01760000,-73.99960000,10.00,Healthy,1.000000,True
2026-08-10T13:26:07+03:00,datasets/crop_disease/test\Healthy\test_002346.jpg,40.01760000,-73.99950000,10.00,Healthy,0.999999,True
2026-08-10T13:26:07+03:00,datasets/crop_disease/test\Healthy\test_002347.jpg,40.01760000,-73.99940000,10.00,Healthy,0.999999,True
2026-08-10T13:26:07+03:00,datasets/crop_disease/test\Healthy\test_002348.jpg,40.01760000,-73.99930000,10.00,Healthy,1.000000,True
2026-08-10T13:26:07+03:00,datasets/crop_disease/test\Healthy\test_002349.jpg,40.01760000,-73.99920000,10.00,Healthy,1.000000,True
2026-08-10T13:26:07+03:00,datasets/crop_disease/test\Healthy\test_002350.jpg,40.01760000,-73.99910000,10.00,Healthy,1.000000,True
2026-08-10T13:26:07+03:00,datasets/crop_disease/test\Healthy\test_002351.jpg,40.01760000,-73.99900000,10.00,Healthy,0.999972,True
2026-08-10T13:26:07+03:00,datasets/crop_disease/test\Healthy\test_002352.jpg,40.01760000,-73.99890000,10.00,Healthy,1.000000,True
2026-08-10T13:26:07+03:00,datasets/crop_disease/test\Healthy\test_002353.jpg,40.01760000,-73.99880000,10.00,Healthy,0.999821,True
2026-08-10T13:26:07+03:00,datasets/crop_disease/test\Healthy\test_002354.jpg,40.01760000,-73.99870000,10.00,Healthy,0.999992,True
2026-08-10T13:26:07+03:00,datasets/crop_disease/test\Healthy\test_002355.jpg,40.01760000,-73.99860000,10.00,Healthy,0.999999,True
2026-08-10T13:26:07+03:00,datasets/crop_disease/test\Healthy\test_002356.jpg,40.01760000,-73.99850000,10.00,Healthy,1.000000,True
2026-08-10T13:26:07+03:00,datasets/crop_disease/test\Healthy\test_002357.jpg,40.01760000,-73.99840000,10.00,Healthy,1.000000,True
2026-08-10T13:26:07+03:00,datasets/crop_disease/test\Healthy\test_002358.jpg,40.01760000,-73.99830000,10.00,Healthy,0.999999,True
2026-08-10T13:26:07+03:00,datasets/crop_disease/test\Healthy\test_002359.jpg,40.01760000,-73.99820000,10.00,Healthy,0.999631,True
2026-08-10T13:26:07+03:00,datasets/crop_disease/test\Healthy\test_002360.jpg,40.01760000,-73.99810000,10.00,Healthy,1.000000,True
2026-08-10T13:26:07+03:00,datasets/crop_disease/test\Healthy\test_002361.jpg,40.01770000,-74.00000000,10.00,Healthy,0.999959,True
2026-08-10T13:26:07+03:00,datasets/crop_disease/test\Healthy\test_002362.jpg,40.01770000,-73.99990000,10.00,Healthy,0.999999,True
2026-08-10T13:26:07+03:00,datasets/crop_disease/test\Healthy\test_002363.jpg,40.01770000,-73.99980000,10.00,Healthy,0.999999,True
2026-08-10T13:26:07+03:00,datasets/crop_disease/test\Healthy\test_002364.jpg,40.01770000,-73.99970000,10.00,Healthy,0.999406,True
2026-08-10T13:26:07+03:00,datasets/crop_disease/test\Healthy\test_002365.jpg,40.01770000,-73.99960000,10.00,Healthy,1.000000,True
2026-08-10T13:26:07+03:00,datasets/crop_disease/test\Healthy\test_002366.jpg,40.01770000,-73.99950000,10.00,Healthy,1.000000,True
2026-08-10T13:26:07+03:00,datasets/crop_disease/test\Healthy\test_002367.jpg,40.01770000,-73.99940000,10.00,Healthy,1.000000,True
2026-08-10T13:26:07+03:00,datasets/crop_disease/test\Healthy\test_002368.jpg,40.01770000,-73.99930000,10.00,Healthy,0.999997,True
2026-08-10T13:26:07+03:00,datasets/crop_disease/test\Healthy\test_002369.jpg,40.01770000,-73.99920000,10.00,Healthy,1.000000,True
2026-08-10T13:26:07+03:00,datasets/crop_disease/test\Healthy\test_002370.jpg,40.01770000,-73.99910000,10.00,Healthy,1.000000,True
2026-08-10T13:26:07+03:00,datasets/crop_disease/test\Healthy\test_002371.jpg,40.01770000,-73.99900000,10.00,Healthy,0.999999,True
2026-08-10T13:26:07+03:00,datasets/crop_disease/test\Healthy\test_002372.jpg,40.01770000,-73.99890000,10.00,Healthy,1.000000,True
2026-08-10T13:26:07+03:00,datasets/crop_disease/test\Healthy\test_002373.jpg,40.01770000,-73.99880000,10.00,Healthy,0.999787,True
2026-08-10T13:26:07+03:00,datasets/crop_disease/test\Healthy\test_002374.jpg,40.01770000,-73.99870000,10.00,Healthy,0.999993,True
2026-08-10T13:26:07+03:00,datasets/crop_disease/test\Healthy\test_002375.jpg,40.01770000,-73.99860000,10.00,Healthy,0.999998,True
2026-08-10T13:26:07+03:00,datasets/crop_disease/test\Healthy\test_002376.jpg,40.01770000,-73.99850000,10.00,Healthy,0.999995,True
2026-08-10T13:26:07+03:00,datasets/crop_disease/test\Healthy\test_002377.jpg,40.01770000,-73.99840000,10.00,Healthy,0.999991,True
2026-08-10T13:26:07+03:00,datasets/crop_disease/test\Healthy\test_002378.jpg,40.01770000,-73.99830000,10.00,Healthy,1.000000,True
2026-08-10T13:26:07+03:00,datasets/crop_disease/test\Healthy\test_002379.jpg,40.01770000,-73.99820000,10.00,Healthy,1.000000,True
2026-08-10T13:26:07+03:00,datasets/crop_disease/test\Healthy\test_002380.jpg,40.01770000,-73.99810000,10.00,Healthy,1.000000,True
2026-08-10T13:26:07+03:00,datasets/crop_disease/test\Healthy\test_002381.jpg,40.01780000,-74.00000000,10.00,Healthy,1.000000,True
2026-08-10T13:26:07+03:00,datasets/crop_disease/test\Healthy\test_002382.jpg,40.01780000,-73.99990000,10.00,Healthy,1.000000,True
2026-08-10T13:26:07+03:00,datasets/crop_disease/test\Healthy\test_002383.jpg,40.01780000,-73.99980000,10.00,Healthy,1.000000,True
2026-08-10T13:26:07+03:00,datasets/crop_disease/test\Healthy\test_002384.jpg,40.01780000,-73.99970000,10.00,Healthy,1.000000,True
2026-08-10T13:26:07+03:00,datasets/crop_disease/test\Healthy\test_002385.jpg,40.01780000,-73.99960000,10.00,Healthy,1.000000,True
2026-08-10T13:26:07+03:00,datasets/crop_disease/test\Healthy\test_002386.jpg,40.01780000,-73.99950000,10.00,Healthy,1.000000,True
2026-08-10T13:26:07+03:00,datasets/crop_disease/test\Healthy\test_002387.jpg,40.01780000,-73.99940000,10.00,Healthy,1.000000,True
2026-08-10T13:26:07+03:00,datasets/crop_disease/test\Healthy\test_002388.jpg,40.01780000,-73.99930000,10.00,Healthy,0.999992,True
2026-08-10T13:26:07+03:00,datasets/crop_disease/test\Healthy\test_002389.jpg,40.01780000,-73.99920000,10.00,Healthy,1.000000,True
2026-08-10T13:26:07+03:00,datasets/crop_disease/test\Healthy\test_002390.jpg,40.01780000,-73.99910000,10.00,Healthy,0.999999,True
2026-08-10T13:26:07+03:00,datasets/crop_disease/test\Healthy\test_002391.jpg,40.01780000,-73.99900000,10.00,Healthy,1.000000,True
2026-08-10T13:26:07+03:00,datasets/crop_disease/test\Healthy\test_002392.jpg,40.01780000,-73.99890000,10.00,Healthy,0.999995,True
2026-08-10T13:26:07+03:00,datasets/crop_disease/test\Healthy\test_002393.jpg,40.01780000,-73.99880000,10.00,Healthy,1.000000,True
2026-08-10T13:26:07+03:00,datasets/crop_disease/test\Healthy\test_002394.jpg,40.01780000,-73.99870000,10.00,Healthy,0.999999,True
2026-08-10T13:26:07+03:00,datasets/crop_disease/test\Healthy\test_002395.jpg,40.01780000,-73.99860000,10.00,Healthy,0.999998,True
2026-08-10T13:26:07+03:00,datasets/crop_disease/test\Healthy\test_002396.jpg,40.01780000,-73.99850000,10.00,Healthy,1.000000,True
2026-08-10T13:26:07+03:00,datasets/crop_disease/test\Healthy\test_002397.jpg,40.01780000,-73.99840000,10.00,Healthy,1.000000,True
2026-08-10T13:26:07+03:00,datasets/crop_disease/test\Healthy\test_002398.jpg,40.01780000,-73.99830000,10.00,Healthy,1.000000,True
2026-08-10T13:26:07+03:00,datasets/crop_disease/test\Healthy\test_002399.jpg,40.01780000,-73.99820000,10.00,Healthy,0.999996,True
2026-08-10T13:26:07+03:00,datasets/crop_disease/test\Healthy\test_002400.jpg,40.01780000,-73.99810000,10.00,Healthy,0.999987,True
2026-08-10T13:26:07+03:00,datasets/crop_disease/test\Healthy\test_002401.jpg,40.01790000,-74.00000000,10.00,Healthy,0.999985,True
2026-08-10T13:26:07+03:00,datasets/crop_disease/test\Healthy\test_002402.jpg,40.01790000,-73.99990000,10.00,Healthy,1.000000,True
2026-08-10T13:26:07+03:00,datasets/crop_disease/test\Healthy\test_002403.jpg,40.01790000,-73.99980000,10.00,Healthy,1.000000,True
2026-08-10T13:26:07+03:00,datasets/crop_disease/test\Healthy\test_002404.jpg,40.01790000,-73.99970000,10.00,Healthy,1.000000,True
2026-08-10T13:26:07+03:00,datasets/crop_disease/test\Healthy\test_002405.jpg,40.01790000,-73.99960000,10.00,Healthy,0.999963,True
2026-08-10T13:26:07+03:00,datasets/crop_disease/test\Healthy\test_002406.jpg,40.01790000,-73.99950000,10.00,Healthy,1.000000,True
2026-08-10T13:26:07+03:00,datasets/crop_disease/test\Healthy\test_002407.jpg,40.01790000,-73.99940000,10.00,Healthy,0.999995,True
2026-08-10T13:26:07+03:00,datasets/crop_disease/test\Healthy\test_002408.jpg,40.01790000,-73.99930000,10.00,Healthy,0.999998,True
2026-08-10T13:26:07+03:00,datasets/crop_disease/test\Healthy\test_002409.jpg,40.01790000,-73.99920000,10.00,Healthy,0.999912,True
2026-08-10T13:26:07+03:00,datasets/crop_disease/test\Healthy\test_002410.jpg,40.01790000,-73.99910000,10.00,Healthy,1.000000,True
2026-08-10T13:26:07+03:00,datasets/crop_disease/test\Healthy\test_002411.jpg,40.01790000,-73.99900000,10.00,Healthy,1.000000,True
2026-08-10T13:26:07+03:00,datasets/crop_disease/test\Healthy\test_002412.jpg,40.01790000,-73.99890000,10.00,Healthy,1.000000,True
2026-08-10T13:26:08+03:00,datasets/crop_disease/test\Healthy\test_002413.jpg,40.01790000,-73.99880000,10.00,Healthy,1.000000,True
2026-08-10T13:26:08+03:00,datasets/crop_disease/test\Healthy\test_002414.jpg,40.01790000,-73.99870000,10.00,Healthy,1.000000,True
2026-08-10T13:26:08+03:00,datasets/crop_disease/test\Healthy\test_002415.jpg,40.01790000,-73.99860000,10.00,Healthy,1.000000,True
2026-08-10T13:26:08+03:00,datasets/crop_disease/test\Healthy\test_002416.jpg,40.01790000,-73.99850000,10.00,Healthy,1.000000,True
2026-08-10T13:26:08+03:00,datasets/crop_disease/test\Healthy\test_002417.jpg,40.01790000,-73.99840000,10.00,Healthy,0.999563,True
2026-08-10T13:26:08+03:00,datasets/crop_disease/test\Healthy\test_002418.jpg,40.01790000,-73.99830000,10.00,Healthy,1.000000,True
2026-08-10T13:26:08+03:00,datasets/crop_disease/test\Healthy\test_002419.jpg,40.01790000,-73.99820000,10.00,Healthy,0.999999,True
2026-08-10T13:26:08+03:00,datasets/crop_disease/test\Healthy\test_002420.jpg,40.01790000,-73.99810000,10.00,Healthy,0.999959,True
2026-08-10T13:26:08+03:00,datasets/crop_disease/test\Healthy\test_002421.jpg,40.01800000,-74.00000000,10.00,Healthy,1.000000,True
2026-08-10T13:26:08+03:00,datasets/crop_disease/test\Healthy\test_002422.jpg,40.01800000,-73.99990000,10.00,Healthy,0.999999,True
2026-08-10T13:26:08+03:00,datasets/crop_disease/test\Healthy\test_002423.jpg,40.01800000,-73.99980000,10.00,Healthy,1.000000,True
2026-08-10T13:26:08+03:00,datasets/crop_disease/test\Healthy\test_002424.jpg,40.01800000,-73.99970000,10.00,Healthy,0.999986,True
2026-08-10T13:26:08+03:00,datasets/crop_disease/test\Healthy\test_002425.jpg,40.01800000,-73.99960000,10.00,Healthy,1.000000,True
2026-08-10T13:26:08+03:00,datasets/crop_disease/test\Healthy\test_002426.jpg,40.01800000,-73.99950000,10.00,Healthy,1.000000,True
2026-08-10T13:26:08+03:00,datasets/crop_disease/test\Healthy\test_002427.jpg,40.01800000,-73.99940000,10.00,Healthy,1.000000,True
2026-08-10T13:26:08+03:00,datasets/crop_disease/test\Healthy\test_002428.jpg,40.01800000,-73.99930000,10.00,Healthy,0.999979,True
2026-08-10T13:26:08+03:00,datasets/crop_disease/test\Healthy\test_002429.jpg,40.01800000,-73.99920000,10.00,Healthy,1.000000,True
2026-08-10T13:26:08+03:00,datasets/crop_disease/test\Healthy\test_002430.jpg,40.01800000,-73.99910000,10.00,Healthy,0.999989,True
2026-08-10T13:26:08+03:00,datasets/crop_disease/test\Healthy\test_002431.jpg,40.01800000,-73.99900000,10.00,Healthy,1.000000,True
2026-08-10T13:26:08+03:00,datasets/crop_disease/test\Healthy\test_002432.jpg,40.01800000,-73.99890000,10.00,Healthy,1.000000,True
2026-08-10T13:26:08+03:00,datasets/crop_disease/test\Healthy\test_002433.jpg,40.01800000,-73.99880000,10.00,Healthy,1.000000,True
2026-08-10T13:26:08+03:00,datasets/crop_disease/test\Healthy\test_002434.jpg,40.01800000,-73.99870000,10.00,Healthy,0.999998,True
2026-08-10T13:26:08+03:00,datasets/crop_disease/test\Healthy\test_002435.jpg,40.01800000,-73.99860000,10.00,Healthy,1.000000,True
2026-08-10T13:26:08+03:00,datasets/crop_disease/test\Healthy\test_002436.jpg,40.01800000,-73.99850000,10.00,Healthy,1.000000,True
2026-08-10T13:26:08+03:00,datasets/crop_disease/test\Healthy\test_002437.jpg,40.01800000,-73.99840000,10.00,Healthy,1.000000,True
2026-08-10T13:26:08+03:00,datasets/crop_disease/test\Healthy\test_002438.jpg,40.01800000,-73.99830000,10.00,Healthy,1.000000,True
2026-08-10T13:26:08+03:00,datasets/crop_disease/test\Healthy\test_002439.jpg,40.01800000,-73.99820000,10.00,Healthy,1.000000,True
2026-08-10T13:26:08+03:00,datasets/crop_disease/test\Healthy\test_002440.jpg,40.01800000,-73.99810000,10.00,Healthy,1.000000,True
2026-08-10T13:26:08+03:00,datasets/crop_disease/test\Healthy\test_002441.jpg,40.01810000,-74.00000000,10.00,Healthy,1.000000,True
2026-08-10T13:26:08+03:00,datasets/crop_disease/test\Healthy\test_002442.jpg,40.01810000,-73.99990000,10.00,Healthy,0.999991,True
2026-08-10T13:26:08+03:00,datasets/crop_disease/test\Healthy\test_002443.jpg,40.01810000,-73.99980000,10.00,Healthy,0.999999,True
2026-08-10T13:26:08+03:00,datasets/crop_disease/test\Healthy\test_002444.jpg,40.01810000,-73.99970000,10.00,Healthy,1.000000,True
2026-08-10T13:26:08+03:00,datasets/crop_disease/test\Healthy\test_002445.jpg,40.01810000,-73.99960000,10.00,Healthy,0.999963,True
2026-08-10T13:26:08+03:00,datasets/crop_disease/test\Healthy\test_002446.jpg,40.01810000,-73.99950000,10.00,Healthy,0.999982,True
2026-08-10T13:26:08+03:00,datasets/crop_disease/test\Healthy\test_002447.jpg,40.01810000,-73.99940000,10.00,Healthy,1.000000,True
2026-08-10T13:26:08+03:00,datasets/crop_disease/test\Healthy\test_002448.jpg,40.01810000,-73.99930000,10.00,Healthy,1.000000,True
2026-08-10T13:26:08+03:00,datasets/crop_disease/test\Healthy\test_002449.jpg,40.01810000,-73.99920000,10.00,Healthy,1.000000,True
2026-08-10T13:26:08+03:00,datasets/crop_disease/test\Healthy\test_002450.jpg,40.01810000,-73.99910000,10.00,Healthy,1.000000,True
2026-08-10T13:26:08+03:00,datasets/crop_disease/test\Healthy\test_002451.jpg,40.01810000,-73.99900000,10.00,Healthy,0.999240,True
2026-08-10T13:26:08+03:00,datasets/crop_disease/test\Healthy\test_002452.jpg,40.01810000,-73.99890000,10.00,Healthy,1.000000,True
2026-08-10T13:26:08+03:00,datasets/crop_disease/test\Healthy\test_002453.jpg,40.01810000,-73.99880000,10.00,Healthy,0.999987,True
2026-08-10T13:26:08+03:00,datasets/crop_disease/test\Healthy\test_002454.jpg,40.01810000,-73.99870000,10.00,Healthy,0.999310,True
2026-08-10T13:26:08+03:00,datasets/crop_disease/test\Healthy\test_002455.jpg,40.01810000,-73.99860000,10.00,Healthy,0.999999,True
2026-08-10T13:26:08+03:00,datasets/crop_disease/test\Healthy\test_002456.jpg,40.01810000,-73.99850000,10.00,Healthy,0.999998,True
2026-08-10T13:26:08+03:00,datasets/crop_disease/test\Healthy\test_002457.jpg,40.01810000,-73.99840000,10.00,Healthy,1.000000,True
2026-08-10T13:26:08+03:00,datasets/crop_disease/test\Healthy\test_002458.jpg,40.01810000,-73.99830000,10.00,Healthy,0.999550,True
2026-08-10T13:26:08+03:00,datasets/crop_disease/test\Healthy\test_002459.jpg,40.01810000,-73.99820000,10.00,Healthy,1.000000,True
2026-08-10T13:26:08+03:00,datasets/crop_disease/test\Healthy\test_002460.jpg,40.01810000,-73.99810000,10.00,Healthy,1.000000,True
2026-08-10T13:26:08+03:00,datasets/crop_disease/test\Healthy\test_002461.jpg,40.01820000,-74.00000000,10.00,Healthy,1.000000,True
2026-08-10T13:26:08+03:00,datasets/crop_disease/test\Healthy\test_002462.jpg,40.01820000,-73.99990000,10.00,Healthy,1.000000,True
2026-08-10T13:26:08+03:00,datasets/crop_disease/test\Healthy\test_002463.jpg,40.01820000,-73.99980000,10.00,Healthy,1.000000,True
2026-08-10T13:26:08+03:00,datasets/crop_disease/test\Healthy\test_002464.jpg,40.01820000,-73.99970000,10.00,Healthy,1.000000,True
2026-08-10T13:26:08+03:00,datasets/crop_disease/test\Healthy\test_002465.jpg,40.01820000,-73.99960000,10.00,Healthy,0.999991,True
2026-08-10T13:26:08+03:00,datasets/crop_disease/test\Healthy\test_002466.jpg,40.01820000,-73.99950000,10.00,Healthy,1.000000,True
2026-08-10T13:26:08+03:00,datasets/crop_disease/test\Healthy\test_002467.jpg,40.01820000,-73.99940000,10.00,Healthy,1.000000,True
2026-08-10T13:26:08+03:00,datasets/crop_disease/test\Healthy\test_002468.jpg,40.01820000,-73.99930000,10.00,Healthy,1.000000,True
2026-08-10T13:26:08+03:00,datasets/crop_disease/test\Healthy\test_002469.jpg,40.01820000,-73.99920000,10.00,Healthy,1.000000,True
2026-08-10T13:26:08+03:00,datasets/crop_disease/test\Healthy\test_002470.jpg,40.01820000,-73.99910000,10.00,Healthy,1.000000,True
2026-08-10T13:26:08+03:00,datasets/crop_disease/test\Healthy\test_002471.jpg,40.01820000,-73.99900000,10.00,Healthy,0.999996,True
2026-08-10T13:26:08+03:00,datasets/crop_disease/test\Healthy\test_002472.jpg,40.01820000,-73.99890000,10.00,Healthy,0.999964,True
2026-08-10T13:26:08+03:00,datasets/crop_disease/test\Healthy\test_002473.jpg,40.01820000,-73.99880000,10.00,Healthy,1.000000,True
2026-08-10T13:26:08+03:00,datasets/crop_disease/test\Healthy\test_002474.jpg,40.01820000,-73.99870000,10.00,Healthy,1.000000,True
2026-08-10T13:26:08+03:00,datasets/crop_disease/test\Healthy\test_002475.jpg,40.01820000,-73.99860000,10.00,Healthy,1.000000,True
2026-08-10T13:26:08+03:00,datasets/crop_disease/test\Healthy\test_002476.jpg,40.01820000,-73.99850000,10.00,Healthy,1.000000,True
2026-08-10T13:26:08+03:00,datasets/crop_disease/test\Healthy\test_002477.jpg,40.01820000,-73.99840000,10.00,Healthy,1.000000,True
2026-08-10T13:26:08+03:00,datasets/crop_disease/test\Healthy\test_002478.jpg,40.01820000,-73.99830000,10.00,Healthy,0.999097,True
2026-08-10T13:26:08+03:00,datasets/crop_disease/test\Healthy\test_002479.jpg,40.01820000,-73.99820000,10.00,Healthy,1.000000,True
2026-08-10T13:26:08+03:00,datasets/crop_disease/test\Healthy\test_002480.jpg,40.01820000,-73.99810000,10.00,Healthy,1.000000,True
2026-08-10T13:26:08+03:00,datasets/crop_disease/test\Healthy\test_002481.jpg,40.01830000,-74.00000000,10.00,Healthy,0.999986,True
2026-08-10T13:26:08+03:00,datasets/crop_disease/test\Healthy\test_002482.jpg,40.01830000,-73.99990000,10.00,Healthy,1.000000,True
2026-08-10T13:26:08+03:00,datasets/crop_disease/test\Healthy\test_002483.jpg,40.01830000,-73.99980000,10.00,Healthy,1.000000,True
2026-08-10T13:26:08+03:00,datasets/crop_disease/test\Healthy\test_002484.jpg,40.01830000,-73.99970000,10.00,Healthy,1.000000,True
2026-08-10T13:26:08+03:00,datasets/crop_disease/test\Healthy\test_002485.jpg,40.01830000,-73.99960000,10.00,Healthy,1.000000,True
2026-08-10T13:26:08+03:00,datasets/crop_disease/test\Healthy\test_002486.jpg,40.01830000,-73.99950000,10.00,Healthy,0.999991,True
2026-08-10T13:26:08+03:00,datasets/crop_disease/test\Healthy\test_002487.jpg,40.01830000,-73.99940000,10.00,Healthy,1.000000,True
2026-08-10T13:26:08+03:00,datasets/crop_disease/test\Healthy\test_002488.jpg,40.01830000,-73.99930000,10.00,Healthy,0.999779,True
2026-08-10T13:26:08+03:00,datasets/crop_disease/test\Healthy\test_002489.jpg,40.01830000,-73.99920000,10.00,Healthy,1.000000,True
2026-08-10T13:26:08+03:00,datasets/crop_disease/test\Healthy\test_002490.jpg,40.01830000,-73.99910000,10.00,Healthy,1.000000,True
2026-08-10T13:26:08+03:00,datasets/crop_disease/test\Healthy\test_002491.jpg,40.01830000,-73.99900000,10.00,Healthy,1.000000,True
2026-08-10T13:26:08+03:00,datasets/crop_disease/test\Healthy\test_002492.jpg,40.01830000,-73.99890000,10.00,Healthy,0.999998,True
2026-08-10T13:26:08+03:00,datasets/crop_disease/test\Healthy\test_002493.jpg,40.01830000,-73.99880000,10.00,Healthy,1.000000,True
2026-08-10T13:26:09+03:00,datasets/crop_disease/test\Healthy\test_002494.jpg,40.01830000,-73.99870000,10.00,Healthy,0.999993,True
2026-08-10T13:26:09+03:00,datasets/crop_disease/test\Healthy\test_002495.jpg,40.01830000,-73.99860000,10.00,Healthy,1.000000,True
2026-08-10T13:26:09+03:00,datasets/crop_disease/test\Healthy\test_002496.jpg,40.01830000,-73.99850000,10.00,Healthy,1.000000,True
2026-08-10T13:26:09+03:00,datasets/crop_disease/test\Healthy\test_002497.jpg,40.01830000,-73.99840000,10.00,Healthy,0.999904,True
2026-08-10T13:26:09+03:00,datasets/crop_disease/test\Healthy\test_002498.jpg,40.01830000,-73.99830000,10.00,Healthy,1.000000,True
2026-08-10T13:26:09+03:00,datasets/crop_disease/test\Healthy\test_002499.jpg,40.01830000,-73.99820000,10.00,Healthy,1.000000,True
2026-08-10T13:26:09+03:00,datasets/crop_disease/test\Healthy\test_002500.jpg,40.01830000,-73.99810000,10.00,Healthy,0.999995,True
2026-08-10T13:26:09+03:00,datasets/crop_disease/test\Healthy\test_002501.jpg,40.01840000,-74.00000000,10.00,Healthy,0.999999,True
2026-08-10T13:26:09+03:00,datasets/crop_disease/test\Healthy\test_002502.jpg,40.01840000,-73.99990000,10.00,Healthy,1.000000,True
2026-08-10T13:26:09+03:00,datasets/crop_disease/test\Healthy\test_002503.jpg,40.01840000,-73.99980000,10.00,Healthy,1.000000,True
2026-08-10T13:26:09+03:00,datasets/crop_disease/test\Healthy\test_002504.jpg,40.01840000,-73.99970000,10.00,Healthy,0.999988,True
2026-08-10T13:26:09+03:00,datasets/crop_disease/test\Healthy\test_002505.jpg,40.01840000,-73.99960000,10.00,Healthy,0.999997,True
2026-08-10T13:26:09+03:00,datasets/crop_disease/test\Healthy\test_002506.jpg,40.01840000,-73.99950000,10.00,Healthy,1.000000,True
2026-08-10T13:26:09+03:00,datasets/crop_disease/test\Healthy\test_002507.jpg,40.01840000,-73.99940000,10.00,Healthy,1.000000,True
2026-08-10T13:26:09+03:00,datasets/crop_disease/test\Healthy\test_002508.jpg,40.01840000,-73.99930000,10.00,Healthy,1.000000,True
2026-08-10T13:26:09+03:00,datasets/crop_disease/test\Healthy\test_002509.jpg,40.01840000,-73.99920000,10.00,Healthy,1.000000,True
2026-08-10T13:26:09+03:00,datasets/crop_disease/test\Healthy\test_002510.jpg,40.01840000,-73.99910000,10.00,Healthy,0.999866,True
2026-08-10T13:26:09+03:00,datasets/crop_disease/test\Healthy\test_002511.jpg,40.01840000,-73.99900000,10.00,Healthy,0.999979,True
2026-08-10T13:26:09+03:00,datasets/crop_disease/test\Healthy\test_002512.jpg,40.01840000,-73.99890000,10.00,Healthy,0.999789,True
2026-08-10T13:26:09+03:00,datasets/crop_disease/test\Healthy\test_002513.jpg,40.01840000,-73.99880000,10.00,Healthy,1.000000,True
2026-08-10T13:26:09+03:00,datasets/crop_disease/test\Healthy\test_002514.jpg,40.01840000,-73.99870000,10.00,Healthy,0.971693,True
2026-08-10T13:26:09+03:00,datasets/crop_disease/test\Healthy\test_002515.jpg,40.01840000,-73.99860000,10.00,Healthy,0.999999,True
2026-08-10T13:26:09+03:00,datasets/crop_disease/test\Healthy\test_002516.jpg,40.01840000,-73.99850000,10.00,Healthy,1.000000,True
2026-08-10T13:26:09+03:00,datasets/crop_disease/test\Healthy\test_002517.jpg,40.01840000,-73.99840000,10.00,Healthy,1.000000,True
2026-08-10T13:26:09+03:00,datasets/crop_disease/test\Healthy\test_002518.jpg,40.01840000,-73.99830000,10.00,Healthy,1.000000,True
2026-08-10T13:26:09+03:00,datasets/crop_disease/test\Healthy\test_002519.jpg,40.01840000,-73.99820000,10.00,Healthy,0.999998,True
2026-08-10T13:26:09+03:00,datasets/crop_disease/test\Healthy\test_002520.jpg,40.01840000,-73.99810000,10.00,Healthy,1.000000,True
2026-08-10T13:26:09+03:00,datasets/crop_disease/test\Healthy\test_002521.jpg,40.01850000,-74.00000000,10.00,Healthy,1.000000,True
2026-08-10T13:26:09+03:00,datasets/crop_disease/test\Healthy\test_002522.jpg,40.01850000,-73.99990000,10.00,Healthy,1.000000,True
2026-08-10T13:26:09+03:00,datasets/crop_disease/test\Healthy\test_002523.jpg,40.01850000,-73.99980000,10.00,Healthy,1.000000,True
2026-08-10T13:26:09+03:00,datasets/crop_disease/test\Healthy\test_002524.jpg,40.01850000,-73.99970000,10.00,Healthy,1.000000,True
2026-08-10T13:26:09+03:00,datasets/crop_disease/test\Healthy\test_002525.jpg,40.01850000,-73.99960000,10.00,Healthy,1.000000,True
2026-08-10T13:26:09+03:00,datasets/crop_disease/test\Healthy\test_002526.jpg,40.01850000,-73.99950000,10.00,Healthy,1.000000,True
2026-08-10T13:26:09+03:00,datasets/crop_disease/test\Healthy\test_002527.jpg,40.01850000,-73.99940000,10.00,Healthy,1.000000,True
2026-08-10T13:26:09+03:00,datasets/crop_disease/test\Healthy\test_002528.jpg,40.01850000,-73.99930000,10.00,Healthy,0.999997,True
2026-08-10T13:26:09+03:00,datasets/crop_disease/test\Healthy\test_002529.jpg,40.01850000,-73.99920000,10.00,Healthy,1.000000,True
2026-08-10T13:26:09+03:00,datasets/crop_disease/test\Healthy\test_002530.jpg,40.01850000,-73.99910000,10.00,Healthy,1.000000,True
2026-08-10T13:26:09+03:00,datasets/crop_disease/test\Healthy\test_002531.jpg,40.01850000,-73.99900000,10.00,Healthy,0.999999,True
2026-08-10T13:26:09+03:00,datasets/crop_disease/test\Healthy\test_002532.jpg,40.01850000,-73.99890000,10.00,Healthy,0.999999,True
2026-08-10T13:26:09+03:00,datasets/crop_disease/test\Healthy\test_002533.jpg,40.01850000,-73.99880000,10.00,Healthy,1.000000,True
2026-08-10T13:26:09+03:00,datasets/crop_disease/test\Healthy\test_002534.jpg,40.01850000,-73.99870000,10.00,Healthy,1.000000,True
2026-08-10T13:26:09+03:00,datasets/crop_disease/test\Healthy\test_002535.jpg,40.01850000,-73.99860000,10.00,Healthy,0.999986,True
2026-08-10T13:26:09+03:00,datasets/crop_disease/test\Healthy\test_002536.jpg,40.01850000,-73.99850000,10.00,Healthy,0.999986,True
2026-08-10T13:26:09+03:00,datasets/crop_disease/test\Healthy\test_002537.jpg,40.01850000,-73.99840000,10.00,Healthy,0.999999,True
2026-08-10T13:26:09+03:00,datasets/crop_disease/test\Healthy\test_002538.jpg,40.01850000,-73.99830000,10.00,Healthy,0.999999,True
2026-08-10T13:26:09+03:00,datasets/crop_disease/test\Healthy\test_002539.jpg,40.01850000,-73.99820000,10.00,Healthy,0.999988,True
2026-08-10T13:26:09+03:00,datasets/crop_disease/test\Healthy\test_002540.jpg,40.01850000,-73.99810000,10.00,Healthy,1.000000,True
2026-08-10T13:26:09+03:00,datasets/crop_disease/test\Healthy\test_002541.jpg,40.01860000,-74.00000000,10.00,Healthy,1.000000,True
2026-08-10T13:26:09+03:00,datasets/crop_disease/test\Healthy\test_002542.jpg,40.01860000,-73.99990000,10.00,Healthy,0.999994,True
2026-08-10T13:26:09+03:00,datasets/crop_disease/test\Healthy\test_002543.jpg,40.01860000,-73.99980000,10.00,Healthy,0.999999,True
2026-08-10T13:26:09+03:00,datasets/crop_disease/test\Healthy\test_002544.jpg,40.01860000,-73.99970000,10.00,Healthy,0.999998,True
2026-08-10T13:26:09+03:00,datasets/crop_disease/test\Healthy\test_002545.jpg,40.01860000,-73.99960000,10.00,Healthy,1.000000,True
2026-08-10T13:26:09+03:00,datasets/crop_disease/test\Healthy\test_002546.jpg,40.01860000,-73.99950000,10.00,Healthy,1.000000,True
2026-08-10T13:26:09+03:00,datasets/crop_disease/test\Healthy\test_002547.jpg,40.01860000,-73.99940000,10.00,Healthy,0.999998,True
2026-08-10T13:26:09+03:00,datasets/crop_disease/test\Healthy\test_002548.jpg,40.01860000,-73.99930000,10.00,Healthy,1.000000,True
2026-08-10T13:26:09+03:00,datasets/crop_disease/test\Healthy\test_002549.jpg,40.01860000,-73.99920000,10.00,Healthy,0.999969,True
2026-08-10T13:26:09+03:00,datasets/crop_disease/test\Healthy\test_002550.jpg,40.01860000,-73.99910000,10.00,Healthy,0.999986,True
2026-08-10T13:26:09+03:00,datasets/crop_disease/test\Healthy\test_002551.jpg,40.01860000,-73.99900000,10.00,Healthy,0.999998,True
2026-08-10T13:26:09+03:00,datasets/crop_disease/test\Healthy\test_002552.jpg,40.01860000,-73.99890000,10.00,Healthy,1.000000,True
2026-08-10T13:26:09+03:00,datasets/crop_disease/test\Healthy\test_002553.jpg,40.01860000,-73.99880000,10.00,Healthy,0.999996,True
2026-08-10T13:26:09+03:00,datasets/crop_disease/test\Healthy\test_002554.jpg,40.01860000,-73.99870000,10.00,Healthy,1.000000,True
2026-08-10T13:26:09+03:00,datasets/crop_disease/test\Healthy\test_002555.jpg,40.01860000,-73.99860000,10.00,Healthy,0.999934,True
2026-08-10T13:26:09+03:00,datasets/crop_disease/test\Healthy\test_002556.jpg,40.01860000,-73.99850000,10.00,Healthy,0.999999,True
2026-08-10T13:26:09+03:00,datasets/crop_disease/test\Healthy\test_002557.jpg,40.01860000,-73.99840000,10.00,Healthy,0.999999,True
2026-08-10T13:26:09+03:00,datasets/crop_disease/test\Healthy\test_002558.jpg,40.01860000,-73.99830000,10.00,Healthy,1.000000,True
2026-08-10T13:26:09+03:00,datasets/crop_disease/test\Healthy\test_002559.jpg,40.01860000,-73.99820000,10.00,Healthy,0.999999,True
2026-08-10T13:26:09+03:00,datasets/crop_disease/test\Healthy\test_002560.jpg,40.01860000,-73.99810000,10.00,Healthy,1.000000,True
2026-08-10T13:26:09+03:00,datasets/crop_disease/test\Healthy\test_002561.jpg,40.01870000,-74.00000000,10.00,Healthy,0.999891,True
2026-08-10T13:26:09+03:00,datasets/crop_disease/test\Healthy\test_002562.jpg,40.01870000,-73.99990000,10.00,Healthy,1.000000,True
2026-08-10T13:26:09+03:00,datasets/crop_disease/test\Healthy\test_002563.jpg,40.01870000,-73.99980000,10.00,Healthy,0.999991,True
2026-08-10T13:26:09+03:00,datasets/crop_disease/test\Healthy\test_002564.jpg,40.01870000,-73.99970000,10.00,Healthy,1.000000,True
2026-08-10T13:26:09+03:00,datasets/crop_disease/test\Healthy\test_002565.jpg,40.01870000,-73.99960000,10.00,Healthy,0.999998,True
2026-08-10T13:26:09+03:00,datasets/crop_disease/test\Healthy\test_002566.jpg,40.01870000,-73.99950000,10.00,Healthy,1.000000,True
2026-08-10T13:26:09+03:00,datasets/crop_disease/test\Healthy\test_002567.jpg,40.01870000,-73.99940000,10.00,Healthy,1.000000,True
2026-08-10T13:26:09+03:00,datasets/crop_disease/test\Healthy\test_002568.jpg,40.01870000,-73.99930000,10.00,Healthy,1.000000,True
2026-08-10T13:26:09+03:00,datasets/crop_disease/test\Healthy\test_002569.jpg,40.01870000,-73.99920000,10.00,Healthy,0.999945,True
2026-08-10T13:26:09+03:00,datasets/crop_disease/test\Healthy\test_002570.jpg,40.01870000,-73.99910000,10.00,Healthy,0.999999,True
2026-08-10T13:26:09+03:00,datasets/crop_disease/test\Healthy\test_002571.jpg,40.01870000,-73.99900000,10.00,Healthy,1.000000,True
2026-08-10T13:26:09+03:00,datasets/crop_disease/test\Healthy\test_002572.jpg,40.01870000,-73.99890000,10.00,Healthy,0.999985,True
2026-08-10T13:26:09+03:00,datasets/crop_disease/test\Healthy\test_002573.jpg,40.01870000,-73.99880000,10.00,Healthy,1.000000,True
2026-08-10T13:26:10+03:00,datasets/crop_disease/test\Healthy\test_002574.jpg,40.01870000,-73.99870000,10.00,Healthy,0.999999,True
2026-08-10T13:26:10+03:00,datasets/crop_disease/test\Healthy\test_002575.jpg,40.01870000,-73.99860000,10.00,Healthy,0.999999,True
2026-08-10T13:26:10+03:00,datasets/crop_disease/test\Healthy\test_002576.jpg,40.01870000,-73.99850000,10.00,Healthy,1.000000,True
2026-08-10T13:26:10+03:00,datasets/crop_disease/test\Healthy\test_002577.jpg,40.01870000,-73.99840000,10.00,Healthy,0.999995,True
2026-08-10T13:26:10+03:00,datasets/crop_disease/test\Healthy\test_002578.jpg,40.01870000,-73.99830000,10.00,Healthy,1.000000,True
2026-08-10T13:26:10+03:00,datasets/crop_disease/test\Healthy\test_002579.jpg,40.01870000,-73.99820000,10.00,Healthy,1.000000,True
2026-08-10T13:26:10+03:00,datasets/crop_disease/test\Healthy\test_002580.jpg,40.01870000,-73.99810000,10.00,Healthy,1.000000,True
2026-08-10T13:26:10+03:00,datasets/crop_disease/test\Healthy\test_002581.jpg,40.01880000,-74.00000000,10.00,Healthy,1.000000,True
2026-08-10T13:26:10+03:00,datasets/crop_disease/test\Healthy\test_002582.jpg,40.01880000,-73.99990000,10.00,Healthy,1.000000,True
2026-08-10T13:26:10+03:00,datasets/crop_disease/test\Healthy\test_002583.jpg,40.01880000,-73.99980000,10.00,Healthy,0.999997,True
2026-08-10T13:26:10+03:00,datasets/crop_disease/test\Healthy\test_002584.jpg,40.01880000,-73.99970000,10.00,Healthy,0.999990,True
2026-08-10T13:26:10+03:00,datasets/crop_disease/test\Healthy\test_002585.jpg,40.01880000,-73.99960000,10.00,Healthy,1.000000,True
2026-08-10T13:26:10+03:00,datasets/crop_disease/test\Healthy\test_002586.jpg,40.01880000,-73.99950000,10.00,Healthy,1.000000,True
2026-08-10T13:26:10+03:00,datasets/crop_disease/test\Healthy\test_002587.jpg,40.01880000,-73.99940000,10.00,Healthy,1.000000,True
2026-08-10T13:26:10+03:00,datasets/crop_disease/test\Healthy\test_002588.jpg,40.01880000,-73.99930000,10.00,Healthy,1.000000,True
2026-08-10T13:26:10+03:00,datasets/crop_disease/test\Healthy\test_002589.jpg,40.01880000,-73.99920000,10.00,Healthy,1.000000,True
2026-08-10T13:26:10+03:00,datasets/crop_disease/test\Healthy\test_002590.jpg,40.01880000,-73.99910000,10.00,Healthy,1.000000,True
2026-08-10T13:26:10+03:00,datasets/crop_disease/test\Healthy\test_002591.jpg,40.01880000,-73.99900000,10.00,Healthy,1.000000,True
2026-08-10T13:26:10+03:00,datasets/crop_disease/test\Healthy\test_002592.jpg,40.01880000,-73.99890000,10.00,Healthy,0.999986,True
2026-08-10T13:26:10+03:00,datasets/crop_disease/test\Healthy\test_002593.jpg,40.01880000,-73.99880000,10.00,Healthy,1.000000,True
2026-08-10T13:26:10+03:00,datasets/crop_disease/test\Healthy\test_002594.jpg,40.01880000,-73.99870000,10.00,Healthy,1.000000,True
2026-08-10T13:26:10+03:00,datasets/crop_disease/test\Healthy\test_002595.jpg,40.01880000,-73.99860000,10.00,Healthy,1.000000,True
2026-08-10T13:26:10+03:00,datasets/crop_disease/test\Healthy\test_002596.jpg,40.01880000,-73.99850000,10.00,Healthy,1.000000,True
2026-08-10T13:26:10+03:00,datasets/crop_disease/test\Healthy\test_002597.jpg,40.01880000,-73.99840000,10.00,Healthy,0.999997,True
2026-08-10T13:26:10+03:00,datasets/crop_disease/test\Healthy\test_002598.jpg,40.01880000,-73.99830000,10.00,Healthy,0.999722,True
2026-08-10T13:26:10+03:00,datasets/crop_disease/test\Healthy\test_002599.jpg,40.01880000,-73.99820000,10.00,Healthy,1.000000,True
2026-08-10T13:26:10+03:00,datasets/crop_disease/test\Healthy\test_002600.jpg,40.01880000,-73.99810000,10.00,Healthy,1.000000,True
2026-08-10T13:26:10+03:00,datasets/crop_disease/test\Healthy\test_002601.jpg,40.01890000,-74.00000000,10.00,Healthy,1.000000,True
2026-08-10T13:26:10+03:00,datasets/crop_disease/test\Healthy\test_002602.jpg,40.01890000,-73.99990000,10.00,Healthy,0.999939,True
2026-08-10T13:26:10+03:00,datasets/crop_disease/test\Healthy\test_002603.jpg,40.01890000,-73.99980000,10.00,Healthy,1.000000,True
2026-08-10T13:26:10+03:00,datasets/crop_disease/test\Healthy\test_002604.jpg,40.01890000,-73.99970000,10.00,Healthy,0.999997,True
2026-08-10T13:26:10+03:00,datasets/crop_disease/test\Healthy\test_002605.jpg,40.01890000,-73.99960000,10.00,Healthy,1.000000,True
2026-08-10T13:26:10+03:00,datasets/crop_disease/test\Healthy\test_002606.jpg,40.01890000,-73.99950000,10.00,Healthy,0.999996,True
2026-08-10T13:26:10+03:00,datasets/crop_disease/test\Healthy\test_002607.jpg,40.01890000,-73.99940000,10.00,Healthy,1.000000,True
2026-08-10T13:26:10+03:00,datasets/crop_disease/test\Healthy\test_002608.jpg,40.01890000,-73.99930000,10.00,Healthy,0.999999,True
2026-08-10T13:26:10+03:00,datasets/crop_disease/test\Healthy\test_002609.jpg,40.01890000,-73.99920000,10.00,Healthy,1.000000,True
2026-08-10T13:26:10+03:00,datasets/crop_disease/test\Healthy\test_002610.jpg,40.01890000,-73.99910000,10.00,Healthy,0.999999,True
2026-08-10T13:26:10+03:00,datasets/crop_disease/test\Healthy\test_002611.jpg,40.01890000,-73.99900000,10.00,Healthy,1.000000,True
2026-08-10T13:26:10+03:00,datasets/crop_disease/test\Healthy\test_002612.jpg,40.01890000,-73.99890000,10.00,Healthy,1.000000,True
2026-08-10T13:26:10+03:00,datasets/crop_disease/test\Healthy\test_002613.jpg,40.01890000,-73.99880000,10.00,Healthy,0.999997,True
2026-08-10T13:26:10+03:00,datasets/crop_disease/test\Healthy\test_002614.jpg,40.01890000,-73.99870000,10.00,Healthy,1.000000,True
2026-08-10T13:26:10+03:00,datasets/crop_disease/test\Healthy\test_002615.jpg,40.01890000,-73.99860000,10.00,Healthy,0.999986,True
2026-08-10T13:26:10+03:00,datasets/crop_disease/test\Healthy\test_002616.jpg,40.01890000,-73.99850000,10.00,Healthy,1.000000,True
2026-08-10T13:26:10+03:00,datasets/crop_disease/test\Healthy\test_002617.jpg,40.01890000,-73.99840000,10.00,Healthy,1.000000,True
2026-08-10T13:26:10+03:00,datasets/crop_disease/test\Healthy\test_002618.jpg,40.01890000,-73.99830000,10.00,Healthy,0.999692,True
2026-08-10T13:26:10+03:00,datasets/crop_disease/test\Healthy\test_002619.jpg,40.01890000,-73.99820000,10.00,Healthy,0.999999,True
2026-08-10T13:26:10+03:00,datasets/crop_disease/test\Healthy\test_002620.jpg,40.01890000,-73.99810000,10.00,Healthy,0.999176,True
2026-08-10T13:26:10+03:00,datasets/crop_disease/test\Healthy\test_002621.jpg,40.01900000,-74.00000000,10.00,Healthy,1.000000,True
2026-08-10T13:26:10+03:00,datasets/crop_disease/test\Healthy\test_002622.jpg,40.01900000,-73.99990000,10.00,Healthy,0.999990,True
2026-08-10T13:26:10+03:00,datasets/crop_disease/test\Healthy\test_002623.jpg,40.01900000,-73.99980000,10.00,Healthy,0.999998,True
2026-08-10T13:26:10+03:00,datasets/crop_disease/test\Healthy\test_002624.jpg,40.01900000,-73.99970000,10.00,Healthy,0.999569,True
2026-08-10T13:26:10+03:00,datasets/crop_disease/test\Healthy\test_002625.jpg,40.01900000,-73.99960000,10.00,Healthy,1.000000,True
2026-08-10T13:26:10+03:00,datasets/crop_disease/test\Healthy\test_002626.jpg,40.01900000,-73.99950000,10.00,Healthy,1.000000,True
2026-08-10T13:26:10+03:00,datasets/crop_disease/test\Healthy\test_002627.jpg,40.01900000,-73.99940000,10.00,Healthy,0.999687,True
2026-08-10T13:26:10+03:00,datasets/crop_disease/test\Healthy\test_002628.jpg,40.01900000,-73.99930000,10.00,Healthy,0.991187,True
2026-08-10T13:26:10+03:00,datasets/crop_disease/test\Healthy\test_002629.jpg,40.01900000,-73.99920000,10.00,Healthy,0.999835,True
2026-08-10T13:26:10+03:00,datasets/crop_disease/test\Healthy\test_002630.jpg,40.01900000,-73.99910000,10.00,Healthy,1.000000,True
2026-08-10T13:26:10+03:00,datasets/crop_disease/test\Healthy\test_002631.jpg,40.01900000,-73.99900000,10.00,Healthy,1.000000,True
2026-08-10T13:26:10+03:00,datasets/crop_disease/test\Healthy\test_002632.jpg,40.01900000,-73.99890000,10.00,Healthy,0.996433,True
2026-08-10T13:26:10+03:00,datasets/crop_disease/test\Healthy\test_002633.jpg,40.01900000,-73.99880000,10.00,Healthy,0.999968,True
2026-08-10T13:26:10+03:00,datasets/crop_disease/test\Healthy\test_002634.jpg,40.01900000,-73.99870000,10.00,Healthy,0.999928,True
2026-08-10T13:26:10+03:00,datasets/crop_disease/test\Healthy\test_002635.jpg,40.01900000,-73.99860000,10.00,Healthy,0.999999,True
2026-08-10T13:26:10+03:00,datasets/crop_disease/test\Healthy\test_002636.jpg,40.01900000,-73.99850000,10.00,Healthy,0.999998,True
2026-08-10T13:26:10+03:00,datasets/crop_disease/test\Healthy\test_002637.jpg,40.01900000,-73.99840000,10.00,Healthy,0.999983,True
2026-08-10T13:26:10+03:00,datasets/crop_disease/test\Healthy\test_002638.jpg,40.01900000,-73.99830000,10.00,Healthy,0.999997,True
2026-08-10T13:26:10+03:00,datasets/crop_disease/test\Healthy\test_002639.jpg,40.01900000,-73.99820000,10.00,Healthy,0.999769,True
2026-08-10T13:26:10+03:00,datasets/crop_disease/test\Healthy\test_002640.jpg,40.01900000,-73.99810000,10.00,Healthy,0.999911,True
2026-08-10T13:26:10+03:00,datasets/crop_disease/test\Healthy\test_002641.jpg,40.01910000,-74.00000000,10.00,Healthy,0.999993,True
2026-08-10T13:26:10+03:00,datasets/crop_disease/test\Healthy\test_002642.jpg,40.01910000,-73.99990000,10.00,Healthy,0.999822,True
2026-08-10T13:26:10+03:00,datasets/crop_disease/test\Healthy\test_002643.jpg,40.01910000,-73.99980000,10.00,Healthy,0.999993,True
2026-08-10T13:26:10+03:00,datasets/crop_disease/test\Healthy\test_002644.jpg,40.01910000,-73.99970000,10.00,Healthy,0.999988,True
2026-08-10T13:26:10+03:00,datasets/crop_disease/test\Healthy\test_002645.jpg,40.01910000,-73.99960000,10.00,Healthy,0.999956,True
2026-08-10T13:26:10+03:00,datasets/crop_disease/test\Healthy\test_002646.jpg,40.01910000,-73.99950000,10.00,Healthy,0.999998,True
2026-08-10T13:26:10+03:00,datasets/crop_disease/test\Healthy\test_002647.jpg,40.01910000,-73.99940000,10.00,Healthy,0.999998,True
2026-08-10T13:26:10+03:00,datasets/crop_disease/test\Healthy\test_002648.jpg,40.01910000,-73.99930000,10.00,Healthy,0.999038,True
2026-08-10T13:26:10+03:00,datasets/crop_disease/test\Healthy\test_002649.jpg,40.01910000,-73.99920000,10.00,Healthy,1.000000,True
2026-08-10T13:26:10+03:00,datasets/crop_disease/test\Healthy\test_002650.jpg,40.01910000,-73.99910000,10.00,Healthy,0.999997,True
2026-08-10T13:26:10+03:00,datasets/crop_disease/test\Healthy\test_002651.jpg,40.01910000,-73.99900000,10.00,Healthy,0.995721,True
2026-08-10T13:26:10+03:00,datasets/crop_disease/test\Healthy\test_002652.jpg,40.01910000,-73.99890000,10.00,Healthy,0.999834,True
2026-08-10T13:26:10+03:00,datasets/crop_disease/test\Healthy\test_002653.jpg,40.01910000,-73.99880000,10.00,Healthy,0.999977,True
2026-08-10T13:26:10+03:00,datasets/crop_disease/test\Healthy\test_002654.jpg,40.01910000,-73.99870000,10.00,Healthy,0.999985,True
2026-08-10T13:26:11+03:00,datasets/crop_disease/test\Healthy\test_002655.jpg,40.01910000,-73.99860000,10.00,Healthy,0.999921,True
2026-08-10T13:26:11+03:00,datasets/crop_disease/test\Healthy\test_002656.jpg,40.01910000,-73.99850000,10.00,Healthy,0.999991,True
2026-08-10T13:26:11+03:00,datasets/crop_disease/test\Healthy\test_002657.jpg,40.01910000,-73.99840000,10.00,Healthy,0.997675,True
2026-08-10T13:26:11+03:00,datasets/crop_disease/test\Healthy\test_002658.jpg,40.01910000,-73.99830000,10.00,Healthy,0.999898,True
2026-08-10T13:26:11+03:00,datasets/crop_disease/test\Healthy\test_002659.jpg,40.01910000,-73.99820000,10.00,Healthy,0.999996,True
2026-08-10T13:26:11+03:00,datasets/crop_disease/test\Healthy\test_002660.jpg,40.01910000,-73.99810000,10.00,Healthy,0.999996,True
2026-08-10T13:26:11+03:00,datasets/crop_disease/test\Healthy\test_002661.jpg,40.01920000,-74.00000000,10.00,Healthy,0.999965,True
2026-08-10T13:26:11+03:00,datasets/crop_disease/test\Healthy\test_002662.jpg,40.01920000,-73.99990000,10.00,Healthy,0.999922,True
2026-08-10T13:26:11+03:00,datasets/crop_disease/test\Healthy\test_002663.jpg,40.01920000,-73.99980000,10.00,Healthy,1.000000,True
2026-08-10T13:26:11+03:00,datasets/crop_disease/test\Healthy\test_002664.jpg,40.01920000,-73.99970000,10.00,Healthy,0.999925,True
2026-08-10T13:26:11+03:00,datasets/crop_disease/test\Healthy\test_002665.jpg,40.01920000,-73.99960000,10.00,Healthy,0.999952,True
2026-08-10T13:26:11+03:00,datasets/crop_disease/test\Healthy\test_002666.jpg,40.01920000,-73.99950000,10.00,Healthy,1.000000,True
2026-08-10T13:26:11+03:00,datasets/crop_disease/test\Healthy\test_002667.jpg,40.01920000,-73.99940000,10.00,Healthy,0.999999,True
2026-08-10T13:26:11+03:00,datasets/crop_disease/test\Healthy\test_002668.jpg,40.01920000,-73.99930000,10.00,Healthy,0.999903,True
2026-08-10T13:26:11+03:00,datasets/crop_disease/test\Healthy\test_002669.jpg,40.01920000,-73.99920000,10.00,Healthy,0.999978,True
2026-08-10T13:26:11+03:00,datasets/crop_disease/test\Healthy\test_002670.jpg,40.01920000,-73.99910000,10.00,Healthy,0.999986,True
2026-08-10T13:26:11+03:00,datasets/crop_disease/test\Healthy\test_002671.jpg,40.01920000,-73.99900000,10.00,Healthy,0.999999,True
2026-08-10T13:26:11+03:00,datasets/crop_disease/test\Healthy\test_002672.jpg,40.01920000,-73.99890000,10.00,Healthy,0.999802,True
2026-08-10T13:26:11+03:00,datasets/crop_disease/test\Healthy\test_002673.jpg,40.01920000,-73.99880000,10.00,Healthy,0.999977,True
2026-08-10T13:26:11+03:00,datasets/crop_disease/test\Healthy\test_002674.jpg,40.01920000,-73.99870000,10.00,Healthy,0.999996,True
2026-08-10T13:26:11+03:00,datasets/crop_disease/test\Healthy\test_002675.jpg,40.01920000,-73.99860000,10.00,Healthy,0.633152,False
2026-08-10T13:26:11+03:00,datasets/crop_disease/test\Healthy\test_002676.jpg,40.01920000,-73.99850000,10.00,Healthy,0.998656,True
2026-08-10T13:26:11+03:00,datasets/crop_disease/test\Healthy\test_002677.jpg,40.01920000,-73.99840000,10.00,Healthy,0.999998,True
2026-08-10T13:26:11+03:00,datasets/crop_disease/test\Healthy\test_002678.jpg,40.01920000,-73.99830000,10.00,Healthy,1.000000,True
2026-08-10T13:26:11+03:00,datasets/crop_disease/test\Healthy\test_002679.jpg,40.01920000,-73.99820000,10.00,Healthy,0.984687,True
2026-08-10T13:26:11+03:00,datasets/crop_disease/test\Healthy\test_002680.jpg,40.01920000,-73.99810000,10.00,Healthy,0.999990,True
2026-08-10T13:26:11+03:00,datasets/crop_disease/test\Healthy\test_002681.jpg,40.01930000,-74.00000000,10.00,Healthy,0.999999,True
2026-08-10T13:26:11+03:00,datasets/crop_disease/test\Healthy\test_002682.jpg,40.01930000,-73.99990000,10.00,Healthy,0.999610,True
2026-08-10T13:26:11+03:00,datasets/crop_disease/test\Healthy\test_002683.jpg,40.01930000,-73.99980000,10.00,Healthy,0.999840,True
2026-08-10T13:26:11+03:00,datasets/crop_disease/test\Healthy\test_002684.jpg,40.01930000,-73.99970000,10.00,Healthy,0.999992,True
2026-08-10T13:26:11+03:00,datasets/crop_disease/test\Healthy\test_002685.jpg,40.01930000,-73.99960000,10.00,Healthy,0.997514,True
2026-08-10T13:26:11+03:00,datasets/crop_disease/test\Healthy\test_002686.jpg,40.01930000,-73.99950000,10.00,Healthy,0.999999,True
2026-08-10T13:26:11+03:00,datasets/crop_disease/test\Healthy\test_002687.jpg,40.01930000,-73.99940000,10.00,Healthy,1.000000,True
2026-08-10T13:26:11+03:00,datasets/crop_disease/test\Healthy\test_002688.jpg,40.01930000,-73.99930000,10.00,LeafSpot,0.865642,False
2026-08-10T13:26:11+03:00,datasets/crop_disease/test\Healthy\test_002689.jpg,40.01930000,-73.99920000,10.00,Healthy,0.999931,True
2026-08-10T13:26:11+03:00,datasets/crop_disease/test\Healthy\test_002690.jpg,40.01930000,-73.99910000,10.00,Healthy,0.999474,True
2026-08-10T13:26:11+03:00,datasets/crop_disease/test\Healthy\test_002691.jpg,40.01930000,-73.99900000,10.00,Healthy,0.999979,True
2026-08-10T13:26:11+03:00,datasets/crop_disease/test\Healthy\test_002692.jpg,40.01930000,-73.99890000,10.00,Healthy,0.999983,True
2026-08-10T13:26:11+03:00,datasets/crop_disease/test\Healthy\test_002693.jpg,40.01930000,-73.99880000,10.00,Healthy,1.000000,True
2026-08-10T13:26:11+03:00,datasets/crop_disease/test\Healthy\test_002694.jpg,40.01930000,-73.99870000,10.00,Healthy,0.999998,True
2026-08-10T13:26:11+03:00,datasets/crop_disease/test\Healthy\test_002695.jpg,40.01930000,-73.99860000,10.00,Healthy,0.999992,True
2026-08-10T13:26:11+03:00,datasets/crop_disease/test\Healthy\test_002696.jpg,40.01930000,-73.99850000,10.00,Healthy,1.000000,True
2026-08-10T13:26:11+03:00,datasets/crop_disease/test\Healthy\test_002697.jpg,40.01930000,-73.99840000,10.00,Healthy,0.999968,True
2026-08-10T13:26:11+03:00,datasets/crop_disease/test\Healthy\test_002698.jpg,40.01930000,-73.99830000,10.00,Healthy,0.999967,True
2026-08-10T13:26:11+03:00,datasets/crop_disease/test\Healthy\test_002699.jpg,40.01930000,-73.99820000,10.00,Healthy,0.999986,True
2026-08-10T13:26:11+03:00,datasets/crop_disease/test\Healthy\test_002700.jpg,40.01930000,-73.99810000,10.00,Healthy,1.000000,True
2026-08-10T13:26:11+03:00,datasets/crop_disease/test\Healthy\test_002701.jpg,40.01940000,-74.00000000,10.00,Healthy,0.999997,True
2026-08-10T13:26:11+03:00,datasets/crop_disease/test\Healthy\test_002702.jpg,40.01940000,-73.99990000,10.00,Healthy,0.999907,True
2026-08-10T13:26:11+03:00,datasets/crop_disease/test\Healthy\test_002703.jpg,40.01940000,-73.99980000,10.00,Healthy,1.000000,True
2026-08-10T13:26:11+03:00,datasets/crop_disease/test\Healthy\test_002704.jpg,40.01940000,-73.99970000,10.00,Healthy,0.999923,True
2026-08-10T13:26:11+03:00,datasets/crop_disease/test\Healthy\test_002705.jpg,40.01940000,-73.99960000,10.00,Healthy,0.999941,True
2026-08-10T13:26:11+03:00,datasets/crop_disease/test\Healthy\test_002706.jpg,40.01940000,-73.99950000,10.00,Healthy,0.999946,True
2026-08-10T13:26:11+03:00,datasets/crop_disease/test\Healthy\test_002707.jpg,40.01940000,-73.99940000,10.00,Healthy,1.000000,True
2026-08-10T13:26:11+03:00,datasets/crop_disease/test\Healthy\test_002708.jpg,40.01940000,-73.99930000,10.00,Healthy,0.999999,True
2026-08-10T13:26:11+03:00,datasets/crop_disease/test\Healthy\test_002709.jpg,40.01940000,-73.99920000,10.00,Healthy,0.999998,True
2026-08-10T13:26:11+03:00,datasets/crop_disease/test\Healthy\test_002710.jpg,40.01940000,-73.99910000,10.00,Healthy,0.999994,True
2026-08-10T13:26:11+03:00,datasets/crop_disease/test\Healthy\test_002711.jpg,40.01940000,-73.99900000,10.00,Healthy,0.999989,True
2026-08-10T13:26:11+03:00,datasets/crop_disease/test\Healthy\test_002712.jpg,40.01940000,-73.99890000,10.00,Healthy,0.999992,True
2026-08-10T13:26:11+03:00,datasets/crop_disease/test\Healthy\test_002713.jpg,40.01940000,-73.99880000,10.00,Healthy,0.990638,True
2026-08-10T13:26:11+03:00,datasets/crop_disease/test\Healthy\test_002714.jpg,40.01940000,-73.99870000,10.00,Healthy,0.999894,True
2026-08-10T13:26:11+03:00,datasets/crop_disease/test\Healthy\test_002715.jpg,40.01940000,-73.99860000,10.00,Healthy,0.998899,True
2026-08-10T13:26:11+03:00,datasets/crop_disease/test\Healthy\test_002716.jpg,40.01940000,-73.99850000,10.00,Healthy,0.999949,True
2026-08-10T13:26:11+03:00,datasets/crop_disease/test\Healthy\test_002717.jpg,40.01940000,-73.99840000,10.00,Healthy,0.999949,True
2026-08-10T13:26:11+03:00,datasets/crop_disease/test\Healthy\test_002718.jpg,40.01940000,-73.99830000,10.00,Healthy,0.999873,True
2026-08-10T13:26:11+03:00,datasets/crop_disease/test\Healthy\test_002719.jpg,40.01940000,-73.99820000,10.00,Healthy,0.999954,True
2026-08-10T13:26:11+03:00,datasets/crop_disease/test\Healthy\test_002720.jpg,40.01940000,-73.99810000,10.00,Healthy,0.999148,True
2026-08-10T13:26:11+03:00,datasets/crop_disease/test\Healthy\test_002721.jpg,40.01950000,-74.00000000,10.00,Healthy,0.999659,True
2026-08-10T13:26:11+03:00,datasets/crop_disease/test\Healthy\test_002722.jpg,40.01950000,-73.99990000,10.00,Healthy,0.999996,True
2026-08-10T13:26:11+03:00,datasets/crop_disease/test\Healthy\test_002723.jpg,40.01950000,-73.99980000,10.00,Healthy,0.996166,True
2026-08-10T13:26:11+03:00,datasets/crop_disease/test\Healthy\test_002724.jpg,40.01950000,-73.99970000,10.00,Healthy,0.999998,True
2026-08-10T13:26:11+03:00,datasets/crop_disease/test\Healthy\test_002725.jpg,40.01950000,-73.99960000,10.00,Healthy,0.999998,True
2026-08-10T13:26:11+03:00,datasets/crop_disease/test\Healthy\test_002726.jpg,40.01950000,-73.99950000,10.00,Healthy,0.999768,True
2026-08-10T13:26:11+03:00,datasets/crop_disease/test\Healthy\test_002727.jpg,40.01950000,-73.99940000,10.00,Healthy,0.999960,True
2026-08-10T13:26:11+03:00,datasets/crop_disease/test\Healthy\test_002728.jpg,40.01950000,-73.99930000,10.00,Healthy,0.999957,True
2026-08-10T13:26:11+03:00,datasets/crop_disease/test\Healthy\test_002729.jpg,40.01950000,-73.99920000,10.00,Healthy,0.999843,True
2026-08-10T13:26:11+03:00,datasets/crop_disease/test\Healthy\test_002730.jpg,40.01950000,-73.99910000,10.00,Healthy,0.999974,True
2026-08-10T13:26:11+03:00,datasets/crop_disease/test\Healthy\test_002731.jpg,40.01950000,-73.99900000,10.00,Healthy,0.999612,True
2026-08-10T13:26:11+03:00,datasets/crop_disease/test\Healthy\test_002732.jpg,40.01950000,-73.99890000,10.00,Healthy,0.999969,True
2026-08-10T13:26:11+03:00,datasets/crop_disease/test\Healthy\test_002733.jpg,40.01950000,-73.99880000,10.00,Healthy,0.999740,True
2026-08-10T13:26:11+03:00,datasets/crop_disease/test\Healthy\test_002734.jpg,40.01950000,-73.99870000,10.00,Healthy,0.998208,True
2026-08-10T13:26:11+03:00,datasets/crop_disease/test\Healthy\test_002735.jpg,40.01950000,-73.99860000,10.00,Healthy,0.999999,True
2026-08-10T13:26:12+03:00,datasets/crop_disease/test\Healthy\test_002736.jpg,40.01950000,-73.99850000,10.00,Healthy,0.995718,True
2026-08-10T13:26:12+03:00,datasets/crop_disease/test\Healthy\test_002737.jpg,40.01950000,-73.99840000,10.00,Healthy,0.999990,True
2026-08-10T13:26:12+03:00,datasets/crop_disease/test\Healthy\test_002738.jpg,40.01950000,-73.99830000,10.00,Healthy,0.734415,False
2026-08-10T13:26:12+03:00,datasets/crop_disease/test\Healthy\test_002739.jpg,40.01950000,-73.99820000,10.00,Healthy,0.999929,True
2026-08-10T13:26:12+03:00,datasets/crop_disease/test\Healthy\test_002740.jpg,40.01950000,-73.99810000,10.00,Healthy,0.999978,True
2026-08-10T13:26:12+03:00,datasets/crop_disease/test\Healthy\test_002741.jpg,40.01960000,-74.00000000,10.00,Healthy,0.999978,True
2026-08-10T13:26:12+03:00,datasets/crop_disease/test\Healthy\test_002742.jpg,40.01960000,-73.99990000,10.00,Healthy,0.999995,True
2026-08-10T13:26:12+03:00,datasets/crop_disease/test\Healthy\test_002743.jpg,40.01960000,-73.99980000,10.00,Healthy,0.999813,True
2026-08-10T13:26:12+03:00,datasets/crop_disease/test\Healthy\test_002744.jpg,40.01960000,-73.99970000,10.00,Healthy,0.999595,True
2026-08-10T13:26:12+03:00,datasets/crop_disease/test\Healthy\test_002745.jpg,40.01960000,-73.99960000,10.00,Healthy,0.999987,True
2026-08-10T13:26:12+03:00,datasets/crop_disease/test\Healthy\test_002746.jpg,40.01960000,-73.99950000,10.00,Healthy,0.999989,True
2026-08-10T13:26:12+03:00,datasets/crop_disease/test\Healthy\test_002747.jpg,40.01960000,-73.99940000,10.00,Healthy,0.999957,True
2026-08-10T13:26:12+03:00,datasets/crop_disease/test\Healthy\test_002748.jpg,40.01960000,-73.99930000,10.00,Healthy,0.999991,True
2026-08-10T13:26:12+03:00,datasets/crop_disease/test\Healthy\test_002749.jpg,40.01960000,-73.99920000,10.00,Healthy,0.999703,True
2026-08-10T13:26:12+03:00,datasets/crop_disease/test\Healthy\test_002750.jpg,40.01960000,-73.99910000,10.00,Healthy,0.999908,True
2026-08-10T13:26:12+03:00,datasets/crop_disease/test\Healthy\test_002751.jpg,40.01960000,-73.99900000,10.00,Healthy,0.999793,True
2026-08-10T13:26:12+03:00,datasets/crop_disease/test\Healthy\test_002752.jpg,40.01960000,-73.99890000,10.00,Healthy,0.999358,True
2026-08-10T13:26:12+03:00,datasets/crop_disease/test\Healthy\test_002753.jpg,40.01960000,-73.99880000,10.00,Healthy,0.999972,True
2026-08-10T13:26:12+03:00,datasets/crop_disease/test\Healthy\test_002754.jpg,40.01960000,-73.99870000,10.00,Healthy,0.999930,True
2026-08-10T13:26:12+03:00,datasets/crop_disease/test\Healthy\test_002755.jpg,40.01960000,-73.99860000,10.00,Healthy,0.999912,True
2026-08-10T13:26:12+03:00,datasets/crop_disease/test\Healthy\test_002756.jpg,40.01960000,-73.99850000,10.00,Healthy,0.999915,True
2026-08-10T13:26:12+03:00,datasets/crop_disease/test\Healthy\test_002757.jpg,40.01960000,-73.99840000,10.00,Healthy,0.999967,True
2026-08-10T13:26:12+03:00,datasets/crop_disease/test\Healthy\test_002758.jpg,40.01960000,-73.99830000,10.00,Healthy,0.999655,True
2026-08-10T13:26:12+03:00,datasets/crop_disease/test\Healthy\test_002759.jpg,40.01960000,-73.99820000,10.00,Healthy,0.999886,True
2026-08-10T13:26:12+03:00,datasets/crop_disease/test\Healthy\test_002760.jpg,40.01960000,-73.99810000,10.00,Healthy,0.998744,True
2026-08-10T13:26:12+03:00,datasets/crop_disease/test\Healthy\test_002761.jpg,40.01970000,-74.00000000,10.00,Healthy,0.999946,True
2026-08-10T13:26:12+03:00,datasets/crop_disease/test\Healthy\test_002762.jpg,40.01970000,-73.99990000,10.00,Healthy,0.996670,True
2026-08-10T13:26:12+03:00,datasets/crop_disease/test\Healthy\test_002763.jpg,40.01970000,-73.99980000,10.00,Healthy,0.999989,True
2026-08-10T13:26:12+03:00,datasets/crop_disease/test\Healthy\test_002764.jpg,40.01970000,-73.99970000,10.00,Healthy,0.999587,True
2026-08-10T13:26:12+03:00,datasets/crop_disease/test\Healthy\test_002765.jpg,40.01970000,-73.99960000,10.00,Healthy,0.999981,True
2026-08-10T13:26:12+03:00,datasets/crop_disease/test\Healthy\test_002766.jpg,40.01970000,-73.99950000,10.00,Healthy,0.999997,True
2026-08-10T13:26:12+03:00,datasets/crop_disease/test\Healthy\test_002767.jpg,40.01970000,-73.99940000,10.00,Healthy,0.999962,True
2026-08-10T13:26:12+03:00,datasets/crop_disease/test\Healthy\test_002768.jpg,40.01970000,-73.99930000,10.00,Healthy,0.999977,True
2026-08-10T13:26:12+03:00,datasets/crop_disease/test\Healthy\test_002769.jpg,40.01970000,-73.99920000,10.00,Healthy,0.998923,True
2026-08-10T13:26:12+03:00,datasets/crop_disease/test\Healthy\test_002770.jpg,40.01970000,-73.99910000,10.00,Healthy,0.999994,True
2026-08-10T13:26:12+03:00,datasets/crop_disease/test\Healthy\test_002771.jpg,40.01970000,-73.99900000,10.00,Healthy,0.999988,True
2026-08-10T13:26:12+03:00,datasets/crop_disease/test\Healthy\test_002772.jpg,40.01970000,-73.99890000,10.00,Healthy,0.999739,True
2026-08-10T13:26:12+03:00,datasets/crop_disease/test\Healthy\test_002773.jpg,40.01970000,-73.99880000,10.00,Healthy,0.999355,True
2026-08-10T13:26:12+03:00,datasets/crop_disease/test\Healthy\test_002774.jpg,40.01970000,-73.99870000,10.00,Healthy,0.999799,True
2026-08-10T13:26:12+03:00,datasets/crop_disease/test\Healthy\test_002775.jpg,40.01970000,-73.99860000,10.00,Healthy,0.999961,True
2026-08-10T13:26:12+03:00,datasets/crop_disease/test\Healthy\test_002776.jpg,40.01970000,-73.99850000,10.00,Healthy,0.999963,True
2026-08-10T13:26:12+03:00,datasets/crop_disease/test\Healthy\test_002777.jpg,40.01970000,-73.99840000,10.00,Healthy,0.999953,True
2026-08-10T13:26:12+03:00,datasets/crop_disease/test\Healthy\test_002778.jpg,40.01970000,-73.99830000,10.00,Healthy,0.999998,True
2026-08-10T13:26:12+03:00,datasets/crop_disease/test\Healthy\test_002779.jpg,40.01970000,-73.99820000,10.00,Healthy,0.999933,True
2026-08-10T13:26:12+03:00,datasets/crop_disease/test\Healthy\test_002780.jpg,40.01970000,-73.99810000,10.00,Healthy,0.999993,True
2026-08-10T13:26:12+03:00,datasets/crop_disease/test\Healthy\test_002781.jpg,40.01980000,-74.00000000,10.00,Healthy,0.997629,True
2026-08-10T13:26:12+03:00,datasets/crop_disease/test\Healthy\test_002782.jpg,40.01980000,-73.99990000,10.00,Healthy,0.999972,True
2026-08-10T13:26:12+03:00,datasets/crop_disease/test\Healthy\test_002783.jpg,40.01980000,-73.99980000,10.00,Healthy,0.999867,True
2026-08-10T13:26:12+03:00,datasets/crop_disease/test\Healthy\test_002784.jpg,40.01980000,-73.99970000,10.00,Healthy,0.999924,True
2026-08-10T13:26:12+03:00,datasets/crop_disease/test\Healthy\test_002785.jpg,40.01980000,-73.99960000,10.00,Healthy,0.999158,True
2026-08-10T13:26:12+03:00,datasets/crop_disease/test\Healthy\test_002786.jpg,40.01980000,-73.99950000,10.00,Healthy,0.999982,True
2026-08-10T13:26:12+03:00,datasets/crop_disease/test\Healthy\test_002787.jpg,40.01980000,-73.99940000,10.00,Healthy,0.998437,True
2026-08-10T13:26:12+03:00,datasets/crop_disease/test\Healthy\test_002788.jpg,40.01980000,-73.99930000,10.00,Healthy,0.999994,True
2026-08-10T13:26:12+03:00,datasets/crop_disease/test\Healthy\test_002789.jpg,40.01980000,-73.99920000,10.00,Healthy,0.999887,True
2026-08-10T13:26:12+03:00,datasets/crop_disease/test\Healthy\test_002790.jpg,40.01980000,-73.99910000,10.00,Healthy,0.999626,True
2026-08-10T13:26:12+03:00,datasets/crop_disease/test\Healthy\test_002791.jpg,40.01980000,-73.99900000,10.00,Healthy,0.999998,True
2026-08-10T13:26:12+03:00,datasets/crop_disease/test\Healthy\test_002792.jpg,40.01980000,-73.99890000,10.00,Healthy,0.999961,True
2026-08-10T13:26:12+03:00,datasets/crop_disease/test\Healthy\test_002793.jpg,40.01980000,-73.99880000,10.00,Healthy,0.998869,True
2026-08-10T13:26:12+03:00,datasets/crop_disease/test\Healthy\test_002794.jpg,40.01980000,-73.99870000,10.00,Healthy,0.999988,True
2026-08-10T13:26:12+03:00,datasets/crop_disease/test\Healthy\test_002795.jpg,40.01980000,-73.99860000,10.00,Healthy,0.999988,True
2026-08-10T13:26:12+03:00,datasets/crop_disease/test\Healthy\test_002796.jpg,40.01980000,-73.99850000,10.00,Healthy,0.999433,True
2026-08-10T13:26:12+03:00,datasets/crop_disease/test\Healthy\test_002797.jpg,40.01980000,-73.99840000,10.00,Healthy,0.999815,True
2026-08-10T13:26:12+03:00,datasets/crop_disease/test\Healthy\test_002798.jpg,40.01980000,-73.99830000,10.00,Healthy,0.978866,True
2026-08-10T13:26:12+03:00,datasets/crop_disease/test\Healthy\test_002799.jpg,40.01980000,-73.99820000,10.00,Healthy,0.999663,True
2026-08-10T13:26:12+03:00,datasets/crop_disease/test\Healthy\test_002800.jpg,40.01980000,-73.99810000,10.00,Healthy,0.999807,True
2026-08-10T13:26:12+03:00,datasets/crop_disease/test\Healthy\test_002801.jpg,40.01990000,-74.00000000,10.00,Healthy,0.999812,True
2026-08-10T13:26:12+03:00,datasets/crop_disease/test\Healthy\test_002802.jpg,40.01990000,-73.99990000,10.00,Healthy,0.999039,True
2026-08-10T13:26:12+03:00,datasets/crop_disease/test\Healthy\test_002803.jpg,40.01990000,-73.99980000,10.00,Healthy,0.999935,True
2026-08-10T13:26:12+03:00,datasets/crop_disease/test\Healthy\test_002804.jpg,40.01990000,-73.99970000,10.00,Healthy,0.999735,True
2026-08-10T13:26:12+03:00,datasets/crop_disease/test\Healthy\test_002805.jpg,40.01990000,-73.99960000,10.00,Healthy,0.999998,True
2026-08-10T13:26:12+03:00,datasets/crop_disease/test\Healthy\test_002806.jpg,40.01990000,-73.99950000,10.00,Healthy,0.999975,True
2026-08-10T13:26:12+03:00,datasets/crop_disease/test\Healthy\test_002807.jpg,40.01990000,-73.99940000,10.00,Healthy,0.717979,False
2026-08-10T13:26:12+03:00,datasets/crop_disease/test\Healthy\test_002808.jpg,40.01990000,-73.99930000,10.00,Healthy,0.999803,True
2026-08-10T13:26:12+03:00,datasets/crop_disease/test\Healthy\test_002809.jpg,40.01990000,-73.99920000,10.00,Healthy,0.999967,True
2026-08-10T13:26:12+03:00,datasets/crop_disease/test\Healthy\test_002810.jpg,40.01990000,-73.99910000,10.00,Healthy,0.999950,True
2026-08-10T13:26:12+03:00,datasets/crop_disease/test\Healthy\test_002811.jpg,40.01990000,-73.99900000,10.00,Healthy,0.999971,True
2026-08-10T13:26:12+03:00,datasets/crop_disease/test\Healthy\test_002812.jpg,40.01990000,-73.99890000,10.00,Healthy,0.995925,True
2026-08-10T13:26:12+03:00,datasets/crop_disease/test\Healthy\test_002813.jpg,40.01990000,-73.99880000,10.00,Healthy,0.999995,True
2026-08-10T13:26:12+03:00,datasets/crop_disease/test\Healthy\test_002814.jpg,40.01990000,-73.99870000,10.00,Healthy,0.999999,True
2026-08-10T13:26:12+03:00,datasets/crop_disease/test\Healthy\test_002815.jpg,40.01990000,-73.99860000,10.00,Healthy,0.999957,True
2026-08-10T13:26:12+03:00,datasets/crop_disease/test\Healthy\test_002816.jpg,40.01990000,-73.99850000,10.00,Healthy,0.999993,True
2026-08-10T13:26:13+03:00,datasets/crop_disease/test\Healthy\test_002817.jpg,40.01990000,-73.99840000,10.00,Healthy,0.999772,True
2026-08-10T13:26:13+03:00,datasets/crop_disease/test\Healthy\test_002818.jpg,40.01990000,-73.99830000,10.00,Healthy,0.999989,True
2026-08-10T13:26:13+03:00,datasets/crop_disease/test\Healthy\test_002819.jpg,40.01990000,-73.99820000,10.00,Healthy,0.979759,True
2026-08-10T13:26:13+03:00,datasets/crop_disease/test\Healthy\test_002820.jpg,40.01990000,-73.99810000,10.00,Healthy,1.000000,True
2026-08-10T13:26:13+03:00,datasets/crop_disease/test\Healthy\test_002821.jpg,40.02000000,-74.00000000,10.00,Healthy,0.997449,True
2026-08-10T13:26:13+03:00,datasets/crop_disease/test\Healthy\test_002822.jpg,40.02000000,-73.99990000,10.00,Healthy,0.999705,True
2026-08-10T13:26:13+03:00,datasets/crop_disease/test\Healthy\test_002823.jpg,40.02000000,-73.99980000,10.00,Healthy,0.999905,True
2026-08-10T13:26:13+03:00,datasets/crop_disease/test\Healthy\test_002824.jpg,40.02000000,-73.99970000,10.00,Healthy,0.999955,True
2026-08-10T13:26:13+03:00,datasets/crop_disease/test\Healthy\test_002825.jpg,40.02000000,-73.99960000,10.00,Healthy,0.999999,True
2026-08-10T13:26:13+03:00,datasets/crop_disease/test\Healthy\test_002826.jpg,40.02000000,-73.99950000,10.00,Healthy,0.999983,True
2026-08-10T13:26:13+03:00,datasets/crop_disease/test\Healthy\test_002827.jpg,40.02000000,-73.99940000,10.00,Healthy,0.999976,True
2026-08-10T13:26:13+03:00,datasets/crop_disease/test\Healthy\test_002828.jpg,40.02000000,-73.99930000,10.00,Healthy,0.999921,True
2026-08-10T13:26:13+03:00,datasets/crop_disease/test\Healthy\test_002829.jpg,40.02000000,-73.99920000,10.00,Healthy,0.999998,True
2026-08-10T13:26:13+03:00,datasets/crop_disease/test\Healthy\test_002830.jpg,40.02000000,-73.99910000,10.00,Healthy,0.999999,True
2026-08-10T13:26:13+03:00,datasets/crop_disease/test\Healthy\test_002831.jpg,40.02000000,-73.99900000,10.00,Healthy,0.999942,True
2026-08-10T13:26:13+03:00,datasets/crop_disease/test\Healthy\test_002832.jpg,40.02000000,-73.99890000,10.00,Healthy,0.999898,True
2026-08-10T13:26:13+03:00,datasets/crop_disease/test\Healthy\test_002833.jpg,40.02000000,-73.99880000,10.00,Healthy,0.999905,True
2026-08-10T13:26:13+03:00,datasets/crop_disease/test\Healthy\test_002834.jpg,40.02000000,-73.99870000,10.00,Healthy,0.999901,True
2026-08-10T13:26:13+03:00,datasets/crop_disease/test\Healthy\test_002835.jpg,40.02000000,-73.99860000,10.00,Healthy,0.999765,True
2026-08-10T13:26:13+03:00,datasets/crop_disease/test\Healthy\test_002836.jpg,40.02000000,-73.99850000,10.00,Healthy,0.999525,True
2026-08-10T13:26:13+03:00,datasets/crop_disease/test\Healthy\test_002837.jpg,40.02000000,-73.99840000,10.00,Healthy,0.999958,True
2026-08-10T13:26:13+03:00,datasets/crop_disease/test\Healthy\test_002838.jpg,40.02000000,-73.99830000,10.00,Healthy,0.999995,True
2026-08-10T13:26:13+03:00,datasets/crop_disease/test\Healthy\test_002839.jpg,40.02000000,-73.99820000,10.00,Healthy,0.999993,True
2026-08-10T13:26:13+03:00,datasets/crop_disease/test\Healthy\test_002840.jpg,40.02000000,-73.99810000,10.00,Healthy,0.999995,True
2026-08-10T13:26:13+03:00,datasets/crop_disease/test\Healthy\test_002841.jpg,40.02010000,-74.00000000,10.00,Healthy,0.999448,True
2026-08-10T13:26:13+03:00,datasets/crop_disease/test\Healthy\test_002842.jpg,40.02010000,-73.99990000,10.00,Healthy,0.870199,False
2026-08-10T13:26:13+03:00,datasets/crop_disease/test\Healthy\test_002843.jpg,40.02010000,-73.99980000,10.00,Healthy,0.999987,True
2026-08-10T13:26:13+03:00,datasets/crop_disease/test\Healthy\test_002844.jpg,40.02010000,-73.99970000,10.00,Healthy,0.999977,True
2026-08-10T13:26:13+03:00,datasets/crop_disease/test\Healthy\test_002845.jpg,40.02010000,-73.99960000,10.00,Healthy,0.999994,True
2026-08-10T13:26:13+03:00,datasets/crop_disease/test\Healthy\test_002846.jpg,40.02010000,-73.99950000,10.00,Healthy,0.999968,True
2026-08-10T13:26:13+03:00,datasets/crop_disease/test\Healthy\test_002847.jpg,40.02010000,-73.99940000,10.00,Healthy,0.999986,True
2026-08-10T13:26:13+03:00,datasets/crop_disease/test\Healthy\test_002848.jpg,40.02010000,-73.99930000,10.00,Healthy,0.999955,True
2026-08-10T13:26:13+03:00,datasets/crop_disease/test\Healthy\test_002849.jpg,40.02010000,-73.99920000,10.00,Healthy,0.999918,True
2026-08-10T13:26:13+03:00,datasets/crop_disease/test\Healthy\test_002850.jpg,40.02010000,-73.99910000,10.00,Healthy,0.999990,True
2026-08-10T13:26:13+03:00,datasets/crop_disease/test\Healthy\test_002851.jpg,40.02010000,-73.99900000,10.00,Healthy,0.999791,True
2026-08-10T13:26:13+03:00,datasets/crop_disease/test\Healthy\test_002852.jpg,40.02010000,-73.99890000,10.00,Healthy,0.999897,True
2026-08-10T13:26:13+03:00,datasets/crop_disease/test\Healthy\test_002853.jpg,40.02010000,-73.99880000,10.00,Healthy,0.999950,True
2026-08-10T13:26:13+03:00,datasets/crop_disease/test\Healthy\test_002854.jpg,40.02010000,-73.99870000,10.00,Healthy,0.995789,True
2026-08-10T13:26:13+03:00,datasets/crop_disease/test\Healthy\test_002855.jpg,40.02010000,-73.99860000,10.00,Healthy,0.999996,True
2026-08-10T13:26:13+03:00,datasets/crop_disease/test\Healthy\test_002856.jpg,40.02010000,-73.99850000,10.00,Healthy,0.999937,True
2026-08-10T13:26:13+03:00,datasets/crop_disease/test\Healthy\test_002857.jpg,40.02010000,-73.99840000,10.00,Healthy,0.985645,True
2026-08-10T13:26:13+03:00,datasets/crop_disease/test\Healthy\test_002858.jpg,40.02010000,-73.99830000,10.00,Healthy,0.999985,True
2026-08-10T13:26:13+03:00,datasets/crop_disease/test\Healthy\test_002859.jpg,40.02010000,-73.99820000,10.00,Healthy,0.999986,True
2026-08-10T13:26:13+03:00,datasets/crop_disease/test\Healthy\test_002860.jpg,40.02010000,-73.99810000,10.00,Healthy,0.999890,True
2026-08-10T13:26:13+03:00,datasets/crop_disease/test\Healthy\test_002861.jpg,40.02020000,-74.00000000,10.00,Healthy,0.991972,True
2026-08-10T13:26:13+03:00,datasets/crop_disease/test\Healthy\test_002862.jpg,40.02020000,-73.99990000,10.00,Healthy,0.999995,True
2026-08-10T13:26:13+03:00,datasets/crop_disease/test\Healthy\test_002863.jpg,40.02020000,-73.99980000,10.00,Healthy,0.999905,True
2026-08-10T13:26:13+03:00,datasets/crop_disease/test\Healthy\test_002864.jpg,40.02020000,-73.99970000,10.00,Healthy,0.999848,True
2026-08-10T13:26:13+03:00,datasets/crop_disease/test\Healthy\test_002865.jpg,40.02020000,-73.99960000,10.00,Healthy,0.990016,True
2026-08-10T13:26:13+03:00,datasets/crop_disease/test\Healthy\test_002866.jpg,40.02020000,-73.99950000,10.00,Healthy,0.999991,True
2026-08-10T13:26:13+03:00,datasets/crop_disease/test\Healthy\test_002867.jpg,40.02020000,-73.99940000,10.00,Healthy,0.999963,True
2026-08-10T13:26:13+03:00,datasets/crop_disease/test\Healthy\test_002868.jpg,40.02020000,-73.99930000,10.00,Healthy,0.999949,True
2026-08-10T13:26:13+03:00,datasets/crop_disease/test\Healthy\test_002869.jpg,40.02020000,-73.99920000,10.00,Healthy,0.999821,True
2026-08-10T13:26:13+03:00,datasets/crop_disease/test\Healthy\test_002870.jpg,40.02020000,-73.99910000,10.00,Healthy,0.999635,True
2026-08-10T13:26:13+03:00,datasets/crop_disease/test\Healthy\test_002871.jpg,40.02020000,-73.99900000,10.00,Healthy,0.999886,True
2026-08-10T13:26:13+03:00,datasets/crop_disease/test\Healthy\test_002872.jpg,40.02020000,-73.99890000,10.00,Healthy,0.962326,True
2026-08-10T13:26:13+03:00,datasets/crop_disease/test\Healthy\test_002873.jpg,40.02020000,-73.99880000,10.00,Healthy,0.999934,True
2026-08-10T13:26:13+03:00,datasets/crop_disease/test\Healthy\test_002874.jpg,40.02020000,-73.99870000,10.00,Healthy,0.999993,True
2026-08-10T13:26:13+03:00,datasets/crop_disease/test\Healthy\test_002875.jpg,40.02020000,-73.99860000,10.00,Healthy,0.996842,True
2026-08-10T13:26:13+03:00,datasets/crop_disease/test\Healthy\test_002876.jpg,40.02020000,-73.99850000,10.00,Healthy,0.996467,True
2026-08-10T13:26:13+03:00,datasets/crop_disease/test\Healthy\test_002877.jpg,40.02020000,-73.99840000,10.00,Healthy,0.999971,True
2026-08-10T13:26:13+03:00,datasets/crop_disease/test\Healthy\test_002878.jpg,40.02020000,-73.99830000,10.00,Healthy,0.999999,True
2026-08-10T13:26:13+03:00,datasets/crop_disease/test\Healthy\test_002879.jpg,40.02020000,-73.99820000,10.00,Healthy,0.999995,True
2026-08-10T13:26:13+03:00,datasets/crop_disease/test\Healthy\test_002880.jpg,40.02020000,-73.99810000,10.00,Healthy,1.000000,True
2026-08-10T13:26:13+03:00,datasets/crop_disease/test\Healthy\test_002881.jpg,40.02030000,-74.00000000,10.00,Healthy,0.999938,True
2026-08-10T13:26:13+03:00,datasets/crop_disease/test\Healthy\test_002882.jpg,40.02030000,-73.99990000,10.00,Healthy,0.999931,True
2026-08-10T13:26:13+03:00,datasets/crop_disease/test\Healthy\test_002883.jpg,40.02030000,-73.99980000,10.00,Healthy,0.999711,True
2026-08-10T13:26:13+03:00,datasets/crop_disease/test\Healthy\test_002884.jpg,40.02030000,-73.99970000,10.00,Healthy,0.999540,True
2026-08-10T13:26:13+03:00,datasets/crop_disease/test\Healthy\test_002885.jpg,40.02030000,-73.99960000,10.00,Healthy,0.999994,True
2026-08-10T13:26:13+03:00,datasets/crop_disease/test\Healthy\test_002886.jpg,40.02030000,-73.99950000,10.00,Healthy,0.999770,True
2026-08-10T13:26:13+03:00,datasets/crop_disease/test\Healthy\test_002887.jpg,40.02030000,-73.99940000,10.00,Healthy,0.999741,True
2026-08-10T13:26:13+03:00,datasets/crop_disease/test\Healthy\test_002888.jpg,40.02030000,-73.99930000,10.00,Healthy,0.995791,True
2026-08-10T13:26:13+03:00,datasets/crop_disease/test\Healthy\test_002889.jpg,40.02030000,-73.99920000,10.00,Healthy,0.999514,True
2026-08-10T13:26:13+03:00,datasets/crop_disease/test\Healthy\test_002890.jpg,40.02030000,-73.99910000,10.00,Healthy,0.999993,True
2026-08-10T13:26:13+03:00,datasets/crop_disease/test\Healthy\test_002891.jpg,40.02030000,-73.99900000,10.00,Healthy,0.999999,True
2026-08-10T13:26:13+03:00,datasets/crop_disease/test\Healthy\test_002892.jpg,40.02030000,-73.99890000,10.00,Healthy,0.999934,True
2026-08-10T13:26:13+03:00,datasets/crop_disease/test\Healthy\test_002893.jpg,40.02030000,-73.99880000,10.00,Healthy,0.999864,True
2026-08-10T13:26:13+03:00,datasets/crop_disease/test\Healthy\test_002894.jpg,40.02030000,-73.99870000,10.00,Healthy,0.999945,True
2026-08-10T13:26:13+03:00,datasets/crop_disease/test\Healthy\test_002895.jpg,40.02030000,-73.99860000,10.00,Healthy,0.999884,True
2026-08-10T13:26:13+03:00,datasets/crop_disease/test\Healthy\test_002896.jpg,40.02030000,-73.99850000,10.00,Healthy,0.999482,True
2026-08-10T13:26:14+03:00,datasets/crop_disease/test\Healthy\test_002897.jpg,40.02030000,-73.99840000,10.00,Healthy,0.999459,True
2026-08-10T13:26:14+03:00,datasets/crop_disease/test\Healthy\test_002898.jpg,40.02030000,-73.99830000,10.00,Healthy,0.998045,True
2026-08-10T13:26:14+03:00,datasets/crop_disease/test\Healthy\test_002899.jpg,40.02030000,-73.99820000,10.00,Healthy,0.999986,True
2026-08-10T13:26:14+03:00,datasets/crop_disease/test\Healthy\test_002900.jpg,40.02030000,-73.99810000,10.00,Healthy,0.999982,True
2026-08-10T13:26:14+03:00,datasets/crop_disease/test\Healthy\test_002901.jpg,40.02040000,-74.00000000,10.00,Healthy,0.999966,True
2026-08-10T13:26:14+03:00,datasets/crop_disease/test\Healthy\test_002902.jpg,40.02040000,-73.99990000,10.00,Healthy,0.999824,True
2026-08-10T13:26:14+03:00,datasets/crop_disease/test\Healthy\test_002903.jpg,40.02040000,-73.99980000,10.00,Healthy,0.999998,True
2026-08-10T13:26:14+03:00,datasets/crop_disease/test\Healthy\test_002904.jpg,40.02040000,-73.99970000,10.00,Healthy,0.997961,True
2026-08-10T13:26:14+03:00,datasets/crop_disease/test\Healthy\test_002905.jpg,40.02040000,-73.99960000,10.00,Healthy,0.999824,True
2026-08-10T13:26:14+03:00,datasets/crop_disease/test\Healthy\test_002906.jpg,40.02040000,-73.99950000,10.00,Healthy,0.999960,True
2026-08-10T13:26:14+03:00,datasets/crop_disease/test\Healthy\test_002907.jpg,40.02040000,-73.99940000,10.00,Healthy,0.999993,True
2026-08-10T13:26:14+03:00,datasets/crop_disease/test\Healthy\test_002908.jpg,40.02040000,-73.99930000,10.00,Blight,0.866946,False
2026-08-10T13:26:14+03:00,datasets/crop_disease/test\Healthy\test_002909.jpg,40.02040000,-73.99920000,10.00,Healthy,0.999984,True
2026-08-10T13:26:14+03:00,datasets/crop_disease/test\Healthy\test_002910.jpg,40.02040000,-73.99910000,10.00,Healthy,0.999999,True
2026-08-10T13:26:14+03:00,datasets/crop_disease/test\Healthy\test_002911.jpg,40.02040000,-73.99900000,10.00,Healthy,0.999992,True
2026-08-10T13:26:14+03:00,datasets/crop_disease/test\Healthy\test_002912.jpg,40.02040000,-73.99890000,10.00,Healthy,0.998990,True
2026-08-10T13:26:14+03:00,datasets/crop_disease/test\Healthy\test_002913.jpg,40.02040000,-73.99880000,10.00,Healthy,0.999165,True
2026-08-10T13:26:14+03:00,datasets/crop_disease/test\Healthy\test_002914.jpg,40.02040000,-73.99870000,10.00,Healthy,0.999834,True
2026-08-10T13:26:14+03:00,datasets/crop_disease/test\Healthy\test_002915.jpg,40.02040000,-73.99860000,10.00,Healthy,0.999999,True
2026-08-10T13:26:14+03:00,datasets/crop_disease/test\Healthy\test_002916.jpg,40.02040000,-73.99850000,10.00,Healthy,0.999988,True
2026-08-10T13:26:14+03:00,datasets/crop_disease/test\Healthy\test_002917.jpg,40.02040000,-73.99840000,10.00,Healthy,0.999952,True
2026-08-10T13:26:14+03:00,datasets/crop_disease/test\Healthy\test_002918.jpg,40.02040000,-73.99830000,10.00,Healthy,1.000000,True
2026-08-10T13:26:14+03:00,datasets/crop_disease/test\Healthy\test_002919.jpg,40.02040000,-73.99820000,10.00,Healthy,0.999631,True
2026-08-10T13:26:14+03:00,datasets/crop_disease/test\Healthy\test_002920.jpg,40.02040000,-73.99810000,10.00,Healthy,0.999984,True
2026-08-10T13:26:14+03:00,datasets/crop_disease/test\Healthy\test_002921.jpg,40.02050000,-74.00000000,10.00,Healthy,0.999995,True
2026-08-10T13:26:14+03:00,datasets/crop_disease/test\Healthy\test_002922.jpg,40.02050000,-73.99990000,10.00,Healthy,0.999948,True
2026-08-10T13:26:14+03:00,datasets/crop_disease/test\Healthy\test_002923.jpg,40.02050000,-73.99980000,10.00,Healthy,0.999241,True
2026-08-10T13:26:14+03:00,datasets/crop_disease/test\Healthy\test_002924.jpg,40.02050000,-73.99970000,10.00,Healthy,0.999989,True
2026-08-10T13:26:14+03:00,datasets/crop_disease/test\Healthy\test_002925.jpg,40.02050000,-73.99960000,10.00,Healthy,0.999597,True
2026-08-10T13:26:14+03:00,datasets/crop_disease/test\Healthy\test_002926.jpg,40.02050000,-73.99950000,10.00,Healthy,0.999943,True
2026-08-10T13:26:14+03:00,datasets/crop_disease/test\Healthy\test_002927.jpg,40.02050000,-73.99940000,10.00,Healthy,0.999841,True
2026-08-10T13:26:14+03:00,datasets/crop_disease/test\Healthy\test_002928.jpg,40.02050000,-73.99930000,10.00,Healthy,0.999741,True
2026-08-10T13:26:14+03:00,datasets/crop_disease/test\Healthy\test_002929.jpg,40.02050000,-73.99920000,10.00,Healthy,0.998287,True
2026-08-10T13:26:14+03:00,datasets/crop_disease/test\Healthy\test_002930.jpg,40.02050000,-73.99910000,10.00,Healthy,0.999858,True
2026-08-10T13:26:14+03:00,datasets/crop_disease/test\Healthy\test_002931.jpg,40.02050000,-73.99900000,10.00,Healthy,0.999934,True
2026-08-10T13:26:14+03:00,datasets/crop_disease/test\Healthy\test_002932.jpg,40.02050000,-73.99890000,10.00,Healthy,0.999896,True
2026-08-10T13:26:14+03:00,datasets/crop_disease/test\Healthy\test_002933.jpg,40.02050000,-73.99880000,10.00,Healthy,0.999999,True
2026-08-10T13:26:14+03:00,datasets/crop_disease/test\Healthy\test_002934.jpg,40.02050000,-73.99870000,10.00,Healthy,0.999998,True
2026-08-10T13:26:14+03:00,datasets/crop_disease/test\Healthy\test_002935.jpg,40.02050000,-73.99860000,10.00,Healthy,0.999999,True
2026-08-10T13:26:14+03:00,datasets/crop_disease/test\Healthy\test_002936.jpg,40.02050000,-73.99850000,10.00,Healthy,0.999992,True
2026-08-10T13:26:14+03:00,datasets/crop_disease/test\Healthy\test_002937.jpg,40.02050000,-73.99840000,10.00,Healthy,0.999986,True
2026-08-10T13:26:14+03:00,datasets/crop_disease/test\Healthy\test_002938.jpg,40.02050000,-73.99830000,10.00,Healthy,0.999951,True
2026-08-10T13:26:14+03:00,datasets/crop_disease/test\Healthy\test_002939.jpg,40.02050000,-73.99820000,10.00,Healthy,0.999952,True
2026-08-10T13:26:14+03:00,datasets/crop_disease/test\Healthy\test_002940.jpg,40.02050000,-73.99810000,10.00,Healthy,0.999979,True
2026-08-10T13:26:14+03:00,datasets/crop_disease/test\Healthy\test_002941.jpg,40.02060000,-74.00000000,10.00,Healthy,0.999811,True
2026-08-10T13:26:14+03:00,datasets/crop_disease/test\Healthy\test_002942.jpg,40.02060000,-73.99990000,10.00,Healthy,0.999907,True
2026-08-10T13:26:14+03:00,datasets/crop_disease/test\Healthy\test_002943.jpg,40.02060000,-73.99980000,10.00,Healthy,0.999983,True
2026-08-10T13:26:14+03:00,datasets/crop_disease/test\Healthy\test_002944.jpg,40.02060000,-73.99970000,10.00,Healthy,0.999483,True
2026-08-10T13:26:14+03:00,datasets/crop_disease/test\Healthy\test_002945.jpg,40.02060000,-73.99960000,10.00,Healthy,0.996946,True
2026-08-10T13:26:14+03:00,datasets/crop_disease/test\Healthy\test_002946.jpg,40.02060000,-73.99950000,10.00,Healthy,0.985451,True
2026-08-10T13:26:14+03:00,datasets/crop_disease/test\Healthy\test_002947.jpg,40.02060000,-73.99940000,10.00,Healthy,0.999991,True
2026-08-10T13:26:14+03:00,datasets/crop_disease/test\Healthy\test_002948.jpg,40.02060000,-73.99930000,10.00,Healthy,0.999968,True
2026-08-10T13:26:14+03:00,datasets/crop_disease/test\Healthy\test_002949.jpg,40.02060000,-73.99920000,10.00,Healthy,0.994258,True
2026-08-10T13:26:14+03:00,datasets/crop_disease/test\Healthy\test_002950.jpg,40.02060000,-73.99910000,10.00,Healthy,0.999382,True
2026-08-10T13:26:14+03:00,datasets/crop_disease/test\Healthy\test_002951.jpg,40.02060000,-73.99900000,10.00,Healthy,0.995037,True
2026-08-10T13:26:14+03:00,datasets/crop_disease/test\Healthy\test_002952.jpg,40.02060000,-73.99890000,10.00,Healthy,0.999256,True
2026-08-10T13:26:14+03:00,datasets/crop_disease/test\Healthy\test_002953.jpg,40.02060000,-73.99880000,10.00,Healthy,0.999985,True
2026-08-10T13:26:14+03:00,datasets/crop_disease/test\Healthy\test_002954.jpg,40.02060000,-73.99870000,10.00,Healthy,0.999943,True
2026-08-10T13:26:14+03:00,datasets/crop_disease/test\Healthy\test_002955.jpg,40.02060000,-73.99860000,10.00,Healthy,0.999990,True
2026-08-10T13:26:14+03:00,datasets/crop_disease/test\Healthy\test_002956.jpg,40.02060000,-73.99850000,10.00,Healthy,0.999742,True
2026-08-10T13:26:14+03:00,datasets/crop_disease/test\Healthy\test_002957.jpg,40.02060000,-73.99840000,10.00,Healthy,0.996049,True
2026-08-10T13:26:14+03:00,datasets/crop_disease/test\Healthy\test_002958.jpg,40.02060000,-73.99830000,10.00,Healthy,0.999984,True
2026-08-10T13:26:14+03:00,datasets/crop_disease/test\Healthy\test_002959.jpg,40.02060000,-73.99820000,10.00,Healthy,0.999977,True
2026-08-10T13:26:14+03:00,datasets/crop_disease/test\Healthy\test_002960.jpg,40.02060000,-73.99810000,10.00,Healthy,0.999973,True
2026-08-10T13:26:14+03:00,datasets/crop_disease/test\Healthy\test_002961.jpg,40.02070000,-74.00000000,10.00,Healthy,0.999823,True
2026-08-10T13:26:14+03:00,datasets/crop_disease/test\Healthy\test_002962.jpg,40.02070000,-73.99990000,10.00,Healthy,0.999999,True
2026-08-10T13:26:14+03:00,datasets/crop_disease/test\Healthy\test_002963.jpg,40.02070000,-73.99980000,10.00,Healthy,0.956458,True
2026-08-10T13:26:14+03:00,datasets/crop_disease/test\Healthy\test_002964.jpg,40.02070000,-73.99970000,10.00,Healthy,0.999998,True
2026-08-10T13:26:14+03:00,datasets/crop_disease/test\Healthy\test_002965.jpg,40.02070000,-73.99960000,10.00,Healthy,0.999992,True
2026-08-10T13:26:14+03:00,datasets/crop_disease/test\Healthy\test_002966.jpg,40.02070000,-73.99950000,10.00,Healthy,0.999704,True
2026-08-10T13:26:14+03:00,datasets/crop_disease/test\Healthy\test_002967.jpg,40.02070000,-73.99940000,10.00,Healthy,0.999663,True
2026-08-10T13:26:14+03:00,datasets/crop_disease/test\Healthy\test_002968.jpg,40.02070000,-73.99930000,10.00,Healthy,0.999874,True
2026-08-10T13:26:14+03:00,datasets/crop_disease/test\Healthy\test_002969.jpg,40.02070000,-73.99920000,10.00,Healthy,1.000000,True
2026-08-10T13:26:14+03:00,datasets/crop_disease/test\Healthy\test_002970.jpg,40.02070000,-73.99910000,10.00,Healthy,0.999733,True
2026-08-10T13:26:14+03:00,datasets/crop_disease/test\Healthy\test_002971.jpg,40.02070000,-73.99900000,10.00,Healthy,0.999925,True
2026-08-10T13:26:14+03:00,datasets/crop_disease/test\Healthy\test_002972.jpg,40.02070000,-73.99890000,10.00,Healthy,0.999925,True
2026-08-10T13:26:14+03:00,datasets/crop_disease/test\Healthy\test_002973.jpg,40.02070000,-73.99880000,10.00,Healthy,0.998861,True
2026-08-10T13:26:14+03:00,datasets/crop_disease/test\Healthy\test_002974.jpg,40.02070000,-73.99870000,10.00,Healthy,0.994202,True
2026-08-10T13:26:14+03:00,datasets/crop_disease/test\Healthy\test_002975.jpg,40.02070000,-73.99860000,10.00,Healthy,0.999993,True
2026-08-10T13:26:14+03:00,datasets/crop_disease/test\Healthy\test_002976.jpg,40.02070000,-73.99850000,10.00,Healthy,0.997381,True
2026-08-10T13:26:15+03:00,datasets/crop_disease/test\Healthy\test_002977.jpg,40.02070000,-73.99840000,10.00,Healthy,0.999978,True
2026-08-10T13:26:15+03:00,datasets/crop_disease/test\Healthy\test_002978.jpg,40.02070000,-73.99830000,10.00,Healthy,0.999750,True
2026-08-10T13:26:15+03:00,datasets/crop_disease/test\Healthy\test_002979.jpg,40.02070000,-73.99820000,10.00,Healthy,0.999993,True
2026-08-10T13:26:15+03:00,datasets/crop_disease/test\Healthy\test_002980.jpg,40.02070000,-73.99810000,10.00,Healthy,0.999855,True
2026-08-10T13:26:15+03:00,datasets/crop_disease/test\Healthy\test_002981.jpg,40.02080000,-74.00000000,10.00,Healthy,0.999998,True
2026-08-10T13:26:15+03:00,datasets/crop_disease/test\Healthy\test_002982.jpg,40.02080000,-73.99990000,10.00,Healthy,0.999998,True
2026-08-10T13:26:15+03:00,datasets/crop_disease/test\Healthy\test_002983.jpg,40.02080000,-73.99980000,10.00,Healthy,0.999992,True
2026-08-10T13:26:15+03:00,datasets/crop_disease/test\Healthy\test_002984.jpg,40.02080000,-73.99970000,10.00,Healthy,0.999858,True
2026-08-10T13:26:15+03:00,datasets/crop_disease/test\Healthy\test_002985.jpg,40.02080000,-73.99960000,10.00,Healthy,0.999997,True
2026-08-10T13:26:15+03:00,datasets/crop_disease/test\Healthy\test_002986.jpg,40.02080000,-73.99950000,10.00,Healthy,0.999938,True
2026-08-10T13:26:15+03:00,datasets/crop_disease/test\Healthy\test_002987.jpg,40.02080000,-73.99940000,10.00,Healthy,0.999997,True
2026-08-10T13:26:15+03:00,datasets/crop_disease/test\Healthy\test_002988.jpg,40.02080000,-73.99930000,10.00,Healthy,0.999997,True
2026-08-10T13:26:15+03:00,datasets/crop_disease/test\Healthy\test_002989.jpg,40.02080000,-73.99920000,10.00,Healthy,0.999990,True
2026-08-10T13:26:15+03:00,datasets/crop_disease/test\Healthy\test_002990.jpg,40.02080000,-73.99910000,10.00,Healthy,0.999455,True
2026-08-10T13:26:15+03:00,datasets/crop_disease/test\Healthy\test_002991.jpg,40.02080000,-73.99900000,10.00,Healthy,1.000000,True
2026-08-10T13:26:15+03:00,datasets/crop_disease/test\Healthy\test_002992.jpg,40.02080000,-73.99890000,10.00,Healthy,0.999941,True
2026-08-10T13:26:15+03:00,datasets/crop_disease/test\Healthy\test_002993.jpg,40.02080000,-73.99880000,10.00,Healthy,0.999910,True
2026-08-10T13:26:15+03:00,datasets/crop_disease/test\Healthy\test_002994.jpg,40.02080000,-73.99870000,10.00,Healthy,0.999997,True
2026-08-10T13:26:15+03:00,datasets/crop_disease/test\Healthy\test_002995.jpg,40.02080000,-73.99860000,10.00,Healthy,0.999997,True
2026-08-10T13:26:15+03:00,datasets/crop_disease/test\Healthy\test_002996.jpg,40.02080000,-73.99850000,10.00,Healthy,0.998030,True
2026-08-10T13:26:15+03:00,datasets/crop_disease/test\Healthy\test_002997.jpg,40.02080000,-73.99840000,10.00,Healthy,0.999930,True
2026-08-10T13:26:15+03:00,datasets/crop_disease/test\Healthy\test_002998.jpg,40.02080000,-73.99830000,10.00,Healthy,0.998577,True
2026-08-10T13:26:15+03:00,datasets/crop_disease/test\Healthy\test_002999.jpg,40.02080000,-73.99820000,10.00,Healthy,0.999997,True
2026-08-10T13:26:15+03:00,datasets/crop_disease/test\Healthy\test_003000.jpg,40.02080000,-73.99810000,10.00,Healthy,0.998641,True
2026-08-10T13:26:15+03:00,datasets/crop_disease/test\Healthy\test_003001.jpg,40.02090000,-74.00000000,10.00,Healthy,0.999835,True
2026-08-10T13:26:15+03:00,datasets/crop_disease/test\Healthy\test_003002.jpg,40.02090000,-73.99990000,10.00,Healthy,0.999979,True
2026-08-10T13:26:15+03:00,datasets/crop_disease/test\Healthy\test_003003.jpg,40.02090000,-73.99980000,10.00,Healthy,0.998845,True
2026-08-10T13:26:15+03:00,datasets/crop_disease/test\Healthy\test_003004.jpg,40.02090000,-73.99970000,10.00,Healthy,0.999970,True
2026-08-10T13:26:15+03:00,datasets/crop_disease/test\Healthy\test_003005.jpg,40.02090000,-73.99960000,10.00,Healthy,0.999966,True
2026-08-10T13:26:15+03:00,datasets/crop_disease/test\Healthy\test_003006.jpg,40.02090000,-73.99950000,10.00,Healthy,0.999972,True
2026-08-10T13:26:15+03:00,datasets/crop_disease/test\Healthy\test_003007.jpg,40.02090000,-73.99940000,10.00,Healthy,0.998706,True
2026-08-10T13:26:15+03:00,datasets/crop_disease/test\Healthy\test_003008.jpg,40.02090000,-73.99930000,10.00,Healthy,0.999935,True
2026-08-10T13:26:15+03:00,datasets/crop_disease/test\Healthy\test_003009.jpg,40.02090000,-73.99920000,10.00,Healthy,0.999987,True
2026-08-10T13:26:15+03:00,datasets/crop_disease/test\Healthy\test_003010.jpg,40.02090000,-73.99910000,10.00,Healthy,0.999990,True
2026-08-10T13:26:15+03:00,datasets/crop_disease/test\Healthy\test_003011.jpg,40.02090000,-73.99900000,10.00,Healthy,0.999983,True
2026-08-10T13:26:15+03:00,datasets/crop_disease/test\Healthy\test_003012.jpg,40.02090000,-73.99890000,10.00,Healthy,0.999986,True
2026-08-10T13:26:15+03:00,datasets/crop_disease/test\Healthy\test_003013.jpg,40.02090000,-73.99880000,10.00,Healthy,0.999626,True
2026-08-10T13:26:15+03:00,datasets/crop_disease/test\Healthy\test_003014.jpg,40.02090000,-73.99870000,10.00,Healthy,0.999980,True
2026-08-10T13:26:15+03:00,datasets/crop_disease/test\Healthy\test_003015.jpg,40.02090000,-73.99860000,10.00,Healthy,0.999926,True
2026-08-10T13:26:15+03:00,datasets/crop_disease/test\Healthy\test_003016.jpg,40.02090000,-73.99850000,10.00,Healthy,0.999975,True
2026-08-10T13:26:15+03:00,datasets/crop_disease/test\Healthy\test_003017.jpg,40.02090000,-73.99840000,10.00,Healthy,0.999991,True
2026-08-10T13:26:15+03:00,datasets/crop_disease/test\Healthy\test_003018.jpg,40.02090000,-73.99830000,10.00,Healthy,0.999999,True
2026-08-10T13:26:15+03:00,datasets/crop_disease/test\Healthy\test_003019.jpg,40.02090000,-73.99820000,10.00,Healthy,0.999941,True
2026-08-10T13:26:15+03:00,datasets/crop_disease/test\Healthy\test_003020.jpg,40.02090000,-73.99810000,10.00,Healthy,0.999993,True
2026-08-10T13:26:15+03:00,datasets/crop_disease/test\Healthy\test_003021.jpg,40.02100000,-74.00000000,10.00,Healthy,0.999923,True
2026-08-10T13:26:15+03:00,datasets/crop_disease/test\Healthy\test_003022.jpg,40.02100000,-73.99990000,10.00,Healthy,0.999990,True
2026-08-10T13:26:15+03:00,datasets/crop_disease/test\Healthy\test_003023.jpg,40.02100000,-73.99980000,10.00,Healthy,0.999945,True
2026-08-10T13:26:15+03:00,datasets/crop_disease/test\Healthy\test_003024.jpg,40.02100000,-73.99970000,10.00,Healthy,0.999866,True
2026-08-10T13:26:15+03:00,datasets/crop_disease/test\Healthy\test_003025.jpg,40.02100000,-73.99960000,10.00,Healthy,0.999845,True
2026-08-10T13:26:15+03:00,datasets/crop_disease/test\Healthy\test_003026.jpg,40.02100000,-73.99950000,10.00,Healthy,0.999991,True
2026-08-10T13:26:15+03:00,datasets/crop_disease/test\Healthy\test_003027.jpg,40.02100000,-73.99940000,10.00,Healthy,0.999998,True
2026-08-10T13:26:15+03:00,datasets/crop_disease/test\Healthy\test_003028.jpg,40.02100000,-73.99930000,10.00,Healthy,0.879629,False
2026-08-10T13:26:15+03:00,datasets/crop_disease/test\LeafSpot\test_000000.jpg,40.02100000,-73.99920000,10.00,LeafSpot,0.992317,True
2026-08-10T13:26:15+03:00,datasets/crop_disease/test\LeafSpot\test_000001.jpg,40.02100000,-73.99910000,10.00,LeafSpot,0.999580,True
2026-08-10T13:26:15+03:00,datasets/crop_disease/test\LeafSpot\test_000002.jpg,40.02100000,-73.99900000,10.00,LeafSpot,0.867481,False
2026-08-10T13:26:15+03:00,datasets/crop_disease/test\LeafSpot\test_000003.jpg,40.02100000,-73.99890000,10.00,LeafSpot,0.998321,True
2026-08-10T13:26:15+03:00,datasets/crop_disease/test\LeafSpot\test_000004.jpg,40.02100000,-73.99880000,10.00,LeafSpot,0.987842,True
2026-08-10T13:26:15+03:00,datasets/crop_disease/test\LeafSpot\test_000005.jpg,40.02100000,-73.99870000,10.00,LeafSpot,0.991526,True
2026-08-10T13:26:15+03:00,datasets/crop_disease/test\LeafSpot\test_000006.jpg,40.02100000,-73.99860000,10.00,LeafSpot,0.993615,True
2026-08-10T13:26:15+03:00,datasets/crop_disease/test\LeafSpot\test_000007.jpg,40.02100000,-73.99850000,10.00,LeafSpot,0.881214,False
2026-08-10T13:26:15+03:00,datasets/crop_disease/test\LeafSpot\test_000008.jpg,40.02100000,-73.99840000,10.00,LeafSpot,0.663309,False
2026-08-10T13:26:15+03:00,datasets/crop_disease/test\LeafSpot\test_000009.jpg,40.02100000,-73.99830000,10.00,LeafSpot,0.970959,True
2026-08-10T13:26:15+03:00,datasets/crop_disease/test\LeafSpot\test_000010.jpg,40.02100000,-73.99820000,10.00,LeafSpot,0.997441,True
2026-08-10T13:26:15+03:00,datasets/crop_disease/test\LeafSpot\test_000011.jpg,40.02100000,-73.99810000,10.00,LeafSpot,0.984686,True
2026-08-10T13:26:15+03:00,datasets/crop_disease/test\LeafSpot\test_000012.jpg,40.02110000,-74.00000000,10.00,LeafSpot,0.735454,False
2026-08-10T13:26:15+03:00,datasets/crop_disease/test\LeafSpot\test_000013.jpg,40.02110000,-73.99990000,10.00,LeafSpot,0.921123,False
2026-08-10T13:26:15+03:00,datasets/crop_disease/test\LeafSpot\test_000014.jpg,40.02110000,-73.99980000,10.00,LeafSpot,0.998787,True
2026-08-10T13:26:15+03:00,datasets/crop_disease/test\LeafSpot\test_000015.jpg,40.02110000,-73.99970000,10.00,LeafSpot,0.995053,True
2026-08-10T13:26:15+03:00,datasets/crop_disease/test\LeafSpot\test_000016.jpg,40.02110000,-73.99960000,10.00,LeafSpot,0.856747,False
2026-08-10T13:26:15+03:00,datasets/crop_disease/test\LeafSpot\test_000017.jpg,40.02110000,-73.99950000,10.00,LeafSpot,0.992007,True
2026-08-10T13:26:15+03:00,datasets/crop_disease/test\LeafSpot\test_000018.jpg,40.02110000,-73.99940000,10.00,LeafSpot,0.983143,True
2026-08-10T13:26:15+03:00,datasets/crop_disease/test\LeafSpot\test_000019.jpg,40.02110000,-73.99930000,10.00,LeafSpot,0.990038,True
2026-08-10T13:26:15+03:00,datasets/crop_disease/test\LeafSpot\test_000020.jpg,40.02110000,-73.99920000,10.00,LeafSpot,0.781218,False
2026-08-10T13:26:15+03:00,datasets/crop_disease/test\LeafSpot\test_000021.jpg,40.02110000,-73.99910000,10.00,LeafSpot,0.963350,True
2026-08-10T13:26:15+03:00,datasets/crop_disease/test\LeafSpot\test_000022.jpg,40.02110000,-73.99900000,10.00,LeafSpot,0.994875,True
2026-08-10T13:26:15+03:00,datasets/crop_disease/test\LeafSpot\test_000023.jpg,40.02110000,-73.99890000,10.00,LeafSpot,0.997767,True
2026-08-10T13:26:15+03:00,datasets/crop_disease/test\LeafSpot\test_000024.jpg,40.02110000,-73.99880000,10.00,LeafSpot,0.999377,True
2026-08-10T13:26:15+03:00,datasets/crop_disease/test\LeafSpot\test_000025.jpg,40.02110000,-73.99870000,10.00,LeafSpot,0.980300,True
2026-08-10T13:26:15+03:00,datasets/crop_disease/test\LeafSpot\test_000026.jpg,40.02110000,-73.99860000,10.00,LeafSpot,0.999110,True
2026-08-10T13:26:15+03:00,datasets/crop_disease/test\LeafSpot\test_000027.jpg,40.02110000,-73.99850000,10.00,LeafSpot,0.644098,False
2026-08-10T13:26:16+03:00,datasets/crop_disease/test\LeafSpot\test_000028.jpg,40.02110000,-73.99840000,10.00,LeafSpot,0.988045,True
2026-08-10T13:26:16+03:00,datasets/crop_disease/test\LeafSpot\test_000029.jpg,40.02110000,-73.99830000,10.00,LeafSpot,0.997558,True
2026-08-10T13:26:16+03:00,datasets/crop_disease/test\LeafSpot\test_000030.jpg,40.02110000,-73.99820000,10.00,LeafSpot,0.484969,False
2026-08-10T13:26:16+03:00,datasets/crop_disease/test\LeafSpot\test_000031.jpg,40.02110000,-73.99810000,10.00,LeafSpot,0.953500,True
2026-08-10T13:26:16+03:00,datasets/crop_disease/test\LeafSpot\test_000032.jpg,40.02120000,-74.00000000,10.00,LeafSpot,0.880917,False
2026-08-10T13:26:16+03:00,datasets/crop_disease/test\LeafSpot\test_000033.jpg,40.02120000,-73.99990000,10.00,LeafSpot,0.999004,True
2026-08-10T13:26:16+03:00,datasets/crop_disease/test\LeafSpot\test_000034.jpg,40.02120000,-73.99980000,10.00,LeafSpot,0.993300,True
2026-08-10T13:26:16+03:00,datasets/crop_disease/test\LeafSpot\test_000035.jpg,40.02120000,-73.99970000,10.00,Blight,0.772917,False
2026-08-10T13:26:16+03:00,datasets/crop_disease/test\LeafSpot\test_000036.jpg,40.02120000,-73.99960000,10.00,LeafSpot,0.935583,False
2026-08-10T13:26:16+03:00,datasets/crop_disease/test\LeafSpot\test_000037.jpg,40.02120000,-73.99950000,10.00,LeafSpot,0.997532,True
2026-08-10T13:26:16+03:00,datasets/crop_disease/test\LeafSpot\test_000038.jpg,40.02120000,-73.99940000,10.00,LeafSpot,0.992139,True
2026-08-10T13:26:16+03:00,datasets/crop_disease/test\LeafSpot\test_000039.jpg,40.02120000,-73.99930000,10.00,LeafSpot,0.906023,False
2026-08-10T13:26:16+03:00,datasets/crop_disease/test\LeafSpot\test_000040.jpg,40.02120000,-73.99920000,10.00,LeafSpot,0.931588,False
2026-08-10T13:26:16+03:00,datasets/crop_disease/test\LeafSpot\test_000041.jpg,40.02120000,-73.99910000,10.00,LeafSpot,0.597119,False
2026-08-10T13:26:16+03:00,datasets/crop_disease/test\LeafSpot\test_000042.jpg,40.02120000,-73.99900000,10.00,LeafSpot,0.961366,True
2026-08-10T13:26:16+03:00,datasets/crop_disease/test\LeafSpot\test_000043.jpg,40.02120000,-73.99890000,10.00,LeafSpot,0.998621,True
2026-08-10T13:26:16+03:00,datasets/crop_disease/test\LeafSpot\test_000044.jpg,40.02120000,-73.99880000,10.00,LeafSpot,0.956332,True
2026-08-10T13:26:16+03:00,datasets/crop_disease/test\LeafSpot\test_000045.jpg,40.02120000,-73.99870000,10.00,LeafSpot,0.836457,False
2026-08-10T13:26:16+03:00,datasets/crop_disease/test\LeafSpot\test_000046.jpg,40.02120000,-73.99860000,10.00,LeafSpot,0.974768,True
2026-08-10T13:26:16+03:00,datasets/crop_disease/test\LeafSpot\test_000047.jpg,40.02120000,-73.99850000,10.00,LeafSpot,0.996576,True
2026-08-10T13:26:16+03:00,datasets/crop_disease/test\LeafSpot\test_000048.jpg,40.02120000,-73.99840000,10.00,LeafSpot,0.983354,True
2026-08-10T13:26:16+03:00,datasets/crop_disease/test\LeafSpot\test_000049.jpg,40.02120000,-73.99830000,10.00,LeafSpot,0.931233,False
2026-08-10T13:26:16+03:00,datasets/crop_disease/test\LeafSpot\test_000050.jpg,40.02120000,-73.99820000,10.00,LeafSpot,0.989724,True
2026-08-10T13:26:16+03:00,datasets/crop_disease/test\LeafSpot\test_000051.jpg,40.02120000,-73.99810000,10.00,LeafSpot,0.988774,True
2026-08-10T13:26:16+03:00,datasets/crop_disease/test\LeafSpot\test_000052.jpg,40.02130000,-74.00000000,10.00,LeafSpot,0.949460,False
2026-08-10T13:26:16+03:00,datasets/crop_disease/test\LeafSpot\test_000053.jpg,40.02130000,-73.99990000,10.00,LeafSpot,0.995484,True
2026-08-10T13:26:16+03:00,datasets/crop_disease/test\LeafSpot\test_000054.jpg,40.02130000,-73.99980000,10.00,Blight,0.588802,False
2026-08-10T13:26:16+03:00,datasets/crop_disease/test\LeafSpot\test_000055.jpg,40.02130000,-73.99970000,10.00,LeafSpot,0.997289,True
2026-08-10T13:26:16+03:00,datasets/crop_disease/test\LeafSpot\test_000056.jpg,40.02130000,-73.99960000,10.00,LeafSpot,0.990671,True
2026-08-10T13:26:16+03:00,datasets/crop_disease/test\LeafSpot\test_000057.jpg,40.02130000,-73.99950000,10.00,LeafSpot,0.905867,False
2026-08-10T13:26:16+03:00,datasets/crop_disease/test\LeafSpot\test_000058.jpg,40.02130000,-73.99940000,10.00,LeafSpot,0.981273,True
2026-08-10T13:26:16+03:00,datasets/crop_disease/test\LeafSpot\test_000059.jpg,40.02130000,-73.99930000,10.00,LeafSpot,0.974396,True
2026-08-10T13:26:16+03:00,datasets/crop_disease/test\LeafSpot\test_000060.jpg,40.02130000,-73.99920000,10.00,LeafSpot,0.985633,True
2026-08-10T13:26:16+03:00,datasets/crop_disease/test\LeafSpot\test_000061.jpg,40.02130000,-73.99910000,10.00,LeafSpot,0.982350,True
2026-08-10T13:26:16+03:00,datasets/crop_disease/test\LeafSpot\test_000062.jpg,40.02130000,-73.99900000,10.00,LeafSpot,0.991295,True
2026-08-10T13:26:16+03:00,datasets/crop_disease/test\LeafSpot\test_000063.jpg,40.02130000,-73.99890000,10.00,LeafSpot,0.562019,False
2026-08-10T13:26:16+03:00,datasets/crop_disease/test\LeafSpot\test_000064.jpg,40.02130000,-73.99880000,10.00,LeafSpot,0.996525,True
2026-08-10T13:26:16+03:00,datasets/crop_disease/test\LeafSpot\test_000065.jpg,40.02130000,-73.99870000,10.00,LeafSpot,0.535667,False
2026-08-10T13:26:16+03:00,datasets/crop_disease/test\LeafSpot\test_000066.jpg,40.02130000,-73.99860000,10.00,LeafSpot,0.998839,True
2026-08-10T13:26:16+03:00,datasets/crop_disease/test\LeafSpot\test_000067.jpg,40.02130000,-73.99850000,10.00,LeafSpot,0.988312,True
2026-08-10T13:26:16+03:00,datasets/crop_disease/test\LeafSpot\test_000068.jpg,40.02130000,-73.99840000,10.00,LeafSpot,0.996687,True
2026-08-10T13:26:16+03:00,datasets/crop_disease/test\LeafSpot\test_000069.jpg,40.02130000,-73.99830000,10.00,LeafSpot,0.990996,True
2026-08-10T13:26:16+03:00,datasets/crop_disease/test\LeafSpot\test_000070.jpg,40.02130000,-73.99820000,10.00,LeafSpot,0.988775,True
2026-08-10T13:26:16+03:00,datasets/crop_disease/test\LeafSpot\test_000071.jpg,40.02130000,-73.99810000,10.00,LeafSpot,0.980433,True
2026-08-10T13:26:16+03:00,datasets/crop_disease/test\LeafSpot\test_000072.jpg,40.02140000,-74.00000000,10.00,LeafSpot,0.982021,True
2026-08-10T13:26:16+03:00,datasets/crop_disease/test\LeafSpot\test_000073.jpg,40.02140000,-73.99990000,10.00,LeafSpot,0.992148,True
2026-08-10T13:26:16+03:00,datasets/crop_disease/test\LeafSpot\test_000074.jpg,40.02140000,-73.99980000,10.00,LeafSpot,0.950524,True
2026-08-10T13:26:16+03:00,datasets/crop_disease/test\LeafSpot\test_000075.jpg,40.02140000,-73.99970000,10.00,LeafSpot,0.979101,True
2026-08-10T13:26:16+03:00,datasets/crop_disease/test\LeafSpot\test_000076.jpg,40.02140000,-73.99960000,10.00,Blight,0.975645,True
2026-08-10T13:26:16+03:00,datasets/crop_disease/test\LeafSpot\test_000077.jpg,40.02140000,-73.99950000,10.00,LeafSpot,0.999084,True
2026-08-10T13:26:16+03:00,datasets/crop_disease/test\LeafSpot\test_000078.jpg,40.02140000,-73.99940000,10.00,LeafSpot,0.740478,False
2026-08-10T13:26:16+03:00,datasets/crop_disease/test\LeafSpot\test_000079.jpg,40.02140000,-73.99930000,10.00,LeafSpot,0.999151,True
2026-08-10T13:26:16+03:00,datasets/crop_disease/test\LeafSpot\test_000080.jpg,40.02140000,-73.99920000,10.00,Blight,0.558930,False
2026-08-10T13:26:16+03:00,datasets/crop_disease/test\LeafSpot\test_000081.jpg,40.02140000,-73.99910000,10.00,LeafSpot,0.992069,True
2026-08-10T13:26:16+03:00,datasets/crop_disease/test\LeafSpot\test_000082.jpg,40.02140000,-73.99900000,10.00,LeafSpot,0.565454,False
2026-08-10T13:26:16+03:00,datasets/crop_disease/test\LeafSpot\test_000083.jpg,40.02140000,-73.99890000,10.00,LeafSpot,0.998394,True
2026-08-10T13:26:16+03:00,datasets/crop_disease/test\LeafSpot\test_000084.jpg,40.02140000,-73.99880000,10.00,LeafSpot,0.676093,False
2026-08-10T13:26:16+03:00,datasets/crop_disease/test\LeafSpot\test_000085.jpg,40.02140000,-73.99870000,10.00,LeafSpot,0.697521,False
2026-08-10T13:26:16+03:00,datasets/crop_disease/test\LeafSpot\test_000086.jpg,40.02140000,-73.99860000,10.00,LeafSpot,0.981648,True
2026-08-10T13:26:16+03:00,datasets/crop_disease/test\LeafSpot\test_000087.jpg,40.02140000,-73.99850000,10.00,LeafSpot,0.998166,True
2026-08-10T13:26:16+03:00,datasets/crop_disease/test\LeafSpot\test_000088.jpg,40.02140000,-73.99840000,10.00,LeafSpot,0.996455,True
2026-08-10T13:26:16+03:00,datasets/crop_disease/test\LeafSpot\test_000089.jpg,40.02140000,-73.99830000,10.00,LeafSpot,0.896588,False
2026-08-10T13:26:16+03:00,datasets/crop_disease/test\LeafSpot\test_000090.jpg,40.02140000,-73.99820000,10.00,LeafSpot,0.993214,True
2026-08-10T13:26:16+03:00,datasets/crop_disease/test\LeafSpot\test_000091.jpg,40.02140000,-73.99810000,10.00,LeafSpot,0.988067,True
2026-08-10T13:26:16+03:00,datasets/crop_disease/test\LeafSpot\test_000092.jpg,40.02150000,-74.00000000,10.00,LeafSpot,0.940431,False
2026-08-10T13:26:16+03:00,datasets/crop_disease/test\LeafSpot\test_000093.jpg,40.02150000,-73.99990000,10.00,LeafSpot,0.960706,True
2026-08-10T13:26:16+03:00,datasets/crop_disease/test\LeafSpot\test_000094.jpg,40.02150000,-73.99980000,10.00,LeafSpot,0.879855,False
2026-08-10T13:26:16+03:00,datasets/crop_disease/test\LeafSpot\test_000095.jpg,40.02150000,-73.99970000,10.00,LeafSpot,0.967063,True
2026-08-10T13:26:16+03:00,datasets/crop_disease/test\LeafSpot\test_000096.jpg,40.02150000,-73.99960000,10.00,LeafSpot,0.948939,False
2026-08-10T13:26:16+03:00,datasets/crop_disease/test\LeafSpot\test_000097.jpg,40.02150000,-73.99950000,10.00,LeafSpot,0.998157,True
2026-08-10T13:26:16+03:00,datasets/crop_disease/test\LeafSpot\test_000098.jpg,40.02150000,-73.99940000,10.00,Blight,0.933496,False
2026-08-10T13:26:16+03:00,datasets/crop_disease/test\LeafSpot\test_000099.jpg,40.02150000,-73.99930000,10.00,LeafSpot,0.984973,True
2026-08-10T13:26:16+03:00,datasets/crop_disease/test\LeafSpot\test_000100.jpg,40.02150000,-73.99920000,10.00,LeafSpot,0.995034,True
2026-08-10T13:26:16+03:00,datasets/crop_disease/test\LeafSpot\test_000101.jpg,40.02150000,-73.99910000,10.00,Blight,0.913770,False
2026-08-10T13:26:16+03:00,datasets/crop_disease/test\LeafSpot\test_000102.jpg,40.02150000,-73.99900000,10.00,LeafSpot,0.954887,True
2026-08-10T13:26:16+03:00,datasets/crop_disease/test\LeafSpot\test_000103.jpg,40.02150000,-73.99890000,10.00,LeafSpot,0.999983,True
2026-08-10T13:26:16+03:00,datasets/crop_disease/test\LeafSpot\test_000104.jpg,40.02150000,-73.99880000,10.00,LeafSpot,0.999997,True
2026-08-10T13:26:16+03:00,datasets/crop_disease/test\LeafSpot\test_000105.jpg,40.02150000,-73.99870000,10.00,LeafSpot,0.933808,False
2026-08-10T13:26:16+03:00,datasets/crop_disease/test\LeafSpot\test_000106.jpg,40.02150000,-73.99860000,10.00,LeafSpot,0.999986,True
2026-08-10T13:26:16+03:00,datasets/crop_disease/test\LeafSpot\test_000107.jpg,40.02150000,-73.99850000,10.00,LeafSpot,0.999997,True
2026-08-10T13:26:16+03:00,datasets/crop_disease/test\LeafSpot\test_000108.jpg,40.02150000,-73.99840000,10.00,LeafSpot,0.999997,True
2026-08-10T13:26:17+03:00,datasets/crop_disease/test\LeafSpot\test_000109.jpg,40.02150000,-73.99830000,10.00,LeafSpot,0.999998,True
2026-08-10T13:26:17+03:00,datasets/crop_disease/test\LeafSpot\test_000110.jpg,40.02150000,-73.99820000,10.00,LeafSpot,0.999995,True
2026-08-10T13:26:17+03:00,datasets/crop_disease/test\LeafSpot\test_000111.jpg,40.02150000,-73.99810000,10.00,LeafSpot,0.999989,True
2026-08-10T13:26:17+03:00,datasets/crop_disease/test\LeafSpot\test_000112.jpg,40.02160000,-74.00000000,10.00,LeafSpot,0.999949,True
2026-08-10T13:26:17+03:00,datasets/crop_disease/test\LeafSpot\test_000113.jpg,40.02160000,-73.99990000,10.00,LeafSpot,0.999235,True
2026-08-10T13:26:17+03:00,datasets/crop_disease/test\LeafSpot\test_000114.jpg,40.02160000,-73.99980000,10.00,LeafSpot,0.999980,True
2026-08-10T13:26:17+03:00,datasets/crop_disease/test\LeafSpot\test_000115.jpg,40.02160000,-73.99970000,10.00,LeafSpot,0.988817,True
2026-08-10T13:26:17+03:00,datasets/crop_disease/test\LeafSpot\test_000116.jpg,40.02160000,-73.99960000,10.00,LeafSpot,0.997631,True
2026-08-10T13:26:17+03:00,datasets/crop_disease/test\LeafSpot\test_000117.jpg,40.02160000,-73.99950000,10.00,LeafSpot,0.999993,True
2026-08-10T13:26:17+03:00,datasets/crop_disease/test\LeafSpot\test_000118.jpg,40.02160000,-73.99940000,10.00,LeafSpot,0.999984,True
2026-08-10T13:26:17+03:00,datasets/crop_disease/test\LeafSpot\test_000119.jpg,40.02160000,-73.99930000,10.00,LeafSpot,0.999997,True
2026-08-10T13:26:17+03:00,datasets/crop_disease/test\LeafSpot\test_000120.jpg,40.02160000,-73.99920000,10.00,LeafSpot,1.000000,True
2026-08-10T13:26:17+03:00,datasets/crop_disease/test\LeafSpot\test_000121.jpg,40.02160000,-73.99910000,10.00,LeafSpot,0.999997,True
2026-08-10T13:26:17+03:00,datasets/crop_disease/test\LeafSpot\test_000122.jpg,40.02160000,-73.99900000,10.00,LeafSpot,0.999998,True
2026-08-10T13:26:17+03:00,datasets/crop_disease/test\LeafSpot\test_000123.jpg,40.02160000,-73.99890000,10.00,LeafSpot,0.999673,True
2026-08-10T13:26:17+03:00,datasets/crop_disease/test\LeafSpot\test_000124.jpg,40.02160000,-73.99880000,10.00,LeafSpot,0.999999,True
2026-08-10T13:26:17+03:00,datasets/crop_disease/test\LeafSpot\test_000125.jpg,40.02160000,-73.99870000,10.00,LeafSpot,0.999978,True
2026-08-10T13:26:17+03:00,datasets/crop_disease/test\LeafSpot\test_000126.jpg,40.02160000,-73.99860000,10.00,LeafSpot,0.999999,True
2026-08-10T13:26:17+03:00,datasets/crop_disease/test\LeafSpot\test_000127.jpg,40.02160000,-73.99850000,10.00,LeafSpot,0.998773,True
2026-08-10T13:26:17+03:00,datasets/crop_disease/test\LeafSpot\test_000128.jpg,40.02160000,-73.99840000,10.00,LeafSpot,0.999955,True
2026-08-10T13:26:17+03:00,datasets/crop_disease/test\LeafSpot\test_000129.jpg,40.02160000,-73.99830000,10.00,LeafSpot,1.000000,True
2026-08-10T13:26:17+03:00,datasets/crop_disease/test\LeafSpot\test_000130.jpg,40.02160000,-73.99820000,10.00,LeafSpot,0.999960,True
2026-08-10T13:26:17+03:00,datasets/crop_disease/test\LeafSpot\test_000131.jpg,40.02160000,-73.99810000,10.00,LeafSpot,0.999999,True
2026-08-10T13:26:17+03:00,datasets/crop_disease/test\LeafSpot\test_000132.jpg,40.02170000,-74.00000000,10.00,LeafSpot,0.999985,True
2026-08-10T13:26:17+03:00,datasets/crop_disease/test\LeafSpot\test_000133.jpg,40.02170000,-73.99990000,10.00,LeafSpot,0.998324,True
2026-08-10T13:26:17+03:00,datasets/crop_disease/test\LeafSpot\test_000134.jpg,40.02170000,-73.99980000,10.00,LeafSpot,0.999767,True
2026-08-10T13:26:17+03:00,datasets/crop_disease/test\LeafSpot\test_000135.jpg,40.02170000,-73.99970000,10.00,LeafSpot,0.999953,True
2026-08-10T13:26:17+03:00,datasets/crop_disease/test\LeafSpot\test_000136.jpg,40.02170000,-73.99960000,10.00,LeafSpot,1.000000,True
2026-08-10T13:26:17+03:00,datasets/crop_disease/test\LeafSpot\test_000137.jpg,40.02170000,-73.99950000,10.00,LeafSpot,0.999389,True
2026-08-10T13:26:17+03:00,datasets/crop_disease/test\LeafSpot\test_000138.jpg,40.02170000,-73.99940000,10.00,LeafSpot,0.999201,True
2026-08-10T13:26:17+03:00,datasets/crop_disease/test\LeafSpot\test_000139.jpg,40.02170000,-73.99930000,10.00,LeafSpot,0.999999,True
2026-08-10T13:26:17+03:00,datasets/crop_disease/test\LeafSpot\test_000140.jpg,40.02170000,-73.99920000,10.00,LeafSpot,0.999998,True
2026-08-10T13:26:17+03:00,datasets/crop_disease/test\LeafSpot\test_000141.jpg,40.02170000,-73.99910000,10.00,LeafSpot,0.999999,True
2026-08-10T13:26:17+03:00,datasets/crop_disease/test\LeafSpot\test_000142.jpg,40.02170000,-73.99900000,10.00,LeafSpot,1.000000,True
2026-08-10T13:26:17+03:00,datasets/crop_disease/test\LeafSpot\test_000143.jpg,40.02170000,-73.99890000,10.00,LeafSpot,0.999981,True
2026-08-10T13:26:17+03:00,datasets/crop_disease/test\LeafSpot\test_000144.jpg,40.02170000,-73.99880000,10.00,LeafSpot,0.999999,True
2026-08-10T13:26:17+03:00,datasets/crop_disease/test\LeafSpot\test_000145.jpg,40.02170000,-73.99870000,10.00,LeafSpot,0.999969,True
2026-08-10T13:26:17+03:00,datasets/crop_disease/test\LeafSpot\test_000146.jpg,40.02170000,-73.99860000,10.00,LeafSpot,0.999887,True
2026-08-10T13:26:17+03:00,datasets/crop_disease/test\LeafSpot\test_000147.jpg,40.02170000,-73.99850000,10.00,LeafSpot,0.999999,True
2026-08-10T13:26:17+03:00,datasets/crop_disease/test\LeafSpot\test_000148.jpg,40.02170000,-73.99840000,10.00,LeafSpot,0.999997,True
2026-08-10T13:26:17+03:00,datasets/crop_disease/test\LeafSpot\test_000149.jpg,40.02170000,-73.99830000,10.00,LeafSpot,0.999985,True
2026-08-10T13:26:17+03:00,datasets/crop_disease/test\LeafSpot\test_000150.jpg,40.02170000,-73.99820000,10.00,LeafSpot,0.999777,True
2026-08-10T13:26:17+03:00,datasets/crop_disease/test\LeafSpot\test_000151.jpg,40.02170000,-73.99810000,10.00,LeafSpot,0.999982,True
2026-08-10T13:26:17+03:00,datasets/crop_disease/test\LeafSpot\test_000152.jpg,40.02180000,-74.00000000,10.00,LeafSpot,0.999981,True
2026-08-10T13:26:17+03:00,datasets/crop_disease/test\LeafSpot\test_000153.jpg,40.02180000,-73.99990000,10.00,LeafSpot,1.000000,True
2026-08-10T13:26:17+03:00,datasets/crop_disease/test\LeafSpot\test_000154.jpg,40.02180000,-73.99980000,10.00,LeafSpot,0.999992,True
2026-08-10T13:26:17+03:00,datasets/crop_disease/test\LeafSpot\test_000155.jpg,40.02180000,-73.99970000,10.00,LeafSpot,0.999998,True
2026-08-10T13:26:17+03:00,datasets/crop_disease/test\LeafSpot\test_000156.jpg,40.02180000,-73.99960000,10.00,LeafSpot,0.999973,True
2026-08-10T13:26:17+03:00,datasets/crop_disease/test\LeafSpot\test_000157.jpg,40.02180000,-73.99950000,10.00,LeafSpot,1.000000,True
2026-08-10T13:26:17+03:00,datasets/crop_disease/test\LeafSpot\test_000158.jpg,40.02180000,-73.99940000,10.00,LeafSpot,0.999971,True
2026-08-10T13:26:17+03:00,datasets/crop_disease/test\LeafSpot\test_000159.jpg,40.02180000,-73.99930000,10.00,LeafSpot,0.999631,True
2026-08-10T13:26:17+03:00,datasets/crop_disease/test\LeafSpot\test_000160.jpg,40.02180000,-73.99920000,10.00,LeafSpot,0.999996,True
2026-08-10T13:26:17+03:00,datasets/crop_disease/test\LeafSpot\test_000161.jpg,40.02180000,-73.99910000,10.00,LeafSpot,0.999993,True
2026-08-10T13:26:17+03:00,datasets/crop_disease/test\LeafSpot\test_000162.jpg,40.02180000,-73.99900000,10.00,LeafSpot,0.998352,True
2026-08-10T13:26:17+03:00,datasets/crop_disease/test\LeafSpot\test_000163.jpg,40.02180000,-73.99890000,10.00,LeafSpot,0.999954,True
2026-08-10T13:26:17+03:00,datasets/crop_disease/test\LeafSpot\test_000164.jpg,40.02180000,-73.99880000,10.00,LeafSpot,0.999990,True
2026-08-10T13:26:17+03:00,datasets/crop_disease/test\LeafSpot\test_000165.jpg,40.02180000,-73.99870000,10.00,LeafSpot,0.999981,True
2026-08-10T13:26:17+03:00,datasets/crop_disease/test\LeafSpot\test_000166.jpg,40.02180000,-73.99860000,10.00,LeafSpot,0.805947,False
2026-08-10T13:26:17+03:00,datasets/crop_disease/test\LeafSpot\test_000167.jpg,40.02180000,-73.99850000,10.00,LeafSpot,0.999981,True
2026-08-10T13:26:17+03:00,datasets/crop_disease/test\LeafSpot\test_000168.jpg,40.02180000,-73.99840000,10.00,LeafSpot,0.999994,True
2026-08-10T13:26:17+03:00,datasets/crop_disease/test\LeafSpot\test_000169.jpg,40.02180000,-73.99830000,10.00,LeafSpot,0.999992,True
2026-08-10T13:26:17+03:00,datasets/crop_disease/test\LeafSpot\test_000170.jpg,40.02180000,-73.99820000,10.00,LeafSpot,0.999992,True
2026-08-10T13:26:17+03:00,datasets/crop_disease/test\LeafSpot\test_000171.jpg,40.02180000,-73.99810000,10.00,LeafSpot,0.999978,True
2026-08-10T13:26:17+03:00,datasets/crop_disease/test\LeafSpot\test_000172.jpg,40.02190000,-74.00000000,10.00,LeafSpot,1.000000,True
2026-08-10T13:26:17+03:00,datasets/crop_disease/test\LeafSpot\test_000173.jpg,40.02190000,-73.99990000,10.00,LeafSpot,0.999930,True
2026-08-10T13:26:17+03:00,datasets/crop_disease/test\LeafSpot\test_000174.jpg,40.02190000,-73.99980000,10.00,LeafSpot,0.999999,True
2026-08-10T13:26:17+03:00,datasets/crop_disease/test\LeafSpot\test_000175.jpg,40.02190000,-73.99970000,10.00,LeafSpot,0.999762,True
2026-08-10T13:26:17+03:00,datasets/crop_disease/test\LeafSpot\test_000176.jpg,40.02190000,-73.99960000,10.00,LeafSpot,1.000000,True
2026-08-10T13:26:17+03:00,datasets/crop_disease/test\LeafSpot\test_000177.jpg,40.02190000,-73.99950000,10.00,LeafSpot,0.999442,True
2026-08-10T13:26:17+03:00,datasets/crop_disease/test\LeafSpot\test_000178.jpg,40.02190000,-73.99940000,10.00,LeafSpot,0.999987,True
2026-08-10T13:26:17+03:00,datasets/crop_disease/test\LeafSpot\test_000179.jpg,40.02190000,-73.99930000,10.00,LeafSpot,0.999999,True
2026-08-10T13:26:17+03:00,datasets/crop_disease/test\LeafSpot\test_000180.jpg,40.02190000,-73.99920000,10.00,LeafSpot,0.999802,True
2026-08-10T13:26:17+03:00,datasets/crop_disease/test\LeafSpot\test_000181.jpg,40.02190000,-73.99910000,10.00,LeafSpot,0.999464,True
2026-08-10T13:26:17+03:00,datasets/crop_disease/test\LeafSpot\test_000182.jpg,40.02190000,-73.99900000,10.00,LeafSpot,0.999995,True
2026-08-10T13:26:17+03:00,datasets/crop_disease/test\LeafSpot\test_000183.jpg,40.02190000,-73.99890000,10.00,LeafSpot,0.999839,True
2026-08-10T13:26:17+03:00,datasets/crop_disease/test\LeafSpot\test_000184.jpg,40.02190000,-73.99880000,10.00,LeafSpot,0.999955,True
2026-08-10T13:26:17+03:00,datasets/crop_disease/test\LeafSpot\test_000185.jpg,40.02190000,-73.99870000,10.00,LeafSpot,0.999997,True
2026-08-10T13:26:17+03:00,datasets/crop_disease/test\LeafSpot\test_000186.jpg,40.02190000,-73.99860000,10.00,LeafSpot,0.999994,True
2026-08-10T13:26:17+03:00,datasets/crop_disease/test\LeafSpot\test_000187.jpg,40.02190000,-73.99850000,10.00,LeafSpot,1.000000,True
2026-08-10T13:26:18+03:00,datasets/crop_disease/test\LeafSpot\test_000188.jpg,40.02190000,-73.99840000,10.00,LeafSpot,0.999999,True
2026-08-10T13:26:18+03:00,datasets/crop_disease/test\LeafSpot\test_000189.jpg,40.02190000,-73.99830000,10.00,LeafSpot,0.999936,True
2026-08-10T13:26:18+03:00,datasets/crop_disease/test\LeafSpot\test_000190.jpg,40.02190000,-73.99820000,10.00,LeafSpot,0.999937,True
2026-08-10T13:26:18+03:00,datasets/crop_disease/test\LeafSpot\test_000191.jpg,40.02190000,-73.99810000,10.00,LeafSpot,0.999998,True
2026-08-10T13:26:18+03:00,datasets/crop_disease/test\LeafSpot\test_000192.jpg,40.02200000,-74.00000000,10.00,LeafSpot,0.999356,True
2026-08-10T13:26:18+03:00,datasets/crop_disease/test\LeafSpot\test_000193.jpg,40.02200000,-73.99990000,10.00,LeafSpot,0.999999,True
2026-08-10T13:26:18+03:00,datasets/crop_disease/test\LeafSpot\test_000194.jpg,40.02200000,-73.99980000,10.00,LeafSpot,0.999921,True
2026-08-10T13:26:18+03:00,datasets/crop_disease/test\LeafSpot\test_000195.jpg,40.02200000,-73.99970000,10.00,LeafSpot,0.999839,True
2026-08-10T13:26:18+03:00,datasets/crop_disease/test\LeafSpot\test_000196.jpg,40.02200000,-73.99960000,10.00,LeafSpot,0.999992,True
2026-08-10T13:26:18+03:00,datasets/crop_disease/test\LeafSpot\test_000197.jpg,40.02200000,-73.99950000,10.00,LeafSpot,0.999995,True
2026-08-10T13:26:18+03:00,datasets/crop_disease/test\LeafSpot\test_000198.jpg,40.02200000,-73.99940000,10.00,LeafSpot,0.999997,True
2026-08-10T13:26:18+03:00,datasets/crop_disease/test\LeafSpot\test_000199.jpg,40.02200000,-73.99930000,10.00,LeafSpot,0.999741,True
2026-08-10T13:26:18+03:00,datasets/crop_disease/test\LeafSpot\test_000200.jpg,40.02200000,-73.99920000,10.00,LeafSpot,0.999994,True
2026-08-10T13:26:18+03:00,datasets/crop_disease/test\LeafSpot\test_000201.jpg,40.02200000,-73.99910000,10.00,LeafSpot,1.000000,True
2026-08-10T13:26:18+03:00,datasets/crop_disease/test\LeafSpot\test_000202.jpg,40.02200000,-73.99900000,10.00,LeafSpot,0.998218,True
2026-08-10T13:26:18+03:00,datasets/crop_disease/test\LeafSpot\test_000203.jpg,40.02200000,-73.99890000,10.00,LeafSpot,1.000000,True
2026-08-10T13:26:18+03:00,datasets/crop_disease/test\LeafSpot\test_000204.jpg,40.02200000,-73.99880000,10.00,LeafSpot,1.000000,True
2026-08-10T13:26:18+03:00,datasets/crop_disease/test\LeafSpot\test_000205.jpg,40.02200000,-73.99870000,10.00,LeafSpot,0.999482,True
2026-08-10T13:26:18+03:00,datasets/crop_disease/test\LeafSpot\test_000206.jpg,40.02200000,-73.99860000,10.00,LeafSpot,0.999529,True
2026-08-10T13:26:18+03:00,datasets/crop_disease/test\LeafSpot\test_000207.jpg,40.02200000,-73.99850000,10.00,LeafSpot,0.999917,True
2026-08-10T13:26:18+03:00,datasets/crop_disease/test\LeafSpot\test_000208.jpg,40.02200000,-73.99840000,10.00,LeafSpot,0.999989,True
2026-08-10T13:26:18+03:00,datasets/crop_disease/test\LeafSpot\test_000209.jpg,40.02200000,-73.99830000,10.00,LeafSpot,0.999929,True
2026-08-10T13:26:18+03:00,datasets/crop_disease/test\LeafSpot\test_000210.jpg,40.02200000,-73.99820000,10.00,LeafSpot,0.999879,True
2026-08-10T13:26:18+03:00,datasets/crop_disease/test\LeafSpot\test_000211.jpg,40.02200000,-73.99810000,10.00,LeafSpot,0.995294,True
2026-08-10T13:26:18+03:00,datasets/crop_disease/test\LeafSpot\test_000212.jpg,40.02210000,-74.00000000,10.00,LeafSpot,0.999997,True
2026-08-10T13:26:18+03:00,datasets/crop_disease/test\LeafSpot\test_000213.jpg,40.02210000,-73.99990000,10.00,LeafSpot,0.999243,True
2026-08-10T13:26:18+03:00,datasets/crop_disease/test\LeafSpot\test_000214.jpg,40.02210000,-73.99980000,10.00,LeafSpot,0.985521,True
2026-08-10T13:26:18+03:00,datasets/crop_disease/test\LeafSpot\test_000215.jpg,40.02210000,-73.99970000,10.00,LeafSpot,0.999975,True
2026-08-10T13:26:18+03:00,datasets/crop_disease/test\LeafSpot\test_000216.jpg,40.02210000,-73.99960000,10.00,LeafSpot,0.999998,True
2026-08-10T13:26:18+03:00,datasets/crop_disease/test\LeafSpot\test_000217.jpg,40.02210000,-73.99950000,10.00,LeafSpot,0.999921,True
2026-08-10T13:26:18+03:00,datasets/crop_disease/test\LeafSpot\test_000218.jpg,40.02210000,-73.99940000,10.00,LeafSpot,0.999999,True
2026-08-10T13:26:18+03:00,datasets/crop_disease/test\LeafSpot\test_000219.jpg,40.02210000,-73.99930000,10.00,LeafSpot,0.999688,True
2026-08-10T13:26:18+03:00,datasets/crop_disease/test\LeafSpot\test_000220.jpg,40.02210000,-73.99920000,10.00,LeafSpot,0.999927,True
2026-08-10T13:26:18+03:00,datasets/crop_disease/test\LeafSpot\test_000221.jpg,40.02210000,-73.99910000,10.00,LeafSpot,1.000000,True
2026-08-10T13:26:18+03:00,datasets/crop_disease/test\LeafSpot\test_000222.jpg,40.02210000,-73.99900000,10.00,LeafSpot,0.999996,True
2026-08-10T13:26:18+03:00,datasets/crop_disease/test\LeafSpot\test_000223.jpg,40.02210000,-73.99890000,10.00,LeafSpot,0.999964,True
2026-08-10T13:26:18+03:00,datasets/crop_disease/test\LeafSpot\test_000224.jpg,40.02210000,-73.99880000,10.00,LeafSpot,0.999995,True
2026-08-10T13:26:18+03:00,datasets/crop_disease/test\LeafSpot\test_000225.jpg,40.02210000,-73.99870000,10.00,LeafSpot,0.999934,True
2026-08-10T13:26:18+03:00,datasets/crop_disease/test\LeafSpot\test_000226.jpg,40.02210000,-73.99860000,10.00,LeafSpot,0.999994,True
2026-08-10T13:26:18+03:00,datasets/crop_disease/test\LeafSpot\test_000227.jpg,40.02210000,-73.99850000,10.00,LeafSpot,0.972407,True
2026-08-10T13:26:18+03:00,datasets/crop_disease/test\LeafSpot\test_000228.jpg,40.02210000,-73.99840000,10.00,LeafSpot,1.000000,True
2026-08-10T13:26:18+03:00,datasets/crop_disease/test\LeafSpot\test_000229.jpg,40.02210000,-73.99830000,10.00,LeafSpot,0.999944,True
2026-08-10T13:26:18+03:00,datasets/crop_disease/test\LeafSpot\test_000230.jpg,40.02210000,-73.99820000,10.00,LeafSpot,0.999987,True
2026-08-10T13:26:18+03:00,datasets/crop_disease/test\LeafSpot\test_000231.jpg,40.02210000,-73.99810000,10.00,LeafSpot,0.999999,True
2026-08-10T13:26:18+03:00,datasets/crop_disease/test\LeafSpot\test_000232.jpg,40.02220000,-74.00000000,10.00,LeafSpot,0.995311,True
2026-08-10T13:26:18+03:00,datasets/crop_disease/test\LeafSpot\test_000233.jpg,40.02220000,-73.99990000,10.00,LeafSpot,0.999996,True
2026-08-10T13:26:18+03:00,datasets/crop_disease/test\LeafSpot\test_000234.jpg,40.02220000,-73.99980000,10.00,LeafSpot,0.999444,True
2026-08-10T13:26:18+03:00,datasets/crop_disease/test\LeafSpot\test_000235.jpg,40.02220000,-73.99970000,10.00,LeafSpot,0.999121,True
2026-08-10T13:26:18+03:00,datasets/crop_disease/test\LeafSpot\test_000236.jpg,40.02220000,-73.99960000,10.00,LeafSpot,0.999708,True
2026-08-10T13:26:18+03:00,datasets/crop_disease/test\LeafSpot\test_000237.jpg,40.02220000,-73.99950000,10.00,LeafSpot,0.999756,True
2026-08-10T13:26:18+03:00,datasets/crop_disease/test\LeafSpot\test_000238.jpg,40.02220000,-73.99940000,10.00,LeafSpot,0.999779,True
2026-08-10T13:26:18+03:00,datasets/crop_disease/test\LeafSpot\test_000239.jpg,40.02220000,-73.99930000,10.00,LeafSpot,0.999997,True
2026-08-10T13:26:18+03:00,datasets/crop_disease/test\LeafSpot\test_000240.jpg,40.02220000,-73.99920000,10.00,LeafSpot,0.999964,True
2026-08-10T13:26:18+03:00,datasets/crop_disease/test\LeafSpot\test_000241.jpg,40.02220000,-73.99910000,10.00,LeafSpot,1.000000,True
2026-08-10T13:26:18+03:00,datasets/crop_disease/test\LeafSpot\test_000242.jpg,40.02220000,-73.99900000,10.00,LeafSpot,0.999823,True
2026-08-10T13:26:18+03:00,datasets/crop_disease/test\LeafSpot\test_000243.jpg,40.02220000,-73.99890000,10.00,LeafSpot,0.998950,True
2026-08-10T13:26:18+03:00,datasets/crop_disease/test\LeafSpot\test_000244.jpg,40.02220000,-73.99880000,10.00,LeafSpot,0.999995,True
2026-08-10T13:26:18+03:00,datasets/crop_disease/test\LeafSpot\test_000245.jpg,40.02220000,-73.99870000,10.00,LeafSpot,0.999849,True
2026-08-10T13:26:18+03:00,datasets/crop_disease/test\LeafSpot\test_000246.jpg,40.02220000,-73.99860000,10.00,LeafSpot,0.999996,True
2026-08-10T13:26:18+03:00,datasets/crop_disease/test\LeafSpot\test_000247.jpg,40.02220000,-73.99850000,10.00,LeafSpot,0.999999,True
2026-08-10T13:26:18+03:00,datasets/crop_disease/test\LeafSpot\test_000248.jpg,40.02220000,-73.99840000,10.00,LeafSpot,0.999999,True
2026-08-10T13:26:18+03:00,datasets/crop_disease/test\LeafSpot\test_000249.jpg,40.02220000,-73.99830000,10.00,LeafSpot,0.999994,True
2026-08-10T13:26:18+03:00,datasets/crop_disease/test\LeafSpot\test_000250.jpg,40.02220000,-73.99820000,10.00,LeafSpot,0.999998,True
2026-08-10T13:26:18+03:00,datasets/crop_disease/test\LeafSpot\test_000251.jpg,40.02220000,-73.99810000,10.00,LeafSpot,0.999950,True
2026-08-10T13:26:18+03:00,datasets/crop_disease/test\LeafSpot\test_000252.jpg,40.02230000,-74.00000000,10.00,LeafSpot,0.999989,True
2026-08-10T13:26:18+03:00,datasets/crop_disease/test\LeafSpot\test_000253.jpg,40.02230000,-73.99990000,10.00,LeafSpot,1.000000,True
2026-08-10T13:26:18+03:00,datasets/crop_disease/test\LeafSpot\test_000254.jpg,40.02230000,-73.99980000,10.00,LeafSpot,0.999987,True
2026-08-10T13:26:18+03:00,datasets/crop_disease/test\LeafSpot\test_000255.jpg,40.02230000,-73.99970000,10.00,LeafSpot,0.999993,True
2026-08-10T13:26:18+03:00,datasets/crop_disease/test\LeafSpot\test_000256.jpg,40.02230000,-73.99960000,10.00,LeafSpot,0.999992,True
2026-08-10T13:26:18+03:00,datasets/crop_disease/test\LeafSpot\test_000257.jpg,40.02230000,-73.99950000,10.00,LeafSpot,0.999990,True
2026-08-10T13:26:18+03:00,datasets/crop_disease/test\LeafSpot\test_000258.jpg,40.02230000,-73.99940000,10.00,LeafSpot,0.999173,True
2026-08-10T13:26:18+03:00,datasets/crop_disease/test\LeafSpot\test_000259.jpg,40.02230000,-73.99930000,10.00,LeafSpot,0.999879,True
2026-08-10T13:26:18+03:00,datasets/crop_disease/test\LeafSpot\test_000260.jpg,40.02230000,-73.99920000,10.00,LeafSpot,0.999892,True
2026-08-10T13:26:18+03:00,datasets/crop_disease/test\LeafSpot\test_000261.jpg,40.02230000,-73.99910000,10.00,LeafSpot,0.999981,True
2026-08-10T13:26:18+03:00,datasets/crop_disease/test\LeafSpot\test_000262.jpg,40.02230000,-73.99900000,10.00,LeafSpot,1.000000,True
2026-08-10T13:26:18+03:00,datasets/crop_disease/test\LeafSpot\test_000263.jpg,40.02230000,-73.99890000,10.00,LeafSpot,0.999950,True
2026-08-10T13:26:18+03:00,datasets/crop_disease/test\LeafSpot\test_000264.jpg,40.02230000,-73.99880000,10.00,LeafSpot,0.999995,True
2026-08-10T13:26:18+03:00,datasets/crop_disease/test\LeafSpot\test_000265.jpg,40.02230000,-73.99870000,10.00,LeafSpot,0.999999,True
2026-08-10T13:26:18+03:00,datasets/crop_disease/test\LeafSpot\test_000266.jpg,40.02230000,-73.99860000,10.00,LeafSpot,0.998852,True
2026-08-10T13:26:18+03:00,datasets/crop_disease/test\LeafSpot\test_000267.jpg,40.02230000,-73.99850000,10.00,LeafSpot,0.993764,True
2026-08-10T13:26:19+03:00,datasets/crop_disease/test\LeafSpot\test_000268.jpg,40.02230000,-73.99840000,10.00,LeafSpot,0.999982,True
2026-08-10T13:26:19+03:00,datasets/crop_disease/test\LeafSpot\test_000269.jpg,40.02230000,-73.99830000,10.00,LeafSpot,0.999993,True
2026-08-10T13:26:19+03:00,datasets/crop_disease/test\LeafSpot\test_000270.jpg,40.02230000,-73.99820000,10.00,LeafSpot,0.999981,True
2026-08-10T13:26:19+03:00,datasets/crop_disease/test\LeafSpot\test_000271.jpg,40.02230000,-73.99810000,10.00,LeafSpot,0.999969,True
2026-08-10T13:26:19+03:00,datasets/crop_disease/test\LeafSpot\test_000272.jpg,40.02240000,-74.00000000,10.00,LeafSpot,0.999999,True
2026-08-10T13:26:19+03:00,datasets/crop_disease/test\LeafSpot\test_000273.jpg,40.02240000,-73.99990000,10.00,LeafSpot,0.998152,True
2026-08-10T13:26:19+03:00,datasets/crop_disease/test\LeafSpot\test_000274.jpg,40.02240000,-73.99980000,10.00,LeafSpot,0.999975,True
2026-08-10T13:26:19+03:00,datasets/crop_disease/test\LeafSpot\test_000275.jpg,40.02240000,-73.99970000,10.00,LeafSpot,0.999969,True
2026-08-10T13:26:19+03:00,datasets/crop_disease/test\LeafSpot\test_000276.jpg,40.02240000,-73.99960000,10.00,LeafSpot,0.999995,True
2026-08-10T13:26:19+03:00,datasets/crop_disease/test\LeafSpot\test_000277.jpg,40.02240000,-73.99950000,10.00,LeafSpot,0.999999,True
2026-08-10T13:26:19+03:00,datasets/crop_disease/test\LeafSpot\test_000278.jpg,40.02240000,-73.99940000,10.00,LeafSpot,0.999951,True
2026-08-10T13:26:19+03:00,datasets/crop_disease/test\LeafSpot\test_000279.jpg,40.02240000,-73.99930000,10.00,LeafSpot,0.999873,True
2026-08-10T13:26:19+03:00,datasets/crop_disease/test\LeafSpot\test_000280.jpg,40.02240000,-73.99920000,10.00,LeafSpot,0.999967,True
2026-08-10T13:26:19+03:00,datasets/crop_disease/test\LeafSpot\test_000281.jpg,40.02240000,-73.99910000,10.00,LeafSpot,0.789521,False
2026-08-10T13:26:19+03:00,datasets/crop_disease/test\LeafSpot\test_000282.jpg,40.02240000,-73.99900000,10.00,LeafSpot,1.000000,True
2026-08-10T13:26:19+03:00,datasets/crop_disease/test\LeafSpot\test_000283.jpg,40.02240000,-73.99890000,10.00,LeafSpot,0.547994,False
2026-08-10T13:26:19+03:00,datasets/crop_disease/test\LeafSpot\test_000284.jpg,40.02240000,-73.99880000,10.00,LeafSpot,0.999999,True
2026-08-10T13:26:19+03:00,datasets/crop_disease/test\LeafSpot\test_000285.jpg,40.02240000,-73.99870000,10.00,LeafSpot,1.000000,True
2026-08-10T13:26:19+03:00,datasets/crop_disease/test\LeafSpot\test_000286.jpg,40.02240000,-73.99860000,10.00,LeafSpot,0.959762,True
2026-08-10T13:26:19+03:00,datasets/crop_disease/test\LeafSpot\test_000287.jpg,40.02240000,-73.99850000,10.00,LeafSpot,1.000000,True
2026-08-10T13:26:19+03:00,datasets/crop_disease/test\LeafSpot\test_000288.jpg,40.02240000,-73.99840000,10.00,LeafSpot,0.999640,True
2026-08-10T13:26:19+03:00,datasets/crop_disease/test\LeafSpot\test_000289.jpg,40.02240000,-73.99830000,10.00,LeafSpot,0.999890,True
2026-08-10T13:26:19+03:00,datasets/crop_disease/test\LeafSpot\test_000290.jpg,40.02240000,-73.99820000,10.00,LeafSpot,0.999934,True
2026-08-10T13:26:19+03:00,datasets/crop_disease/test\LeafSpot\test_000291.jpg,40.02240000,-73.99810000,10.00,LeafSpot,0.999764,True
2026-08-10T13:26:19+03:00,datasets/crop_disease/test\LeafSpot\test_000292.jpg,40.02250000,-74.00000000,10.00,LeafSpot,0.999881,True
2026-08-10T13:26:19+03:00,datasets/crop_disease/test\LeafSpot\test_000293.jpg,40.02250000,-73.99990000,10.00,LeafSpot,0.999987,True
2026-08-10T13:26:19+03:00,datasets/crop_disease/test\LeafSpot\test_000294.jpg,40.02250000,-73.99980000,10.00,LeafSpot,0.999994,True
2026-08-10T13:26:19+03:00,datasets/crop_disease/test\LeafSpot\test_000295.jpg,40.02250000,-73.99970000,10.00,LeafSpot,0.999975,True
2026-08-10T13:26:19+03:00,datasets/crop_disease/test\LeafSpot\test_000296.jpg,40.02250000,-73.99960000,10.00,LeafSpot,0.999998,True
2026-08-10T13:26:19+03:00,datasets/crop_disease/test\LeafSpot\test_000297.jpg,40.02250000,-73.99950000,10.00,LeafSpot,1.000000,True
2026-08-10T13:26:19+03:00,datasets/crop_disease/test\LeafSpot\test_000298.jpg,40.02250000,-73.99940000,10.00,LeafSpot,0.999947,True
2026-08-10T13:26:19+03:00,datasets/crop_disease/test\LeafSpot\test_000299.jpg,40.02250000,-73.99930000,10.00,LeafSpot,0.999999,True
2026-08-10T13:26:19+03:00,datasets/crop_disease/test\LeafSpot\test_000300.jpg,40.02250000,-73.99920000,10.00,LeafSpot,0.999998,True
2026-08-10T13:26:19+03:00,datasets/crop_disease/test\LeafSpot\test_000301.jpg,40.02250000,-73.99910000,10.00,LeafSpot,0.998683,True
2026-08-10T13:26:19+03:00,datasets/crop_disease/test\LeafSpot\test_000302.jpg,40.02250000,-73.99900000,10.00,LeafSpot,0.999957,True
2026-08-10T13:26:19+03:00,datasets/crop_disease/test\LeafSpot\test_000303.jpg,40.02250000,-73.99890000,10.00,LeafSpot,0.999814,True
2026-08-10T13:26:19+03:00,datasets/crop_disease/test\LeafSpot\test_000304.jpg,40.02250000,-73.99880000,10.00,LeafSpot,0.998635,True
2026-08-10T13:26:19+03:00,datasets/crop_disease/test\LeafSpot\test_000305.jpg,40.02250000,-73.99870000,10.00,LeafSpot,0.999998,True
2026-08-10T13:26:19+03:00,datasets/crop_disease/test\LeafSpot\test_000306.jpg,40.02250000,-73.99860000,10.00,LeafSpot,0.999998,True
2026-08-10T13:26:19+03:00,datasets/crop_disease/test\LeafSpot\test_000307.jpg,40.02250000,-73.99850000,10.00,LeafSpot,0.999997,True
2026-08-10T13:26:19+03:00,datasets/crop_disease/test\LeafSpot\test_000308.jpg,40.02250000,-73.99840000,10.00,LeafSpot,0.999997,True
2026-08-10T13:26:19+03:00,datasets/crop_disease/test\LeafSpot\test_000309.jpg,40.02250000,-73.99830000,10.00,LeafSpot,0.999552,True
2026-08-10T13:26:19+03:00,datasets/crop_disease/test\LeafSpot\test_000310.jpg,40.02250000,-73.99820000,10.00,LeafSpot,0.999999,True
2026-08-10T13:26:19+03:00,datasets/crop_disease/test\LeafSpot\test_000311.jpg,40.02250000,-73.99810000,10.00,LeafSpot,1.000000,True
2026-08-10T13:26:19+03:00,datasets/crop_disease/test\LeafSpot\test_000312.jpg,40.02260000,-74.00000000,10.00,LeafSpot,0.999996,True
2026-08-10T13:26:19+03:00,datasets/crop_disease/test\LeafSpot\test_000313.jpg,40.02260000,-73.99990000,10.00,LeafSpot,1.000000,True
2026-08-10T13:26:19+03:00,datasets/crop_disease/test\LeafSpot\test_000314.jpg,40.02260000,-73.99980000,10.00,LeafSpot,1.000000,True
2026-08-10T13:26:19+03:00,datasets/crop_disease/test\LeafSpot\test_000315.jpg,40.02260000,-73.99970000,10.00,LeafSpot,0.999955,True
2026-08-10T13:26:19+03:00,datasets/crop_disease/test\LeafSpot\test_000316.jpg,40.02260000,-73.99960000,10.00,LeafSpot,0.999998,True
2026-08-10T13:26:19+03:00,datasets/crop_disease/test\LeafSpot\test_000317.jpg,40.02260000,-73.99950000,10.00,LeafSpot,0.998963,True
2026-08-10T13:26:19+03:00,datasets/crop_disease/test\LeafSpot\test_000318.jpg,40.02260000,-73.99940000,10.00,LeafSpot,0.999736,True
2026-08-10T13:26:19+03:00,datasets/crop_disease/test\LeafSpot\test_000319.jpg,40.02260000,-73.99930000,10.00,LeafSpot,0.999930,True
2026-08-10T13:26:19+03:00,datasets/crop_disease/test\LeafSpot\test_000320.jpg,40.02260000,-73.99920000,10.00,LeafSpot,0.999631,True
2026-08-10T13:26:19+03:00,datasets/crop_disease/test\LeafSpot\test_000321.jpg,40.02260000,-73.99910000,10.00,LeafSpot,0.997642,True
2026-08-10T13:26:19+03:00,datasets/crop_disease/test\LeafSpot\test_000322.jpg,40.02260000,-73.99900000,10.00,LeafSpot,0.999589,True
2026-08-10T13:26:19+03:00,datasets/crop_disease/test\LeafSpot\test_000323.jpg,40.02260000,-73.99890000,10.00,LeafSpot,0.996114,True
2026-08-10T13:26:19+03:00,datasets/crop_disease/test\LeafSpot\test_000324.jpg,40.02260000,-73.99880000,10.00,LeafSpot,0.989021,True
2026-08-10T13:26:19+03:00,datasets/crop_disease/test\LeafSpot\test_000325.jpg,40.02260000,-73.99870000,10.00,LeafSpot,0.998020,True
2026-08-10T13:26:19+03:00,datasets/crop_disease/test\LeafSpot\test_000326.jpg,40.02260000,-73.99860000,10.00,LeafSpot,0.998165,True
2026-08-10T13:26:19+03:00,datasets/crop_disease/test\LeafSpot\test_000327.jpg,40.02260000,-73.99850000,10.00,LeafSpot,0.890313,False
2026-08-10T13:26:19+03:00,datasets/crop_disease/test\LeafSpot\test_000328.jpg,40.02260000,-73.99840000,10.00,LeafSpot,0.999631,True
2026-08-10T13:26:19+03:00,datasets/crop_disease/test\LeafSpot\test_000329.jpg,40.02260000,-73.99830000,10.00,LeafSpot,0.993736,True
2026-08-10T13:26:19+03:00,datasets/crop_disease/test\LeafSpot\test_000330.jpg,40.02260000,-73.99820000,10.00,LeafSpot,0.999998,True
2026-08-10T13:26:19+03:00,datasets/crop_disease/test\LeafSpot\test_000331.jpg,40.02260000,-73.99810000,10.00,LeafSpot,0.991533,True
2026-08-10T13:26:19+03:00,datasets/crop_disease/test\LeafSpot\test_000332.jpg,40.02270000,-74.00000000,10.00,LeafSpot,0.994641,True
2026-08-10T13:26:19+03:00,datasets/crop_disease/test\LeafSpot\test_000333.jpg,40.02270000,-73.99990000,10.00,LeafSpot,0.993581,True
2026-08-10T13:26:19+03:00,datasets/crop_disease/test\LeafSpot\test_000334.jpg,40.02270000,-73.99980000,10.00,LeafSpot,0.999107,True
2026-08-10T13:26:19+03:00,datasets/crop_disease/test\LeafSpot\test_000335.jpg,40.02270000,-73.99970000,10.00,LeafSpot,0.999430,True
2026-08-10T13:26:19+03:00,datasets/crop_disease/test\LeafSpot\test_000336.jpg,40.02270000,-73.99960000,10.00,LeafSpot,0.999970,True
2026-08-10T13:26:19+03:00,datasets/crop_disease/test\LeafSpot\test_000337.jpg,40.02270000,-73.99950000,10.00,LeafSpot,0.999245,True
2026-08-10T13:26:19+03:00,datasets/crop_disease/test\LeafSpot\test_000338.jpg,40.02270000,-73.99940000,10.00,LeafSpot,0.999282,True
2026-08-10T13:26:19+03:00,datasets/crop_disease/test\LeafSpot\test_000339.jpg,40.02270000,-73.99930000,10.00,LeafSpot,1.000000,True
2026-08-10T13:26:19+03:00,datasets/crop_disease/test\LeafSpot\test_000340.jpg,40.02270000,-73.99920000,10.00,LeafSpot,0.999899,True
2026-08-10T13:26:19+03:00,datasets/crop_disease/test\LeafSpot\test_000341.jpg,40.02270000,-73.99910000,10.00,LeafSpot,0.918450,False
2026-08-10T13:26:19+03:00,datasets/crop_disease/test\LeafSpot\test_000342.jpg,40.02270000,-73.99900000,10.00,LeafSpot,0.999498,True
2026-08-10T13:26:19+03:00,datasets/crop_disease/test\LeafSpot\test_000343.jpg,40.02270000,-73.99890000,10.00,LeafSpot,0.999889,True
2026-08-10T13:26:19+03:00,datasets/crop_disease/test\LeafSpot\test_000344.jpg,40.02270000,-73.99880000,10.00,Blight,0.933221,False
2026-08-10T13:26:19+03:00,datasets/crop_disease/test\LeafSpot\test_000345.jpg,40.02270000,-73.99870000,10.00,LeafSpot,0.999796,True
2026-08-10T13:26:19+03:00,datasets/crop_disease/test\LeafSpot\test_000346.jpg,40.02270000,-73.99860000,10.00,LeafSpot,0.998320,True
2026-08-10T13:26:20+03:00,datasets/crop_disease/test\LeafSpot\test_000347.jpg,40.02270000,-73.99850000,10.00,LeafSpot,0.977400,True
2026-08-10T13:26:20+03:00,datasets/crop_disease/test\LeafSpot\test_000348.jpg,40.02270000,-73.99840000,10.00,LeafSpot,0.980785,True
2026-08-10T13:26:20+03:00,datasets/crop_disease/test\LeafSpot\test_000349.jpg,40.02270000,-73.99830000,10.00,LeafSpot,0.999971,True
2026-08-10T13:26:20+03:00,datasets/crop_disease/test\LeafSpot\test_000350.jpg,40.02270000,-73.99820000,10.00,Blight,0.662896,False
2026-08-10T13:26:20+03:00,datasets/crop_disease/test\LeafSpot\test_000351.jpg,40.02270000,-73.99810000,10.00,LeafSpot,0.999853,True
2026-08-10T13:26:20+03:00,datasets/crop_disease/test\LeafSpot\test_000352.jpg,40.02280000,-74.00000000,10.00,LeafSpot,0.999913,True
2026-08-10T13:26:20+03:00,datasets/crop_disease/test\LeafSpot\test_000353.jpg,40.02280000,-73.99990000,10.00,LeafSpot,0.991637,True
2026-08-10T13:26:20+03:00,datasets/crop_disease/test\LeafSpot\test_000354.jpg,40.02280000,-73.99980000,10.00,LeafSpot,0.999968,True
2026-08-10T13:26:20+03:00,datasets/crop_disease/test\LeafSpot\test_000355.jpg,40.02280000,-73.99970000,10.00,LeafSpot,0.999993,True
2026-08-10T13:26:20+03:00,datasets/crop_disease/test\LeafSpot\test_000356.jpg,40.02280000,-73.99960000,10.00,LeafSpot,0.957554,True
2026-08-10T13:26:20+03:00,datasets/crop_disease/test\LeafSpot\test_000357.jpg,40.02280000,-73.99950000,10.00,LeafSpot,0.768748,False
2026-08-10T13:26:20+03:00,datasets/crop_disease/test\LeafSpot\test_000358.jpg,40.02280000,-73.99940000,10.00,LeafSpot,0.999747,True
2026-08-10T13:26:20+03:00,datasets/crop_disease/test\LeafSpot\test_000359.jpg,40.02280000,-73.99930000,10.00,LeafSpot,0.999934,True
2026-08-10T13:26:20+03:00,datasets/crop_disease/test\LeafSpot\test_000360.jpg,40.02280000,-73.99920000,10.00,LeafSpot,0.999986,True
2026-08-10T13:26:20+03:00,datasets/crop_disease/test\LeafSpot\test_000361.jpg,40.02280000,-73.99910000,10.00,LeafSpot,0.999979,True
2026-08-10T13:26:20+03:00,datasets/crop_disease/test\LeafSpot\test_000362.jpg,40.02280000,-73.99900000,10.00,LeafSpot,0.890790,False
2026-08-10T13:26:20+03:00,datasets/crop_disease/test\LeafSpot\test_000363.jpg,40.02280000,-73.99890000,10.00,LeafSpot,0.999743,True
2026-08-10T13:26:20+03:00,datasets/crop_disease/test\LeafSpot\test_000364.jpg,40.02280000,-73.99880000,10.00,LeafSpot,0.999956,True
2026-08-10T13:26:20+03:00,datasets/crop_disease/test\LeafSpot\test_000365.jpg,40.02280000,-73.99870000,10.00,LeafSpot,0.999727,True
2026-08-10T13:26:20+03:00,datasets/crop_disease/test\LeafSpot\test_000366.jpg,40.02280000,-73.99860000,10.00,LeafSpot,0.999852,True
2026-08-10T13:26:20+03:00,datasets/crop_disease/test\LeafSpot\test_000367.jpg,40.02280000,-73.99850000,10.00,LeafSpot,0.999999,True
2026-08-10T13:26:20+03:00,datasets/crop_disease/test\LeafSpot\test_000368.jpg,40.02280000,-73.99840000,10.00,LeafSpot,0.998041,True
2026-08-10T13:26:20+03:00,datasets/crop_disease/test\LeafSpot\test_000369.jpg,40.02280000,-73.99830000,10.00,LeafSpot,0.952776,True
2026-08-10T13:26:20+03:00,datasets/crop_disease/test\LeafSpot\test_000370.jpg,40.02280000,-73.99820000,10.00,Blight,0.523760,False
2026-08-10T13:26:20+03:00,datasets/crop_disease/test\LeafSpot\test_000371.jpg,40.02280000,-73.99810000,10.00,Blight,0.531066,False
2026-08-10T13:26:20+03:00,datasets/crop_disease/test\LeafSpot\test_000372.jpg,40.02290000,-74.00000000,10.00,LeafSpot,0.999807,True
2026-08-10T13:26:20+03:00,datasets/crop_disease/test\LeafSpot\test_000373.jpg,40.02290000,-73.99990000,10.00,LeafSpot,0.999987,True
2026-08-10T13:26:20+03:00,datasets/crop_disease/test\LeafSpot\test_000374.jpg,40.02290000,-73.99980000,10.00,LeafSpot,0.999998,True
2026-08-10T13:26:20+03:00,datasets/crop_disease/test\LeafSpot\test_000375.jpg,40.02290000,-73.99970000,10.00,LeafSpot,0.998107,True
2026-08-10T13:26:20+03:00,datasets/crop_disease/test\LeafSpot\test_000376.jpg,40.02290000,-73.99960000,10.00,LeafSpot,0.998206,True
2026-08-10T13:26:20+03:00,datasets/crop_disease/test\LeafSpot\test_000377.jpg,40.02290000,-73.99950000,10.00,LeafSpot,0.644908,False
2026-08-10T13:26:20+03:00,datasets/crop_disease/test\LeafSpot\test_000378.jpg,40.02290000,-73.99940000,10.00,LeafSpot,0.999874,True
2026-08-10T13:26:20+03:00,datasets/crop_disease/test\LeafSpot\test_000379.jpg,40.02290000,-73.99930000,10.00,LeafSpot,0.999933,True
2026-08-10T13:26:20+03:00,datasets/crop_disease/test\LeafSpot\test_000380.jpg,40.02290000,-73.99920000,10.00,LeafSpot,0.999838,True
2026-08-10T13:26:20+03:00,datasets/crop_disease/test\LeafSpot\test_000381.jpg,40.02290000,-73.99910000,10.00,LeafSpot,0.999924,True
2026-08-10T13:26:20+03:00,datasets/crop_disease/test\LeafSpot\test_000382.jpg,40.02290000,-73.99900000,10.00,LeafSpot,0.986079,True
2026-08-10T13:26:20+03:00,datasets/crop_disease/test\LeafSpot\test_000383.jpg,40.02290000,-73.99890000,10.00,LeafSpot,0.998771,True
2026-08-10T13:26:20+03:00,datasets/crop_disease/test\LeafSpot\test_000384.jpg,40.02290000,-73.99880000,10.00,LeafSpot,0.997622,True
2026-08-10T13:26:20+03:00,datasets/crop_disease/test\LeafSpot\test_000385.jpg,40.02290000,-73.99870000,10.00,LeafSpot,0.937639,False
2026-08-10T13:26:20+03:00,datasets/crop_disease/test\LeafSpot\test_000386.jpg,40.02290000,-73.99860000,10.00,LeafSpot,0.992114,True
2026-08-10T13:26:20+03:00,datasets/crop_disease/test\LeafSpot\test_000387.jpg,40.02290000,-73.99850000,10.00,LeafSpot,0.996168,True
2026-08-10T13:26:20+03:00,datasets/crop_disease/test\LeafSpot\test_000388.jpg,40.02290000,-73.99840000,10.00,LeafSpot,0.999745,True
2026-08-10T13:26:20+03:00,datasets/crop_disease/test\LeafSpot\test_000389.jpg,40.02290000,-73.99830000,10.00,LeafSpot,0.993531,True
2026-08-10T13:26:20+03:00,datasets/crop_disease/test\LeafSpot\test_000390.jpg,40.02290000,-73.99820000,10.00,LeafSpot,0.997090,True
2026-08-10T13:26:20+03:00,datasets/crop_disease/test\LeafSpot\test_000391.jpg,40.02290000,-73.99810000,10.00,LeafSpot,0.999866,True
2026-08-10T13:26:20+03:00,datasets/crop_disease/test\LeafSpot\test_000392.jpg,40.02300000,-74.00000000,10.00,LeafSpot,0.997073,True
2026-08-10T13:26:20+03:00,datasets/crop_disease/test\LeafSpot\test_000393.jpg,40.02300000,-73.99990000,10.00,LeafSpot,0.999780,True
2026-08-10T13:26:20+03:00,datasets/crop_disease/test\LeafSpot\test_000394.jpg,40.02300000,-73.99980000,10.00,LeafSpot,0.999884,True
2026-08-10T13:26:20+03:00,datasets/crop_disease/test\LeafSpot\test_000395.jpg,40.02300000,-73.99970000,10.00,LeafSpot,0.999845,True
2026-08-10T13:26:20+03:00,datasets/crop_disease/test\LeafSpot\test_000396.jpg,40.02300000,-73.99960000,10.00,LeafSpot,0.998836,True
2026-08-10T13:26:20+03:00,datasets/crop_disease/test\LeafSpot\test_000397.jpg,40.02300000,-73.99950000,10.00,LeafSpot,0.989220,True
2026-08-10T13:26:20+03:00,datasets/crop_disease/test\LeafSpot\test_000398.jpg,40.02300000,-73.99940000,10.00,LeafSpot,0.977760,True
2026-08-10T13:26:20+03:00,datasets/crop_disease/test\LeafSpot\test_000399.jpg,40.02300000,-73.99930000,10.00,LeafSpot,0.999965,True
2026-08-10T13:26:20+03:00,datasets/crop_disease/test\LeafSpot\test_000400.jpg,40.02300000,-73.99920000,10.00,LeafSpot,0.991627,True
2026-08-10T13:26:20+03:00,datasets/crop_disease/test\LeafSpot\test_000401.jpg,40.02300000,-73.99910000,10.00,LeafSpot,0.999985,True
2026-08-10T13:26:20+03:00,datasets/crop_disease/test\LeafSpot\test_000402.jpg,40.02300000,-73.99900000,10.00,LeafSpot,0.999944,True
2026-08-10T13:26:20+03:00,datasets/crop_disease/test\LeafSpot\test_000403.jpg,40.02300000,-73.99890000,10.00,LeafSpot,0.986361,True
2026-08-10T13:26:20+03:00,datasets/crop_disease/test\LeafSpot\test_000404.jpg,40.02300000,-73.99880000,10.00,LeafSpot,0.683598,False
2026-08-10T13:26:20+03:00,datasets/crop_disease/test\LeafSpot\test_000405.jpg,40.02300000,-73.99870000,10.00,LeafSpot,0.999940,True
2026-08-10T13:26:20+03:00,datasets/crop_disease/test\LeafSpot\test_000406.jpg,40.02300000,-73.99860000,10.00,LeafSpot,0.999883,True
2026-08-10T13:26:20+03:00,datasets/crop_disease/test\LeafSpot\test_000407.jpg,40.02300000,-73.99850000,10.00,LeafSpot,0.999716,True
2026-08-10T13:26:20+03:00,datasets/crop_disease/test\LeafSpot\test_000408.jpg,40.02300000,-73.99840000,10.00,LeafSpot,0.957326,True
2026-08-10T13:26:20+03:00,datasets/crop_disease/test\LeafSpot\test_000409.jpg,40.02300000,-73.99830000,10.00,LeafSpot,0.999993,True
2026-08-10T13:26:20+03:00,datasets/crop_disease/test\LeafSpot\test_000410.jpg,40.02300000,-73.99820000,10.00,LeafSpot,0.999914,True
2026-08-10T13:26:20+03:00,datasets/crop_disease/test\LeafSpot\test_000411.jpg,40.02300000,-73.99810000,10.00,LeafSpot,0.995291,True
2026-08-10T13:26:20+03:00,datasets/crop_disease/test\LeafSpot\test_000412.jpg,40.02310000,-74.00000000,10.00,LeafSpot,0.999722,True
2026-08-10T13:26:20+03:00,datasets/crop_disease/test\LeafSpot\test_000413.jpg,40.02310000,-73.99990000,10.00,LeafSpot,0.640147,False
2026-08-10T13:26:20+03:00,datasets/crop_disease/test\LeafSpot\test_000414.jpg,40.02310000,-73.99980000,10.00,LeafSpot,0.969526,True
2026-08-10T13:26:20+03:00,datasets/crop_disease/test\LeafSpot\test_000415.jpg,40.02310000,-73.99970000,10.00,LeafSpot,0.998637,True
2026-08-10T13:26:20+03:00,datasets/crop_disease/test\LeafSpot\test_000416.jpg,40.02310000,-73.99960000,10.00,LeafSpot,0.999727,True
2026-08-10T13:26:20+03:00,datasets/crop_disease/test\LeafSpot\test_000417.jpg,40.02310000,-73.99950000,10.00,LeafSpot,0.999474,True
2026-08-10T13:26:20+03:00,datasets/crop_disease/test\LeafSpot\test_000418.jpg,40.02310000,-73.99940000,10.00,LeafSpot,0.999584,True
2026-08-10T13:26:20+03:00,datasets/crop_disease/test\LeafSpot\test_000419.jpg,40.02310000,-73.99930000,10.00,LeafSpot,0.999915,True
2026-08-10T13:26:20+03:00,datasets/crop_disease/test\LeafSpot\test_000420.jpg,40.02310000,-73.99920000,10.00,LeafSpot,0.999979,True
2026-08-10T13:26:20+03:00,datasets/crop_disease/test\LeafSpot\test_000421.jpg,40.02310000,-73.99910000,10.00,LeafSpot,0.732859,False
2026-08-10T13:26:20+03:00,datasets/crop_disease/test\LeafSpot\test_000422.jpg,40.02310000,-73.99900000,10.00,LeafSpot,0.999982,True
2026-08-10T13:26:20+03:00,datasets/crop_disease/test\LeafSpot\test_000423.jpg,40.02310000,-73.99890000,10.00,LeafSpot,0.999875,True
2026-08-10T13:26:20+03:00,datasets/crop_disease/test\LeafSpot\test_000424.jpg,40.02310000,-73.99880000,10.00,LeafSpot,0.999983,True
2026-08-10T13:26:20+03:00,datasets/crop_disease/test\LeafSpot\test_000425.jpg,40.02310000,-73.99870000,10.00,LeafSpot,0.999740,True
2026-08-10T13:26:20+03:00,datasets/crop_disease/test\LeafSpot\test_000426.jpg,40.02310000,-73.99860000,10.00,LeafSpot,0.999974,True
2026-08-10T13:26:20+03:00,datasets/crop_disease/test\LeafSpot\test_000427.jpg,40.02310000,-73.99850000,10.00,LeafSpot,0.999988,True
2026-08-10T13:26:21+03:00,datasets/crop_disease/test\LeafSpot\test_000428.jpg,40.02310000,-73.99840000,10.00,LeafSpot,0.999758,True
2026-08-10T13:26:21+03:00,datasets/crop_disease/test\LeafSpot\test_000429.jpg,40.02310000,-73.99830000,10.00,LeafSpot,0.999978,True
2026-08-10T13:26:21+03:00,datasets/crop_disease/test\LeafSpot\test_000430.jpg,40.02310000,-73.99820000,10.00,LeafSpot,0.998633,True
2026-08-10T13:26:21+03:00,datasets/crop_disease/test\LeafSpot\test_000431.jpg,40.02310000,-73.99810000,10.00,LeafSpot,0.999993,True
2026-08-10T13:26:21+03:00,datasets/crop_disease/test\LeafSpot\test_000432.jpg,40.02320000,-74.00000000,10.00,LeafSpot,0.998720,True
2026-08-10T13:26:21+03:00,datasets/crop_disease/test\LeafSpot\test_000433.jpg,40.02320000,-73.99990000,10.00,LeafSpot,0.991865,True
2026-08-10T13:26:21+03:00,datasets/crop_disease/test\LeafSpot\test_000434.jpg,40.02320000,-73.99980000,10.00,LeafSpot,0.999995,True
2026-08-10T13:26:21+03:00,datasets/crop_disease/test\LeafSpot\test_000435.jpg,40.02320000,-73.99970000,10.00,LeafSpot,0.999742,True
2026-08-10T13:26:21+03:00,datasets/crop_disease/test\LeafSpot\test_000436.jpg,40.02320000,-73.99960000,10.00,LeafSpot,0.999978,True
2026-08-10T13:26:21+03:00,datasets/crop_disease/test\LeafSpot\test_000437.jpg,40.02320000,-73.99950000,10.00,LeafSpot,0.999941,True
2026-08-10T13:26:21+03:00,datasets/crop_disease/test\LeafSpot\test_000438.jpg,40.02320000,-73.99940000,10.00,LeafSpot,0.999694,True
2026-08-10T13:26:21+03:00,datasets/crop_disease/test\LeafSpot\test_000439.jpg,40.02320000,-73.99930000,10.00,LeafSpot,0.999977,True
2026-08-10T13:26:21+03:00,datasets/crop_disease/test\LeafSpot\test_000440.jpg,40.02320000,-73.99920000,10.00,LeafSpot,0.999966,True
2026-08-10T13:26:21+03:00,datasets/crop_disease/test\LeafSpot\test_000441.jpg,40.02320000,-73.99910000,10.00,LeafSpot,0.843806,False
2026-08-10T13:26:21+03:00,datasets/crop_disease/test\LeafSpot\test_000442.jpg,40.02320000,-73.99900000,10.00,LeafSpot,0.969150,True
2026-08-10T13:26:21+03:00,datasets/crop_disease/test\LeafSpot\test_000443.jpg,40.02320000,-73.99890000,10.00,LeafSpot,0.998891,True
2026-08-10T13:26:21+03:00,datasets/crop_disease/test\LeafSpot\test_000444.jpg,40.02320000,-73.99880000,10.00,LeafSpot,0.995327,True
2026-08-10T13:26:21+03:00,datasets/crop_disease/test\LeafSpot\test_000445.jpg,40.02320000,-73.99870000,10.00,LeafSpot,0.999957,True
2026-08-10T13:26:21+03:00,datasets/crop_disease/test\LeafSpot\test_000446.jpg,40.02320000,-73.99860000,10.00,LeafSpot,0.999370,True
2026-08-10T13:26:21+03:00,datasets/crop_disease/test\LeafSpot\test_000447.jpg,40.02320000,-73.99850000,10.00,LeafSpot,0.999699,True
2026-08-10T13:26:21+03:00,datasets/crop_disease/test\LeafSpot\test_000448.jpg,40.02320000,-73.99840000,10.00,LeafSpot,0.999958,True
2026-08-10T13:26:21+03:00,datasets/crop_disease/test\LeafSpot\test_000449.jpg,40.02320000,-73.99830000,10.00,LeafSpot,0.998882,True
2026-08-10T13:26:21+03:00,datasets/crop_disease/test\LeafSpot\test_000450.jpg,40.02320000,-73.99820000,10.00,LeafSpot,0.995121,True
2026-08-10T13:26:21+03:00,datasets/crop_disease/test\LeafSpot\test_000451.jpg,40.02320000,-73.99810000,10.00,LeafSpot,0.999080,True
2026-08-10T13:26:21+03:00,datasets/crop_disease/test\LeafSpot\test_000452.jpg,40.02330000,-74.00000000,10.00,LeafSpot,0.997807,True
2026-08-10T13:26:21+03:00,datasets/crop_disease/test\LeafSpot\test_000453.jpg,40.02330000,-73.99990000,10.00,LeafSpot,0.623165,False
2026-08-10T13:26:21+03:00,datasets/crop_disease/test\LeafSpot\test_000454.jpg,40.02330000,-73.99980000,10.00,LeafSpot,0.999961,True
2026-08-10T13:26:21+03:00,datasets/crop_disease/test\LeafSpot\test_000455.jpg,40.02330000,-73.99970000,10.00,LeafSpot,0.985647,True
2026-08-10T13:26:21+03:00,datasets/crop_disease/test\LeafSpot\test_000456.jpg,40.02330000,-73.99960000,10.00,LeafSpot,0.990873,True
2026-08-10T13:26:21+03:00,datasets/crop_disease/test\LeafSpot\test_000457.jpg,40.02330000,-73.99950000,10.00,LeafSpot,0.957500,True
2026-08-10T13:26:21+03:00,datasets/crop_disease/test\LeafSpot\test_000458.jpg,40.02330000,-73.99940000,10.00,LeafSpot,0.997715,True
2026-08-10T13:26:21+03:00,datasets/crop_disease/test\LeafSpot\test_000459.jpg,40.02330000,-73.99930000,10.00,LeafSpot,0.999992,True
2026-08-10T13:26:21+03:00,datasets/crop_disease/test\LeafSpot\test_000460.jpg,40.02330000,-73.99920000,10.00,LeafSpot,0.994491,True
2026-08-10T13:26:21+03:00,datasets/crop_disease/test\LeafSpot\test_000461.jpg,40.02330000,-73.99910000,10.00,LeafSpot,0.999231,True
2026-08-10T13:26:21+03:00,datasets/crop_disease/test\LeafSpot\test_000462.jpg,40.02330000,-73.99900000,10.00,LeafSpot,0.997239,True
2026-08-10T13:26:21+03:00,datasets/crop_disease/test\LeafSpot\test_000463.jpg,40.02330000,-73.99890000,10.00,LeafSpot,0.707110,False
2026-08-10T13:26:21+03:00,datasets/crop_disease/test\LeafSpot\test_000464.jpg,40.02330000,-73.99880000,10.00,LeafSpot,0.999915,True
2026-08-10T13:26:21+03:00,datasets/crop_disease/test\LeafSpot\test_000465.jpg,40.02330000,-73.99870000,10.00,LeafSpot,0.999835,True
2026-08-10T13:26:21+03:00,datasets/crop_disease/test\LeafSpot\test_000466.jpg,40.02330000,-73.99860000,10.00,LeafSpot,0.999214,True
2026-08-10T13:26:21+03:00,datasets/crop_disease/test\LeafSpot\test_000467.jpg,40.02330000,-73.99850000,10.00,LeafSpot,0.999608,True
2026-08-10T13:26:21+03:00,datasets/crop_disease/test\LeafSpot\test_000468.jpg,40.02330000,-73.99840000,10.00,LeafSpot,0.999979,True
2026-08-10T13:26:21+03:00,datasets/crop_disease/test\LeafSpot\test_000469.jpg,40.02330000,-73.99830000,10.00,LeafSpot,0.999162,True
2026-08-10T13:26:21+03:00,datasets/crop_disease/test\LeafSpot\test_000470.jpg,40.02330000,-73.99820000,10.00,LeafSpot,0.998299,True
2026-08-10T13:26:21+03:00,datasets/crop_disease/test\LeafSpot\test_000471.jpg,40.02330000,-73.99810000,10.00,LeafSpot,0.996931,True
2026-08-10T13:26:21+03:00,datasets/crop_disease/test\LeafSpot\test_000472.jpg,40.02340000,-74.00000000,10.00,LeafSpot,0.999998,True
2026-08-10T13:26:21+03:00,datasets/crop_disease/test\LeafSpot\test_000473.jpg,40.02340000,-73.99990000,10.00,LeafSpot,0.980626,True
2026-08-10T13:26:21+03:00,datasets/crop_disease/test\LeafSpot\test_000474.jpg,40.02340000,-73.99980000,10.00,LeafSpot,0.977966,True
2026-08-10T13:26:21+03:00,datasets/crop_disease/test\LeafSpot\test_000475.jpg,40.02340000,-73.99970000,10.00,LeafSpot,0.999996,True
2026-08-10T13:26:21+03:00,datasets/crop_disease/test\LeafSpot\test_000476.jpg,40.02340000,-73.99960000,10.00,LeafSpot,0.999985,True
2026-08-10T13:26:21+03:00,datasets/crop_disease/test\LeafSpot\test_000477.jpg,40.02340000,-73.99950000,10.00,LeafSpot,0.999985,True
2026-08-10T13:26:21+03:00,datasets/crop_disease/test\LeafSpot\test_000478.jpg,40.02340000,-73.99940000,10.00,LeafSpot,0.946914,False
2026-08-10T13:26:21+03:00,datasets/crop_disease/test\LeafSpot\test_000479.jpg,40.02340000,-73.99930000,10.00,LeafSpot,0.999991,True
2026-08-10T13:26:21+03:00,datasets/crop_disease/test\LeafSpot\test_000480.jpg,40.02340000,-73.99920000,10.00,LeafSpot,0.999973,True
2026-08-10T13:26:21+03:00,datasets/crop_disease/test\LeafSpot\test_000481.jpg,40.02340000,-73.99910000,10.00,LeafSpot,0.999918,True
2026-08-10T13:26:21+03:00,datasets/crop_disease/test\LeafSpot\test_000482.jpg,40.02340000,-73.99900000,10.00,LeafSpot,0.999409,True
2026-08-10T13:26:21+03:00,datasets/crop_disease/test\LeafSpot\test_000483.jpg,40.02340000,-73.99890000,10.00,LeafSpot,0.999439,True
2026-08-10T13:26:21+03:00,datasets/crop_disease/test\LeafSpot\test_000484.jpg,40.02340000,-73.99880000,10.00,LeafSpot,0.999902,True
2026-08-10T13:26:21+03:00,datasets/crop_disease/test\LeafSpot\test_000485.jpg,40.02340000,-73.99870000,10.00,LeafSpot,0.999545,True
2026-08-10T13:26:21+03:00,datasets/crop_disease/test\LeafSpot\test_000486.jpg,40.02340000,-73.99860000,10.00,LeafSpot,0.999620,True
2026-08-10T13:26:21+03:00,datasets/crop_disease/test\LeafSpot\test_000487.jpg,40.02340000,-73.99850000,10.00,LeafSpot,0.998923,True
2026-08-10T13:26:21+03:00,datasets/crop_disease/test\LeafSpot\test_000488.jpg,40.02340000,-73.99840000,10.00,LeafSpot,0.999981,True
2026-08-10T13:26:21+03:00,datasets/crop_disease/test\LeafSpot\test_000489.jpg,40.02340000,-73.99830000,10.00,LeafSpot,0.991437,True
2026-08-10T13:26:21+03:00,datasets/crop_disease/test\LeafSpot\test_000490.jpg,40.02340000,-73.99820000,10.00,LeafSpot,0.992993,True
2026-08-10T13:26:21+03:00,datasets/crop_disease/test\LeafSpot\test_000491.jpg,40.02340000,-73.99810000,10.00,LeafSpot,0.999986,True
2026-08-10T13:26:21+03:00,datasets/crop_disease/test\LeafSpot\test_000492.jpg,40.02350000,-74.00000000,10.00,LeafSpot,0.999909,True
2026-08-10T13:26:21+03:00,datasets/crop_disease/test\LeafSpot\test_000493.jpg,40.02350000,-73.99990000,10.00,LeafSpot,0.999947,True
2026-08-10T13:26:21+03:00,datasets/crop_disease/test\LeafSpot\test_000494.jpg,40.02350000,-73.99980000,10.00,LeafSpot,0.999246,True
2026-08-10T13:26:21+03:00,datasets/crop_disease/test\LeafSpot\test_000495.jpg,40.02350000,-73.99970000,10.00,LeafSpot,0.999950,True
2026-08-10T13:26:21+03:00,datasets/crop_disease/test\LeafSpot\test_000496.jpg,40.02350000,-73.99960000,10.00,LeafSpot,0.999389,True
2026-08-10T13:26:21+03:00,datasets/crop_disease/test\LeafSpot\test_000497.jpg,40.02350000,-73.99950000,10.00,LeafSpot,0.999998,True
2026-08-10T13:26:21+03:00,datasets/crop_disease/test\LeafSpot\test_000498.jpg,40.02350000,-73.99940000,10.00,LeafSpot,0.999992,True
2026-08-10T13:26:21+03:00,datasets/crop_disease/test\LeafSpot\test_000499.jpg,40.02350000,-73.99930000,10.00,LeafSpot,0.984608,True
2026-08-10T13:26:21+03:00,datasets/crop_disease/test\LeafSpot\test_000500.jpg,40.02350000,-73.99920000,10.00,LeafSpot,0.999923,True
2026-08-10T13:26:21+03:00,datasets/crop_disease/test\LeafSpot\test_000501.jpg,40.02350000,-73.99910000,10.00,LeafSpot,0.999584,True
2026-08-10T13:26:21+03:00,datasets/crop_disease/test\LeafSpot\test_000502.jpg,40.02350000,-73.99900000,10.00,LeafSpot,0.999982,True
2026-08-10T13:26:21+03:00,datasets/crop_disease/test\LeafSpot\test_000503.jpg,40.02350000,-73.99890000,10.00,LeafSpot,0.975964,True
2026-08-10T13:26:21+03:00,datasets/crop_disease/test\LeafSpot\test_000504.jpg,40.02350000,-73.99880000,10.00,LeafSpot,0.998269,True
2026-08-10T13:26:21+03:00,datasets/crop_disease/test\LeafSpot\test_000505.jpg,40.02350000,-73.99870000,10.00,LeafSpot,1.000000,True
2026-08-10T13:26:21+03:00,datasets/crop_disease/test\LeafSpot\test_000506.jpg,40.02350000,-73.99860000,10.00,LeafSpot,0.999996,True
2026-08-10T13:26:21+03:00,datasets/crop_disease/test\LeafSpot\test_000507.jpg,40.02350000,-73.99850000,10.00,LeafSpot,0.972206,True
2026-08-10T13:26:21+03:00,datasets/crop_disease/test\LeafSpot\test_000508.jpg,40.02350000,-73.99840000,10.00,LeafSpot,0.999999,True
2026-08-10T13:26:22+03:00,datasets/crop_disease/test\LeafSpot\test_000509.jpg,40.02350000,-73.99830000,10.00,LeafSpot,0.999851,True
2026-08-10T13:26:22+03:00,datasets/crop_disease/test\LeafSpot\test_000510.jpg,40.02350000,-73.99820000,10.00,LeafSpot,0.999989,True
2026-08-10T13:26:22+03:00,datasets/crop_disease/test\LeafSpot\test_000511.jpg,40.02350000,-73.99810000,10.00,LeafSpot,0.999500,True
2026-08-10T13:26:22+03:00,datasets/crop_disease/test\LeafSpot\test_000512.jpg,40.02360000,-74.00000000,10.00,LeafSpot,0.999773,True
2026-08-10T13:26:22+03:00,datasets/crop_disease/test\LeafSpot\test_000513.jpg,40.02360000,-73.99990000,10.00,LeafSpot,0.999942,True
2026-08-10T13:26:22+03:00,datasets/crop_disease/test\LeafSpot\test_000514.jpg,40.02360000,-73.99980000,10.00,LeafSpot,0.996144,True
2026-08-10T13:26:22+03:00,datasets/crop_disease/test\LeafSpot\test_000515.jpg,40.02360000,-73.99970000,10.00,LeafSpot,0.525544,False
2026-08-10T13:26:22+03:00,datasets/crop_disease/test\LeafSpot\test_000516.jpg,40.02360000,-73.99960000,10.00,LeafSpot,0.999930,True
2026-08-10T13:26:22+03:00,datasets/crop_disease/test\LeafSpot\test_000517.jpg,40.02360000,-73.99950000,10.00,LeafSpot,0.999424,True
2026-08-10T13:26:22+03:00,datasets/crop_disease/test\LeafSpot\test_000518.jpg,40.02360000,-73.99940000,10.00,LeafSpot,0.999967,True
2026-08-10T13:26:22+03:00,datasets/crop_disease/test\LeafSpot\test_000519.jpg,40.02360000,-73.99930000,10.00,LeafSpot,0.999991,True
2026-08-10T13:26:22+03:00,datasets/crop_disease/test\LeafSpot\test_000520.jpg,40.02360000,-73.99920000,10.00,LeafSpot,0.999802,True
2026-08-10T13:26:22+03:00,datasets/crop_disease/test\LeafSpot\test_000521.jpg,40.02360000,-73.99910000,10.00,LeafSpot,0.999520,True
2026-08-10T13:26:22+03:00,datasets/crop_disease/test\LeafSpot\test_000522.jpg,40.02360000,-73.99900000,10.00,LeafSpot,0.999982,True
2026-08-10T13:26:22+03:00,datasets/crop_disease/test\LeafSpot\test_000523.jpg,40.02360000,-73.99890000,10.00,LeafSpot,0.999975,True
2026-08-10T13:26:22+03:00,datasets/crop_disease/test\LeafSpot\test_000524.jpg,40.02360000,-73.99880000,10.00,LeafSpot,0.935224,False
2026-08-10T13:26:22+03:00,datasets/crop_disease/test\LeafSpot\test_000525.jpg,40.02360000,-73.99870000,10.00,LeafSpot,0.999550,True
2026-08-10T13:26:22+03:00,datasets/crop_disease/test\LeafSpot\test_000526.jpg,40.02360000,-73.99860000,10.00,LeafSpot,0.999966,True
2026-08-10T13:26:22+03:00,datasets/crop_disease/test\LeafSpot\test_000527.jpg,40.02360000,-73.99850000,10.00,LeafSpot,0.999988,True
2026-08-10T13:26:22+03:00,datasets/crop_disease/test\LeafSpot\test_000528.jpg,40.02360000,-73.99840000,10.00,LeafSpot,0.999850,True
2026-08-10T13:26:22+03:00,datasets/crop_disease/test\LeafSpot\test_000529.jpg,40.02360000,-73.99830000,10.00,LeafSpot,0.969762,True
2026-08-10T13:26:22+03:00,datasets/crop_disease/test\LeafSpot\test_000530.jpg,40.02360000,-73.99820000,10.00,LeafSpot,0.999810,True
2026-08-10T13:26:22+03:00,datasets/crop_disease/test\LeafSpot\test_000531.jpg,40.02360000,-73.99810000,10.00,LeafSpot,0.999570,True
2026-08-10T13:26:22+03:00,datasets/crop_disease/test\LeafSpot\test_000532.jpg,40.02370000,-74.00000000,10.00,LeafSpot,0.999653,True
2026-08-10T13:26:22+03:00,datasets/crop_disease/test\LeafSpot\test_000533.jpg,40.02370000,-73.99990000,10.00,LeafSpot,0.946521,False
2026-08-10T13:26:22+03:00,datasets/crop_disease/test\LeafSpot\test_000534.jpg,40.02370000,-73.99980000,10.00,LeafSpot,0.980504,True
2026-08-10T13:26:22+03:00,datasets/crop_disease/test\LeafSpot\test_000535.jpg,40.02370000,-73.99970000,10.00,LeafSpot,0.999111,True
2026-08-10T13:26:22+03:00,datasets/crop_disease/test\LeafSpot\test_000536.jpg,40.02370000,-73.99960000,10.00,LeafSpot,0.639486,False
2026-08-10T13:26:22+03:00,datasets/crop_disease/test\LeafSpot\test_000537.jpg,40.02370000,-73.99950000,10.00,LeafSpot,0.816299,False
2026-08-10T13:26:22+03:00,datasets/crop_disease/test\LeafSpot\test_000538.jpg,40.02370000,-73.99940000,10.00,LeafSpot,0.977121,True
2026-08-10T13:26:22+03:00,datasets/crop_disease/test\LeafSpot\test_000539.jpg,40.02370000,-73.99930000,10.00,LeafSpot,0.970608,True
2026-08-10T13:26:22+03:00,datasets/crop_disease/test\LeafSpot\test_000540.jpg,40.02370000,-73.99920000,10.00,LeafSpot,0.999793,True
2026-08-10T13:26:22+03:00,datasets/crop_disease/test\LeafSpot\test_000541.jpg,40.02370000,-73.99910000,10.00,LeafSpot,0.999994,True
2026-08-10T13:26:22+03:00,datasets/crop_disease/test\LeafSpot\test_000542.jpg,40.02370000,-73.99900000,10.00,LeafSpot,0.999902,True
2026-08-10T13:26:22+03:00,datasets/crop_disease/test\LeafSpot\test_000543.jpg,40.02370000,-73.99890000,10.00,LeafSpot,0.999995,True
2026-08-10T13:26:22+03:00,datasets/crop_disease/test\LeafSpot\test_000544.jpg,40.02370000,-73.99880000,10.00,LeafSpot,0.999580,True
2026-08-10T13:26:22+03:00,datasets/crop_disease/test\LeafSpot\test_000545.jpg,40.02370000,-73.99870000,10.00,LeafSpot,0.999312,True
2026-08-10T13:26:22+03:00,datasets/crop_disease/test\LeafSpot\test_000546.jpg,40.02370000,-73.99860000,10.00,LeafSpot,0.999324,True
2026-08-10T13:26:22+03:00,datasets/crop_disease/test\LeafSpot\test_000547.jpg,40.02370000,-73.99850000,10.00,LeafSpot,0.999994,True
2026-08-10T13:26:22+03:00,datasets/crop_disease/test\LeafSpot\test_000548.jpg,40.02370000,-73.99840000,10.00,LeafSpot,0.999118,True
2026-08-10T13:26:22+03:00,datasets/crop_disease/test\LeafSpot\test_000549.jpg,40.02370000,-73.99830000,10.00,LeafSpot,0.843560,False
2026-08-10T13:26:22+03:00,datasets/crop_disease/test\LeafSpot\test_000550.jpg,40.02370000,-73.99820000,10.00,LeafSpot,0.999934,True
2026-08-10T13:26:22+03:00,datasets/crop_disease/test\LeafSpot\test_000551.jpg,40.02370000,-73.99810000,10.00,LeafSpot,0.999792,True
2026-08-10T13:26:22+03:00,datasets/crop_disease/test\LeafSpot\test_000552.jpg,40.02380000,-74.00000000,10.00,LeafSpot,0.999972,True
2026-08-10T13:26:22+03:00,datasets/crop_disease/test\LeafSpot\test_000553.jpg,40.02380000,-73.99990000,10.00,LeafSpot,0.999619,True
2026-08-10T13:26:22+03:00,datasets/crop_disease/test\LeafSpot\test_000554.jpg,40.02380000,-73.99980000,10.00,LeafSpot,0.960170,True
2026-08-10T13:26:22+03:00,datasets/crop_disease/test\LeafSpot\test_000555.jpg,40.02380000,-73.99970000,10.00,LeafSpot,0.999787,True
2026-08-10T13:26:22+03:00,datasets/crop_disease/test\LeafSpot\test_000556.jpg,40.02380000,-73.99960000,10.00,LeafSpot,0.999647,True
2026-08-10T13:26:22+03:00,datasets/crop_disease/test\LeafSpot\test_000557.jpg,40.02380000,-73.99950000,10.00,LeafSpot,0.996312,True
2026-08-10T13:26:22+03:00,datasets/crop_disease/test\LeafSpot\test_000558.jpg,40.02380000,-73.99940000,10.00,LeafSpot,0.983613,True
2026-08-10T13:26:22+03:00,datasets/crop_disease/test\LeafSpot\test_000559.jpg,40.02380000,-73.99930000,10.00,LeafSpot,0.992626,True
2026-08-10T13:26:22+03:00,datasets/crop_disease/test\LeafSpot\test_000560.jpg,40.02380000,-73.99920000,10.00,Blight,0.924078,False
2026-08-10T13:26:22+03:00,datasets/crop_disease/test\LeafSpot\test_000561.jpg,40.02380000,-73.99910000,10.00,LeafSpot,0.998855,True
2026-08-10T13:26:22+03:00,datasets/crop_disease/test\LeafSpot\test_000562.jpg,40.02380000,-73.99900000,10.00,LeafSpot,0.999906,True
2026-08-10T13:26:22+03:00,datasets/crop_disease/test\LeafSpot\test_000563.jpg,40.02380000,-73.99890000,10.00,LeafSpot,0.938834,False
2026-08-10T13:26:22+03:00,datasets/crop_disease/test\LeafSpot\test_000564.jpg,40.02380000,-73.99880000,10.00,LeafSpot,0.956515,True
2026-08-10T13:26:22+03:00,datasets/crop_disease/test\LeafSpot\test_000565.jpg,40.02380000,-73.99870000,10.00,LeafSpot,0.997807,True
2026-08-10T13:26:22+03:00,datasets/crop_disease/test\LeafSpot\test_000566.jpg,40.02380000,-73.99860000,10.00,LeafSpot,0.999600,True
2026-08-10T13:26:22+03:00,datasets/crop_disease/test\LeafSpot\test_000567.jpg,40.02380000,-73.99850000,10.00,LeafSpot,0.999617,True
2026-08-10T13:26:22+03:00,datasets/crop_disease/test\LeafSpot\test_000568.jpg,40.02380000,-73.99840000,10.00,LeafSpot,0.998881,True
2026-08-10T13:26:22+03:00,datasets/crop_disease/test\LeafSpot\test_000569.jpg,40.02380000,-73.99830000,10.00,LeafSpot,0.999652,True
2026-08-10T13:26:22+03:00,datasets/crop_disease/test\LeafSpot\test_000570.jpg,40.02380000,-73.99820000,10.00,LeafSpot,0.998065,True
2026-08-10T13:26:22+03:00,datasets/crop_disease/test\LeafSpot\test_000571.jpg,40.02380000,-73.99810000,10.00,LeafSpot,0.999887,True
2026-08-10T13:26:22+03:00,datasets/crop_disease/test\LeafSpot\test_000572.jpg,40.02390000,-74.00000000,10.00,LeafSpot,0.999579,True
2026-08-10T13:26:22+03:00,datasets/crop_disease/test\LeafSpot\test_000573.jpg,40.02390000,-73.99990000,10.00,LeafSpot,0.997720,True
2026-08-10T13:26:22+03:00,datasets/crop_disease/test\LeafSpot\test_000574.jpg,40.02390000,-73.99980000,10.00,LeafSpot,0.999722,True
2026-08-10T13:26:22+03:00,datasets/crop_disease/test\LeafSpot\test_000575.jpg,40.02390000,-73.99970000,10.00,LeafSpot,0.987395,True
2026-08-10T13:26:22+03:00,datasets/crop_disease/test\LeafSpot\test_000576.jpg,40.02390000,-73.99960000,10.00,LeafSpot,0.999817,True
2026-08-10T13:26:22+03:00,datasets/crop_disease/test\LeafSpot\test_000577.jpg,40.02390000,-73.99950000,10.00,LeafSpot,0.999983,True
2026-08-10T13:26:22+03:00,datasets/crop_disease/test\LeafSpot\test_000578.jpg,40.02390000,-73.99940000,10.00,LeafSpot,0.999998,True
2026-08-10T13:26:22+03:00,datasets/crop_disease/test\LeafSpot\test_000579.jpg,40.02390000,-73.99930000,10.00,LeafSpot,0.999240,True
2026-08-10T13:26:22+03:00,datasets/crop_disease/test\LeafSpot\test_000580.jpg,40.02390000,-73.99920000,10.00,LeafSpot,0.984981,True
2026-08-10T13:26:22+03:00,datasets/crop_disease/test\LeafSpot\test_000581.jpg,40.02390000,-73.99910000,10.00,LeafSpot,0.999858,True
2026-08-10T13:26:22+03:00,datasets/crop_disease/test\LeafSpot\test_000582.jpg,40.02390000,-73.99900000,10.00,LeafSpot,0.999886,True
2026-08-10T13:26:22+03:00,datasets/crop_disease/test\LeafSpot\test_000583.jpg,40.02390000,-73.99890000,10.00,LeafSpot,0.995752,True
2026-08-10T13:26:22+03:00,datasets/crop_disease/test\LeafSpot\test_000584.jpg,40.02390000,-73.99880000,10.00,LeafSpot,0.686955,False
2026-08-10T13:26:22+03:00,datasets/crop_disease/test\LeafSpot\test_000585.jpg,40.02390000,-73.99870000,10.00,LeafSpot,0.999914,True
2026-08-10T13:26:22+03:00,datasets/crop_disease/test\LeafSpot\test_000586.jpg,40.02390000,-73.99860000,10.00,LeafSpot,0.999935,True
2026-08-10T13:26:22+03:00,datasets/crop_disease/test\LeafSpot\test_000587.jpg,40.02390000,-73.99850000,10.00,LeafSpot,0.995582,True
2026-08-10T13:26:22+03:00,datasets/crop_disease/test\LeafSpot\test_000588.jpg,40.02390000,-73.99840000,10.00,LeafSpot,0.999998,True
2026-08-10T13:26:23+03:00,datasets/crop_disease/test\LeafSpot\test_000589.jpg,40.02390000,-73.99830000,10.00,LeafSpot,0.999956,True
2026-08-10T13:26:23+03:00,datasets/crop_disease/test\LeafSpot\test_000590.jpg,40.02390000,-73.99820000,10.00,LeafSpot,0.998230,True
2026-08-10T13:26:23+03:00,datasets/crop_disease/test\LeafSpot\test_000591.jpg,40.02390000,-73.99810000,10.00,LeafSpot,0.999991,True
2026-08-10T13:26:23+03:00,datasets/crop_disease/test\LeafSpot\test_000592.jpg,40.02400000,-74.00000000,10.00,LeafSpot,0.996359,True
2026-08-10T13:26:23+03:00,datasets/crop_disease/test\LeafSpot\test_000593.jpg,40.02400000,-73.99990000,10.00,LeafSpot,0.999980,True
2026-08-10T13:26:23+03:00,datasets/crop_disease/test\LeafSpot\test_000594.jpg,40.02400000,-73.99980000,10.00,LeafSpot,0.999957,True
2026-08-10T13:26:23+03:00,datasets/crop_disease/test\LeafSpot\test_000595.jpg,40.02400000,-73.99970000,10.00,LeafSpot,0.925640,False
2026-08-10T13:26:23+03:00,datasets/crop_disease/test\LeafSpot\test_000596.jpg,40.02400000,-73.99960000,10.00,LeafSpot,0.999755,True
2026-08-10T13:26:23+03:00,datasets/crop_disease/test\LeafSpot\test_000597.jpg,40.02400000,-73.99950000,10.00,LeafSpot,0.997039,True
2026-08-10T13:26:23+03:00,datasets/crop_disease/test\LeafSpot\test_000598.jpg,40.02400000,-73.99940000,10.00,LeafSpot,0.999953,True
2026-08-10T13:26:23+03:00,datasets/crop_disease/test\LeafSpot\test_000599.jpg,40.02400000,-73.99930000,10.00,LeafSpot,0.999994,True
2026-08-10T13:26:23+03:00,datasets/crop_disease/test\LeafSpot\test_000600.jpg,40.02400000,-73.99920000,10.00,LeafSpot,0.994916,True
2026-08-10T13:26:23+03:00,datasets/crop_disease/test\LeafSpot\test_000601.jpg,40.02400000,-73.99910000,10.00,LeafSpot,0.999984,True
2026-08-10T13:26:23+03:00,datasets/crop_disease/test\LeafSpot\test_000602.jpg,40.02400000,-73.99900000,10.00,LeafSpot,0.999959,True
2026-08-10T13:26:23+03:00,datasets/crop_disease/test\LeafSpot\test_000603.jpg,40.02400000,-73.99890000,10.00,LeafSpot,0.999942,True
2026-08-10T13:26:23+03:00,datasets/crop_disease/test\LeafSpot\test_000604.jpg,40.02400000,-73.99880000,10.00,LeafSpot,0.984459,True
2026-08-10T13:26:23+03:00,datasets/crop_disease/test\LeafSpot\test_000605.jpg,40.02400000,-73.99870000,10.00,LeafSpot,0.999960,True
2026-08-10T13:26:23+03:00,datasets/crop_disease/test\LeafSpot\test_000606.jpg,40.02400000,-73.99860000,10.00,LeafSpot,0.961850,True
2026-08-10T13:26:23+03:00,datasets/crop_disease/test\LeafSpot\test_000607.jpg,40.02400000,-73.99850000,10.00,LeafSpot,0.996645,True
2026-08-10T13:26:23+03:00,datasets/crop_disease/test\LeafSpot\test_000608.jpg,40.02400000,-73.99840000,10.00,LeafSpot,0.997589,True
2026-08-10T13:26:23+03:00,datasets/crop_disease/test\LeafSpot\test_000609.jpg,40.02400000,-73.99830000,10.00,LeafSpot,0.920426,False
2026-08-10T13:26:23+03:00,datasets/crop_disease/test\LeafSpot\test_000610.jpg,40.02400000,-73.99820000,10.00,LeafSpot,0.996522,True
2026-08-10T13:26:23+03:00,datasets/crop_disease/test\LeafSpot\test_000611.jpg,40.02400000,-73.99810000,10.00,LeafSpot,0.999919,True
2026-08-10T13:26:23+03:00,datasets/crop_disease/test\LeafSpot\test_000612.jpg,40.02410000,-74.00000000,10.00,LeafSpot,0.999997,True
2026-08-10T13:26:23+03:00,datasets/crop_disease/test\LeafSpot\test_000613.jpg,40.02410000,-73.99990000,10.00,LeafSpot,0.994914,True
2026-08-10T13:26:23+03:00,datasets/crop_disease/test\LeafSpot\test_000614.jpg,40.02410000,-73.99980000,10.00,LeafSpot,0.998170,True
2026-08-10T13:26:23+03:00,datasets/crop_disease/test\LeafSpot\test_000615.jpg,40.02410000,-73.99970000,10.00,LeafSpot,0.999994,True
2026-08-10T13:26:23+03:00,datasets/crop_disease/test\LeafSpot\test_000616.jpg,40.02410000,-73.99960000,10.00,LeafSpot,0.998238,True
2026-08-10T13:26:23+03:00,datasets/crop_disease/test\LeafSpot\test_000617.jpg,40.02410000,-73.99950000,10.00,LeafSpot,0.999982,True
2026-08-10T13:26:23+03:00,datasets/crop_disease/test\LeafSpot\test_000618.jpg,40.02410000,-73.99940000,10.00,LeafSpot,0.987464,True
2026-08-10T13:26:23+03:00,datasets/crop_disease/test\LeafSpot\test_000619.jpg,40.02410000,-73.99930000,10.00,LeafSpot,0.999131,True
2026-08-10T13:26:23+03:00,datasets/crop_disease/test\LeafSpot\test_000620.jpg,40.02410000,-73.99920000,10.00,LeafSpot,0.999779,True
2026-08-10T13:26:23+03:00,datasets/crop_disease/test\LeafSpot\test_000621.jpg,40.02410000,-73.99910000,10.00,LeafSpot,0.999997,True
2026-08-10T13:26:23+03:00,datasets/crop_disease/test\LeafSpot\test_000622.jpg,40.02410000,-73.99900000,10.00,LeafSpot,0.999393,True
2026-08-10T13:26:23+03:00,datasets/crop_disease/test\LeafSpot\test_000623.jpg,40.02410000,-73.99890000,10.00,LeafSpot,0.998274,True
2026-08-10T13:26:23+03:00,datasets/crop_disease/test\LeafSpot\test_000624.jpg,40.02410000,-73.99880000,10.00,LeafSpot,0.999977,True
2026-08-10T13:26:23+03:00,datasets/crop_disease/test\LeafSpot\test_000625.jpg,40.02410000,-73.99870000,10.00,LeafSpot,0.999988,True
2026-08-10T13:26:23+03:00,datasets/crop_disease/test\LeafSpot\test_000626.jpg,40.02410000,-73.99860000,10.00,LeafSpot,0.999997,True
2026-08-10T13:26:23+03:00,datasets/crop_disease/test\LeafSpot\test_000627.jpg,40.02410000,-73.99850000,10.00,LeafSpot,0.997598,True
2026-08-10T13:26:23+03:00,datasets/crop_disease/test\LeafSpot\test_000628.jpg,40.02410000,-73.99840000,10.00,LeafSpot,0.999989,True
2026-08-10T13:26:23+03:00,datasets/crop_disease/test\LeafSpot\test_000629.jpg,40.02410000,-73.99830000,10.00,LeafSpot,0.999565,True
2026-08-10T13:26:23+03:00,datasets/crop_disease/test\LeafSpot\test_000630.jpg,40.02410000,-73.99820000,10.00,LeafSpot,0.999980,True
2026-08-10T13:26:23+03:00,datasets/crop_disease/test\LeafSpot\test_000631.jpg,40.02410000,-73.99810000,10.00,LeafSpot,0.999906,True
2026-08-10T13:26:23+03:00,datasets/crop_disease/test\LeafSpot\test_000632.jpg,40.02420000,-74.00000000,10.00,LeafSpot,0.989234,True
2026-08-10T13:26:23+03:00,datasets/crop_disease/test\LeafSpot\test_000633.jpg,40.02420000,-73.99990000,10.00,LeafSpot,0.995360,True
2026-08-10T13:26:23+03:00,datasets/crop_disease/test\LeafSpot\test_000634.jpg,40.02420000,-73.99980000,10.00,LeafSpot,0.999211,True
2026-08-10T13:26:23+03:00,datasets/crop_disease/test\LeafSpot\test_000635.jpg,40.02420000,-73.99970000,10.00,LeafSpot,0.999420,True
2026-08-10T13:26:23+03:00,datasets/crop_disease/test\LeafSpot\test_000636.jpg,40.02420000,-73.99960000,10.00,LeafSpot,0.999614,True
2026-08-10T13:26:23+03:00,datasets/crop_disease/test\LeafSpot\test_000637.jpg,40.02420000,-73.99950000,10.00,LeafSpot,0.999158,True
2026-08-10T13:26:23+03:00,datasets/crop_disease/test\LeafSpot\test_000638.jpg,40.02420000,-73.99940000,10.00,LeafSpot,0.999369,True
2026-08-10T13:26:23+03:00,datasets/crop_disease/test\LeafSpot\test_000639.jpg,40.02420000,-73.99930000,10.00,LeafSpot,0.999855,True
2026-08-10T13:26:23+03:00,datasets/crop_disease/test\LeafSpot\test_000640.jpg,40.02420000,-73.99920000,10.00,LeafSpot,0.999766,True
2026-08-10T13:26:23+03:00,datasets/crop_disease/test\LeafSpot\test_000641.jpg,40.02420000,-73.99910000,10.00,LeafSpot,0.984871,True
2026-08-10T13:26:23+03:00,datasets/crop_disease/test\LeafSpot\test_000642.jpg,40.02420000,-73.99900000,10.00,LeafSpot,0.999813,True
2026-08-10T13:26:23+03:00,datasets/crop_disease/test\LeafSpot\test_000643.jpg,40.02420000,-73.99890000,10.00,LeafSpot,0.999853,True
2026-08-10T13:26:23+03:00,datasets/crop_disease/test\LeafSpot\test_000644.jpg,40.02420000,-73.99880000,10.00,LeafSpot,0.997687,True
2026-08-10T13:26:23+03:00,datasets/crop_disease/test\LeafSpot\test_000645.jpg,40.02420000,-73.99870000,10.00,LeafSpot,0.999895,True
2026-08-10T13:26:23+03:00,datasets/crop_disease/test\LeafSpot\test_000646.jpg,40.02420000,-73.99860000,10.00,LeafSpot,0.998719,True
2026-08-10T13:26:23+03:00,datasets/crop_disease/test\LeafSpot\test_000647.jpg,40.02420000,-73.99850000,10.00,LeafSpot,0.993784,True
2026-08-10T13:26:23+03:00,datasets/crop_disease/test\LeafSpot\test_000648.jpg,40.02420000,-73.99840000,10.00,LeafSpot,0.963091,True
2026-08-10T13:26:23+03:00,datasets/crop_disease/test\LeafSpot\test_000649.jpg,40.02420000,-73.99830000,10.00,LeafSpot,0.886477,False
2026-08-10T13:26:23+03:00,datasets/crop_disease/test\LeafSpot\test_000650.jpg,40.02420000,-73.99820000,10.00,LeafSpot,0.999965,True
2026-08-10T13:26:23+03:00,datasets/crop_disease/test\LeafSpot\test_000651.jpg,40.02420000,-73.99810000,10.00,LeafSpot,0.999990,True
2026-08-10T13:26:23+03:00,datasets/crop_disease/test\LeafSpot\test_000652.jpg,40.02430000,-74.00000000,10.00,LeafSpot,0.998978,True
2026-08-10T13:26:23+03:00,datasets/crop_disease/test\LeafSpot\test_000653.jpg,40.02430000,-73.99990000,10.00,LeafSpot,0.999588,True
2026-08-10T13:26:23+03:00,datasets/crop_disease/test\LeafSpot\test_000654.jpg,40.02430000,-73.99980000,10.00,LeafSpot,0.997255,True
2026-08-10T13:26:23+03:00,datasets/crop_disease/test\LeafSpot\test_000655.jpg,40.02430000,-73.99970000,10.00,LeafSpot,0.999956,True
2026-08-10T13:26:23+03:00,datasets/crop_disease/test\LeafSpot\test_000656.jpg,40.02430000,-73.99960000,10.00,LeafSpot,0.999747,True
2026-08-10T13:26:23+03:00,datasets/crop_disease/test\LeafSpot\test_000657.jpg,40.02430000,-73.99950000,10.00,LeafSpot,0.999988,True
2026-08-10T13:26:23+03:00,datasets/crop_disease/test\LeafSpot\test_000658.jpg,40.02430000,-73.99940000,10.00,LeafSpot,0.979342,True
2026-08-10T13:26:23+03:00,datasets/crop_disease/test\LeafSpot\test_000659.jpg,40.02430000,-73.99930000,10.00,LeafSpot,0.926268,False
2026-08-10T13:26:23+03:00,datasets/crop_disease/test\LeafSpot\test_000660.jpg,40.02430000,-73.99920000,10.00,LeafSpot,0.999725,True
2026-08-10T13:26:23+03:00,datasets/crop_disease/test\LeafSpot\test_000661.jpg,40.02430000,-73.99910000,10.00,LeafSpot,0.971388,True
2026-08-10T13:26:23+03:00,datasets/crop_disease/test\LeafSpot\test_000662.jpg,40.02430000,-73.99900000,10.00,LeafSpot,0.999906,True
2026-08-10T13:26:23+03:00,datasets/crop_disease/test\LeafSpot\test_000663.jpg,40.02430000,-73.99890000,10.00,LeafSpot,0.997686,True
2026-08-10T13:26:23+03:00,datasets/crop_disease/test\LeafSpot\test_000664.jpg,40.02430000,-73.99880000,10.00,LeafSpot,0.999843,True
2026-08-10T13:26:23+03:00,datasets/crop_disease/test\LeafSpot\test_000665.jpg,40.02430000,-73.99870000,10.00,LeafSpot,0.995435,True
2026-08-10T13:26:23+03:00,datasets/crop_disease/test\LeafSpot\test_000666.jpg,40.02430000,-73.99860000,10.00,LeafSpot,0.999998,True
2026-08-10T13:26:23+03:00,datasets/crop_disease/test\LeafSpot\test_000667.jpg,40.02430000,-73.99850000,10.00,LeafSpot,0.987806,True
2026-08-10T13:26:23+03:00,datasets/crop_disease/test\LeafSpot\test_000668.jpg,40.02430000,-73.99840000,10.00,LeafSpot,0.999633,True
2026-08-10T13:26:23+03:00,datasets/crop_disease/test\LeafSpot\test_000669.jpg,40.02430000,-73.99830000,10.00,LeafSpot,0.784466,False
2026-08-10T13:26:24+03:00,datasets/crop_disease/test\LeafSpot\test_000670.jpg,40.02430000,-73.99820000,10.00,LeafSpot,0.999200,True
2026-08-10T13:26:24+03:00,datasets/crop_disease/test\LeafSpot\test_000671.jpg,40.02430000,-73.99810000,10.00,LeafSpot,0.841487,False
2026-08-10T13:26:24+03:00,datasets/crop_disease/test\Mildew\test_000000.jpg,40.02440000,-74.00000000,10.00,Mildew,0.999848,True
2026-08-10T13:26:24+03:00,datasets/crop_disease/test\Mildew\test_000001.jpg,40.02440000,-73.99990000,10.00,Mildew,0.998386,True
2026-08-10T13:26:24+03:00,datasets/crop_disease/test\Mildew\test_000002.jpg,40.02440000,-73.99980000,10.00,Mildew,0.999899,True
2026-08-10T13:26:24+03:00,datasets/crop_disease/test\Mildew\test_000003.jpg,40.02440000,-73.99970000,10.00,Mildew,0.999994,True
2026-08-10T13:26:24+03:00,datasets/crop_disease/test\Mildew\test_000004.jpg,40.02440000,-73.99960000,10.00,Mildew,0.999988,True
2026-08-10T13:26:24+03:00,datasets/crop_disease/test\Mildew\test_000005.jpg,40.02440000,-73.99950000,10.00,Mildew,1.000000,True
2026-08-10T13:26:24+03:00,datasets/crop_disease/test\Mildew\test_000006.jpg,40.02440000,-73.99940000,10.00,Mildew,1.000000,True
2026-08-10T13:26:24+03:00,datasets/crop_disease/test\Mildew\test_000007.jpg,40.02440000,-73.99930000,10.00,Mildew,0.999824,True
2026-08-10T13:26:24+03:00,datasets/crop_disease/test\Mildew\test_000008.jpg,40.02440000,-73.99920000,10.00,Mildew,1.000000,True
2026-08-10T13:26:24+03:00,datasets/crop_disease/test\Mildew\test_000009.jpg,40.02440000,-73.99910000,10.00,Mildew,0.999999,True
2026-08-10T13:26:24+03:00,datasets/crop_disease/test\Mildew\test_000010.jpg,40.02440000,-73.99900000,10.00,Mildew,0.999958,True
2026-08-10T13:26:24+03:00,datasets/crop_disease/test\Mildew\test_000011.jpg,40.02440000,-73.99890000,10.00,Mildew,0.999990,True
2026-08-10T13:26:24+03:00,datasets/crop_disease/test\Mildew\test_000012.jpg,40.02440000,-73.99880000,10.00,Mildew,1.000000,True
2026-08-10T13:26:24+03:00,datasets/crop_disease/test\Mildew\test_000013.jpg,40.02440000,-73.99870000,10.00,Mildew,0.999998,True
2026-08-10T13:26:24+03:00,datasets/crop_disease/test\Mildew\test_000014.jpg,40.02440000,-73.99860000,10.00,Mildew,0.999984,True
2026-08-10T13:26:24+03:00,datasets/crop_disease/test\Mildew\test_000015.jpg,40.02440000,-73.99850000,10.00,Mildew,0.999846,True
2026-08-10T13:26:24+03:00,datasets/crop_disease/test\Mildew\test_000016.jpg,40.02440000,-73.99840000,10.00,Mildew,0.999882,True
2026-08-10T13:26:24+03:00,datasets/crop_disease/test\Mildew\test_000017.jpg,40.02440000,-73.99830000,10.00,Mildew,0.999987,True
2026-08-10T13:26:24+03:00,datasets/crop_disease/test\Mildew\test_000018.jpg,40.02440000,-73.99820000,10.00,Mildew,0.999531,True
2026-08-10T13:26:24+03:00,datasets/crop_disease/test\Mildew\test_000019.jpg,40.02440000,-73.99810000,10.00,Mildew,0.999448,True
2026-08-10T13:26:24+03:00,datasets/crop_disease/test\Mildew\test_000020.jpg,40.02450000,-74.00000000,10.00,Mildew,0.999996,True
2026-08-10T13:26:24+03:00,datasets/crop_disease/test\Mildew\test_000021.jpg,40.02450000,-73.99990000,10.00,Mildew,0.999973,True
2026-08-10T13:26:24+03:00,datasets/crop_disease/test\Mildew\test_000022.jpg,40.02450000,-73.99980000,10.00,Mildew,0.999658,True
2026-08-10T13:26:24+03:00,datasets/crop_disease/test\Mildew\test_000023.jpg,40.02450000,-73.99970000,10.00,Healthy,0.569504,False
2026-08-10T13:26:24+03:00,datasets/crop_disease/test\Mildew\test_000024.jpg,40.02450000,-73.99960000,10.00,Mildew,0.999866,True
2026-08-10T13:26:24+03:00,datasets/crop_disease/test\Mildew\test_000025.jpg,40.02450000,-73.99950000,10.00,Mildew,1.000000,True
2026-08-10T13:26:24+03:00,datasets/crop_disease/test\Mildew\test_000026.jpg,40.02450000,-73.99940000,10.00,Mildew,0.999852,True
2026-08-10T13:26:24+03:00,datasets/crop_disease/test\Mildew\test_000027.jpg,40.02450000,-73.99930000,10.00,Mildew,0.995432,True
2026-08-10T13:26:24+03:00,datasets/crop_disease/test\Mildew\test_000028.jpg,40.02450000,-73.99920000,10.00,Mildew,0.999991,True
2026-08-10T13:26:24+03:00,datasets/crop_disease/test\Mildew\test_000029.jpg,40.02450000,-73.99910000,10.00,Mildew,0.999789,True
2026-08-10T13:26:24+03:00,datasets/crop_disease/test\Mildew\test_000030.jpg,40.02450000,-73.99900000,10.00,Mildew,0.999963,True
2026-08-10T13:26:24+03:00,datasets/crop_disease/test\Mildew\test_000031.jpg,40.02450000,-73.99890000,10.00,Mildew,0.999998,True
2026-08-10T13:26:24+03:00,datasets/crop_disease/test\Mildew\test_000032.jpg,40.02450000,-73.99880000,10.00,Mildew,0.999999,True
2026-08-10T13:26:24+03:00,datasets/crop_disease/test\Mildew\test_000033.jpg,40.02450000,-73.99870000,10.00,Mildew,0.999902,True
2026-08-10T13:26:24+03:00,datasets/crop_disease/test\Mildew\test_000034.jpg,40.02450000,-73.99860000,10.00,Mildew,0.999953,True
2026-08-10T13:26:24+03:00,datasets/crop_disease/test\Mildew\test_000035.jpg,40.02450000,-73.99850000,10.00,Mildew,1.000000,True
2026-08-10T13:26:24+03:00,datasets/crop_disease/test\Mildew\test_000036.jpg,40.02450000,-73.99840000,10.00,Mildew,0.999999,True
2026-08-10T13:26:24+03:00,datasets/crop_disease/test\Mildew\test_000037.jpg,40.02450000,-73.99830000,10.00,Mildew,0.999957,True
2026-08-10T13:26:24+03:00,datasets/crop_disease/test\Mildew\test_000038.jpg,40.02450000,-73.99820000,10.00,Mildew,0.995114,True
2026-08-10T13:26:24+03:00,datasets/crop_disease/test\Mildew\test_000039.jpg,40.02450000,-73.99810000,10.00,Mildew,0.999999,True
2026-08-10T13:26:24+03:00,datasets/crop_disease/test\Mildew\test_000040.jpg,40.02460000,-74.00000000,10.00,Mildew,0.999985,True
2026-08-10T13:26:24+03:00,datasets/crop_disease/test\Mildew\test_000041.jpg,40.02460000,-73.99990000,10.00,Mildew,0.999941,True
2026-08-10T13:26:24+03:00,datasets/crop_disease/test\Mildew\test_000042.jpg,40.02460000,-73.99980000,10.00,Mildew,0.999998,True
2026-08-10T13:26:24+03:00,datasets/crop_disease/test\Mildew\test_000043.jpg,40.02460000,-73.99970000,10.00,Mildew,0.999895,True
2026-08-10T13:26:24+03:00,datasets/crop_disease/test\Mildew\test_000044.jpg,40.02460000,-73.99960000,10.00,Mildew,1.000000,True
2026-08-10T13:26:24+03:00,datasets/crop_disease/test\Mildew\test_000045.jpg,40.02460000,-73.99950000,10.00,Mildew,0.999959,True
2026-08-10T13:26:24+03:00,datasets/crop_disease/test\Mildew\test_000046.jpg,40.02460000,-73.99940000,10.00,Mildew,1.000000,True
2026-08-10T13:26:24+03:00,datasets/crop_disease/test\Mildew\test_000047.jpg,40.02460000,-73.99930000,10.00,Mildew,0.999994,True
2026-08-10T13:26:24+03:00,datasets/crop_disease/test\Mildew\test_000048.jpg,40.02460000,-73.99920000,10.00,Mildew,0.999967,True
2026-08-10T13:26:24+03:00,datasets/crop_disease/test\Mildew\test_000049.jpg,40.02460000,-73.99910000,10.00,Mildew,0.999990,True
2026-08-10T13:26:24+03:00,datasets/crop_disease/test\Mildew\test_000050.jpg,40.02460000,-73.99900000,10.00,Mildew,0.999735,True
2026-08-10T13:26:24+03:00,datasets/crop_disease/test\Mildew\test_000051.jpg,40.02460000,-73.99890000,10.00,Mildew,0.999963,True
2026-08-10T13:26:24+03:00,datasets/crop_disease/test\Mildew\test_000052.jpg,40.02460000,-73.99880000,10.00,Mildew,1.000000,True
2026-08-10T13:26:24+03:00,datasets/crop_disease/test\Mildew\test_000053.jpg,40.02460000,-73.99870000,10.00,Mildew,0.999963,True
2026-08-10T13:26:24+03:00,datasets/crop_disease/test\Mildew\test_000054.jpg,40.02460000,-73.99860000,10.00,Mildew,1.000000,True
2026-08-10T13:26:24+03:00,datasets/crop_disease/test\Mildew\test_000055.jpg,40.02460000,-73.99850000,10.00,Mildew,0.999994,True
2026-08-10T13:26:24+03:00,datasets/crop_disease/test\Mildew\test_000056.jpg,40.02460000,-73.99840000,10.00,Mildew,0.999999,True
2026-08-10T13:26:24+03:00,datasets/crop_disease/test\Mildew\test_000057.jpg,40.02460000,-73.99830000,10.00,Mildew,0.999999,True
2026-08-10T13:26:24+03:00,datasets/crop_disease/test\Mildew\test_000058.jpg,40.02460000,-73.99820000,10.00,Mildew,0.999997,True
2026-08-10T13:26:24+03:00,datasets/crop_disease/test\Mildew\test_000059.jpg,40.02460000,-73.99810000,10.00,Mildew,0.999977,True
2026-08-10T13:26:24+03:00,datasets/crop_disease/test\Mildew\test_000060.jpg,40.02470000,-74.00000000,10.00,Mildew,1.000000,True
2026-08-10T13:26:24+03:00,datasets/crop_disease/test\Mildew\test_000061.jpg,40.02470000,-73.99990000,10.00,Mildew,1.000000,True
2026-08-10T13:26:24+03:00,datasets/crop_disease/test\Mildew\test_000062.jpg,40.02470000,-73.99980000,10.00,Mildew,1.000000,True
2026-08-10T13:26:24+03:00,datasets/crop_disease/test\Mildew\test_000063.jpg,40.02470000,-73.99970000,10.00,Mildew,1.000000,True
2026-08-10T13:26:24+03:00,datasets/crop_disease/test\Mildew\test_000064.jpg,40.02470000,-73.99960000,10.00,Mildew,0.999934,True
2026-08-10T13:26:24+03:00,datasets/crop_disease/test\Mildew\test_000065.jpg,40.02470000,-73.99950000,10.00,Mildew,0.999994,True
2026-08-10T13:26:24+03:00,datasets/crop_disease/test\Mildew\test_000066.jpg,40.02470000,-73.99940000,10.00,Mildew,0.998296,True
2026-08-10T13:26:24+03:00,datasets/crop_disease/test\Mildew\test_000067.jpg,40.02470000,-73.99930000,10.00,Mildew,1.000000,True
2026-08-10T13:26:24+03:00,datasets/crop_disease/test\Mildew\test_000068.jpg,40.02470000,-73.99920000,10.00,Mildew,0.999982,True
2026-08-10T13:26:24+03:00,datasets/crop_disease/test\Mildew\test_000069.jpg,40.02470000,-73.99910000,10.00,Mildew,1.000000,True
2026-08-10T13:26:24+03:00,datasets/crop_disease/test\Mildew\test_000070.jpg,40.02470000,-73.99900000,10.00,Mildew,0.999972,True
2026-08-10T13:26:24+03:00,datasets/crop_disease/test\Mildew\test_000071.jpg,40.02470000,-73.99890000,10.00,Mildew,1.000000,True
2026-08-10T13:26:24+03:00,datasets/crop_disease/test\Mildew\test_000072.jpg,40.02470000,-73.99880000,10.00,Mildew,0.999997,True
2026-08-10T13:26:24+03:00,datasets/crop_disease/test\Mildew\test_000073.jpg,40.02470000,-73.99870000,10.00,Mildew,1.000000,True
2026-08-10T13:26:24+03:00,datasets/crop_disease/test\Mildew\test_000074.jpg,40.02470000,-73.99860000,10.00,Mildew,0.999992,True
2026-08-10T13:26:24+03:00,datasets/crop_disease/test\Mildew\test_000075.jpg,40.02470000,-73.99850000,10.00,Mildew,1.000000,True
2026-08-10T13:26:24+03:00,datasets/crop_disease/test\Mildew\test_000076.jpg,40.02470000,-73.99840000,10.00,Mildew,0.999975,True
2026-08-10T13:26:24+03:00,datasets/crop_disease/test\Mildew\test_000077.jpg,40.02470000,-73.99830000,10.00,Mildew,0.999999,True
2026-08-10T13:26:24+03:00,datasets/crop_disease/test\Mildew\test_000078.jpg,40.02470000,-73.99820000,10.00,Mildew,1.000000,True
2026-08-10T13:26:24+03:00,datasets/crop_disease/test\Mildew\test_000079.jpg,40.02470000,-73.99810000,10.00,Mildew,0.999989,True
2026-08-10T13:26:24+03:00,datasets/crop_disease/test\Mildew\test_000080.jpg,40.02480000,-74.00000000,10.00,Mildew,0.999941,True
2026-08-10T13:26:25+03:00,datasets/crop_disease/test\Mildew\test_000081.jpg,40.02480000,-73.99990000,10.00,Mildew,0.999999,True
2026-08-10T13:26:25+03:00,datasets/crop_disease/test\Mildew\test_000082.jpg,40.02480000,-73.99980000,10.00,Mildew,0.996911,True
2026-08-10T13:26:25+03:00,datasets/crop_disease/test\Mildew\test_000083.jpg,40.02480000,-73.99970000,10.00,Mildew,0.999748,True
2026-08-10T13:26:25+03:00,datasets/crop_disease/test\Mildew\test_000084.jpg,40.02480000,-73.99960000,10.00,Mildew,0.999999,True
2026-08-10T13:26:25+03:00,datasets/crop_disease/test\Mildew\test_000085.jpg,40.02480000,-73.99950000,10.00,Mildew,0.999982,True
2026-08-10T13:26:25+03:00,datasets/crop_disease/test\Mildew\test_000086.jpg,40.02480000,-73.99940000,10.00,Mildew,0.999982,True
2026-08-10T13:26:25+03:00,datasets/crop_disease/test\Mildew\test_000087.jpg,40.02480000,-73.99930000,10.00,Mildew,0.995220,True
2026-08-10T13:26:25+03:00,datasets/crop_disease/test\Mildew\test_000088.jpg,40.02480000,-73.99920000,10.00,Mildew,0.999914,True
2026-08-10T13:26:25+03:00,datasets/crop_disease/test\Mildew\test_000089.jpg,40.02480000,-73.99910000,10.00,Mildew,0.999743,True
2026-08-10T13:26:25+03:00,datasets/crop_disease/test\Mildew\test_000090.jpg,40.02480000,-73.99900000,10.00,Mildew,1.000000,True
2026-08-10T13:26:25+03:00,datasets/crop_disease/test\Mildew\test_000091.jpg,40.02480000,-73.99890000,10.00,Mildew,0.999935,True
2026-08-10T13:26:25+03:00,datasets/crop_disease/test\Mildew\test_000092.jpg,40.02480000,-73.99880000,10.00,Mildew,0.998981,True
2026-08-10T13:26:25+03:00,datasets/crop_disease/test\Mildew\test_000093.jpg,40.02480000,-73.99870000,10.00,Mildew,1.000000,True
2026-08-10T13:26:25+03:00,datasets/crop_disease/test\Mildew\test_000094.jpg,40.02480000,-73.99860000,10.00,Mildew,1.000000,True
2026-08-10T13:26:25+03:00,datasets/crop_disease/test\Mildew\test_000095.jpg,40.02480000,-73.99850000,10.00,Mildew,1.000000,True
2026-08-10T13:26:25+03:00,datasets/crop_disease/test\Mildew\test_000096.jpg,40.02480000,-73.99840000,10.00,Mildew,0.999822,True
2026-08-10T13:26:25+03:00,datasets/crop_disease/test\Mildew\test_000097.jpg,40.02480000,-73.99830000,10.00,Mildew,0.999967,True
2026-08-10T13:26:25+03:00,datasets/crop_disease/test\Mildew\test_000098.jpg,40.02480000,-73.99820000,10.00,Mildew,0.999997,True
2026-08-10T13:26:25+03:00,datasets/crop_disease/test\Mildew\test_000099.jpg,40.02480000,-73.99810000,10.00,Mildew,0.999999,True
2026-08-10T13:26:25+03:00,datasets/crop_disease/test\Mildew\test_000100.jpg,40.02490000,-74.00000000,10.00,Mildew,1.000000,True
2026-08-10T13:26:25+03:00,datasets/crop_disease/test\Mildew\test_000101.jpg,40.02490000,-73.99990000,10.00,Mildew,0.999998,True
2026-08-10T13:26:25+03:00,datasets/crop_disease/test\Mildew\test_000102.jpg,40.02490000,-73.99980000,10.00,Mildew,1.000000,True
2026-08-10T13:26:25+03:00,datasets/crop_disease/test\Mildew\test_000103.jpg,40.02490000,-73.99970000,10.00,Mildew,0.999936,True
2026-08-10T13:26:25+03:00,datasets/crop_disease/test\Mildew\test_000104.jpg,40.02490000,-73.99960000,10.00,Mildew,1.000000,True
2026-08-10T13:26:25+03:00,datasets/crop_disease/test\Mildew\test_000105.jpg,40.02490000,-73.99950000,10.00,Mildew,0.999986,True
2026-08-10T13:26:25+03:00,datasets/crop_disease/test\Mildew\test_000106.jpg,40.02490000,-73.99940000,10.00,Mildew,0.998988,True
2026-08-10T13:26:25+03:00,datasets/crop_disease/test\Mildew\test_000107.jpg,40.02490000,-73.99930000,10.00,Mildew,1.000000,True
2026-08-10T13:26:25+03:00,datasets/crop_disease/test\Mildew\test_000108.jpg,40.02490000,-73.99920000,10.00,Mildew,0.999999,True
2026-08-10T13:26:25+03:00,datasets/crop_disease/test\Mildew\test_000109.jpg,40.02490000,-73.99910000,10.00,Mildew,1.000000,True
2026-08-10T13:26:25+03:00,datasets/crop_disease/test\Mildew\test_000110.jpg,40.02490000,-73.99900000,10.00,Mildew,1.000000,True
2026-08-10T13:26:25+03:00,datasets/crop_disease/test\Mildew\test_000111.jpg,40.02490000,-73.99890000,10.00,Mildew,0.996525,True
2026-08-10T13:26:25+03:00,datasets/crop_disease/test\Mildew\test_000112.jpg,40.02490000,-73.99880000,10.00,Mildew,1.000000,True
2026-08-10T13:26:25+03:00,datasets/crop_disease/test\Mildew\test_000113.jpg,40.02490000,-73.99870000,10.00,Mildew,0.999944,True
2026-08-10T13:26:25+03:00,datasets/crop_disease/test\Mildew\test_000114.jpg,40.02490000,-73.99860000,10.00,Mildew,0.999999,True
2026-08-10T13:26:25+03:00,datasets/crop_disease/test\Mildew\test_000115.jpg,40.02490000,-73.99850000,10.00,Mildew,0.999954,True
2026-08-10T13:26:25+03:00,datasets/crop_disease/test\Mildew\test_000116.jpg,40.02490000,-73.99840000,10.00,Mildew,1.000000,True
2026-08-10T13:26:25+03:00,datasets/crop_disease/test\Mildew\test_000117.jpg,40.02490000,-73.99830000,10.00,Mildew,1.000000,True
2026-08-10T13:26:25+03:00,datasets/crop_disease/test\Mildew\test_000118.jpg,40.02490000,-73.99820000,10.00,Mildew,0.999999,True
2026-08-10T13:26:25+03:00,datasets/crop_disease/test\Mildew\test_000119.jpg,40.02490000,-73.99810000,10.00,Mildew,1.000000,True
2026-08-10T13:26:25+03:00,datasets/crop_disease/test\Mildew\test_000120.jpg,40.02500000,-74.00000000,10.00,Mildew,0.999679,True
2026-08-10T13:26:25+03:00,datasets/crop_disease/test\Mildew\test_000121.jpg,40.02500000,-73.99990000,10.00,Mildew,0.999999,True
2026-08-10T13:26:25+03:00,datasets/crop_disease/test\Mildew\test_000122.jpg,40.02500000,-73.99980000,10.00,Mildew,0.998686,True
2026-08-10T13:26:25+03:00,datasets/crop_disease/test\Mildew\test_000123.jpg,40.02500000,-73.99970000,10.00,Mildew,0.999994,True
2026-08-10T13:26:25+03:00,datasets/crop_disease/test\Mildew\test_000124.jpg,40.02500000,-73.99960000,10.00,Mildew,0.999857,True
2026-08-10T13:26:25+03:00,datasets/crop_disease/test\Mildew\test_000125.jpg,40.02500000,-73.99950000,10.00,Mildew,0.922934,False
2026-08-10T13:26:25+03:00,datasets/crop_disease/test\Mildew\test_000126.jpg,40.02500000,-73.99940000,10.00,Mildew,1.000000,True
2026-08-10T13:26:25+03:00,datasets/crop_disease/test\Mildew\test_000127.jpg,40.02500000,-73.99930000,10.00,Mildew,1.000000,True
2026-08-10T13:26:25+03:00,datasets/crop_disease/test\Mildew\test_000128.jpg,40.02500000,-73.99920000,10.00,Mildew,0.999607,True
2026-08-10T13:26:25+03:00,datasets/crop_disease/test\Mildew\test_000129.jpg,40.02500000,-73.99910000,10.00,Mildew,0.999855,True
2026-08-10T13:26:25+03:00,datasets/crop_disease/test\Mildew\test_000130.jpg,40.02500000,-73.99900000,10.00,Mildew,1.000000,True
2026-08-10T13:26:25+03:00,datasets/crop_disease/test\Mildew\test_000131.jpg,40.02500000,-73.99890000,10.00,Mildew,0.999839,True
2026-08-10T13:26:25+03:00,datasets/crop_disease/test\Mildew\test_000132.jpg,40.02500000,-73.99880000,10.00,Mildew,0.998609,True
2026-08-10T13:26:25+03:00,datasets/crop_disease/test\Mildew\test_000133.jpg,40.02500000,-73.99870000,10.00,Mildew,0.999911,True
2026-08-10T13:26:25+03:00,datasets/crop_disease/test\Mildew\test_000134.jpg,40.02500000,-73.99860000,10.00,Mildew,1.000000,True
2026-08-10T13:26:25+03:00,datasets/crop_disease/test\Mildew\test_000135.jpg,40.02500000,-73.99850000,10.00,Mildew,0.999954,True
2026-08-10T13:26:25+03:00,datasets/crop_disease/test\Mildew\test_000136.jpg,40.02500000,-73.99840000,10.00,Mildew,1.000000,True
2026-08-10T13:26:25+03:00,datasets/crop_disease/test\Mildew\test_000137.jpg,40.02500000,-73.99830000,10.00,Mildew,0.999998,True
2026-08-10T13:26:25+03:00,datasets/crop_disease/test\Mildew\test_000138.jpg,40.02500000,-73.99820000,10.00,Mildew,0.999411,True
2026-08-10T13:26:25+03:00,datasets/crop_disease/test\Mildew\test_000139.jpg,40.02500000,-73.99810000,10.00,Mildew,1.000000,True
2026-08-10T13:26:25+03:00,datasets/crop_disease/test\Mildew\test_000140.jpg,40.02510000,-74.00000000,10.00,Mildew,0.999996,True
2026-08-10T13:26:25+03:00,datasets/crop_disease/test\Mildew\test_000141.jpg,40.02510000,-73.99990000,10.00,Mildew,0.999999,True
2026-08-10T13:26:25+03:00,datasets/crop_disease/test\Mildew\test_000142.jpg,40.02510000,-73.99980000,10.00,Mildew,0.999998,True
2026-08-10T13:26:25+03:00,datasets/crop_disease/test\Mildew\test_000143.jpg,40.02510000,-73.99970000,10.00,Mildew,1.000000,True
2026-08-10T13:26:25+03:00,datasets/crop_disease/test\Mildew\test_000144.jpg,40.02510000,-73.99960000,10.00,Mildew,1.000000,True
2026-08-10T13:26:25+03:00,datasets/crop_disease/test\Mildew\test_000145.jpg,40.02510000,-73.99950000,10.00,Mildew,1.000000,True
2026-08-10T13:26:25+03:00,datasets/crop_disease/test\Mildew\test_000146.jpg,40.02510000,-73.99940000,10.00,Mildew,0.999875,True
2026-08-10T13:26:25+03:00,datasets/crop_disease/test\Mildew\test_000147.jpg,40.02510000,-73.99930000,10.00,Mildew,1.000000,True
2026-08-10T13:26:25+03:00,datasets/crop_disease/test\Mildew\test_000148.jpg,40.02510000,-73.99920000,10.00,Mildew,1.000000,True
2026-08-10T13:26:25+03:00,datasets/crop_disease/test\Mildew\test_000149.jpg,40.02510000,-73.99910000,10.00,Mildew,1.000000,True
2026-08-10T13:26:25+03:00,datasets/crop_disease/test\Mildew\test_000150.jpg,40.02510000,-73.99900000,10.00,Mildew,0.997460,True
2026-08-10T13:26:25+03:00,datasets/crop_disease/test\Mildew\test_000151.jpg,40.02510000,-73.99890000,10.00,Mildew,0.999936,True
2026-08-10T13:26:25+03:00,datasets/crop_disease/test\Mildew\test_000152.jpg,40.02510000,-73.99880000,10.00,Mildew,1.000000,True
2026-08-10T13:26:25+03:00,datasets/crop_disease/test\Mildew\test_000153.jpg,40.02510000,-73.99870000,10.00,Mildew,0.999999,True
2026-08-10T13:26:25+03:00,datasets/crop_disease/test\Mildew\test_000154.jpg,40.02510000,-73.99860000,10.00,Mildew,0.999991,True
2026-08-10T13:26:25+03:00,datasets/crop_disease/test\Mildew\test_000155.jpg,40.02510000,-73.99850000,10.00,Mildew,0.999999,True
2026-08-10T13:26:25+03:00,datasets/crop_disease/test\Mildew\test_000156.jpg,40.02510000,-73.99840000,10.00,Mildew,0.999416,True
2026-08-10T13:26:25+03:00,datasets/crop_disease/test\Mildew\test_000157.jpg,40.02510000,-73.99830000,10.00,Mildew,0.999708,True
2026-08-10T13:26:25+03:00,datasets/crop_disease/test\Mildew\test_000158.jpg,40.02510000,-73.99820000,10.00,Mildew,0.999998,True
2026-08-10T13:26:25+03:00,datasets/crop_disease/test\Mildew\test_000159.jpg,40.02510000,-73.99810000,10.00,Mildew,0.996806,True
2026-08-10T13:26:25+03:00,datasets/crop_disease/test\Mildew\test_000160.jpg,40.02520000,-74.00000000,10.00,Mildew,0.999705,True
2026-08-10T13:26:25+03:00,datasets/crop_disease/test\Mildew\test_000161.jpg,40.02520000,-73.99990000,10.00,Mildew,1.000000,True
2026-08-10T13:26:26+03:00,datasets/crop_disease/test\Mildew\test_000162.jpg,40.02520000,-73.99980000,10.00,Mildew,1.000000,True
2026-08-10T13:26:26+03:00,datasets/crop_disease/test\Mildew\test_000163.jpg,40.02520000,-73.99970000,10.00,Mildew,1.000000,True
2026-08-10T13:26:26+03:00,datasets/crop_disease/test\Mildew\test_000164.jpg,40.02520000,-73.99960000,10.00,Mildew,0.983546,True
2026-08-10T13:26:26+03:00,datasets/crop_disease/test\Mildew\test_000165.jpg,40.02520000,-73.99950000,10.00,Mildew,0.999994,True
2026-08-10T13:26:26+03:00,datasets/crop_disease/test\Mildew\test_000166.jpg,40.02520000,-73.99940000,10.00,Mildew,0.999984,True
2026-08-10T13:26:26+03:00,datasets/crop_disease/test\Mildew\test_000167.jpg,40.02520000,-73.99930000,10.00,Mildew,0.999998,True
2026-08-10T13:26:26+03:00,datasets/crop_disease/test\Mildew\test_000168.jpg,40.02520000,-73.99920000,10.00,Mildew,0.999601,True
2026-08-10T13:26:26+03:00,datasets/crop_disease/test\Mildew\test_000169.jpg,40.02520000,-73.99910000,10.00,Mildew,0.998980,True
2026-08-10T13:26:26+03:00,datasets/crop_disease/test\Mildew\test_000170.jpg,40.02520000,-73.99900000,10.00,Mildew,0.911064,False
2026-08-10T13:26:26+03:00,datasets/crop_disease/test\Mildew\test_000171.jpg,40.02520000,-73.99890000,10.00,Mildew,0.999999,True
2026-08-10T13:26:26+03:00,datasets/crop_disease/test\Mildew\test_000172.jpg,40.02520000,-73.99880000,10.00,Mildew,1.000000,True
2026-08-10T13:26:26+03:00,datasets/crop_disease/test\Mildew\test_000173.jpg,40.02520000,-73.99870000,10.00,Mildew,1.000000,True
2026-08-10T13:26:26+03:00,datasets/crop_disease/test\Mildew\test_000174.jpg,40.02520000,-73.99860000,10.00,Mildew,0.999972,True
2026-08-10T13:26:26+03:00,datasets/crop_disease/test\Mildew\test_000175.jpg,40.02520000,-73.99850000,10.00,Mildew,1.000000,True
2026-08-10T13:26:26+03:00,datasets/crop_disease/test\Mildew\test_000176.jpg,40.02520000,-73.99840000,10.00,Mildew,0.999977,True
2026-08-10T13:26:26+03:00,datasets/crop_disease/test\Mildew\test_000177.jpg,40.02520000,-73.99830000,10.00,Mildew,0.974808,True
2026-08-10T13:26:26+03:00,datasets/crop_disease/test\Mildew\test_000178.jpg,40.02520000,-73.99820000,10.00,Mildew,0.999977,True
2026-08-10T13:26:26+03:00,datasets/crop_disease/test\Mildew\test_000179.jpg,40.02520000,-73.99810000,10.00,Mildew,0.999985,True
2026-08-10T13:26:26+03:00,datasets/crop_disease/test\Mildew\test_000180.jpg,40.02530000,-74.00000000,10.00,Mildew,0.999765,True
2026-08-10T13:26:26+03:00,datasets/crop_disease/test\Mildew\test_000181.jpg,40.02530000,-73.99990000,10.00,Mildew,0.999999,True
2026-08-10T13:26:26+03:00,datasets/crop_disease/test\Mildew\test_000182.jpg,40.02530000,-73.99980000,10.00,Mildew,0.999991,True
2026-08-10T13:26:26+03:00,datasets/crop_disease/test\Mildew\test_000183.jpg,40.02530000,-73.99970000,10.00,Mildew,1.000000,True
2026-08-10T13:26:26+03:00,datasets/crop_disease/test\Mildew\test_000184.jpg,40.02530000,-73.99960000,10.00,Mildew,0.999896,True
2026-08-10T13:26:26+03:00,datasets/crop_disease/test\Mildew\test_000185.jpg,40.02530000,-73.99950000,10.00,Mildew,0.999998,True
2026-08-10T13:26:26+03:00,datasets/crop_disease/test\Mildew\test_000186.jpg,40.02530000,-73.99940000,10.00,Mildew,0.996968,True
2026-08-10T13:26:26+03:00,datasets/crop_disease/test\Mildew\test_000187.jpg,40.02530000,-73.99930000,10.00,Mildew,0.999999,True
2026-08-10T13:26:26+03:00,datasets/crop_disease/test\Mildew\test_000188.jpg,40.02530000,-73.99920000,10.00,Mildew,0.998779,True
2026-08-10T13:26:26+03:00,datasets/crop_disease/test\Mildew\test_000189.jpg,40.02530000,-73.99910000,10.00,Mildew,1.000000,True
2026-08-10T13:26:26+03:00,datasets/crop_disease/test\Mildew\test_000190.jpg,40.02530000,-73.99900000,10.00,Mildew,0.999961,True
2026-08-10T13:26:26+03:00,datasets/crop_disease/test\Mildew\test_000191.jpg,40.02530000,-73.99890000,10.00,Mildew,0.999991,True
2026-08-10T13:26:26+03:00,datasets/crop_disease/test\Mildew\test_000192.jpg,40.02530000,-73.99880000,10.00,Mildew,0.998140,True
2026-08-10T13:26:26+03:00,datasets/crop_disease/test\Mildew\test_000193.jpg,40.02530000,-73.99870000,10.00,Mildew,1.000000,True
2026-08-10T13:26:26+03:00,datasets/crop_disease/test\Mildew\test_000194.jpg,40.02530000,-73.99860000,10.00,Mildew,0.999993,True
2026-08-10T13:26:26+03:00,datasets/crop_disease/test\Mildew\test_000195.jpg,40.02530000,-73.99850000,10.00,Mildew,0.999969,True
2026-08-10T13:26:26+03:00,datasets/crop_disease/test\Mildew\test_000196.jpg,40.02530000,-73.99840000,10.00,Mildew,0.999946,True
2026-08-10T13:26:26+03:00,datasets/crop_disease/test\Mildew\test_000197.jpg,40.02530000,-73.99830000,10.00,Mildew,0.999984,True
2026-08-10T13:26:26+03:00,datasets/crop_disease/test\Mildew\test_000198.jpg,40.02530000,-73.99820000,10.00,Mildew,1.000000,True
2026-08-10T13:26:26+03:00,datasets/crop_disease/test\Mildew\test_000199.jpg,40.02530000,-73.99810000,10.00,Mildew,0.999224,True
2026-08-10T13:26:26+03:00,datasets/crop_disease/test\Mildew\test_000200.jpg,40.02540000,-74.00000000,10.00,Mildew,1.000000,True
2026-08-10T13:26:26+03:00,datasets/crop_disease/test\Mildew\test_000201.jpg,40.02540000,-73.99990000,10.00,Mildew,0.999975,True
2026-08-10T13:26:26+03:00,datasets/crop_disease/test\Mildew\test_000202.jpg,40.02540000,-73.99980000,10.00,Mildew,0.999980,True
2026-08-10T13:26:26+03:00,datasets/crop_disease/test\Mildew\test_000203.jpg,40.02540000,-73.99970000,10.00,Mildew,0.999966,True
2026-08-10T13:26:26+03:00,datasets/crop_disease/test\Mildew\test_000204.jpg,40.02540000,-73.99960000,10.00,Mildew,1.000000,True
2026-08-10T13:26:26+03:00,datasets/crop_disease/test\Mildew\test_000205.jpg,40.02540000,-73.99950000,10.00,Mildew,0.999960,True
2026-08-10T13:26:26+03:00,datasets/crop_disease/test\Mildew\test_000206.jpg,40.02540000,-73.99940000,10.00,Mildew,0.997495,True
2026-08-10T13:26:26+03:00,datasets/crop_disease/test\Mildew\test_000207.jpg,40.02540000,-73.99930000,10.00,Mildew,0.999819,True
2026-08-10T13:26:26+03:00,datasets/crop_disease/test\Mildew\test_000208.jpg,40.02540000,-73.99920000,10.00,Mildew,1.000000,True
2026-08-10T13:26:26+03:00,datasets/crop_disease/test\Mildew\test_000209.jpg,40.02540000,-73.99910000,10.00,Mildew,0.999941,True
2026-08-10T13:26:26+03:00,datasets/crop_disease/test\Mildew\test_000210.jpg,40.02540000,-73.99900000,10.00,Mildew,1.000000,True
2026-08-10T13:26:26+03:00,datasets/crop_disease/test\Mildew\test_000211.jpg,40.02540000,-73.99890000,10.00,Mildew,1.000000,True
2026-08-10T13:26:26+03:00,datasets/crop_disease/test\Mildew\test_000212.jpg,40.02540000,-73.99880000,10.00,Mildew,0.999995,True
2026-08-10T13:26:26+03:00,datasets/crop_disease/test\Mildew\test_000213.jpg,40.02540000,-73.99870000,10.00,Mildew,1.000000,True
2026-08-10T13:26:26+03:00,datasets/crop_disease/test\Mildew\test_000214.jpg,40.02540000,-73.99860000,10.00,Mildew,1.000000,True
2026-08-10T13:26:26+03:00,datasets/crop_disease/test\Mildew\test_000215.jpg,40.02540000,-73.99850000,10.00,Mildew,1.000000,True
2026-08-10T13:26:26+03:00,datasets/crop_disease/test\Mildew\test_000216.jpg,40.02540000,-73.99840000,10.00,Mildew,0.999962,True
2026-08-10T13:26:26+03:00,datasets/crop_disease/test\Mildew\test_000217.jpg,40.02540000,-73.99830000,10.00,Mildew,0.999997,True
2026-08-10T13:26:26+03:00,datasets/crop_disease/test\Mildew\test_000218.jpg,40.02540000,-73.99820000,10.00,Mildew,0.999999,True
2026-08-10T13:26:26+03:00,datasets/crop_disease/test\Mildew\test_000219.jpg,40.02540000,-73.99810000,10.00,Mildew,0.999996,True
2026-08-10T13:26:26+03:00,datasets/crop_disease/test\Mildew\test_000220.jpg,40.02550000,-74.00000000,10.00,Mildew,1.000000,True
2026-08-10T13:26:26+03:00,datasets/crop_disease/test\Mildew\test_000221.jpg,40.02550000,-73.99990000,10.00,Mildew,0.999998,True
2026-08-10T13:26:26+03:00,datasets/crop_disease/test\Mildew\test_000222.jpg,40.02550000,-73.99980000,10.00,Mildew,1.000000,True
2026-08-10T13:26:26+03:00,datasets/crop_disease/test\Mildew\test_000223.jpg,40.02550000,-73.99970000,10.00,Mildew,1.000000,True
2026-08-10T13:26:26+03:00,datasets/crop_disease/test\Mildew\test_000224.jpg,40.02550000,-73.99960000,10.00,Mildew,0.999999,True
2026-08-10T13:26:26+03:00,datasets/crop_disease/test\Mildew\test_000225.jpg,40.02550000,-73.99950000,10.00,Mildew,0.999992,True
2026-08-10T13:26:26+03:00,datasets/crop_disease/test\Mildew\test_000226.jpg,40.02550000,-73.99940000,10.00,Mildew,1.000000,True
2026-08-10T13:26:26+03:00,datasets/crop_disease/test\Mildew\test_000227.jpg,40.02550000,-73.99930000,10.00,Mildew,0.999999,True
2026-08-10T13:26:26+03:00,datasets/crop_disease/test\Mildew\test_000228.jpg,40.02550000,-73.99920000,10.00,Mildew,0.999999,True
2026-08-10T13:26:26+03:00,datasets/crop_disease/test\Mildew\test_000229.jpg,40.02550000,-73.99910000,10.00,Mildew,0.999996,True
2026-08-10T13:26:26+03:00,datasets/crop_disease/test\Mildew\test_000230.jpg,40.02550000,-73.99900000,10.00,Mildew,0.999974,True
2026-08-10T13:26:26+03:00,datasets/crop_disease/test\Mildew\test_000231.jpg,40.02550000,-73.99890000,10.00,Mildew,1.000000,True
2026-08-10T13:26:26+03:00,datasets/crop_disease/test\Mildew\test_000232.jpg,40.02550000,-73.99880000,10.00,Mildew,0.999996,True
2026-08-10T13:26:26+03:00,datasets/crop_disease/test\Mildew\test_000233.jpg,40.02550000,-73.99870000,10.00,Mildew,0.999999,True
2026-08-10T13:26:26+03:00,datasets/crop_disease/test\Mildew\test_000234.jpg,40.02550000,-73.99860000,10.00,Mildew,0.999691,True
2026-08-10T13:26:26+03:00,datasets/crop_disease/test\Mildew\test_000235.jpg,40.02550000,-73.99850000,10.00,Mildew,0.999883,True
2026-08-10T13:26:26+03:00,datasets/crop_disease/test\Mildew\test_000236.jpg,40.02550000,-73.99840000,10.00,Mildew,0.999991,True
2026-08-10T13:26:26+03:00,datasets/crop_disease/test\Mildew\test_000237.jpg,40.02550000,-73.99830000,10.00,Mildew,1.000000,True
2026-08-10T13:26:26+03:00,datasets/crop_disease/test\Mildew\test_000238.jpg,40.02550000,-73.99820000,10.00,Mildew,0.999997,True
2026-08-10T13:26:26+03:00,datasets/crop_disease/test\Mildew\test_000239.jpg,40.02550000,-73.99810000,10.00,Mildew,1.000000,True
2026-08-10T13:26:26+03:00,datasets/crop_disease/test\Mildew\test_000240.jpg,40.02560000,-74.00000000,10.00,Mildew,1.000000,True
2026-08-10T13:26:26+03:00,datasets/crop_disease/test\Mildew\test_000241.jpg,40.02560000,-73.99990000,10.00,Mildew,1.000000,True
2026-08-10T13:26:27+03:00,datasets/crop_disease/test\Mildew\test_000242.jpg,40.02560000,-73.99980000,10.00,Mildew,1.000000,True
2026-08-10T13:26:27+03:00,datasets/crop_disease/test\Mildew\test_000243.jpg,40.02560000,-73.99970000,10.00,Mildew,0.999977,True
2026-08-10T13:26:27+03:00,datasets/crop_disease/test\Mildew\test_000244.jpg,40.02560000,-73.99960000,10.00,Mildew,1.000000,True
2026-08-10T13:26:27+03:00,datasets/crop_disease/test\Mildew\test_000245.jpg,40.02560000,-73.99950000,10.00,Mildew,0.999984,True
2026-08-10T13:26:27+03:00,datasets/crop_disease/test\Mildew\test_000246.jpg,40.02560000,-73.99940000,10.00,Mildew,1.000000,True
2026-08-10T13:26:27+03:00,datasets/crop_disease/test\Mildew\test_000247.jpg,40.02560000,-73.99930000,10.00,Mildew,1.000000,True
2026-08-10T13:26:27+03:00,datasets/crop_disease/test\Mildew\test_000248.jpg,40.02560000,-73.99920000,10.00,Mildew,1.000000,True
2026-08-10T13:26:27+03:00,datasets/crop_disease/test\Mildew\test_000249.jpg,40.02560000,-73.99910000,10.00,Mildew,0.999990,True
2026-08-10T13:26:27+03:00,datasets/crop_disease/test\Mildew\test_000250.jpg,40.02560000,-73.99900000,10.00,Mildew,1.000000,True
2026-08-10T13:26:27+03:00,datasets/crop_disease/test\Mildew\test_000251.jpg,40.02560000,-73.99890000,10.00,Mildew,1.000000,True
2026-08-10T13:26:27+03:00,datasets/crop_disease/test\Mildew\test_000252.jpg,40.02560000,-73.99880000,10.00,Mildew,1.000000,True
2026-08-10T13:26:27+03:00,datasets/crop_disease/test\Mildew\test_000253.jpg,40.02560000,-73.99870000,10.00,Mildew,0.998480,True
2026-08-10T13:26:27+03:00,datasets/crop_disease/test\Mildew\test_000254.jpg,40.02560000,-73.99860000,10.00,Mildew,0.999972,True
2026-08-10T13:26:27+03:00,datasets/crop_disease/test\Mildew\test_000255.jpg,40.02560000,-73.99850000,10.00,Mildew,0.918137,False
2026-08-10T13:26:27+03:00,datasets/crop_disease/test\Mildew\test_000256.jpg,40.02560000,-73.99840000,10.00,Mildew,1.000000,True
2026-08-10T13:26:27+03:00,datasets/crop_disease/test\Mildew\test_000257.jpg,40.02560000,-73.99830000,10.00,Mildew,0.999990,True
2026-08-10T13:26:27+03:00,datasets/crop_disease/test\Mildew\test_000258.jpg,40.02560000,-73.99820000,10.00,Mildew,0.999996,True
2026-08-10T13:26:27+03:00,datasets/crop_disease/test\Mildew\test_000259.jpg,40.02560000,-73.99810000,10.00,Mildew,0.999974,True
2026-08-10T13:26:27+03:00,datasets/crop_disease/test\Mildew\test_000260.jpg,40.02570000,-74.00000000,10.00,Mildew,1.000000,True
2026-08-10T13:26:27+03:00,datasets/crop_disease/test\Mildew\test_000261.jpg,40.02570000,-73.99990000,10.00,Mildew,1.000000,True
2026-08-10T13:26:27+03:00,datasets/crop_disease/test\Mildew\test_000262.jpg,40.02570000,-73.99980000,10.00,Mildew,1.000000,True
2026-08-10T13:26:27+03:00,datasets/crop_disease/test\Mildew\test_000263.jpg,40.02570000,-73.99970000,10.00,Mildew,0.999332,True
2026-08-10T13:26:27+03:00,datasets/crop_disease/test\Mildew\test_000264.jpg,40.02570000,-73.99960000,10.00,Mildew,1.000000,True
2026-08-10T13:26:27+03:00,datasets/crop_disease/test\Mildew\test_000265.jpg,40.02570000,-73.99950000,10.00,Mildew,1.000000,True
2026-08-10T13:26:27+03:00,datasets/crop_disease/test\Mildew\test_000266.jpg,40.02570000,-73.99940000,10.00,Mildew,0.949486,False
2026-08-10T13:26:27+03:00,datasets/crop_disease/test\Mildew\test_000267.jpg,40.02570000,-73.99930000,10.00,Mildew,1.000000,True
2026-08-10T13:26:27+03:00,datasets/crop_disease/test\Mildew\test_000268.jpg,40.02570000,-73.99920000,10.00,Mildew,1.000000,True
2026-08-10T13:26:27+03:00,datasets/crop_disease/test\Mildew\test_000269.jpg,40.02570000,-73.99910000,10.00,Mildew,0.995895,True
2026-08-10T13:26:27+03:00,datasets/crop_disease/test\Mildew\test_000270.jpg,40.02570000,-73.99900000,10.00,Mildew,1.000000,True
2026-08-10T13:26:27+03:00,datasets/crop_disease/test\Mildew\test_000271.jpg,40.02570000,-73.99890000,10.00,Mildew,0.999921,True
2026-08-10T13:26:27+03:00,datasets/crop_disease/test\Mildew\test_000272.jpg,40.02570000,-73.99880000,10.00,Mildew,1.000000,True
2026-08-10T13:26:27+03:00,datasets/crop_disease/test\Mildew\test_000273.jpg,40.02570000,-73.99870000,10.00,Mildew,0.999709,True
2026-08-10T13:26:27+03:00,datasets/crop_disease/test\Mildew\test_000274.jpg,40.02570000,-73.99860000,10.00,Mildew,1.000000,True
2026-08-10T13:26:27+03:00,datasets/crop_disease/test\Mildew\test_000275.jpg,40.02570000,-73.99850000,10.00,Mildew,1.000000,True
2026-08-10T13:26:27+03:00,datasets/crop_disease/test\Mildew\test_000276.jpg,40.02570000,-73.99840000,10.00,Mildew,1.000000,True
2026-08-10T13:26:27+03:00,datasets/crop_disease/test\Mildew\test_000277.jpg,40.02570000,-73.99830000,10.00,Mildew,1.000000,True
2026-08-10T13:26:27+03:00,datasets/crop_disease/test\Mildew\test_000278.jpg,40.02570000,-73.99820000,10.00,Mildew,1.000000,True
2026-08-10T13:26:27+03:00,datasets/crop_disease/test\Mildew\test_000279.jpg,40.02570000,-73.99810000,10.00,Mildew,1.000000,True
2026-08-10T13:26:27+03:00,datasets/crop_disease/test\Mildew\test_000280.jpg,40.02580000,-74.00000000,10.00,Mildew,0.999984,True
2026-08-10T13:26:27+03:00,datasets/crop_disease/test\Mildew\test_000281.jpg,40.02580000,-73.99990000,10.00,Mildew,1.000000,True
2026-08-10T13:26:27+03:00,datasets/crop_disease/test\Mildew\test_000282.jpg,40.02580000,-73.99980000,10.00,Mildew,0.999993,True
2026-08-10T13:26:27+03:00,datasets/crop_disease/test\Mildew\test_000283.jpg,40.02580000,-73.99970000,10.00,Mildew,0.998917,True
2026-08-10T13:26:27+03:00,datasets/crop_disease/test\Mildew\test_000284.jpg,40.02580000,-73.99960000,10.00,Mildew,0.999999,True
2026-08-10T13:26:27+03:00,datasets/crop_disease/test\Mildew\test_000285.jpg,40.02580000,-73.99950000,10.00,Mildew,1.000000,True
2026-08-10T13:26:27+03:00,datasets/crop_disease/test\Mildew\test_000286.jpg,40.02580000,-73.99940000,10.00,Mildew,1.000000,True
2026-08-10T13:26:27+03:00,datasets/crop_disease/test\Mildew\test_000287.jpg,40.02580000,-73.99930000,10.00,Mildew,0.999997,True
2026-08-10T13:26:27+03:00,datasets/crop_disease/test\Mildew\test_000288.jpg,40.02580000,-73.99920000,10.00,Mildew,1.000000,True
2026-08-10T13:26:27+03:00,datasets/crop_disease/test\Mildew\test_000289.jpg,40.02580000,-73.99910000,10.00,Mildew,1.000000,True
2026-08-10T13:26:27+03:00,datasets/crop_disease/test\Mildew\test_000290.jpg,40.02580000,-73.99900000,10.00,Mildew,0.999998,True
2026-08-10T13:26:27+03:00,datasets/crop_disease/test\Mildew\test_000291.jpg,40.02580000,-73.99890000,10.00,Mildew,1.000000,True
2026-08-10T13:26:27+03:00,datasets/crop_disease/test\Mildew\test_000292.jpg,40.02580000,-73.99880000,10.00,Mildew,0.999995,True
2026-08-10T13:26:27+03:00,datasets/crop_disease/test\Mildew\test_000293.jpg,40.02580000,-73.99870000,10.00,Mildew,1.000000,True
2026-08-10T13:26:27+03:00,datasets/crop_disease/test\Mildew\test_000294.jpg,40.02580000,-73.99860000,10.00,Mildew,1.000000,True
2026-08-10T13:26:27+03:00,datasets/crop_disease/test\Mildew\test_000295.jpg,40.02580000,-73.99850000,10.00,Mildew,0.999996,True
2026-08-10T13:26:27+03:00,datasets/crop_disease/test\Mildew\test_000296.jpg,40.02580000,-73.99840000,10.00,Mildew,1.000000,True
2026-08-10T13:26:27+03:00,datasets/crop_disease/test\Mildew\test_000297.jpg,40.02580000,-73.99830000,10.00,Mildew,1.000000,True
2026-08-10T13:26:27+03:00,datasets/crop_disease/test\Mildew\test_000298.jpg,40.02580000,-73.99820000,10.00,Mildew,0.999997,True
2026-08-10T13:26:27+03:00,datasets/crop_disease/test\Mildew\test_000299.jpg,40.02580000,-73.99810000,10.00,Mildew,1.000000,True
2026-08-10T13:26:27+03:00,datasets/crop_disease/test\Mildew\test_000300.jpg,40.02590000,-74.00000000,10.00,Mildew,0.999999,True
2026-08-10T13:26:27+03:00,datasets/crop_disease/test\Mildew\test_000301.jpg,40.02590000,-73.99990000,10.00,Mildew,1.000000,True
2026-08-10T13:26:27+03:00,datasets/crop_disease/test\Mildew\test_000302.jpg,40.02590000,-73.99980000,10.00,Mildew,0.999997,True
2026-08-10T13:26:27+03:00,datasets/crop_disease/test\Mildew\test_000303.jpg,40.02590000,-73.99970000,10.00,Mildew,0.999999,True
2026-08-10T13:26:27+03:00,datasets/crop_disease/test\Mildew\test_000304.jpg,40.02590000,-73.99960000,10.00,Mildew,1.000000,True
2026-08-10T13:26:27+03:00,datasets/crop_disease/test\Mildew\test_000305.jpg,40.02590000,-73.99950000,10.00,Mildew,1.000000,True
2026-08-10T13:26:27+03:00,datasets/crop_disease/test\Mildew\test_000306.jpg,40.02590000,-73.99940000,10.00,Mildew,1.000000,True
2026-08-10T13:26:27+03:00,datasets/crop_disease/test\Mildew\test_000307.jpg,40.02590000,-73.99930000,10.00,Mildew,1.000000,True
2026-08-10T13:26:27+03:00,datasets/crop_disease/test\Mildew\test_000308.jpg,40.02590000,-73.99920000,10.00,Mildew,0.999986,True
2026-08-10T13:26:27+03:00,datasets/crop_disease/test\Mildew\test_000309.jpg,40.02590000,-73.99910000,10.00,Mildew,0.999988,True
2026-08-10T13:26:27+03:00,datasets/crop_disease/test\Mildew\test_000310.jpg,40.02590000,-73.99900000,10.00,Mildew,0.999978,True
2026-08-10T13:26:27+03:00,datasets/crop_disease/test\Mildew\test_000311.jpg,40.02590000,-73.99890000,10.00,Mildew,0.999999,True
2026-08-10T13:26:27+03:00,datasets/crop_disease/test\Mildew\test_000312.jpg,40.02590000,-73.99880000,10.00,Mildew,0.999999,True
2026-08-10T13:26:27+03:00,datasets/crop_disease/test\Mildew\test_000313.jpg,40.02590000,-73.99870000,10.00,Mildew,1.000000,True
2026-08-10T13:26:27+03:00,datasets/crop_disease/test\Mildew\test_000314.jpg,40.02590000,-73.99860000,10.00,Mildew,1.000000,True
2026-08-10T13:26:27+03:00,datasets/crop_disease/test\Mildew\test_000315.jpg,40.02590000,-73.99850000,10.00,Mildew,0.999170,True
2026-08-10T13:26:27+03:00,datasets/crop_disease/test\Mildew\test_000316.jpg,40.02590000,-73.99840000,10.00,Mildew,0.999922,True
2026-08-10T13:26:27+03:00,datasets/crop_disease/test\Mildew\test_000317.jpg,40.02590000,-73.99830000,10.00,Mildew,1.000000,True
2026-08-10T13:26:27+03:00,datasets/crop_disease/test\Mildew\test_000318.jpg,40.02590000,-73.99820000,10.00,Mildew,1.000000,True
2026-08-10T13:26:27+03:00,datasets/crop_disease/test\Mildew\test_000319.jpg,40.02590000,-73.99810000,10.00,Mildew,1.000000,True
2026-08-10T13:26:27+03:00,datasets/crop_disease/test\Mildew\test_000320.jpg,40.02600000,-74.00000000,10.00,Mildew,0.999995,True
2026-08-10T13:26:28+03:00,datasets/crop_disease/test\Mildew\test_000321.jpg,40.02600000,-73.99990000,10.00,Mildew,1.000000,True
2026-08-10T13:26:28+03:00,datasets/crop_disease/test\Mildew\test_000322.jpg,40.02600000,-73.99980000,10.00,Mildew,1.000000,True
2026-08-10T13:26:28+03:00,datasets/crop_disease/test\Mildew\test_000323.jpg,40.02600000,-73.99970000,10.00,Mildew,0.999999,True
2026-08-10T13:26:28+03:00,datasets/crop_disease/test\Mildew\test_000324.jpg,40.02600000,-73.99960000,10.00,Mildew,0.999995,True
2026-08-10T13:26:28+03:00,datasets/crop_disease/test\Mildew\test_000325.jpg,40.02600000,-73.99950000,10.00,Mildew,1.000000,True
2026-08-10T13:26:28+03:00,datasets/crop_disease/test\Mildew\test_000326.jpg,40.02600000,-73.99940000,10.00,Mildew,1.000000,True
2026-08-10T13:26:28+03:00,datasets/crop_disease/test\Mildew\test_000327.jpg,40.02600000,-73.99930000,10.00,Mildew,0.999949,True
2026-08-10T13:26:28+03:00,datasets/crop_disease/test\Mildew\test_000328.jpg,40.02600000,-73.99920000,10.00,Mildew,0.999998,True
2026-08-10T13:26:28+03:00,datasets/crop_disease/test\Mildew\test_000329.jpg,40.02600000,-73.99910000,10.00,Mildew,1.000000,True
2026-08-10T13:26:28+03:00,datasets/crop_disease/test\Mildew\test_000330.jpg,40.02600000,-73.99900000,10.00,Mildew,1.000000,True
2026-08-10T13:26:28+03:00,datasets/crop_disease/test\Mildew\test_000331.jpg,40.02600000,-73.99890000,10.00,Mildew,1.000000,True
2026-08-10T13:26:28+03:00,datasets/crop_disease/test\Mildew\test_000332.jpg,40.02600000,-73.99880000,10.00,Mildew,0.999998,True
2026-08-10T13:26:28+03:00,datasets/crop_disease/test\Mildew\test_000333.jpg,40.02600000,-73.99870000,10.00,Mildew,1.000000,True
2026-08-10T13:26:28+03:00,datasets/crop_disease/test\Mildew\test_000334.jpg,40.02600000,-73.99860000,10.00,Mildew,1.000000,True
2026-08-10T13:26:28+03:00,datasets/crop_disease/test\Mildew\test_000335.jpg,40.02600000,-73.99850000,10.00,Mildew,1.000000,True
2026-08-10T13:26:28+03:00,datasets/crop_disease/test\Mildew\test_000336.jpg,40.02600000,-73.99840000,10.00,Mildew,0.999989,True
2026-08-10T13:26:28+03:00,datasets/crop_disease/test\Mildew\test_000337.jpg,40.02600000,-73.99830000,10.00,Mildew,0.999977,True
2026-08-10T13:26:28+03:00,datasets/crop_disease/test\Mildew\test_000338.jpg,40.02600000,-73.99820000,10.00,Mildew,0.999910,True
2026-08-10T13:26:28+03:00,datasets/crop_disease/test\Mildew\test_000339.jpg,40.02600000,-73.99810000,10.00,Mildew,1.000000,True
2026-08-10T13:26:28+03:00,datasets/crop_disease/test\Mildew\test_000340.jpg,40.02610000,-74.00000000,10.00,Mildew,1.000000,True
2026-08-10T13:26:28+03:00,datasets/crop_disease/test\Mildew\test_000341.jpg,40.02610000,-73.99990000,10.00,Mildew,0.999996,True
2026-08-10T13:26:28+03:00,datasets/crop_disease/test\Mildew\test_000342.jpg,40.02610000,-73.99980000,10.00,Mildew,1.000000,True
2026-08-10T13:26:28+03:00,datasets/crop_disease/test\Mildew\test_000343.jpg,40.02610000,-73.99970000,10.00,Mildew,1.000000,True
2026-08-10T13:26:28+03:00,datasets/crop_disease/test\Mildew\test_000344.jpg,40.02610000,-73.99960000,10.00,Mildew,0.999999,True
2026-08-10T13:26:28+03:00,datasets/crop_disease/test\Mildew\test_000345.jpg,40.02610000,-73.99950000,10.00,Mildew,1.000000,True
2026-08-10T13:26:28+03:00,datasets/crop_disease/test\Mildew\test_000346.jpg,40.02610000,-73.99940000,10.00,Mildew,0.999989,True
2026-08-10T13:26:28+03:00,datasets/crop_disease/test\Mildew\test_000347.jpg,40.02610000,-73.99930000,10.00,Mildew,1.000000,True
2026-08-10T13:26:28+03:00,datasets/crop_disease/test\Mildew\test_000348.jpg,40.02610000,-73.99920000,10.00,Mildew,0.999996,True
2026-08-10T13:26:28+03:00,datasets/crop_disease/test\Mildew\test_000349.jpg,40.02610000,-73.99910000,10.00,Mildew,0.999868,True
2026-08-10T13:26:28+03:00,datasets/crop_disease/test\Mildew\test_000350.jpg,40.02610000,-73.99900000,10.00,Mildew,1.000000,True
2026-08-10T13:26:28+03:00,datasets/crop_disease/test\Mildew\test_000351.jpg,40.02610000,-73.99890000,10.00,Mildew,1.000000,True
2026-08-10T13:26:28+03:00,datasets/crop_disease/test\Mildew\test_000352.jpg,40.02610000,-73.99880000,10.00,Mildew,0.999998,True
2026-08-10T13:26:28+03:00,datasets/crop_disease/test\Mildew\test_000353.jpg,40.02610000,-73.99870000,10.00,Mildew,0.999973,True
2026-08-10T13:26:28+03:00,datasets/crop_disease/test\Mildew\test_000354.jpg,40.02610000,-73.99860000,10.00,Mildew,1.000000,True
2026-08-10T13:26:28+03:00,datasets/crop_disease/test\Mildew\test_000355.jpg,40.02610000,-73.99850000,10.00,Mildew,1.000000,True
2026-08-10T13:26:28+03:00,datasets/crop_disease/test\Mildew\test_000356.jpg,40.02610000,-73.99840000,10.00,Mildew,1.000000,True
2026-08-10T13:26:28+03:00,datasets/crop_disease/test\Mildew\test_000357.jpg,40.02610000,-73.99830000,10.00,Mildew,0.999998,True
2026-08-10T13:26:28+03:00,datasets/crop_disease/test\Mildew\test_000358.jpg,40.02610000,-73.99820000,10.00,Mildew,0.999999,True
2026-08-10T13:26:28+03:00,datasets/crop_disease/test\Mildew\test_000359.jpg,40.02610000,-73.99810000,10.00,Mildew,1.000000,True
2026-08-10T13:26:28+03:00,datasets/crop_disease/test\Mildew\test_000360.jpg,40.02620000,-74.00000000,10.00,Mildew,1.000000,True
2026-08-10T13:26:28+03:00,datasets/crop_disease/test\Mildew\test_000361.jpg,40.02620000,-73.99990000,10.00,Mildew,1.000000,True
2026-08-10T13:26:28+03:00,datasets/crop_disease/test\Mildew\test_000362.jpg,40.02620000,-73.99980000,10.00,Mildew,0.999993,True
2026-08-10T13:26:28+03:00,datasets/crop_disease/test\Mildew\test_000363.jpg,40.02620000,-73.99970000,10.00,Mildew,0.999999,True
2026-08-10T13:26:28+03:00,datasets/crop_disease/test\Mildew\test_000364.jpg,40.02620000,-73.99960000,10.00,Mildew,0.999747,True
2026-08-10T13:26:28+03:00,datasets/crop_disease/test\Mildew\test_000365.jpg,40.02620000,-73.99950000,10.00,Mildew,0.999998,True
2026-08-10T13:26:28+03:00,datasets/crop_disease/test\Mildew\test_000366.jpg,40.02620000,-73.99940000,10.00,Mildew,0.999970,True
2026-08-10T13:26:28+03:00,datasets/crop_disease/test\Mildew\test_000367.jpg,40.02620000,-73.99930000,10.00,Mildew,1.000000,True
2026-08-10T13:26:28+03:00,datasets/crop_disease/test\Mildew\test_000368.jpg,40.02620000,-73.99920000,10.00,Mildew,1.000000,True
2026-08-10T13:26:28+03:00,datasets/crop_disease/test\Mildew\test_000369.jpg,40.02620000,-73.99910000,10.00,Mildew,1.000000,True
2026-08-10T13:26:28+03:00,datasets/crop_disease/test\Mildew\test_000370.jpg,40.02620000,-73.99900000,10.00,Mildew,0.999948,True
2026-08-10T13:26:28+03:00,datasets/crop_disease/test\Mildew\test_000371.jpg,40.02620000,-73.99890000,10.00,Mildew,1.000000,True
2026-08-10T13:26:28+03:00,datasets/crop_disease/test\Mildew\test_000372.jpg,40.02620000,-73.99880000,10.00,Mildew,0.999996,True
2026-08-10T13:26:28+03:00,datasets/crop_disease/test\Mildew\test_000373.jpg,40.02620000,-73.99870000,10.00,Mildew,0.999969,True
2026-08-10T13:26:28+03:00,datasets/crop_disease/test\Mildew\test_000374.jpg,40.02620000,-73.99860000,10.00,Mildew,0.999981,True
2026-08-10T13:26:28+03:00,datasets/crop_disease/test\Mildew\test_000375.jpg,40.02620000,-73.99850000,10.00,Mildew,0.999667,True
2026-08-10T13:26:28+03:00,datasets/crop_disease/test\Mildew\test_000376.jpg,40.02620000,-73.99840000,10.00,Mildew,0.999967,True
2026-08-10T13:26:28+03:00,datasets/crop_disease/test\Mildew\test_000377.jpg,40.02620000,-73.99830000,10.00,Mildew,1.000000,True
2026-08-10T13:26:28+03:00,datasets/crop_disease/test\Mildew\test_000378.jpg,40.02620000,-73.99820000,10.00,Mildew,0.999998,True
2026-08-10T13:26:28+03:00,datasets/crop_disease/test\Mildew\test_000379.jpg,40.02620000,-73.99810000,10.00,Mildew,1.000000,True
2026-08-10T13:26:28+03:00,datasets/crop_disease/test\Mildew\test_000380.jpg,40.02630000,-74.00000000,10.00,Mildew,0.999962,True
2026-08-10T13:26:28+03:00,datasets/crop_disease/test\Mildew\test_000381.jpg,40.02630000,-73.99990000,10.00,Mildew,0.999996,True
2026-08-10T13:26:28+03:00,datasets/crop_disease/test\Mildew\test_000382.jpg,40.02630000,-73.99980000,10.00,Mildew,0.999982,True
2026-08-10T13:26:28+03:00,datasets/crop_disease/test\Mildew\test_000383.jpg,40.02630000,-73.99970000,10.00,Mildew,1.000000,True
2026-08-10T13:26:28+03:00,datasets/crop_disease/test\Mildew\test_000384.jpg,40.02630000,-73.99960000,10.00,Mildew,0.999839,True
2026-08-10T13:26:28+03:00,datasets/crop_disease/test\Mildew\test_000385.jpg,40.02630000,-73.99950000,10.00,Mildew,0.999999,True
2026-08-10T13:26:28+03:00,datasets/crop_disease/test\Mildew\test_000386.jpg,40.02630000,-73.99940000,10.00,Mildew,1.000000,True
2026-08-10T13:26:28+03:00,datasets/crop_disease/test\Mildew\test_000387.jpg,40.02630000,-73.99930000,10.00,Mildew,1.000000,True
2026-08-10T13:26:28+03:00,datasets/crop_disease/test\Mildew\test_000388.jpg,40.02630000,-73.99920000,10.00,Mildew,0.999998,True
2026-08-10T13:26:28+03:00,datasets/crop_disease/test\Mildew\test_000389.jpg,40.02630000,-73.99910000,10.00,Mildew,1.000000,True
2026-08-10T13:26:28+03:00,datasets/crop_disease/test\Mildew\test_000390.jpg,40.02630000,-73.99900000,10.00,Mildew,1.000000,True
2026-08-10T13:26:28+03:00,datasets/crop_disease/test\Mildew\test_000391.jpg,40.02630000,-73.99890000,10.00,Mildew,0.999900,True
2026-08-10T13:26:28+03:00,datasets/crop_disease/test\Mildew\test_000392.jpg,40.02630000,-73.99880000,10.00,Mildew,1.000000,True
2026-08-10T13:26:28+03:00,datasets/crop_disease/test\Mildew\test_000393.jpg,40.02630000,-73.99870000,10.00,Mildew,0.999995,True
2026-08-10T13:26:28+03:00,datasets/crop_disease/test\Mildew\test_000394.jpg,40.02630000,-73.99860000,10.00,Mildew,1.000000,True
2026-08-10T13:26:28+03:00,datasets/crop_disease/test\Mildew\test_000395.jpg,40.02630000,-73.99850000,10.00,Mildew,1.000000,True
2026-08-10T13:26:28+03:00,datasets/crop_disease/test\Mildew\test_000396.jpg,40.02630000,-73.99840000,10.00,Mildew,1.000000,True
2026-08-10T13:26:28+03:00,datasets/crop_disease/test\Mildew\test_000397.jpg,40.02630000,-73.99830000,10.00,Mildew,0.999999,True
2026-08-10T13:26:28+03:00,datasets/crop_disease/test\Mildew\test_000398.jpg,40.02630000,-73.99820000,10.00,Mildew,1.000000,True
2026-08-10T13:26:28+03:00,datasets/crop_disease/test\Mildew\test_000399.jpg,40.02630000,-73.99810000,10.00,Mildew,0.999995,True
2026-08-10T13:26:29+03:00,datasets/crop_disease/test\Mildew\test_000400.jpg,40.02640000,-74.00000000,10.00,Mildew,1.000000,True
2026-08-10T13:26:29+03:00,datasets/crop_disease/test\Mildew\test_000401.jpg,40.02640000,-73.99990000,10.00,Mildew,0.999999,True
2026-08-10T13:26:29+03:00,datasets/crop_disease/test\Mildew\test_000402.jpg,40.02640000,-73.99980000,10.00,Mildew,1.000000,True
2026-08-10T13:26:29+03:00,datasets/crop_disease/test\Mildew\test_000403.jpg,40.02640000,-73.99970000,10.00,Mildew,1.000000,True
2026-08-10T13:26:29+03:00,datasets/crop_disease/test\Mildew\test_000404.jpg,40.02640000,-73.99960000,10.00,Mildew,0.999998,True
2026-08-10T13:26:29+03:00,datasets/crop_disease/test\Mildew\test_000405.jpg,40.02640000,-73.99950000,10.00,Mildew,1.000000,True
2026-08-10T13:26:29+03:00,datasets/crop_disease/test\Mildew\test_000406.jpg,40.02640000,-73.99940000,10.00,Mildew,0.999997,True
2026-08-10T13:26:29+03:00,datasets/crop_disease/test\Mildew\test_000407.jpg,40.02640000,-73.99930000,10.00,Mildew,1.000000,True
2026-08-10T13:26:29+03:00,datasets/crop_disease/test\Mildew\test_000408.jpg,40.02640000,-73.99920000,10.00,Mildew,1.000000,True
2026-08-10T13:26:29+03:00,datasets/crop_disease/test\Mildew\test_000409.jpg,40.02640000,-73.99910000,10.00,Mildew,1.000000,True
2026-08-10T13:26:29+03:00,datasets/crop_disease/test\Mildew\test_000410.jpg,40.02640000,-73.99900000,10.00,Mildew,0.999987,True
2026-08-10T13:26:29+03:00,datasets/crop_disease/test\Mildew\test_000411.jpg,40.02640000,-73.99890000,10.00,Mildew,0.999129,True
2026-08-10T13:26:29+03:00,datasets/crop_disease/test\Mildew\test_000412.jpg,40.02640000,-73.99880000,10.00,Mildew,0.999996,True
2026-08-10T13:26:29+03:00,datasets/crop_disease/test\Mildew\test_000413.jpg,40.02640000,-73.99870000,10.00,Mildew,0.999997,True
2026-08-10T13:26:29+03:00,datasets/crop_disease/test\Mildew\test_000414.jpg,40.02640000,-73.99860000,10.00,Mildew,1.000000,True
2026-08-10T13:26:29+03:00,datasets/crop_disease/test\Mildew\test_000415.jpg,40.02640000,-73.99850000,10.00,Mildew,0.999890,True
2026-08-10T13:26:29+03:00,datasets/crop_disease/test\Mildew\test_000416.jpg,40.02640000,-73.99840000,10.00,Mildew,0.999999,True
2026-08-10T13:26:29+03:00,datasets/crop_disease/test\Mildew\test_000417.jpg,40.02640000,-73.99830000,10.00,Mildew,0.999998,True
2026-08-10T13:26:29+03:00,datasets/crop_disease/test\Mildew\test_000418.jpg,40.02640000,-73.99820000,10.00,Mildew,1.000000,True
2026-08-10T13:26:29+03:00,datasets/crop_disease/test\Mildew\test_000419.jpg,40.02640000,-73.99810000,10.00,Mildew,1.000000,True
2026-08-10T13:26:29+03:00,datasets/crop_disease/test\Mildew\test_000420.jpg,40.02650000,-74.00000000,10.00,Mildew,0.999998,True
2026-08-10T13:26:29+03:00,datasets/crop_disease/test\Mildew\test_000421.jpg,40.02650000,-73.99990000,10.00,Mildew,0.999956,True
2026-08-10T13:26:29+03:00,datasets/crop_disease/test\Mildew\test_000422.jpg,40.02650000,-73.99980000,10.00,Mildew,1.000000,True
2026-08-10T13:26:29+03:00,datasets/crop_disease/test\Mildew\test_000423.jpg,40.02650000,-73.99970000,10.00,Mildew,0.999874,True
2026-08-10T13:26:29+03:00,datasets/crop_disease/test\Mildew\test_000424.jpg,40.02650000,-73.99960000,10.00,Mildew,1.000000,True
2026-08-10T13:26:29+03:00,datasets/crop_disease/test\Mildew\test_000425.jpg,40.02650000,-73.99950000,10.00,Mildew,1.000000,True
2026-08-10T13:26:29+03:00,datasets/crop_disease/test\Mildew\test_000426.jpg,40.02650000,-73.99940000,10.00,Mildew,0.999982,True
2026-08-10T13:26:29+03:00,datasets/crop_disease/test\Mildew\test_000427.jpg,40.02650000,-73.99930000,10.00,Mildew,0.999999,True
2026-08-10T13:26:29+03:00,datasets/crop_disease/test\Mildew\test_000428.jpg,40.02650000,-73.99920000,10.00,Mildew,0.979886,True
2026-08-10T13:26:29+03:00,datasets/crop_disease/test\Mildew\test_000429.jpg,40.02650000,-73.99910000,10.00,Mildew,0.999936,True
2026-08-10T13:26:29+03:00,datasets/crop_disease/test\Mildew\test_000430.jpg,40.02650000,-73.99900000,10.00,Mildew,1.000000,True
2026-08-10T13:26:29+03:00,datasets/crop_disease/test\Mildew\test_000431.jpg,40.02650000,-73.99890000,10.00,Mildew,1.000000,True
2026-08-10T13:26:29+03:00,datasets/crop_disease/test\Mildew\test_000432.jpg,40.02650000,-73.99880000,10.00,Mildew,0.999932,True
2026-08-10T13:26:29+03:00,datasets/crop_disease/test\Mildew\test_000433.jpg,40.02650000,-73.99870000,10.00,Mildew,0.999999,True
2026-08-10T13:26:29+03:00,datasets/crop_disease/test\Mildew\test_000434.jpg,40.02650000,-73.99860000,10.00,Mildew,0.999945,True
2026-08-10T13:26:29+03:00,datasets/crop_disease/test\Mildew\test_000435.jpg,40.02650000,-73.99850000,10.00,Mildew,1.000000,True
2026-08-10T13:26:29+03:00,datasets/crop_disease/test\Mildew\test_000436.jpg,40.02650000,-73.99840000,10.00,Mildew,1.000000,True
2026-08-10T13:26:29+03:00,datasets/crop_disease/test\Mildew\test_000437.jpg,40.02650000,-73.99830000,10.00,Mildew,1.000000,True
2026-08-10T13:26:29+03:00,datasets/crop_disease/test\Mildew\test_000438.jpg,40.02650000,-73.99820000,10.00,Mildew,0.999090,True
2026-08-10T13:26:29+03:00,datasets/crop_disease/test\Mildew\test_000439.jpg,40.02650000,-73.99810000,10.00,Mildew,1.000000,True
2026-08-10T13:26:29+03:00,datasets/crop_disease/test\Mildew\test_000440.jpg,40.02660000,-74.00000000,10.00,Mildew,0.999997,True
2026-08-10T13:26:29+03:00,datasets/crop_disease/test\Mildew\test_000441.jpg,40.02660000,-73.99990000,10.00,Mildew,0.999999,True
2026-08-10T13:26:29+03:00,datasets/crop_disease/test\Mildew\test_000442.jpg,40.02660000,-73.99980000,10.00,Mildew,1.000000,True
2026-08-10T13:26:29+03:00,datasets/crop_disease/test\Mildew\test_000443.jpg,40.02660000,-73.99970000,10.00,Mildew,0.999991,True
2026-08-10T13:26:29+03:00,datasets/crop_disease/test\Mildew\test_000444.jpg,40.02660000,-73.99960000,10.00,Mildew,0.999995,True
2026-08-10T13:26:29+03:00,datasets/crop_disease/test\Mildew\test_000445.jpg,40.02660000,-73.99950000,10.00,Mildew,1.000000,True
2026-08-10T13:26:29+03:00,datasets/crop_disease/test\Mildew\test_000446.jpg,40.02660000,-73.99940000,10.00,Mildew,0.999989,True
2026-08-10T13:26:29+03:00,datasets/crop_disease/test\Mildew\test_000447.jpg,40.02660000,-73.99930000,10.00,Mildew,0.999999,True
2026-08-10T13:26:29+03:00,datasets/crop_disease/test\Mildew\test_000448.jpg,40.02660000,-73.99920000,10.00,Mildew,0.999999,True
2026-08-10T13:26:29+03:00,datasets/crop_disease/test\Mildew\test_000449.jpg,40.02660000,-73.99910000,10.00,Mildew,1.000000,True
2026-08-10T13:26:29+03:00,datasets/crop_disease/test\Mildew\test_000450.jpg,40.02660000,-73.99900000,10.00,Mildew,1.000000,True
2026-08-10T13:26:29+03:00,datasets/crop_disease/test\Mildew\test_000451.jpg,40.02660000,-73.99890000,10.00,Mildew,0.999716,True
2026-08-10T13:26:29+03:00,datasets/crop_disease/test\Mildew\test_000452.jpg,40.02660000,-73.99880000,10.00,Mildew,0.999999,True
2026-08-10T13:26:29+03:00,datasets/crop_disease/test\Mildew\test_000453.jpg,40.02660000,-73.99870000,10.00,Mildew,0.998778,True
2026-08-10T13:26:29+03:00,datasets/crop_disease/test\Mildew\test_000454.jpg,40.02660000,-73.99860000,10.00,Mildew,0.999984,True
2026-08-10T13:26:29+03:00,datasets/crop_disease/test\Mildew\test_000455.jpg,40.02660000,-73.99850000,10.00,Mildew,1.000000,True
2026-08-10T13:26:29+03:00,datasets/crop_disease/test\Mildew\test_000456.jpg,40.02660000,-73.99840000,10.00,Mildew,0.999972,True
2026-08-10T13:26:29+03:00,datasets/crop_disease/test\Mildew\test_000457.jpg,40.02660000,-73.99830000,10.00,Mildew,1.000000,True
2026-08-10T13:26:29+03:00,datasets/crop_disease/test\Mildew\test_000458.jpg,40.02660000,-73.99820000,10.00,Mildew,1.000000,True
2026-08-10T13:26:29+03:00,datasets/crop_disease/test\Mildew\test_000459.jpg,40.02660000,-73.99810000,10.00,Mildew,1.000000,True
2026-08-10T13:26:29+03:00,datasets/crop_disease/test\Mildew\test_000460.jpg,40.02670000,-74.00000000,10.00,Mildew,1.000000,True
2026-08-10T13:26:29+03:00,datasets/crop_disease/test\Mildew\test_000461.jpg,40.02670000,-73.99990000,10.00,Mildew,1.000000,True
2026-08-10T13:26:29+03:00,datasets/crop_disease/test\Mildew\test_000462.jpg,40.02670000,-73.99980000,10.00,Mildew,1.000000,True
2026-08-10T13:26:29+03:00,datasets/crop_disease/test\Mildew\test_000463.jpg,40.02670000,-73.99970000,10.00,Mildew,0.999999,True
2026-08-10T13:26:29+03:00,datasets/crop_disease/test\Mildew\test_000464.jpg,40.02670000,-73.99960000,10.00,Mildew,0.999395,True
2026-08-10T13:26:29+03:00,datasets/crop_disease/test\Mildew\test_000465.jpg,40.02670000,-73.99950000,10.00,Mildew,1.000000,True
2026-08-10T13:26:29+03:00,datasets/crop_disease/test\Mildew\test_000466.jpg,40.02670000,-73.99940000,10.00,Mildew,0.999915,True
2026-08-10T13:26:29+03:00,datasets/crop_disease/test\Mildew\test_000467.jpg,40.02670000,-73.99930000,10.00,Mildew,0.999987,True
2026-08-10T13:26:29+03:00,datasets/crop_disease/test\Mildew\test_000468.jpg,40.02670000,-73.99920000,10.00,Mildew,0.999936,True
2026-08-10T13:26:29+03:00,datasets/crop_disease/test\Mildew\test_000469.jpg,40.02670000,-73.99910000,10.00,Mildew,0.999998,True
2026-08-10T13:26:29+03:00,datasets/crop_disease/test\Mildew\test_000470.jpg,40.02670000,-73.99900000,10.00,Mildew,1.000000,True
2026-08-10T13:26:29+03:00,datasets/crop_disease/test\Mildew\test_000471.jpg,40.02670000,-73.99890000,10.00,Mildew,0.999999,True
2026-08-10T13:26:29+03:00,datasets/crop_disease/test\Mildew\test_000472.jpg,40.02670000,-73.99880000,10.00,Mildew,0.999998,True
2026-08-10T13:26:29+03:00,datasets/crop_disease/test\Mildew\test_000473.jpg,40.02670000,-73.99870000,10.00,Mildew,1.000000,True
2026-08-10T13:26:29+03:00,datasets/crop_disease/test\Mildew\test_000474.jpg,40.02670000,-73.99860000,10.00,Mildew,1.000000,True
2026-08-10T13:26:29+03:00,datasets/crop_disease/test\Mildew\test_000475.jpg,40.02670000,-73.99850000,10.00,Mildew,1.000000,True
2026-08-10T13:26:29+03:00,datasets/crop_disease/test\Mildew\test_000476.jpg,40.02670000,-73.99840000,10.00,Mildew,1.000000,True
2026-08-10T13:26:29+03:00,datasets/crop_disease/test\Mildew\test_000477.jpg,40.02670000,-73.99830000,10.00,Mildew,1.000000,True
2026-08-10T13:26:29+03:00,datasets/crop_disease/test\Mildew\test_000478.jpg,40.02670000,-73.99820000,10.00,Mildew,0.999999,True
2026-08-10T13:26:29+03:00,datasets/crop_disease/test\Mildew\test_000479.jpg,40.02670000,-73.99810000,10.00,Mildew,1.000000,True
2026-08-10T13:26:29+03:00,datasets/crop_disease/test\Mildew\test_000480.jpg,40.02680000,-74.00000000,10.00,Mildew,0.999997,True
2026-08-10T13:26:30+03:00,datasets/crop_disease/test\Mildew\test_000481.jpg,40.02680000,-73.99990000,10.00,Mildew,1.000000,True
2026-08-10T13:26:30+03:00,datasets/crop_disease/test\Mildew\test_000482.jpg,40.02680000,-73.99980000,10.00,Mildew,0.999998,True
2026-08-10T13:26:30+03:00,datasets/crop_disease/test\Mildew\test_000483.jpg,40.02680000,-73.99970000,10.00,Mildew,0.997075,True
2026-08-10T13:26:30+03:00,datasets/crop_disease/test\Mildew\test_000484.jpg,40.02680000,-73.99960000,10.00,Mildew,1.000000,True
2026-08-10T13:26:30+03:00,datasets/crop_disease/test\Mildew\test_000485.jpg,40.02680000,-73.99950000,10.00,Mildew,0.999998,True
2026-08-10T13:26:30+03:00,datasets/crop_disease/test\Mildew\test_000486.jpg,40.02680000,-73.99940000,10.00,Mildew,1.000000,True
2026-08-10T13:26:30+03:00,datasets/crop_disease/test\Mildew\test_000487.jpg,40.02680000,-73.99930000,10.00,Mildew,0.997734,True
2026-08-10T13:26:30+03:00,datasets/crop_disease/test\Mildew\test_000488.jpg,40.02680000,-73.99920000,10.00,Mildew,1.000000,True
2026-08-10T13:26:30+03:00,datasets/crop_disease/test\Mildew\test_000489.jpg,40.02680000,-73.99910000,10.00,Mildew,0.999995,True
2026-08-10T13:26:30+03:00,datasets/crop_disease/test\Mildew\test_000490.jpg,40.02680000,-73.99900000,10.00,Mildew,0.999821,True
2026-08-10T13:26:30+03:00,datasets/crop_disease/test\Mildew\test_000491.jpg,40.02680000,-73.99890000,10.00,Mildew,1.000000,True
2026-08-10T13:26:30+03:00,datasets/crop_disease/test\Mildew\test_000492.jpg,40.02680000,-73.99880000,10.00,Mildew,0.999998,True
2026-08-10T13:26:30+03:00,datasets/crop_disease/test\Mildew\test_000493.jpg,40.02680000,-73.99870000,10.00,Mildew,0.999992,True
2026-08-10T13:26:30+03:00,datasets/crop_disease/test\Mildew\test_000494.jpg,40.02680000,-73.99860000,10.00,Mildew,0.999999,True
2026-08-10T13:26:30+03:00,datasets/crop_disease/test\Mildew\test_000495.jpg,40.02680000,-73.99850000,10.00,Mildew,1.000000,True
2026-08-10T13:26:30+03:00,datasets/crop_disease/test\Mildew\test_000496.jpg,40.02680000,-73.99840000,10.00,Mildew,1.000000,True
2026-08-10T13:26:30+03:00,datasets/crop_disease/test\Mildew\test_000497.jpg,40.02680000,-73.99830000,10.00,Mildew,0.999720,True
2026-08-10T13:26:30+03:00,datasets/crop_disease/test\Mildew\test_000498.jpg,40.02680000,-73.99820000,10.00,Mildew,0.997105,True
2026-08-10T13:26:30+03:00,datasets/crop_disease/test\Mildew\test_000499.jpg,40.02680000,-73.99810000,10.00,Mildew,1.000000,True
2026-08-10T13:26:30+03:00,datasets/crop_disease/test\Mildew\test_000500.jpg,40.02690000,-74.00000000,10.00,Mildew,1.000000,True
2026-08-10T13:26:30+03:00,datasets/crop_disease/test\Mildew\test_000501.jpg,40.02690000,-73.99990000,10.00,Mildew,1.000000,True
2026-08-10T13:26:30+03:00,datasets/crop_disease/test\Mildew\test_000502.jpg,40.02690000,-73.99980000,10.00,Mildew,0.999705,True
2026-08-10T13:26:30+03:00,datasets/crop_disease/test\Mildew\test_000503.jpg,40.02690000,-73.99970000,10.00,Mildew,1.000000,True
2026-08-10T13:26:30+03:00,datasets/crop_disease/test\Mildew\test_000504.jpg,40.02690000,-73.99960000,10.00,Mildew,1.000000,True
2026-08-10T13:26:30+03:00,datasets/crop_disease/test\Mildew\test_000505.jpg,40.02690000,-73.99950000,10.00,Mildew,1.000000,True
2026-08-10T13:26:30+03:00,datasets/crop_disease/test\Mildew\test_000506.jpg,40.02690000,-73.99940000,10.00,Mildew,0.999998,True
2026-08-10T13:26:30+03:00,datasets/crop_disease/test\Mildew\test_000507.jpg,40.02690000,-73.99930000,10.00,Mildew,1.000000,True
2026-08-10T13:26:30+03:00,datasets/crop_disease/test\Mildew\test_000508.jpg,40.02690000,-73.99920000,10.00,Mildew,0.999994,True
2026-08-10T13:26:30+03:00,datasets/crop_disease/test\Mildew\test_000509.jpg,40.02690000,-73.99910000,10.00,Mildew,0.999994,True
2026-08-10T13:26:30+03:00,datasets/crop_disease/test\Mildew\test_000510.jpg,40.02690000,-73.99900000,10.00,Mildew,1.000000,True
2026-08-10T13:26:30+03:00,datasets/crop_disease/test\Mildew\test_000511.jpg,40.02690000,-73.99890000,10.00,Mildew,1.000000,True
2026-08-10T13:26:30+03:00,datasets/crop_disease/test\Mildew\test_000512.jpg,40.02690000,-73.99880000,10.00,Mildew,1.000000,True
2026-08-10T13:26:30+03:00,datasets/crop_disease/test\Mildew\test_000513.jpg,40.02690000,-73.99870000,10.00,Mildew,0.999976,True
2026-08-10T13:26:30+03:00,datasets/crop_disease/test\Mildew\test_000514.jpg,40.02690000,-73.99860000,10.00,Mildew,0.999999,True
2026-08-10T13:26:30+03:00,datasets/crop_disease/test\Mildew\test_000515.jpg,40.02690000,-73.99850000,10.00,Mildew,1.000000,True
2026-08-10T13:26:30+03:00,datasets/crop_disease/test\Mildew\test_000516.jpg,40.02690000,-73.99840000,10.00,Mildew,1.000000,True
2026-08-10T13:26:30+03:00,datasets/crop_disease/test\Mildew\test_000517.jpg,40.02690000,-73.99830000,10.00,Mildew,1.000000,True
2026-08-10T13:26:30+03:00,datasets/crop_disease/test\Mildew\test_000518.jpg,40.02690000,-73.99820000,10.00,Mildew,1.000000,True
2026-08-10T13:26:30+03:00,datasets/crop_disease/test\Mildew\test_000519.jpg,40.02690000,-73.99810000,10.00,Mildew,1.000000,True
2026-08-10T13:26:30+03:00,datasets/crop_disease/test\Mildew\test_000520.jpg,40.02700000,-74.00000000,10.00,Mildew,0.999949,True
2026-08-10T13:26:30+03:00,datasets/crop_disease/test\Mildew\test_000521.jpg,40.02700000,-73.99990000,10.00,Mildew,1.000000,True
2026-08-10T13:26:30+03:00,datasets/crop_disease/test\Mildew\test_000522.jpg,40.02700000,-73.99980000,10.00,Mildew,1.000000,True
2026-08-10T13:26:30+03:00,datasets/crop_disease/test\Mildew\test_000523.jpg,40.02700000,-73.99970000,10.00,Mildew,1.000000,True
2026-08-10T13:26:30+03:00,datasets/crop_disease/test\Mildew\test_000524.jpg,40.02700000,-73.99960000,10.00,Mildew,1.000000,True
2026-08-10T13:26:30+03:00,datasets/crop_disease/test\Mildew\test_000525.jpg,40.02700000,-73.99950000,10.00,Mildew,0.999876,True
2026-08-10T13:26:30+03:00,datasets/crop_disease/test\Mildew\test_000526.jpg,40.02700000,-73.99940000,10.00,Mildew,0.999999,True
2026-08-10T13:26:30+03:00,datasets/crop_disease/test\Mildew\test_000527.jpg,40.02700000,-73.99930000,10.00,Mildew,0.999998,True
2026-08-10T13:26:30+03:00,datasets/crop_disease/test\Mildew\test_000528.jpg,40.02700000,-73.99920000,10.00,Mildew,1.000000,True
2026-08-10T13:26:30+03:00,datasets/crop_disease/test\Mildew\test_000529.jpg,40.02700000,-73.99910000,10.00,Mildew,0.999993,True
2026-08-10T13:26:30+03:00,datasets/crop_disease/test\Mildew\test_000530.jpg,40.02700000,-73.99900000,10.00,Mildew,0.999999,True
2026-08-10T13:26:30+03:00,datasets/crop_disease/test\Mildew\test_000531.jpg,40.02700000,-73.99890000,10.00,Mildew,1.000000,True
2026-08-10T13:26:30+03:00,datasets/crop_disease/test\Mildew\test_000532.jpg,40.02700000,-73.99880000,10.00,Mildew,1.000000,True
2026-08-10T13:26:30+03:00,datasets/crop_disease/test\Mildew\test_000533.jpg,40.02700000,-73.99870000,10.00,Mildew,0.999994,True
2026-08-10T13:26:30+03:00,datasets/crop_disease/test\Mildew\test_000534.jpg,40.02700000,-73.99860000,10.00,Mildew,0.999996,True
2026-08-10T13:26:30+03:00,datasets/crop_disease/test\Mildew\test_000535.jpg,40.02700000,-73.99850000,10.00,Mildew,0.993106,True
2026-08-10T13:26:30+03:00,datasets/crop_disease/test\Mildew\test_000536.jpg,40.02700000,-73.99840000,10.00,Mildew,1.000000,True
2026-08-10T13:26:30+03:00,datasets/crop_disease/test\Mildew\test_000537.jpg,40.02700000,-73.99830000,10.00,Mildew,1.000000,True
2026-08-10T13:26:30+03:00,datasets/crop_disease/test\Mildew\test_000538.jpg,40.02700000,-73.99820000,10.00,Mildew,1.000000,True
2026-08-10T13:26:30+03:00,datasets/crop_disease/test\Mildew\test_000539.jpg,40.02700000,-73.99810000,10.00,Mildew,1.000000,True
2026-08-10T13:26:30+03:00,datasets/crop_disease/test\Mildew\test_000540.jpg,40.02710000,-74.00000000,10.00,Mildew,1.000000,True
2026-08-10T13:26:30+03:00,datasets/crop_disease/test\Mildew\test_000541.jpg,40.02710000,-73.99990000,10.00,Mildew,1.000000,True
2026-08-10T13:26:30+03:00,datasets/crop_disease/test\Mildew\test_000542.jpg,40.02710000,-73.99980000,10.00,Mildew,0.999974,True
2026-08-10T13:26:30+03:00,datasets/crop_disease/test\Mildew\test_000543.jpg,40.02710000,-73.99970000,10.00,Mildew,1.000000,True
2026-08-10T13:26:30+03:00,datasets/crop_disease/test\Mildew\test_000544.jpg,40.02710000,-73.99960000,10.00,Mildew,0.998268,True
2026-08-10T13:26:30+03:00,datasets/crop_disease/test\Mildew\test_000545.jpg,40.02710000,-73.99950000,10.00,Mildew,1.000000,True
2026-08-10T13:26:30+03:00,datasets/crop_disease/test\Mildew\test_000546.jpg,40.02710000,-73.99940000,10.00,Mildew,0.999936,True
2026-08-10T13:26:30+03:00,datasets/crop_disease/test\Mildew\test_000547.jpg,40.02710000,-73.99930000,10.00,Mildew,0.999996,True
2026-08-10T13:26:30+03:00,datasets/crop_disease/test\Mildew\test_000548.jpg,40.02710000,-73.99920000,10.00,Mildew,0.999998,True
2026-08-10T13:26:30+03:00,datasets/crop_disease/test\Mildew\test_000549.jpg,40.02710000,-73.99910000,10.00,Mildew,1.000000,True
2026-08-10T13:26:30+03:00,datasets/crop_disease/test\Mildew\test_000550.jpg,40.02710000,-73.99900000,10.00,Mildew,1.000000,True
2026-08-10T13:26:30+03:00,datasets/crop_disease/test\Mildew\test_000551.jpg,40.02710000,-73.99890000,10.00,Mildew,1.000000,True
2026-08-10T13:26:30+03:00,datasets/crop_disease/test\Mildew\test_000552.jpg,40.02710000,-73.99880000,10.00,Mildew,1.000000,True
2026-08-10T13:26:30+03:00,datasets/crop_disease/test\Mildew\test_000553.jpg,40.02710000,-73.99870000,10.00,Mildew,1.000000,True
2026-08-10T13:26:30+03:00,datasets/crop_disease/test\Mildew\test_000554.jpg,40.02710000,-73.99860000,10.00,Mildew,0.999902,True
2026-08-10T13:26:30+03:00,datasets/crop_disease/test\Mildew\test_000555.jpg,40.02710000,-73.99850000,10.00,Mildew,0.993342,True
2026-08-10T13:26:30+03:00,datasets/crop_disease/test\Mildew\test_000556.jpg,40.02710000,-73.99840000,10.00,Mildew,1.000000,True
2026-08-10T13:26:30+03:00,datasets/crop_disease/test\Mildew\test_000557.jpg,40.02710000,-73.99830000,10.00,Mildew,1.000000,True
2026-08-10T13:26:30+03:00,datasets/crop_disease/test\Mildew\test_000558.jpg,40.02710000,-73.99820000,10.00,Mildew,1.000000,True
2026-08-10T13:26:30+03:00,datasets/crop_disease/test\Mildew\test_000559.jpg,40.02710000,-73.99810000,10.00,Mildew,0.999984,True
2026-08-10T13:26:31+03:00,datasets/crop_disease/test\Mildew\test_000560.jpg,40.02720000,-74.00000000,10.00,Mildew,1.000000,True
2026-08-10T13:26:31+03:00,datasets/crop_disease/test\Mildew\test_000561.jpg,40.02720000,-73.99990000,10.00,Mildew,0.999970,True
2026-08-10T13:26:31+03:00,datasets/crop_disease/test\Mildew\test_000562.jpg,40.02720000,-73.99980000,10.00,Mildew,1.000000,True
2026-08-10T13:26:31+03:00,datasets/crop_disease/test\Mildew\test_000563.jpg,40.02720000,-73.99970000,10.00,Mildew,0.999997,True
2026-08-10T13:26:31+03:00,datasets/crop_disease/test\Mildew\test_000564.jpg,40.02720000,-73.99960000,10.00,Mildew,1.000000,True
2026-08-10T13:26:31+03:00,datasets/crop_disease/test\Mildew\test_000565.jpg,40.02720000,-73.99950000,10.00,Mildew,0.999987,True
2026-08-10T13:26:31+03:00,datasets/crop_disease/test\Mildew\test_000566.jpg,40.02720000,-73.99940000,10.00,Mildew,0.999974,True
2026-08-10T13:26:31+03:00,datasets/crop_disease/test\Mildew\test_000567.jpg,40.02720000,-73.99930000,10.00,Mildew,1.000000,True
2026-08-10T13:26:31+03:00,datasets/crop_disease/test\Mildew\test_000568.jpg,40.02720000,-73.99920000,10.00,Mildew,1.000000,True
2026-08-10T13:26:31+03:00,datasets/crop_disease/test\Mildew\test_000569.jpg,40.02720000,-73.99910000,10.00,Mildew,0.999999,True
2026-08-10T13:26:31+03:00,datasets/crop_disease/test\Mildew\test_000570.jpg,40.02720000,-73.99900000,10.00,Mildew,1.000000,True
2026-08-10T13:26:31+03:00,datasets/crop_disease/test\Mildew\test_000571.jpg,40.02720000,-73.99890000,10.00,Mildew,1.000000,True
2026-08-10T13:26:31+03:00,datasets/crop_disease/test\Mildew\test_000572.jpg,40.02720000,-73.99880000,10.00,Mildew,1.000000,True
2026-08-10T13:26:31+03:00,datasets/crop_disease/test\Mildew\test_000573.jpg,40.02720000,-73.99870000,10.00,Mildew,0.999531,True
2026-08-10T13:26:31+03:00,datasets/crop_disease/test\Mildew\test_000574.jpg,40.02720000,-73.99860000,10.00,Mildew,0.998745,True
2026-08-10T13:26:31+03:00,datasets/crop_disease/test\Mildew\test_000575.jpg,40.02720000,-73.99850000,10.00,Mildew,0.999878,True
2026-08-10T13:26:31+03:00,datasets/crop_disease/test\Mildew\test_000576.jpg,40.02720000,-73.99840000,10.00,Mildew,1.000000,True
2026-08-10T13:26:31+03:00,datasets/crop_disease/test\Rust\test_000000.jpg,40.02720000,-73.99830000,10.00,Rust,0.999999,True
2026-08-10T13:26:31+03:00,datasets/crop_disease/test\Rust\test_000001.jpg,40.02720000,-73.99820000,10.00,Rust,1.000000,True
2026-08-10T13:26:31+03:00,datasets/crop_disease/test\Rust\test_000002.jpg,40.02720000,-73.99810000,10.00,Rust,1.000000,True
2026-08-10T13:26:31+03:00,datasets/crop_disease/test\Rust\test_000003.jpg,40.02730000,-74.00000000,10.00,Rust,1.000000,True
2026-08-10T13:26:31+03:00,datasets/crop_disease/test\Rust\test_000004.jpg,40.02730000,-73.99990000,10.00,Rust,1.000000,True
2026-08-10T13:26:31+03:00,datasets/crop_disease/test\Rust\test_000005.jpg,40.02730000,-73.99980000,10.00,Rust,1.000000,True
2026-08-10T13:26:31+03:00,datasets/crop_disease/test\Rust\test_000006.jpg,40.02730000,-73.99970000,10.00,Rust,1.000000,True
2026-08-10T13:26:31+03:00,datasets/crop_disease/test\Rust\test_000007.jpg,40.02730000,-73.99960000,10.00,Rust,1.000000,True
2026-08-10T13:26:31+03:00,datasets/crop_disease/test\Rust\test_000008.jpg,40.02730000,-73.99950000,10.00,Rust,0.994093,True
2026-08-10T13:26:31+03:00,datasets/crop_disease/test\Rust\test_000009.jpg,40.02730000,-73.99940000,10.00,Rust,1.000000,True
2026-08-10T13:26:31+03:00,datasets/crop_disease/test\Rust\test_000010.jpg,40.02730000,-73.99930000,10.00,Rust,1.000000,True
2026-08-10T13:26:31+03:00,datasets/crop_disease/test\Rust\test_000011.jpg,40.02730000,-73.99920000,10.00,Rust,1.000000,True
2026-08-10T13:26:31+03:00,datasets/crop_disease/test\Rust\test_000012.jpg,40.02730000,-73.99910000,10.00,Rust,1.000000,True
2026-08-10T13:26:31+03:00,datasets/crop_disease/test\Rust\test_000013.jpg,40.02730000,-73.99900000,10.00,Rust,1.000000,True
2026-08-10T13:26:31+03:00,datasets/crop_disease/test\Rust\test_000014.jpg,40.02730000,-73.99890000,10.00,Rust,1.000000,True
2026-08-10T13:26:31+03:00,datasets/crop_disease/test\Rust\test_000015.jpg,40.02730000,-73.99880000,10.00,Rust,0.999990,True
2026-08-10T13:26:31+03:00,datasets/crop_disease/test\Rust\test_000016.jpg,40.02730000,-73.99870000,10.00,Rust,1.000000,True
2026-08-10T13:26:31+03:00,datasets/crop_disease/test\Rust\test_000017.jpg,40.02730000,-73.99860000,10.00,Rust,1.000000,True
2026-08-10T13:26:31+03:00,datasets/crop_disease/test\Rust\test_000018.jpg,40.02730000,-73.99850000,10.00,Rust,0.999995,True
2026-08-10T13:26:31+03:00,datasets/crop_disease/test\Rust\test_000019.jpg,40.02730000,-73.99840000,10.00,Rust,1.000000,True
2026-08-10T13:26:31+03:00,datasets/crop_disease/test\Rust\test_000020.jpg,40.02730000,-73.99830000,10.00,Rust,1.000000,True
2026-08-10T13:26:31+03:00,datasets/crop_disease/test\Rust\test_000021.jpg,40.02730000,-73.99820000,10.00,Rust,1.000000,True
2026-08-10T13:26:31+03:00,datasets/crop_disease/test\Rust\test_000022.jpg,40.02730000,-73.99810000,10.00,Rust,1.000000,True
2026-08-10T13:26:31+03:00,datasets/crop_disease/test\Rust\test_000023.jpg,40.02740000,-74.00000000,10.00,Rust,1.000000,True
2026-08-10T13:26:31+03:00,datasets/crop_disease/test\Rust\test_000024.jpg,40.02740000,-73.99990000,10.00,Rust,1.000000,True
2026-08-10T13:26:31+03:00,datasets/crop_disease/test\Rust\test_000025.jpg,40.02740000,-73.99980000,10.00,Rust,1.000000,True
2026-08-10T13:26:31+03:00,datasets/crop_disease/test\Rust\test_000026.jpg,40.02740000,-73.99970000,10.00,Rust,1.000000,True
2026-08-10T13:26:31+03:00,datasets/crop_disease/test\Rust\test_000027.jpg,40.02740000,-73.99960000,10.00,Rust,1.000000,True
2026-08-10T13:26:31+03:00,datasets/crop_disease/test\Rust\test_000028.jpg,40.02740000,-73.99950000,10.00,Rust,1.000000,True
2026-08-10T13:26:31+03:00,datasets/crop_disease/test\Rust\test_000029.jpg,40.02740000,-73.99940000,10.00,Rust,0.999999,True
2026-08-10T13:26:31+03:00,datasets/crop_disease/test\Rust\test_000030.jpg,40.02740000,-73.99930000,10.00,Rust,1.000000,True
2026-08-10T13:26:31+03:00,datasets/crop_disease/test\Rust\test_000031.jpg,40.02740000,-73.99920000,10.00,Rust,0.999995,True
2026-08-10T13:26:31+03:00,datasets/crop_disease/test\Rust\test_000032.jpg,40.02740000,-73.99910000,10.00,Rust,0.988364,True
2026-08-10T13:26:31+03:00,datasets/crop_disease/test\Rust\test_000033.jpg,40.02740000,-73.99900000,10.00,Rust,0.999946,True
2026-08-10T13:26:31+03:00,datasets/crop_disease/test\Rust\test_000034.jpg,40.02740000,-73.99890000,10.00,Rust,0.986740,True
2026-08-10T13:26:31+03:00,datasets/crop_disease/test\Rust\test_000035.jpg,40.02740000,-73.99880000,10.00,Rust,1.000000,True
2026-08-10T13:26:31+03:00,datasets/crop_disease/test\Rust\test_000036.jpg,40.02740000,-73.99870000,10.00,Rust,1.000000,True
2026-08-10T13:26:31+03:00,datasets/crop_disease/test\Rust\test_000037.jpg,40.02740000,-73.99860000,10.00,Rust,0.995955,True
2026-08-10T13:26:31+03:00,datasets/crop_disease/test\Rust\test_000038.jpg,40.02740000,-73.99850000,10.00,Rust,0.999993,True
2026-08-10T13:26:31+03:00,datasets/crop_disease/test\Rust\test_000039.jpg,40.02740000,-73.99840000,10.00,Rust,1.000000,True
2026-08-10T13:26:31+03:00,datasets/crop_disease/test\Rust\test_000040.jpg,40.02740000,-73.99830000,10.00,Rust,1.000000,True
2026-08-10T13:26:31+03:00,datasets/crop_disease/test\Rust\test_000041.jpg,40.02740000,-73.99820000,10.00,Rust,1.000000,True
2026-08-10T13:26:31+03:00,datasets/crop_disease/test\Rust\test_000042.jpg,40.02740000,-73.99810000,10.00,Rust,0.999983,True
2026-08-10T13:26:31+03:00,datasets/crop_disease/test\Rust\test_000043.jpg,40.02750000,-74.00000000,10.00,Rust,1.000000,True
2026-08-10T13:26:31+03:00,datasets/crop_disease/test\Rust\test_000044.jpg,40.02750000,-73.99990000,10.00,Rust,0.999974,True
2026-08-10T13:26:31+03:00,datasets/crop_disease/test\Rust\test_000045.jpg,40.02750000,-73.99980000,10.00,Rust,1.000000,True
2026-08-10T13:26:31+03:00,datasets/crop_disease/test\Rust\test_000046.jpg,40.02750000,-73.99970000,10.00,Rust,0.999981,True
2026-08-10T13:26:31+03:00,datasets/crop_disease/test\Rust\test_000047.jpg,40.02750000,-73.99960000,10.00,Rust,1.000000,True
2026-08-10T13:26:31+03:00,datasets/crop_disease/test\Rust\test_000048.jpg,40.02750000,-73.99950000,10.00,Rust,1.000000,True
2026-08-10T13:26:31+03:00,datasets/crop_disease/test\Rust\test_000049.jpg,40.02750000,-73.99940000,10.00,Rust,1.000000,True
2026-08-10T13:26:31+03:00,datasets/crop_disease/test\Rust\test_000050.jpg,40.02750000,-73.99930000,10.00,Rust,0.999998,True
2026-08-10T13:26:31+03:00,datasets/crop_disease/test\Rust\test_000051.jpg,40.02750000,-73.99920000,10.00,Rust,1.000000,True
2026-08-10T13:26:31+03:00,datasets/crop_disease/test\Rust\test_000052.jpg,40.02750000,-73.99910000,10.00,Rust,1.000000,True
2026-08-10T13:26:31+03:00,datasets/crop_disease/test\Rust\test_000053.jpg,40.02750000,-73.99900000,10.00,Rust,1.000000,True
2026-08-10T13:26:31+03:00,datasets/crop_disease/test\Rust\test_000054.jpg,40.02750000,-73.99890000,10.00,Rust,1.000000,True
2026-08-10T13:26:31+03:00,datasets/crop_disease/test\Rust\test_000055.jpg,40.02750000,-73.99880000,10.00,Rust,1.000000,True
2026-08-10T13:26:31+03:00,datasets/crop_disease/test\Rust\test_000056.jpg,40.02750000,-73.99870000,10.00,Rust,1.000000,True
2026-08-10T13:26:31+03:00,datasets/crop_disease/test\Rust\test_000057.jpg,40.02750000,-73.99860000,10.00,Rust,1.000000,True
2026-08-10T13:26:31+03:00,datasets/crop_disease/test\Rust\test_000058.jpg,40.02750000,-73.99850000,10.00,Rust,0.999994,True
2026-08-10T13:26:31+03:00,datasets/crop_disease/test\Rust\test_000059.jpg,40.02750000,-73.99840000,10.00,Rust,1.000000,True
2026-08-10T13:26:31+03:00,datasets/crop_disease/test\Rust\test_000060.jpg,40.02750000,-73.99830000,10.00,Rust,0.999840,True
2026-08-10T13:26:31+03:00,datasets/crop_disease/test\Rust\test_000061.jpg,40.02750000,-73.99820000,10.00,Rust,0.999996,True
2026-08-10T13:26:31+03:00,datasets/crop_disease/test\Rust\test_000062.jpg,40.02750000,-73.99810000,10.00,Rust,1.000000,True
2026-08-10T13:26:31+03:00,datasets/crop_disease/test\Rust\test_000063.jpg,40.02760000,-74.00000000,10.00,Rust,0.999675,True
2026-08-10T13:26:32+03:00,datasets/crop_disease/test\Rust\test_000064.jpg,40.02760000,-73.99990000,10.00,Rust,1.000000,True
2026-08-10T13:26:32+03:00,datasets/crop_disease/test\Rust\test_000065.jpg,40.02760000,-73.99980000,10.00,Rust,0.999999,True
2026-08-10T13:26:32+03:00,datasets/crop_disease/test\Rust\test_000066.jpg,40.02760000,-73.99970000,10.00,Rust,1.000000,True
2026-08-10T13:26:32+03:00,datasets/crop_disease/test\Rust\test_000067.jpg,40.02760000,-73.99960000,10.00,Rust,1.000000,True
2026-08-10T13:26:32+03:00,datasets/crop_disease/test\Rust\test_000068.jpg,40.02760000,-73.99950000,10.00,Rust,1.000000,True
2026-08-10T13:26:32+03:00,datasets/crop_disease/test\Rust\test_000069.jpg,40.02760000,-73.99940000,10.00,Rust,0.993079,True
2026-08-10T13:26:32+03:00,datasets/crop_disease/test\Rust\test_000070.jpg,40.02760000,-73.99930000,10.00,Rust,0.999999,True
2026-08-10T13:26:32+03:00,datasets/crop_disease/test\Rust\test_000071.jpg,40.02760000,-73.99920000,10.00,Rust,1.000000,True
2026-08-10T13:26:32+03:00,datasets/crop_disease/test\Rust\test_000072.jpg,40.02760000,-73.99910000,10.00,Rust,1.000000,True
2026-08-10T13:26:32+03:00,datasets/crop_disease/test\Rust\test_000073.jpg,40.02760000,-73.99900000,10.00,Rust,1.000000,True
2026-08-10T13:26:32+03:00,datasets/crop_disease/test\Rust\test_000074.jpg,40.02760000,-73.99890000,10.00,Rust,1.000000,True
2026-08-10T13:26:32+03:00,datasets/crop_disease/test\Rust\test_000075.jpg,40.02760000,-73.99880000,10.00,Rust,1.000000,True
2026-08-10T13:26:32+03:00,datasets/crop_disease/test\Rust\test_000076.jpg,40.02760000,-73.99870000,10.00,Rust,1.000000,True
2026-08-10T13:26:32+03:00,datasets/crop_disease/test\Rust\test_000077.jpg,40.02760000,-73.99860000,10.00,Rust,1.000000,True
2026-08-10T13:26:32+03:00,datasets/crop_disease/test\Rust\test_000078.jpg,40.02760000,-73.99850000,10.00,Rust,1.000000,True
2026-08-10T13:26:32+03:00,datasets/crop_disease/test\Rust\test_000079.jpg,40.02760000,-73.99840000,10.00,Rust,1.000000,True
2026-08-10T13:26:32+03:00,datasets/crop_disease/test\Rust\test_000080.jpg,40.02760000,-73.99830000,10.00,Rust,1.000000,True
2026-08-10T13:26:32+03:00,datasets/crop_disease/test\Rust\test_000081.jpg,40.02760000,-73.99820000,10.00,Rust,1.000000,True
2026-08-10T13:26:32+03:00,datasets/crop_disease/test\Rust\test_000082.jpg,40.02760000,-73.99810000,10.00,Rust,1.000000,True
2026-08-10T13:26:32+03:00,datasets/crop_disease/test\Rust\test_000083.jpg,40.02770000,-74.00000000,10.00,Rust,1.000000,True
2026-08-10T13:26:32+03:00,datasets/crop_disease/test\Rust\test_000084.jpg,40.02770000,-73.99990000,10.00,Rust,1.000000,True
2026-08-10T13:26:32+03:00,datasets/crop_disease/test\Rust\test_000085.jpg,40.02770000,-73.99980000,10.00,Rust,1.000000,True
2026-08-10T13:26:32+03:00,datasets/crop_disease/test\Rust\test_000086.jpg,40.02770000,-73.99970000,10.00,Rust,1.000000,True
2026-08-10T13:26:32+03:00,datasets/crop_disease/test\Rust\test_000087.jpg,40.02770000,-73.99960000,10.00,Rust,1.000000,True
2026-08-10T13:26:32+03:00,datasets/crop_disease/test\Rust\test_000088.jpg,40.02770000,-73.99950000,10.00,Rust,1.000000,True
2026-08-10T13:26:32+03:00,datasets/crop_disease/test\Rust\test_000089.jpg,40.02770000,-73.99940000,10.00,Rust,0.999996,True
2026-08-10T13:26:32+03:00,datasets/crop_disease/test\Rust\test_000090.jpg,40.02770000,-73.99930000,10.00,Rust,1.000000,True
2026-08-10T13:26:32+03:00,datasets/crop_disease/test\Rust\test_000091.jpg,40.02770000,-73.99920000,10.00,Rust,1.000000,True
2026-08-10T13:26:32+03:00,datasets/crop_disease/test\Rust\test_000092.jpg,40.02770000,-73.99910000,10.00,Rust,0.999995,True
2026-08-10T13:26:32+03:00,datasets/crop_disease/test\Rust\test_000093.jpg,40.02770000,-73.99900000,10.00,Rust,0.999974,True
2026-08-10T13:26:32+03:00,datasets/crop_disease/test\Rust\test_000094.jpg,40.02770000,-73.99890000,10.00,Rust,0.999911,True
2026-08-10T13:26:32+03:00,datasets/crop_disease/test\Rust\test_000095.jpg,40.02770000,-73.99880000,10.00,Rust,0.999999,True
2026-08-10T13:26:32+03:00,datasets/crop_disease/test\Rust\test_000096.jpg,40.02770000,-73.99870000,10.00,Rust,0.999981,True
2026-08-10T13:26:32+03:00,datasets/crop_disease/test\Rust\test_000097.jpg,40.02770000,-73.99860000,10.00,Rust,1.000000,True
2026-08-10T13:26:32+03:00,datasets/crop_disease/test\Rust\test_000098.jpg,40.02770000,-73.99850000,10.00,Rust,0.999973,True
2026-08-10T13:26:32+03:00,datasets/crop_disease/test\Rust\test_000099.jpg,40.02770000,-73.99840000,10.00,Rust,0.999922,True
2026-08-10T13:26:32+03:00,datasets/crop_disease/test\Rust\test_000100.jpg,40.02770000,-73.99830000,10.00,Rust,0.999999,True
2026-08-10T13:26:32+03:00,datasets/crop_disease/test\Rust\test_000101.jpg,40.02770000,-73.99820000,10.00,Rust,1.000000,True
2026-08-10T13:26:32+03:00,datasets/crop_disease/test\Rust\test_000102.jpg,40.02770000,-73.99810000,10.00,Rust,1.000000,True
2026-08-10T13:26:32+03:00,datasets/crop_disease/test\Rust\test_000103.jpg,40.02780000,-74.00000000,10.00,Rust,1.000000,True
2026-08-10T13:26:32+03:00,datasets/crop_disease/test\Rust\test_000104.jpg,40.02780000,-73.99990000,10.00,Rust,1.000000,True
2026-08-10T13:26:32+03:00,datasets/crop_disease/test\Rust\test_000105.jpg,40.02780000,-73.99980000,10.00,Rust,1.000000,True
2026-08-10T13:26:32+03:00,datasets/crop_disease/test\Rust\test_000106.jpg,40.02780000,-73.99970000,10.00,Rust,0.999949,True
2026-08-10T13:26:32+03:00,datasets/crop_disease/test\Rust\test_000107.jpg,40.02780000,-73.99960000,10.00,Rust,0.999990,True
2026-08-10T13:26:32+03:00,datasets/crop_disease/test\Rust\test_000108.jpg,40.02780000,-73.99950000,10.00,Rust,0.999999,True
2026-08-10T13:26:32+03:00,datasets/crop_disease/test\Rust\test_000109.jpg,40.02780000,-73.99940000,10.00,Rust,1.000000,True
2026-08-10T13:26:32+03:00,datasets/crop_disease/test\Rust\test_000110.jpg,40.02780000,-73.99930000,10.00,Rust,0.999989,True
2026-08-10T13:26:32+03:00,datasets/crop_disease/test\Rust\test_000111.jpg,40.02780000,-73.99920000,10.00,Rust,0.998183,True
2026-08-10T13:26:32+03:00,datasets/crop_disease/test\Rust\test_000112.jpg,40.02780000,-73.99910000,10.00,Rust,1.000000,True
2026-08-10T13:26:32+03:00,datasets/crop_disease/test\Rust\test_000113.jpg,40.02780000,-73.99900000,10.00,Rust,0.999246,True
2026-08-10T13:26:32+03:00,datasets/crop_disease/test\Rust\test_000114.jpg,40.02780000,-73.99890000,10.00,Rust,0.999433,True
2026-08-10T13:26:32+03:00,datasets/crop_disease/test\Rust\test_000115.jpg,40.02780000,-73.99880000,10.00,Rust,1.000000,True
2026-08-10T13:26:32+03:00,datasets/crop_disease/test\Rust\test_000116.jpg,40.02780000,-73.99870000,10.00,Blight,0.904988,False
2026-08-10T13:26:32+03:00,datasets/crop_disease/test\Rust\test_000117.jpg,40.02780000,-73.99860000,10.00,Rust,1.000000,True
2026-08-10T13:26:32+03:00,datasets/crop_disease/test\Rust\test_000118.jpg,40.02780000,-73.99850000,10.00,Rust,1.000000,True
2026-08-10T13:26:32+03:00,datasets/crop_disease/test\Rust\test_000119.jpg,40.02780000,-73.99840000,10.00,Rust,1.000000,True
2026-08-10T13:26:32+03:00,datasets/crop_disease/test\Rust\test_000120.jpg,40.02780000,-73.99830000,10.00,Rust,0.881036,False
2026-08-10T13:26:32+03:00,datasets/crop_disease/test\Rust\test_000121.jpg,40.02780000,-73.99820000,10.00,Rust,0.999999,True
2026-08-10T13:26:32+03:00,datasets/crop_disease/test\Rust\test_000122.jpg,40.02780000,-73.99810000,10.00,Rust,1.000000,True
2026-08-10T13:26:32+03:00,datasets/crop_disease/test\Rust\test_000123.jpg,40.02790000,-74.00000000,10.00,Rust,0.826366,False
2026-08-10T13:26:32+03:00,datasets/crop_disease/test\Rust\test_000124.jpg,40.02790000,-73.99990000,10.00,Rust,0.999330,True
2026-08-10T13:26:32+03:00,datasets/crop_disease/test\Rust\test_000125.jpg,40.02790000,-73.99980000,10.00,Rust,0.999975,True
2026-08-10T13:26:32+03:00,datasets/crop_disease/test\Rust\test_000126.jpg,40.02790000,-73.99970000,10.00,Rust,1.000000,True
2026-08-10T13:26:32+03:00,datasets/crop_disease/test\Rust\test_000127.jpg,40.02790000,-73.99960000,10.00,Rust,0.999997,True
2026-08-10T13:26:32+03:00,datasets/crop_disease/test\Rust\test_000128.jpg,40.02790000,-73.99950000,10.00,Rust,0.999977,True
2026-08-10T13:26:32+03:00,datasets/crop_disease/test\Rust\test_000129.jpg,40.02790000,-73.99940000,10.00,Rust,1.000000,True
2026-08-10T13:26:32+03:00,datasets/crop_disease/test\Rust\test_000130.jpg,40.02790000,-73.99930000,10.00,Rust,1.000000,True
2026-08-10T13:26:32+03:00,datasets/crop_disease/test\Rust\test_000131.jpg,40.02790000,-73.99920000,10.00,Rust,0.999999,True
2026-08-10T13:26:32+03:00,datasets/crop_disease/test\Rust\test_000132.jpg,40.02790000,-73.99910000,10.00,Rust,1.000000,True
2026-08-10T13:26:32+03:00,datasets/crop_disease/test\Rust\test_000133.jpg,40.02790000,-73.99900000,10.00,Rust,0.999997,True
2026-08-10T13:26:32+03:00,datasets/crop_disease/test\Rust\test_000134.jpg,40.02790000,-73.99890000,10.00,Rust,1.000000,True
2026-08-10T13:26:32+03:00,datasets/crop_disease/test\Rust\test_000135.jpg,40.02790000,-73.99880000,10.00,Rust,0.999995,True
2026-08-10T13:26:32+03:00,datasets/crop_disease/test\Rust\test_000136.jpg,40.02790000,-73.99870000,10.00,Rust,1.000000,True
2026-08-10T13:26:32+03:00,datasets/crop_disease/test\Rust\test_000137.jpg,40.02790000,-73.99860000,10.00,Rust,1.000000,True
2026-08-10T13:26:32+03:00,datasets/crop_disease/test\Rust\test_000138.jpg,40.02790000,-73.99850000,10.00,Rust,1.000000,True
2026-08-10T13:26:32+03:00,datasets/crop_disease/test\Rust\test_000139.jpg,40.02790000,-73.99840000,10.00,Rust,1.000000,True
2026-08-10T13:26:32+03:00,datasets/crop_disease/test\Rust\test_000140.jpg,40.02790000,-73.99830000,10.00,Rust,1.000000,True
2026-08-10T13:26:32+03:00,datasets/crop_disease/test\Rust\test_000141.jpg,40.02790000,-73.99820000,10.00,Rust,1.000000,True
2026-08-10T13:26:32+03:00,datasets/crop_disease/test\Rust\test_000142.jpg,40.02790000,-73.99810000,10.00,Rust,1.000000,True
2026-08-10T13:26:32+03:00,datasets/crop_disease/test\Rust\test_000143.jpg,40.02800000,-74.00000000,10.00,Rust,1.000000,True
2026-08-10T13:26:33+03:00,datasets/crop_disease/test\Rust\test_000144.jpg,40.02800000,-73.99990000,10.00,Rust,0.999990,True
2026-08-10T13:26:33+03:00,datasets/crop_disease/test\Rust\test_000145.jpg,40.02800000,-73.99980000,10.00,Rust,1.000000,True
2026-08-10T13:26:33+03:00,datasets/crop_disease/test\Rust\test_000146.jpg,40.02800000,-73.99970000,10.00,Rust,1.000000,True
2026-08-10T13:26:33+03:00,datasets/crop_disease/test\Rust\test_000147.jpg,40.02800000,-73.99960000,10.00,Rust,0.999999,True
2026-08-10T13:26:33+03:00,datasets/crop_disease/test\Rust\test_000148.jpg,40.02800000,-73.99950000,10.00,Rust,1.000000,True
2026-08-10T13:26:33+03:00,datasets/crop_disease/test\Rust\test_000149.jpg,40.02800000,-73.99940000,10.00,Rust,1.000000,True
2026-08-10T13:26:33+03:00,datasets/crop_disease/test\Rust\test_000150.jpg,40.02800000,-73.99930000,10.00,Rust,0.999991,True
2026-08-10T13:26:33+03:00,datasets/crop_disease/test\Rust\test_000151.jpg,40.02800000,-73.99920000,10.00,Rust,1.000000,True
2026-08-10T13:26:33+03:00,datasets/crop_disease/test\Rust\test_000152.jpg,40.02800000,-73.99910000,10.00,Rust,1.000000,True
2026-08-10T13:26:33+03:00,datasets/crop_disease/test\Rust\test_000153.jpg,40.02800000,-73.99900000,10.00,Rust,0.999998,True
2026-08-10T13:26:33+03:00,datasets/crop_disease/test\Rust\test_000154.jpg,40.02800000,-73.99890000,10.00,Rust,0.999998,True
2026-08-10T13:26:33+03:00,datasets/crop_disease/test\Rust\test_000155.jpg,40.02800000,-73.99880000,10.00,Rust,0.999999,True
2026-08-10T13:26:33+03:00,datasets/crop_disease/test\Rust\test_000156.jpg,40.02800000,-73.99870000,10.00,Rust,0.999986,True
2026-08-10T13:26:33+03:00,datasets/crop_disease/test\Rust\test_000157.jpg,40.02800000,-73.99860000,10.00,Rust,1.000000,True
2026-08-10T13:26:33+03:00,datasets/crop_disease/test\Rust\test_000158.jpg,40.02800000,-73.99850000,10.00,Rust,1.000000,True
2026-08-10T13:26:33+03:00,datasets/crop_disease/test\Rust\test_000159.jpg,40.02800000,-73.99840000,10.00,Rust,1.000000,True
2026-08-10T13:26:33+03:00,datasets/crop_disease/test\Rust\test_000160.jpg,40.02800000,-73.99830000,10.00,Rust,1.000000,True
2026-08-10T13:26:33+03:00,datasets/crop_disease/test\Rust\test_000161.jpg,40.02800000,-73.99820000,10.00,Rust,0.999999,True
2026-08-10T13:26:33+03:00,datasets/crop_disease/test\Rust\test_000162.jpg,40.02800000,-73.99810000,10.00,Rust,1.000000,True
2026-08-10T13:26:33+03:00,datasets/crop_disease/test\Rust\test_000163.jpg,40.02810000,-74.00000000,10.00,Rust,0.978906,True
2026-08-10T13:26:33+03:00,datasets/crop_disease/test\Rust\test_000164.jpg,40.02810000,-73.99990000,10.00,Rust,0.999933,True
2026-08-10T13:26:33+03:00,datasets/crop_disease/test\Rust\test_000165.jpg,40.02810000,-73.99980000,10.00,Rust,0.999999,True
2026-08-10T13:26:33+03:00,datasets/crop_disease/test\Rust\test_000166.jpg,40.02810000,-73.99970000,10.00,Rust,1.000000,True
2026-08-10T13:26:33+03:00,datasets/crop_disease/test\Rust\test_000167.jpg,40.02810000,-73.99960000,10.00,Rust,1.000000,True
2026-08-10T13:26:33+03:00,datasets/crop_disease/test\Rust\test_000168.jpg,40.02810000,-73.99950000,10.00,Rust,0.995207,True
2026-08-10T13:26:33+03:00,datasets/crop_disease/test\Rust\test_000169.jpg,40.02810000,-73.99940000,10.00,Rust,0.999999,True
2026-08-10T13:26:33+03:00,datasets/crop_disease/test\Rust\test_000170.jpg,40.02810000,-73.99930000,10.00,Rust,0.999996,True
2026-08-10T13:26:33+03:00,datasets/crop_disease/test\Rust\test_000171.jpg,40.02810000,-73.99920000,10.00,Rust,1.000000,True
2026-08-10T13:26:33+03:00,datasets/crop_disease/test\Rust\test_000172.jpg,40.02810000,-73.99910000,10.00,Rust,0.999993,True
2026-08-10T13:26:33+03:00,datasets/crop_disease/test\Rust\test_000173.jpg,40.02810000,-73.99900000,10.00,Rust,0.999988,True
2026-08-10T13:26:33+03:00,datasets/crop_disease/test\Rust\test_000174.jpg,40.02810000,-73.99890000,10.00,Rust,0.999514,True
2026-08-10T13:26:33+03:00,datasets/crop_disease/test\Rust\test_000175.jpg,40.02810000,-73.99880000,10.00,Rust,1.000000,True
2026-08-10T13:26:33+03:00,datasets/crop_disease/test\Rust\test_000176.jpg,40.02810000,-73.99870000,10.00,Rust,0.999062,True
2026-08-10T13:26:33+03:00,datasets/crop_disease/test\Rust\test_000177.jpg,40.02810000,-73.99860000,10.00,Rust,1.000000,True
2026-08-10T13:26:33+03:00,datasets/crop_disease/test\Rust\test_000178.jpg,40.02810000,-73.99850000,10.00,Rust,1.000000,True
2026-08-10T13:26:33+03:00,datasets/crop_disease/test\Rust\test_000179.jpg,40.02810000,-73.99840000,10.00,Rust,1.000000,True
2026-08-10T13:26:33+03:00,datasets/crop_disease/test\Rust\test_000180.jpg,40.02810000,-73.99830000,10.00,Rust,1.000000,True
2026-08-10T13:26:33+03:00,datasets/crop_disease/test\Rust\test_000181.jpg,40.02810000,-73.99820000,10.00,Rust,1.000000,True
2026-08-10T13:26:33+03:00,datasets/crop_disease/test\Rust\test_000182.jpg,40.02810000,-73.99810000,10.00,Rust,0.999932,True
2026-08-10T13:26:33+03:00,datasets/crop_disease/test\Rust\test_000183.jpg,40.02820000,-74.00000000,10.00,Rust,0.999943,True
2026-08-10T13:26:33+03:00,datasets/crop_disease/test\Rust\test_000184.jpg,40.02820000,-73.99990000,10.00,Rust,0.999997,True
2026-08-10T13:26:33+03:00,datasets/crop_disease/test\Rust\test_000185.jpg,40.02820000,-73.99980000,10.00,Rust,0.999564,True
2026-08-10T13:26:33+03:00,datasets/crop_disease/test\Rust\test_000186.jpg,40.02820000,-73.99970000,10.00,Rust,1.000000,True
2026-08-10T13:26:33+03:00,datasets/crop_disease/test\Rust\test_000187.jpg,40.02820000,-73.99960000,10.00,Rust,1.000000,True
2026-08-10T13:26:33+03:00,datasets/crop_disease/test\Rust\test_000188.jpg,40.02820000,-73.99950000,10.00,Rust,0.999999,True
2026-08-10T13:26:33+03:00,datasets/crop_disease/test\Rust\test_000189.jpg,40.02820000,-73.99940000,10.00,Rust,1.000000,True
2026-08-10T13:26:33+03:00,datasets/crop_disease/test\Rust\test_000190.jpg,40.02820000,-73.99930000,10.00,Rust,1.000000,True
2026-08-10T13:26:33+03:00,datasets/crop_disease/test\Rust\test_000191.jpg,40.02820000,-73.99920000,10.00,Rust,1.000000,True
2026-08-10T13:26:33+03:00,datasets/crop_disease/test\Rust\test_000192.jpg,40.02820000,-73.99910000,10.00,Rust,0.999725,True
2026-08-10T13:26:33+03:00,datasets/crop_disease/test\Rust\test_000193.jpg,40.02820000,-73.99900000,10.00,Rust,1.000000,True
2026-08-10T13:26:33+03:00,datasets/crop_disease/test\Rust\test_000194.jpg,40.02820000,-73.99890000,10.00,Rust,1.000000,True
2026-08-10T13:26:33+03:00,datasets/crop_disease/test\Rust\test_000195.jpg,40.02820000,-73.99880000,10.00,Rust,1.000000,True
2026-08-10T13:26:33+03:00,datasets/crop_disease/test\Rust\test_000196.jpg,40.02820000,-73.99870000,10.00,Rust,0.999992,True
2026-08-10T13:26:33+03:00,datasets/crop_disease/test\Rust\test_000197.jpg,40.02820000,-73.99860000,10.00,Rust,0.999996,True
2026-08-10T13:26:33+03:00,datasets/crop_disease/test\Rust\test_000198.jpg,40.02820000,-73.99850000,10.00,Rust,1.000000,True
2026-08-10T13:26:33+03:00,datasets/crop_disease/test\Rust\test_000199.jpg,40.02820000,-73.99840000,10.00,Rust,1.000000,True
2026-08-10T13:26:33+03:00,datasets/crop_disease/test\Rust\test_000200.jpg,40.02820000,-73.99830000,10.00,Rust,1.000000,True
2026-08-10T13:26:33+03:00,datasets/crop_disease/test\Rust\test_000201.jpg,40.02820000,-73.99820000,10.00,Rust,1.000000,True
2026-08-10T13:26:33+03:00,datasets/crop_disease/test\Rust\test_000202.jpg,40.02820000,-73.99810000,10.00,Rust,0.999997,True
2026-08-10T13:26:33+03:00,datasets/crop_disease/test\Rust\test_000203.jpg,40.02830000,-74.00000000,10.00,Rust,1.000000,True
2026-08-10T13:26:33+03:00,datasets/crop_disease/test\Rust\test_000204.jpg,40.02830000,-73.99990000,10.00,Rust,1.000000,True
2026-08-10T13:26:33+03:00,datasets/crop_disease/test\Rust\test_000205.jpg,40.02830000,-73.99980000,10.00,Rust,1.000000,True
2026-08-10T13:26:33+03:00,datasets/crop_disease/test\Rust\test_000206.jpg,40.02830000,-73.99970000,10.00,Rust,0.999999,True
2026-08-10T13:26:33+03:00,datasets/crop_disease/test\Rust\test_000207.jpg,40.02830000,-73.99960000,10.00,Rust,1.000000,True
2026-08-10T13:26:33+03:00,datasets/crop_disease/test\Rust\test_000208.jpg,40.02830000,-73.99950000,10.00,Rust,1.000000,True
2026-08-10T13:26:33+03:00,datasets/crop_disease/test\Rust\test_000209.jpg,40.02830000,-73.99940000,10.00,Rust,0.998393,True
2026-08-10T13:26:33+03:00,datasets/crop_disease/test\Rust\test_000210.jpg,40.02830000,-73.99930000,10.00,Rust,0.999995,True
2026-08-10T13:26:33+03:00,datasets/crop_disease/test\Rust\test_000211.jpg,40.02830000,-73.99920000,10.00,Rust,1.000000,True
2026-08-10T13:26:33+03:00,datasets/crop_disease/test\Rust\test_000212.jpg,40.02830000,-73.99910000,10.00,Rust,1.000000,True
2026-08-10T13:26:33+03:00,datasets/crop_disease/test\Rust\test_000213.jpg,40.02830000,-73.99900000,10.00,Rust,0.999984,True
2026-08-10T13:26:33+03:00,datasets/crop_disease/test\Rust\test_000214.jpg,40.02830000,-73.99890000,10.00,Rust,0.999978,True
2026-08-10T13:26:33+03:00,datasets/crop_disease/test\Rust\test_000215.jpg,40.02830000,-73.99880000,10.00,Rust,0.998709,True
2026-08-10T13:26:33+03:00,datasets/crop_disease/test\Rust\test_000216.jpg,40.02830000,-73.99870000,10.00,Rust,1.000000,True
2026-08-10T13:26:33+03:00,datasets/crop_disease/test\Rust\test_000217.jpg,40.02830000,-73.99860000,10.00,Rust,0.999995,True
2026-08-10T13:26:33+03:00,datasets/crop_disease/test\Rust\test_000218.jpg,40.02830000,-73.99850000,10.00,Rust,0.999997,True
2026-08-10T13:26:33+03:00,datasets/crop_disease/test\Rust\test_000219.jpg,40.02830000,-73.99840000,10.00,Rust,1.000000,True
2026-08-10T13:26:33+03:00,datasets/crop_disease/test\Rust\test_000220.jpg,40.02830000,-73.99830000,10.00,Rust,0.999999,True
2026-08-10T13:26:33+03:00,datasets/crop_disease/test\Rust\test_000221.jpg,40.02830000,-73.99820000,10.00,Rust,1.000000,True
2026-08-10T13:26:33+03:00,datasets/crop_disease/test\Rust\test_000222.jpg,40.02830000,-73.99810000,10.00,Rust,0.999998,True
2026-08-10T13:26:33+03:00,datasets/crop_disease/test\Rust\test_000223.jpg,40.02840000,-74.00000000,10.00,Rust,0.999993,True
2026-08-10T13:26:33+03:00,datasets/crop_disease/test\Rust\test_000224.jpg,40.02840000,-73.99990000,10.00,Rust,1.000000,True
2026-08-10T13:26:33+03:00,datasets/crop_disease/test\Rust\test_000225.jpg,40.02840000,-73.99980000,10.00,Rust,0.993214,True
2026-08-10T13:26:34+03:00,datasets/crop_disease/test\Rust\test_000226.jpg,40.02840000,-73.99970000,10.00,Rust,1.000000,True
2026-08-10T13:26:34+03:00,datasets/crop_disease/test\Rust\test_000227.jpg,40.02840000,-73.99960000,10.00,Rust,1.000000,True
2026-08-10T13:26:34+03:00,datasets/crop_disease/test\Rust\test_000228.jpg,40.02840000,-73.99950000,10.00,Rust,1.000000,True
2026-08-10T13:26:34+03:00,datasets/crop_disease/test\Rust\test_000229.jpg,40.02840000,-73.99940000,10.00,Rust,0.999995,True
2026-08-10T13:26:34+03:00,datasets/crop_disease/test\Rust\test_000230.jpg,40.02840000,-73.99930000,10.00,Rust,1.000000,True
2026-08-10T13:26:34+03:00,datasets/crop_disease/test\Rust\test_000231.jpg,40.02840000,-73.99920000,10.00,Rust,0.999994,True
2026-08-10T13:26:34+03:00,datasets/crop_disease/test\Rust\test_000232.jpg,40.02840000,-73.99910000,10.00,Rust,1.000000,True
2026-08-10T13:26:34+03:00,datasets/crop_disease/test\Rust\test_000233.jpg,40.02840000,-73.99900000,10.00,Rust,0.999980,True
2026-08-10T13:26:34+03:00,datasets/crop_disease/test\Rust\test_000234.jpg,40.02840000,-73.99890000,10.00,Rust,1.000000,True
2026-08-10T13:26:34+03:00,datasets/crop_disease/test\Rust\test_000235.jpg,40.02840000,-73.99880000,10.00,Rust,1.000000,True
2026-08-10T13:26:34+03:00,datasets/crop_disease/test\Rust\test_000236.jpg,40.02840000,-73.99870000,10.00,Rust,1.000000,True
2026-08-10T13:26:34+03:00,datasets/crop_disease/test\Rust\test_000237.jpg,40.02840000,-73.99860000,10.00,Rust,1.000000,True
2026-08-10T13:26:34+03:00,datasets/crop_disease/test\Rust\test_000238.jpg,40.02840000,-73.99850000,10.00,Rust,1.000000,True
