image,disease,class_index,confidence,decision,Blight,Healthy,LeafSpot,Mildew,Rust,error
datasets\crop_disease\test\Blight\test_000000.jpg,Blight,0,0.776952,ACCEPT,0.776952,0.000003,0.222687,0.000000,0.000358,
datasets\crop_disease\test\Blight\test_000001.jpg,Blight,0,0.876557,ACCEPT,0.876557,0.000002,0.123441,0.000000,0.000000,
datasets\crop_disease\test\Blight\test_000002.jpg,Blight,0,0.999921,ACCEPT,0.999921,0.000004,0.000055,0.000000,0.000019,
datasets\crop_disease\test\Blight\test_000003.jpg,Blight,0,0.999948,ACCEPT,0.999948,0.000000,0.000052,0.000000,0.000000,
datasets\crop_disease\test\Blight\test_000004.jpg,Blight,0,0.881224,ACCEPT,0.881224,0.000016,0.118756,0.000000,0.000004,
datasets\crop_disease\test\Blight\test_000005.jpg,Blight,0,0.996283,ACCEPT,0.996283,0.000001,0.003716,0.000000,0.000001,
datasets\crop_disease\test\Blight\test_000006.jpg,Blight,0,0.986149,ACCEPT,0.986149,0.000000,0.013817,0.000000,0.000033,
datasets\crop_disease\test\Blight\test_000007.jpg,Blight,0,0.999024,ACCEPT,0.999024,0.000026,0.000947,0.000002,0.000000,
datasets\crop_disease\test\Blight\test_000008.jpg,Blight,0,0.994240,ACCEPT,0.994240,0.000001,0.005758,0.000000,0.000001,
datasets\crop_disease\test\Blight\test_000009.jpg,Blight,0,0.936047,ACCEPT,0.936047,0.000001,0.063951,0.000000,0.000001,
datasets\crop_disease\test\Blight\test_000010.jpg,Blight,0,0.999022,ACCEPT,0.999022,0.000000,0.000880,0.000000,0.000099,
datasets\crop_disease\test\Blight\test_000011.jpg,Blight,0,0.999755,ACCEPT,0.999755,0.000024,0.000204,0.000000,0.000017,
datasets\crop_disease\test\Blight\test_000012.jpg,Blight,0,0.979425,ACCEPT,0.979425,0.000001,0.020566,0.000000,0.000008,
datasets\crop_disease\test\Blight\test_000013.jpg,Blight,0,0.874120,ACCEPT,0.874120,0.001814,0.123907,0.000000,0.000159,
datasets\crop_disease\test\Blight\test_000014.jpg,Blight,0,0.996876,ACCEPT,0.996876,0.000000,0.003103,0.000000,0.000021,
datasets\crop_disease\test\Blight\test_000015.jpg,LeafSpot,2,0.800695,ACCEPT,0.199290,0.000014,0.800695,0.000000,0.000000,
datasets\crop_disease\test\Blight\test_000016.jpg,Blight,0,0.943042,ACCEPT,0.943042,0.000005,0.056947,0.000000,0.000006,
datasets\crop_disease\test\Blight\test_000017.jpg,Blight,0,0.962251,ACCEPT,0.962251,0.000043,0.037673,0.000001,0.000033,
datasets\crop_disease\test\Blight\test_000018.jpg,LeafSpot,2,0.887159,ACCEPT,0.112819,0.000007,0.887159,0.000000,0.000015,
datasets\crop_disease\test\Blight\test_000019.jpg,Blight,0,0.999700,ACCEPT,0.999700,0.000000,0.000299,0.000000,0.000001,
datasets\crop_disease\test\Blight\test_000020.jpg,Blight,0,0.999991,ACCEPT,0.999991,0.000000,0.000009,0.000000,0.000000,
datasets\crop_disease\test\Blight\test_000021.jpg,Blight,0,0.999997,ACCEPT,0.999997,0.000001,0.000003,0.000000,0.000000,
datasets\crop_disease\test\Blight\test_000022.jpg,Blight,0,0.999844,ACCEPT,0.999844,0.000000,0.000145,0.000000,0.000010,
datasets\crop_disease\test\Blight\test_000023.jpg,Blight,0,0.999025,ACCEPT,0.999025,0.000001,0.000974,0.000000,0.000000,
datasets\crop_disease\test\Blight\test_000024.jpg,Blight,0,0.953276,ACCEPT,0.953276,0.000043,0.046667,0.000001,0.000013,
datasets\crop_disease\test\Blight\test_000025.jpg,Blight,0,0.999879,ACCEPT,0.999879,0.000000,0.000121,0.000000,0.000000,
datasets\crop_disease\test\Blight\test_000026.jpg,Blight,0,0.996461,ACCEPT,0.996461,0.000000,0.003113,0.000000,0.000426,
datasets\crop_disease\test\Blight\test_000027.jpg,Blight,0,0.996279,ACCEPT,0.996279,0.000000,0.003718,0.000000,0.000003,
datasets\crop_disease\test\Blight\test_000028.jpg,Blight,0,0.894756,ACCEPT,0.894756,0.000014,0.105212,0.000001,0.000016,
datasets\crop_disease\test\Blight\test_000029.jpg,Blight,0,0.901513,ACCEPT,0.901513,0.000011,0.098452,0.000000,0.000024,
datasets\crop_disease\test\Blight\test_000030.jpg,Blight,0,0.965062,ACCEPT,0.965062,0.000006,0.034932,0.000000,0.000001,
datasets\crop_disease\test\Blight\test_000031.jpg,Blight,0,0.999984,ACCEPT,0.999984,0.000000,0.000015,0.000000,0.000000,
datasets\crop_disease\test\Blight\test_000032.jpg,Blight,0,0.830774,ACCEPT,0.830774,0.000002,0.169221,0.000000,0.000003,
datasets\crop_disease\test\Blight\test_000033.jpg,Blight,0,0.997740,ACCEPT,0.997740,0.000000,0.002251,0.000000,0.000009,
datasets\crop_disease\test\Blight\test_000034.jpg,Blight,0,0.997526,ACCEPT,0.997526,0.000001,0.002471,0.000000,0.000002,
datasets\crop_disease\test\Blight\test_000035.jpg,Blight,0,0.995313,ACCEPT,0.995313,0.000006,0.004680,0.000000,0.000000,
datasets\crop_disease\test\Blight\test_000036.jpg,Blight,0,0.976190,ACCEPT,0.976190,0.000011,0.023789,0.000000,0.000010,
datasets\crop_disease\test\Blight\test_000037.jpg,Blight,0,0.995777,ACCEPT,0.995777,0.000001,0.004219,0.000001,0.000002,
datasets\crop_disease\test\Blight\test_000038.jpg,Blight,0,0.999813,ACCEPT,0.999813,0.000000,0.000171,0.000000,0.000016,
datasets\crop_disease\test\Blight\test_000039.jpg,Blight,0,0.996341,ACCEPT,0.996341,0.000004,0.003654,0.000000,0.000000,
datasets\crop_disease\test\Blight\test_000040.jpg,Blight,0,0.999990,ACCEPT,0.999990,0.000000,0.000010,0.000000,0.000000,
datasets\crop_disease\test\Blight\test_000041.jpg,Blight,0,0.999511,ACCEPT,0.999511,0.000000,0.000486,0.000000,0.000002,
datasets\crop_disease\test\Blight\test_000042.jpg,Blight,0,0.986208,ACCEPT,0.986208,0.000001,0.013791,0.000000,0.000000,
datasets\crop_disease\test\Blight\test_000043.jpg,Blight,0,0.999697,ACCEPT,0.999697,0.000000,0.000303,0.000000,0.000000,
datasets\crop_disease\test\Blight\test_000044.jpg,Blight,0,0.963779,ACCEPT,0.963779,0.000001,0.036213,0.000000,0.000007,
datasets\crop_disease\test\Blight\test_000045.jpg,Blight,0,0.962388,ACCEPT,0.962388,0.000081,0.037532,0.000000,0.000000,
datasets\crop_disease\test\Blight\test_000046.jpg,Blight,0,0.967257,ACCEPT,0.967257,0.000041,0.032701,0.000000,0.000000,
datasets\crop_disease\test\Blight\test_000047.jpg,Blight,0,0.944862,ACCEPT,0.944862,0.000012,0.045767,0.000000,0.009359,
datasets\crop_disease\test\Blight\test_000048.jpg,LeafSpot,2,0.925440,ACCEPT,0.074514,0.000026,0.925440,0.000000,0.000020,
datasets\crop_disease\test\Blight\test_000049.jpg,Blight,0,0.891724,ACCEPT,0.891724,0.000006,0.108270,0.000000,0.000000,
datasets\crop_disease\test\Blight\test_000050.jpg,Blight,0,0.999955,ACCEPT,0.999955,0.000002,0.000044,0.000000,0.000000,
datasets\crop_disease\test\Blight\test_000051.jpg,Blight,0,0.995747,ACCEPT,0.995747,0.000010,0.004103,0.000017,0.000123,
datasets\crop_disease\test\Blight\test_000052.jpg,Blight,0,0.966537,ACCEPT,0.966537,0.000016,0.033217,0.000000,0.000230,
datasets\crop_disease\test\Blight\test_000053.jpg,Blight,0,0.999814,ACCEPT,0.999814,0.000092,0.000094,0.000000,0.000000,
datasets\crop_disease\test\Blight\test_000054.jpg,Blight,0,0.961355,ACCEPT,0.961355,0.000143,0.038478,0.000004,0.000020,
datasets\crop_disease\test\Blight\test_000055.jpg,Blight,0,0.982868,ACCEPT,0.982868,0.000005,0.017126,0.000001,0.000001,
datasets\crop_disease\test\Blight\test_000056.jpg,Blight,0,0.989336,ACCEPT,0.989336,0.000336,0.004802,0.000001,0.005525,
datasets\crop_disease\test\Blight\test_000057.jpg,Blight,0,0.999701,ACCEPT,0.999701,0.000000,0.000298,0.000000,0.000000,
datasets\crop_disease\test\Blight\test_000058.jpg,Blight,0,0.994445,ACCEPT,0.994445,0.000003,0.005431,0.000000,0.000121,
datasets\crop_disease\test\Blight\test_000059.jpg,Blight,0,0.999263,ACCEPT,0.999263,0.000003,0.000657,0.000000,0.000076,
datasets\crop_disease\test\Blight\test_000060.jpg,Blight,0,0.980876,ACCEPT,0.980876,0.000037,0.019084,0.000001,0.000002,
datasets\crop_disease\test\Blight\test_000061.jpg,Blight,0,0.999946,ACCEPT,0.999946,0.000000,0.000048,0.000000,0.000005,
datasets\crop_disease\test\Blight\test_000062.jpg,Blight,0,0.999151,ACCEPT,0.999151,0.000023,0.000826,0.000000,0.000000,
datasets\crop_disease\test\Blight\test_000063.jpg,Blight,0,0.847433,ACCEPT,0.847433,0.000914,0.151591,0.000014,0.000048,
datasets\crop_disease\test\Blight\test_000064.jpg,Blight,0,0.999977,ACCEPT,0.999977,0.000001,0.000017,0.000000,0.000005,
datasets\crop_disease\test\Blight\test_000065.jpg,Blight,0,0.998091,ACCEPT,0.998091,0.000000,0.001883,0.000000,0.000026,
datasets\crop_disease\test\Blight\test_000066.jpg,Blight,0,0.997813,ACCEPT,0.997813,0.000000,0.002187,0.000000,0.000000,
datasets\crop_disease\test\Blight\test_000067.jpg,Blight,0,0.999804,ACCEPT,0.999804,0.000000,0.000195,0.000000,0.000001,
datasets\crop_disease\test\Blight\test_000068.jpg,Blight,0,0.999214,ACCEPT,0.999214,0.000002,0.000742,0.000000,0.000042,
datasets\crop_disease\test\Blight\test_000069.jpg,Blight,0,0.998177,ACCEPT,0.998177,0.000002,0.001820,0.000001,0.000001,
datasets\crop_disease\test\Blight\test_000070.jpg,Blight,0,0.959577,ACCEPT,0.959577,0.000654,0.029143,0.000449,0.010177,
datasets\crop_disease\test\Blight\test_000071.jpg,Blight,0,0.999986,ACCEPT,0.999986,0.000000,0.000014,0.000000,0.000000,
datasets\crop_disease\test\Blight\test_000072.jpg,Blight,0,0.999016,ACCEPT,0.999016,0.000000,0.000971,0.000000,0.000013,
datasets\crop_disease\test\Blight\test_000073.jpg,Blight,0,0.996702,ACCEPT,0.996702,0.000013,0.003285,0.000000,0.000000,
datasets\crop_disease\test\Blight\test_000074.jpg,Blight,0,0.992940,ACCEPT,0.992940,0.000001,0.007058,0.000000,0.000001,
datasets\crop_disease\test\Blight\test_000075.jpg,Blight,0,0.994169,ACCEPT,0.994169,0.000483,0.005346,0.000000,0.000001,
datasets\crop_disease\test\Blight\test_000076.jpg,Blight,0,0.936788,ACCEPT,0.936788,0.000008,0.063066,0.000001,0.000137,
datasets\crop_disease\test\Blight\test_000077.jpg,Blight,0,0.978370,ACCEPT,0.978370,0.000004,0.021616,0.000002,0.000009,
datasets\crop_disease\test\Blight\test_000078.jpg,Blight,0,0.998887,ACCEPT,0.998887,0.000000,0.000687,0.000000,0.000426,
datasets\crop_disease\test\Blight\test_000079.jpg,Blight,0,0.999998,ACCEPT,0.999998,0.000000,0.000002,0.000000,0.000000,
datasets\crop_disease\test\Blight\test_000080.jpg,Blight,0,0.988440,ACCEPT,0.988440,0.000010,0.011538,0.000008,0.000004,
datasets\crop_disease\test\Blight\test_000081.jpg,Blight,0,0.940441,ACCEPT,0.940441,0.000004,0.059555,0.000000,0.000000,
datasets\crop_disease\test\Blight\test_000082.jpg,Blight,0,0.999944,ACCEPT,0.999944,0.000000,0.000056,0.000000,0.000000,
datasets\crop_disease\test\Blight\test_000083.jpg,Blight,0,0.997174,ACCEPT,0.997174,0.000002,0.002824,0.000000,0.000000,
datasets\crop_disease\test\Blight\test_000084.jpg,Blight,0,0.956773,ACCEPT,0.956773,0.000071,0.043135,0.000006,0.000015,
datasets\crop_disease\test\Blight\test_000085.jpg,Blight,0,0.999968,ACCEPT,0.999968,0.000001,0.000031,0.000000,0.000000,
datasets\crop_disease\test\Blight\test_000086.jpg,LeafSpot,2,0.622383,NEEDS-REVIEW,0.376624,0.000920,0.622383,0.000029,0.000045,
datasets\crop_disease\test\Blight\test_000087.jpg,Blight,0,0.994471,ACCEPT,0.994471,0.000000,0.005528,0.000000,0.000001,
datasets\crop_disease\test\Blight\test_000088.jpg,Blight,0,0.996993,ACCEPT,0.996993,0.000139,0.002863,0.000005,0.000000,
datasets\crop_disease\test\Blight\test_000089.jpg,Blight,0,0.996488,ACCEPT,0.996488,0.000001,0.003508,0.000000,0.000003,
datasets\crop_disease\test\Blight\test_000090.jpg,Blight,0,0.999983,ACCEPT,0.999983,0.000001,0.000016,0.000000,0.000000,
datasets\crop_disease\test\Blight\test_000091.jpg,Blight,0,0.976795,ACCEPT,0.976795,0.000002,0.023202,0.000000,0.000000,
datasets\crop_disease\test\Blight\test_000092.jpg,Blight,0,0.940537,ACCEPT,0.940537,0.000000,0.059433,0.000000,0.000029,
datasets\crop_disease\test\Blight\test_000093.jpg,Blight,0,0.995543,ACCEPT,0.995543,0.000000,0.000453,0.000000,0.004004,
datasets\crop_disease\test\Blight\test_000094.jpg,Blight,0,0.708384,ACCEPT,0.708384,0.000008,0.291555,0.000001,0.000053,
datasets\crop_disease\test\Blight\test_000095.jpg,Blight,0,0.999876,ACCEPT,0.999876,0.000000,0.000123,0.000000,0.000000,
datasets\crop_disease\test\Blight\test_000096.jpg,Blight,0,0.999982,ACCEPT,0.999982,0.000000,0.000018,0.000000,0.000000,
datasets\crop_disease\test\Blight\test_000097.jpg,Blight,0,0.974017,ACCEPT,0.974017,0.000024,0.025883,0.000000,0.000076,
datasets\crop_disease\test\Blight\test_000098.jpg,Blight,0,0.998383,ACCEPT,0.998383,0.000000,0.001615,0.000000,0.000002,
datasets\crop_disease\test\Blight\test_000099.jpg,LeafSpot,2,0.990413,ACCEPT,0.009584,0.000003,0.990413,0.000000,0.000000,
datasets\crop_disease\test\Blight\test_000100.jpg,LeafSpot,2,0.658563,ACCEPT,0.341365,0.000072,0.658563,0.000000,0.000000,
datasets\crop_disease\test\Blight\test_000101.jpg,Blight,0,0.999758,ACCEPT,0.999758,0.000001,0.000240,0.000000,0.000001,
datasets\crop_disease\test\Blight\test_000102.jpg,Blight,0,0.970754,ACCEPT,0.970754,0.001336,0.027901,0.000008,0.000000,
datasets\crop_disease\test\Blight\test_000103.jpg,Blight,0,0.916894,ACCEPT,0.916894,0.000021,0.083086,0.000000,0.000000,
datasets\crop_disease\test\Blight\test_000104.jpg,Blight,0,0.988251,ACCEPT,0.988251,0.000001,0.011678,0.000000,0.000070,
datasets\crop_disease\test\Blight\test_000105.jpg,Blight,0,0.963613,ACCEPT,0.963613,0.000008,0.036378,0.000000,0.000001,
datasets\crop_disease\test\Blight\test_000106.jpg,Blight,0,0.999808,ACCEPT,0.999808,0.000000,0.000192,0.000000,0.000000,
datasets\crop_disease\test\Blight\test_000107.jpg,Blight,0,0.989873,ACCEPT,0.989873,0.000008,0.010115,0.000002,0.000001,
datasets\crop_disease\test\Blight\test_000108.jpg,Blight,0,0.946721,ACCEPT,0.946721,0.000003,0.053275,0.000000,0.000001,
datasets\crop_disease\test\Blight\test_000109.jpg,Blight,0,0.979017,ACCEPT,0.979017,0.000059,0.020666,0.000006,0.000252,
datasets\crop_disease\test\Blight\test_000110.jpg,Blight,0,0.983051,ACCEPT,0.983051,0.000010,0.016868,0.000056,0.000016,
datasets\crop_disease\test\Blight\test_000111.jpg,Blight,0,0.994557,ACCEPT,0.994557,0.000004,0.005438,0.000000,0.000001,
datasets\crop_disease\test\Blight\test_000112.jpg,Blight,0,0.967444,ACCEPT,0.967444,0.000002,0.032553,0.000000,0.000001,
datasets\crop_disease\test\Blight\test_000113.jpg,Blight,0,0.995819,ACCEPT,0.995819,0.000004,0.004177,0.000000,0.000000,
datasets\crop_disease\test\Blight\test_000114.jpg,Blight,0,0.999999,ACCEPT,0.999999,0.000001,0.000001,0.000000,0.000000,
datasets\crop_disease\test\Blight\test_000115.jpg,Blight,0,0.921386,ACCEPT,0.921386,0.000003,0.078607,0.000000,0.000004,
datasets\crop_disease\test\Blight\test_000116.jpg,Blight,0,0.994790,ACCEPT,0.994790,0.000007,0.005201,0.000000,0.000002,
datasets\crop_disease\test\Blight\test_000117.jpg,Blight,0,0.989710,ACCEPT,0.989710,0.000001,0.010287,0.000000,0.000002,
datasets\crop_disease\test\Blight\test_000118.jpg,Blight,0,0.950183,ACCEPT,0.950183,0.000004,0.049813,0.000000,0.000000,
datasets\crop_disease\test\Blight\test_000119.jpg,Blight,0,0.999984,ACCEPT,0.999984,0.000000,0.000016,0.000000,0.000000,
datasets\crop_disease\test\Blight\test_000120.jpg,Blight,0,0.600026,NEEDS-REVIEW,0.600026,0.000137,0.399837,0.000000,0.000000,
datasets\crop_disease\test\Blight\test_000121.jpg,Blight,0,0.926852,ACCEPT,0.926852,0.002105,0.070300,0.000001,0.000742,
datasets\crop_disease\test\Blight\test_000122.jpg,Blight,0,0.999944,ACCEPT,0.999944,0.000001,0.000054,0.000000,0.000001,
datasets\crop_disease\test\Blight\test_000123.jpg,Blight,0,0.995116,ACCEPT,0.995116,0.000000,0.004871,0.000000,0.000012,
datasets\crop_disease\test\Blight\test_000124.jpg,Blight,0,0.998702,ACCEPT,0.998702,0.000001,0.001296,0.000000,0.000001,
datasets\crop_disease\test\Blight\test_000125.jpg,Blight,0,0.827307,ACCEPT,0.827307,0.000073,0.172612,0.000000,0.000008,
datasets\crop_disease\test\Blight\test_000126.jpg,Blight,0,0.996674,ACCEPT,0.996674,0.000003,0.003320,0.000000,0.000003,
datasets\crop_disease\test\Blight\test_000127.jpg,Blight,0,0.998977,ACCEPT,0.998977,0.000004,0.001019,0.000000,0.000000,
datasets\crop_disease\test\Blight\test_000128.jpg,Blight,0,0.883026,ACCEPT,0.883026,0.000007,0.116772,0.000000,0.000195,
datasets\crop_disease\test\Blight\test_000129.jpg,Blight,0,0.997943,ACCEPT,0.997943,0.000001,0.002046,0.000000,0.000010,
datasets\crop_disease\test\Blight\test_000130.jpg,Blight,0,0.999983,ACCEPT,0.999983,0.000001,0.000016,0.000000,0.000000,
datasets\crop_disease\test\Blight\test_000131.jpg,Blight,0,0.993155,ACCEPT,0.993155,0.000100,0.006742,0.000000,0.000003,
datasets\crop_disease\test\Blight\test_000132.jpg,Blight,0,0.999860,ACCEPT,0.999860,0.000000,0.000107,0.000000,0.000033,
datasets\crop_disease\test\Blight\test_000133.jpg,Blight,0,0.997246,ACCEPT,0.997246,0.000000,0.002754,0.000000,0.000000,
datasets\crop_disease\test\Blight\test_000134.jpg,Blight,0,0.987069,ACCEPT,0.987069,0.000020,0.012911,0.000000,0.000000,
datasets\crop_disease\test\Blight\test_000135.jpg,Blight,0,0.990533,ACCEPT,0.990533,0.001957,0.007464,0.000046,0.000000,
datasets\crop_disease\test\Blight\test_000136.jpg,LeafSpot,2,0.695167,ACCEPT,0.304832,0.000000,0.695167,0.000000,0.000000,
datasets\crop_disease\test\Blight\test_000137.jpg,Blight,0,1.000000,ACCEPT,1.000000,0.000000,0.000000,0.000000,0.000000,
datasets\crop_disease\test\Blight\test_000138.jpg,Blight,0,0.586923,NEEDS-REVIEW,0.586923,0.000000,0.413075,0.000000,0.000002,
datasets\crop_disease\test\Blight\test_000139.jpg,Blight,0,0.959104,ACCEPT,0.959104,0.000002,0.040888,0.000000,0.000006,
datasets\crop_disease\test\Blight\test_000140.jpg,Blight,0,0.999406,ACCEPT,0.999406,0.000000,0.000583,0.000000,0.000011,
datasets\crop_disease\test\Blight\test_000141.jpg,Blight,0,0.963507,ACCEPT,0.963507,0.000280,0.036196,0.000005,0.000012,
datasets\crop_disease\test\Blight\test_000142.jpg,Blight,0,0.999742,ACCEPT,0.999742,0.000002,0.000256,0.000000,0.000000,
datasets\crop_disease\test\Blight\test_000143.jpg,Blight,0,0.999990,ACCEPT,0.999990,0.000001,0.000008,0.000000,0.000000,
datasets\crop_disease\test\Blight\test_000144.jpg,Blight,0,0.810709,ACCEPT,0.810709,0.000005,0.189234,0.000001,0.000051,
datasets\crop_disease\test\Blight\test_000145.jpg,Blight,0,0.900762,ACCEPT,0.900762,0.000004,0.098255,0.000027,0.000952,
datasets\crop_disease\test\Blight\test_000146.jpg,Blight,0,0.995705,ACCEPT,0.995705,0.000000,0.004294,0.000000,0.000000,
datasets\crop_disease\test\Blight\test_000147.jpg,Blight,0,0.998362,ACCEPT,0.998362,0.000000,0.001636,0.000000,0.000002,
datasets\crop_disease\test\Blight\test_000148.jpg,Blight,0,0.994913,ACCEPT,0.994913,0.000005,0.002746,0.000000,0.002336,
datasets\crop_disease\test\Blight\test_000149.jpg,Rust,4,0.448854,NEEDS-REVIEW,0.304020,0.000677,0.246427,0.000021,0.448854,
datasets\crop_disease\test\Blight\test_000150.jpg,Blight,0,0.998937,ACCEPT,0.998937,0.000000,0.001063,0.000000,0.000000,
datasets\crop_disease\test\Blight\test_000151.jpg,Blight,0,0.730153,ACCEPT,0.730153,0.000032,0.269743,0.000000,0.000073,
datasets\crop_disease\test\Blight\test_000152.jpg,Blight,0,0.999607,ACCEPT,0.999607,0.000000,0.000371,0.000000,0.000022,
datasets\crop_disease\test\Blight\test_000153.jpg,Blight,0,0.951199,ACCEPT,0.951199,0.000006,0.048666,0.000000,0.000129,
datasets\crop_disease\test\Blight\test_000154.jpg,Blight,0,0.994962,ACCEPT,0.994962,0.000001,0.005031,0.000000,0.000006,
datasets\crop_disease\test\Blight\test_000155.jpg,Blight,0,0.995583,ACCEPT,0.995583,0.000000,0.004416,0.000000,0.000000,
datasets\crop_disease\test\Blight\test_000156.jpg,Blight,0,0.956765,ACCEPT,0.956765,0.000002,0.043233,0.000000,0.000001,
datasets\crop_disease\test\Blight\test_000157.jpg,Blight,0,0.999993,ACCEPT,0.999993,0.000000,0.000006,0.000000,0.000000,
datasets\crop_disease\test\Blight\test_000158.jpg,Blight,0,0.991907,ACCEPT,0.991907,0.000057,0.007684,0.000008,0.000343,
datasets\crop_disease\test\Blight\test_000159.jpg,Blight,0,0.992292,ACCEPT,0.992292,0.000001,0.007706,0.000000,0.000000,
datasets\crop_disease\test\Blight\test_000160.jpg,Blight,0,0.973011,ACCEPT,0.973011,0.000001,0.026988,0.000000,0.000000,
datasets\crop_disease\test\Blight\test_000161.jpg,Blight,0,0.980771,ACCEPT,0.980771,0.000000,0.019185,0.000000,0.000044,
datasets\crop_disease\test\Blight\test_000162.jpg,LeafSpot,2,0.845550,ACCEPT,0.154428,0.000015,0.845550,0.000000,0.000007,
datasets\crop_disease\test\Blight\test_000163.jpg,Blight,0,0.999953,ACCEPT,0.999953,0.000000,0.000047,0.000000,0.000000,
datasets\crop_disease\test\Blight\test_000164.jpg,LeafSpot,2,0.785546,ACCEPT,0.214429,0.000017,0.785546,0.000002,0.000006,
datasets\crop_disease\test\Blight\test_000165.jpg,Blight,0,0.998181,ACCEPT,0.998181,0.000001,0.001818,0.000000,0.000000,
datasets\crop_disease\test\Blight\test_000166.jpg,Blight,0,0.691418,ACCEPT,0.691418,0.000008,0.308548,0.000000,0.000025,
datasets\crop_disease\test\Blight\test_000167.jpg,Blight,0,0.885917,ACCEPT,0.885917,0.000017,0.114061,0.000001,0.000003,
datasets\crop_disease\test\Blight\test_000168.jpg,Blight,0,0.906867,ACCEPT,0.906867,0.000255,0.010303,0.000200,0.082375,
datasets\crop_disease\test\Blight\test_000169.jpg,Blight,0,0.742985,ACCEPT,0.742985,0.000350,0.215950,0.000163,0.040552,
datasets\crop_disease\test\Blight\test_000170.jpg,Blight,0,0.998548,ACCEPT,0.998548,0.000000,0.001442,0.000000,0.000010,
datasets\crop_disease\test\Blight\test_000171.jpg,Blight,0,0.981860,ACCEPT,0.981860,0.000004,0.018122,0.000000,0.000013,
datasets\crop_disease\test\Blight\test_000172.jpg,Blight,0,0.976548,ACCEPT,0.976548,0.000001,0.023448,0.000000,0.000002,
datasets\crop_disease\test\Blight\test_000173.jpg,Blight,0,0.999669,ACCEPT,0.999669,0.000274,0.000057,0.000000,0.000000,
datasets\crop_disease\test\Blight\test_000174.jpg,Blight,0,0.990413,ACCEPT,0.990413,0.000014,0.009573,0.000000,0.000000,
datasets\crop_disease\test\Blight\test_000175.jpg,Blight,0,0.996395,ACCEPT,0.996395,0.000017,0.003569,0.000003,0.000017,
datasets\crop_disease\test\Blight\test_000176.jpg,Blight,0,0.999527,ACCEPT,0.999527,0.000001,0.000471,0.000000,0.000002,
datasets\crop_disease\test\Blight\test_000177.jpg,Blight,0,0.999728,ACCEPT,0.999728,0.000006,0.000258,0.000002,0.000006,
datasets\crop_disease\test\Blight\test_000178.jpg,Blight,0,0.996007,ACCEPT,0.996007,0.000001,0.002430,0.000000,0.001562,
datasets\crop_disease\test\Blight\test_000179.jpg,Blight,0,0.999657,ACCEPT,0.999657,0.000000,0.000342,0.000000,0.000000,
datasets\crop_disease\test\Blight\test_000180.jpg,Blight,0,0.997559,ACCEPT,0.997559,0.000000,0.002440,0.000000,0.000001,
datasets\crop_disease\test\Blight\test_000181.jpg,Blight,0,0.999177,ACCEPT,0.999177,0.000000,0.000823,0.000000,0.000000,
datasets\crop_disease\test\Blight\test_000182.jpg,Blight,0,0.994227,ACCEPT,0.994227,0.000233,0.005540,0.000000,0.000000,
datasets\crop_disease\test\Blight\test_000183.jpg,Blight,0,0.989875,ACCEPT,0.989875,0.000016,0.002870,0.000000,0.007239,
datasets\crop_disease\test\Blight\test_000184.jpg,Blight,0,0.999848,ACCEPT,0.999848,0.000000,0.000151,0.000000,0.000000,
datasets\crop_disease\test\Blight\test_000185.jpg,Blight,0,0.999338,ACCEPT,0.999338,0.000000,0.000662,0.000000,0.000000,
datasets\crop_disease\test\Blight\test_000186.jpg,Blight,0,0.999988,ACCEPT,0.999988,0.000000,0.000012,0.000000,0.000000,
datasets\crop_disease\test\Blight\test_000187.jpg,Blight,0,0.924100,ACCEPT,0.924100,0.000000,0.075899,0.000000,0.000000,
datasets\crop_disease\test\Blight\test_000188.jpg,Blight,0,0.991078,ACCEPT,0.991078,0.000000,0.008914,0.000000,0.000007,
datasets\crop_disease\test\Blight\test_000189.jpg,Blight,0,0.997485,ACCEPT,0.997485,0.000002,0.002512,0.000000,0.000002,
datasets\crop_disease\test\Blight\test_000190.jpg,Blight,0,0.841080,ACCEPT,0.841080,0.000036,0.158883,0.000000,0.000001,
datasets\crop_disease\test\Blight\test_000191.jpg,Blight,0,0.999326,ACCEPT,0.999326,0.000000,0.000674,0.000000,0.000000,
datasets\crop_disease\test\Blight\test_000192.jpg,Blight,0,0.998748,ACCEPT,0.998748,0.000003,0.001244,0.000000,0.000004,
datasets\crop_disease\test\Blight\test_000193.jpg,Blight,0,0.837766,ACCEPT,0.837766,0.000013,0.162218,0.000000,0.000003,
datasets\crop_disease\test\Blight\test_000194.jpg,Blight,0,0.997576,ACCEPT,0.997576,0.000013,0.002411,0.000000,0.000000,
datasets\crop_disease\test\Blight\test_000195.jpg,Blight,0,0.992080,ACCEPT,0.992080,0.000001,0.007901,0.000000,0.000018,
datasets\crop_disease\test\Blight\test_000196.jpg,Blight,0,0.937896,ACCEPT,0.937896,0.000004,0.062099,0.000000,0.000001,
datasets\crop_disease\test\Blight\test_000197.jpg,Blight,0,0.999996,ACCEPT,0.999996,0.000000,0.000003,0.000000,0.000000,
datasets\crop_disease\test\Blight\test_000198.jpg,Blight,0,0.995903,ACCEPT,0.995903,0.002224,0.001816,0.000002,0.000055,
datasets\crop_disease\test\Blight\test_000199.jpg,Blight,0,0.999747,ACCEPT,0.999747,0.000007,0.000246,0.000000,0.000000,
datasets\crop_disease\test\Blight\test_000200.jpg,Blight,0,0.999816,ACCEPT,0.999816,0.000143,0.000040,0.000000,0.000001,
datasets\crop_disease\test\Blight\test_000201.jpg,Blight,0,0.999988,ACCEPT,0.999988,0.000003,0.000004,0.000006,0.000000,
datasets\crop_disease\test\Blight\test_000202.jpg,Blight,0,0.999801,ACCEPT,0.999801,0.000173,0.000025,0.000001,0.000000,
datasets\crop_disease\test\Blight\test_000203.jpg,Blight,0,0.998543,ACCEPT,0.998543,0.000281,0.000964,0.000210,0.000002,
datasets\crop_disease\test\Blight\test_000204.jpg,Blight,0,0.998412,ACCEPT,0.998412,0.000151,0.001218,0.000218,0.000001,
datasets\crop_disease\test\Blight\test_000205.jpg,Blight,0,0.999985,ACCEPT,0.999985,0.000000,0.000015,0.000000,0.000000,
datasets\crop_disease\test\Blight\test_000206.jpg,Blight,0,0.999963,ACCEPT,0.999963,0.000000,0.000037,0.000000,0.000000,
datasets\crop_disease\test\Blight\test_000207.jpg,Blight,0,0.999662,ACCEPT,0.999662,0.000000,0.000338,0.000000,0.000000,
datasets\crop_disease\test\Blight\test_000208.jpg,Blight,0,0.999997,ACCEPT,0.999997,0.000001,0.000002,0.000000,0.000000,
datasets\crop_disease\test\Blight\test_000209.jpg,Blight,0,0.999998,ACCEPT,0.999998,0.000000,0.000002,0.000000,0.000000,
datasets\crop_disease\test\Blight\test_000210.jpg,Blight,0,0.999976,ACCEPT,0.999976,0.000015,0.000006,0.000002,0.000000,
datasets\crop_disease\test\Blight\test_000211.jpg,Blight,0,0.991064,ACCEPT,0.991064,0.007285,0.001649,0.000001,0.000003,
datasets\crop_disease\test\Blight\test_000212.jpg,Blight,0,0.999996,ACCEPT,0.999996,0.000000,0.000001,0.000000,0.000004,
datasets\crop_disease\test\Blight\test_000213.jpg,Blight,0,0.999997,ACCEPT,0.999997,0.000000,0.000003,0.000000,0.000000,
datasets\crop_disease\test\Blight\test_000214.jpg,Blight,0,0.999885,ACCEPT,0.999885,0.000000,0.000112,0.000001,0.000002,
datasets\crop_disease\test\Blight\test_000215.jpg,Blight,0,1.000000,ACCEPT,1.000000,0.000000,0.000000,0.000000,0.000000,
datasets\crop_disease\test\Blight\test_000216.jpg,Blight,0,1.000000,ACCEPT,1.000000,0.000000,0.000000,0.000000,0.000000,
datasets\crop_disease\test\Blight\test_000217.jpg,Blight,0,1.000000,ACCEPT,1.000000,0.000000,0.000000,0.000000,0.000000,
datasets\crop_disease\test\Blight\test_000218.jpg,Blight,0,0.999990,ACCEPT,0.999990,0.000004,0.000005,0.000001,0.000000,
datasets\crop_disease\test\Blight\test_000219.jpg,Blight,0,0.999996,ACCEPT,0.999996,0.000000,0.000003,0.000000,0.000000,
datasets\crop_disease\test\Blight\test_000220.jpg,Blight,0,1.000000,ACCEPT,1.000000,0.000000,0.000000,0.000000,0.000000,
datasets\crop_disease\test\Blight\test_000221.jpg,Blight,0,0.999997,ACCEPT,0.999997,0.000001,0.000002,0.000000,0.000000,
datasets\crop_disease\test\Blight\test_000222.jpg,Blight,0,0.988083,ACCEPT,0.988083,0.000360,0.011536,0.000013,0.000008,
datasets\crop_disease\test\Blight\test_000223.jpg,Blight,0,1.000000,ACCEPT,1.000000,0.000000,0.000000,0.000000,0.000000,
datasets\crop_disease\test\Blight\test_000224.jpg,Blight,0,0.999049,ACCEPT,0.999049,0.000934,0.000004,0.000012,0.000000,
datasets\crop_disease\test\Blight\test_000225.jpg,Blight,0,0.999983,ACCEPT,0.999983,0.000000,0.000017,0.000000,0.000000,
datasets\crop_disease\test\Blight\test_000226.jpg,Blight,0,0.999905,ACCEPT,0.999905,0.000073,0.000022,0.000000,0.000000,
datasets\crop_disease\test\Blight\test_000227.jpg,Blight,0,0.998240,ACCEPT,0.998240,0.000753,0.000895,0.000109,0.000003,
datasets\crop_disease\test\Blight\test_000228.jpg,Blight,0,0.999995,ACCEPT,0.999995,0.000000,0.000003,0.000000,0.000002,
datasets\crop_disease\test\Blight\test_000229.jpg,Blight,0,0.998890,ACCEPT,0.998890,0.000003,0.001104,0.000002,0.000001,
datasets\crop_disease\test\Blight\test_000230.jpg,Blight,0,0.999988,ACCEPT,0.999988,0.000006,0.000002,0.000000,0.000004,
datasets\crop_disease\test\Blight\test_000231.jpg,Blight,0,0.999885,ACCEPT,0.999885,0.000000,0.000115,0.000000,0.000000,
datasets\crop_disease\test\Blight\test_000232.jpg,Blight,0,1.000000,ACCEPT,1.000000,0.000000,0.000000,0.000000,0.000000,
datasets\crop_disease\test\Blight\test_000233.jpg,Blight,0,0.999985,ACCEPT,0.999985,0.000001,0.000014,0.000000,0.000001,
datasets\crop_disease\test\Blight\test_000234.jpg,Blight,0,0.999995,ACCEPT,0.999995,0.000001,0.000004,0.000000,0.000000,
datasets\crop_disease\test\Blight\test_000235.jpg,Blight,0,0.999979,ACCEPT,0.999979,0.000011,0.000003,0.000006,0.000000,
datasets\crop_disease\test\Blight\test_000236.jpg,Blight,0,0.999957,ACCEPT,0.999957,0.000001,0.000042,0.000000,0.000000,
datasets\crop_disease\test\Blight\test_000237.jpg,Blight,0,0.997605,ACCEPT,0.997605,0.000035,0.002353,0.000006,0.000000,
datasets\crop_disease\test\Blight\test_000238.jpg,Blight,0,0.999931,ACCEPT,0.999931,0.000000,0.000068,0.000000,0.000000,
datasets\crop_disease\test\Blight\test_000239.jpg,Blight,0,0.999947,ACCEPT,0.999947,0.000000,0.000016,0.000000,0.000037,
datasets\crop_disease\test\Blight\test_000240.jpg,Blight,0,1.000000,ACCEPT,1.000000,0.000000,0.000000,0.000000,0.000000,
datasets\crop_disease\test\Blight\test_000241.jpg,Blight,0,1.000000,ACCEPT,1.000000,0.000000,0.000000,0.000000,0.000000,
datasets\crop_disease\test\Blight\test_000242.jpg,Blight,0,0.999997,ACCEPT,0.999997,0.000000,0.000003,0.000000,0.000000,
datasets\crop_disease\test\Blight\test_000243.jpg,Blight,0,0.999999,ACCEPT,0.999999,0.000000,0.000000,0.000000,0.000000,
datasets\crop_disease\test\Blight\test_000244.jpg,Blight,0,0.999900,ACCEPT,0.999900,0.000012,0.000087,0.000000,0.000001,
datasets\crop_disease\test\Blight\test_000245.jpg,Blight,0,0.999993,ACCEPT,0.999993,0.000000,0.000002,0.000000,0.000005,
datasets\crop_disease\test\Blight\test_000246.jpg,Blight,0,0.999998,ACCEPT,0.999998,0.000000,0.000002,0.000000,0.000000,
datasets\crop_disease\test\Blight\test_000247.jpg,Blight,0,0.999755,ACCEPT,0.999755,0.000012,0.000231,0.000002,0.000000,
datasets\crop_disease\test\Blight\test_000248.jpg,Blight,0,0.998769,ACCEPT,0.998769,0.000007,0.001224,0.000000,0.000000,
datasets\crop_disease\test\Blight\test_000249.jpg,Blight,0,0.999999,ACCEPT,0.999999,0.000000,0.000001,0.000000,0.000000,
datasets\crop_disease\test\Blight\test_000250.jpg,Blight,0,0.982816,ACCEPT,0.982816,0.004193,0.012935,0.000040,0.000016,
datasets\crop_disease\test\Blight\test_000251.jpg,Blight,0,0.997472,ACCEPT,0.997472,0.001016,0.001509,0.000003,0.000000,
datasets\crop_disease\test\Blight\test_000252.jpg,Blight,0,0.999707,ACCEPT,0.999707,0.000026,0.000263,0.000003,0.000000,
datasets\crop_disease\test\Blight\test_000253.jpg,Blight,0,0.999972,ACCEPT,0.999972,0.000001,0.000027,0.000000,0.000000,
datasets\crop_disease\test\Blight\test_000254.jpg,Blight,0,1.000000,ACCEPT,1.000000,0.000000,0.000000,0.000000,0.000000,
datasets\crop_disease\test\Blight\test_000255.jpg,Blight,0,0.999997,ACCEPT,0.999997,0.000000,0.000003,0.000000,0.000000,
datasets\crop_disease\test\Blight\test_000256.jpg,Blight,0,1.000000,ACCEPT,1.000000,0.000000,0.000000,0.000000,0.000000,
datasets\crop_disease\test\Blight\test_000257.jpg,Blight,0,0.999726,ACCEPT,0.999726,0.000159,0.000116,0.000000,0.000000,
datasets\crop_disease\test\Blight\test_000258.jpg,Blight,0,0.999993,ACCEPT,0.999993,0.000002,0.000005,0.000000,0.000000,
datasets\crop_disease\test\Blight\test_000259.jpg,Blight,0,0.999982,ACCEPT,0.999982,0.000001,0.000017,0.000000,0.000000,
datasets\crop_disease\test\Blight\test_000260.jpg,Blight,0,1.000000,ACCEPT,1.000000,0.000000,0.000000,0.000000,0.000000,
datasets\crop_disease\test\Blight\test_000261.jpg,Blight,0,0.999983,ACCEPT,0.999983,0.000004,0.000011,0.000002,0.000000,
datasets\crop_disease\test\Blight\test_000262.jpg,Blight,0,0.999996,ACCEPT,0.999996,0.000001,0.000001,0.000002,0.000000,
datasets\crop_disease\test\Blight\test_000263.jpg,Blight,0,0.999951,ACCEPT,0.999951,0.000000,0.000042,0.000000,0.000007,
datasets\crop_disease\test\Blight\test_000264.jpg,Blight,0,0.999998,ACCEPT,0.999998,0.000000,0.000002,0.000000,0.000000,
datasets\crop_disease\test\Blight\test_000265.jpg,Blight,0,1.000000,ACCEPT,1.000000,0.000000,0.000000,0.000000,0.000000,
datasets\crop_disease\test\Blight\test_000266.jpg,Blight,0,1.000000,ACCEPT,1.000000,0.000000,0.000000,0.000000,0.000000,
datasets\crop_disease\test\Blight\test_000267.jpg,Blight,0,0.999842,ACCEPT,0.999842,0.000000,0.000158,0.000000,0.000000,
datasets\crop_disease\test\Blight\test_000268.jpg,Blight,0,0.999997,ACCEPT,0.999997,0.000000,0.000003,0.000000,0.000000,
datasets\crop_disease\test\Blight\test_000269.jpg,Blight,0,0.999964,ACCEPT,0.999964,0.000000,0.000034,0.000000,0.000002,
datasets\crop_disease\test\Blight\test_000270.jpg,Blight,0,0.999599,ACCEPT,0.999599,0.000012,0.000385,0.000004,0.000000,
datasets\crop_disease\test\Blight\test_000271.jpg,Blight,0,0.999944,ACCEPT,0.999944,0.000002,0.000053,0.000001,0.000000,
datasets\crop_disease\test\Blight\test_000272.jpg,Blight,0,1.000000,ACCEPT,1.000000,0.000000,0.000000,0.000000,0.000000,
datasets\crop_disease\test\Blight\test_000273.jpg,Blight,0,0.995265,ACCEPT,0.995265,0.004584,0.000150,0.000000,0.000001,
datasets\crop_disease\test\Blight\test_000274.jpg,Blight,0,1.000000,ACCEPT,1.000000,0.000000,0.000000,0.000000,0.000000,
datasets\crop_disease\test\Blight\test_000275.jpg,Blight,0,0.999999,ACCEPT,0.999999,0.000000,0.000000,0.000000,0.000000,
datasets\crop_disease\test\Blight\test_000276.jpg,Blight,0,0.999998,ACCEPT,0.999998,0.000000,0.000002,0.000000,0.000000,
datasets\crop_disease\test\Blight\test_000277.jpg,Blight,0,0.999869,ACCEPT,0.999869,0.000002,0.000074,0.000054,0.000000,
datasets\crop_disease\test\Blight\test_000278.jpg,Blight,0,1.000000,ACCEPT,1.000000,0.000000,0.000000,0.000000,0.000000,
datasets\crop_disease\test\Blight\test_000279.jpg,Blight,0,0.999986,ACCEPT,0.999986,0.000009,0.000004,0.000000,0.000000,
datasets\crop_disease\test\Blight\test_000280.jpg,Blight,0,0.929071,ACCEPT,0.929071,0.068408,0.002336,0.000175,0.000010,
datasets\crop_disease\test\Blight\test_000281.jpg,Blight,0,1.000000,ACCEPT,1.000000,0.000000,0.000000,0.000000,0.000000,
datasets\crop_disease\test\Blight\test_000282.jpg,Blight,0,0.999566,ACCEPT,0.999566,0.000006,0.000427,0.000000,0.000001,
datasets\crop_disease\test\Blight\test_000283.jpg,Blight,0,0.999998,ACCEPT,0.999998,0.000000,0.000002,0.000000,0.000000,
datasets\crop_disease\test\Blight\test_000284.jpg,Blight,0,1.000000,ACCEPT,1.000000,0.000000,0.000000,0.000000,0.000000,
datasets\crop_disease\test\Blight\test_000285.jpg,Blight,0,0.999997,ACCEPT,0.999997,0.000000,0.000002,0.000001,0.000000,
datasets\crop_disease\test\Blight\test_000286.jpg,Blight,0,0.999993,ACCEPT,0.999993,0.000000,0.000007,0.000000,0.000000,
datasets\crop_disease\test\Blight\test_000287.jpg,Blight,0,0.999598,ACCEPT,0.999598,0.000391,0.000003,0.000008,0.000000,
datasets\crop_disease\test\Blight\test_000288.jpg,Blight,0,0.999343,ACCEPT,0.999343,0.000030,0.000455,0.000006,0.000166,
datasets\crop_disease\test\Blight\test_000289.jpg,Blight,0,0.999998,ACCEPT,0.999998,0.000000,0.000002,0.000000,0.000000,
datasets\crop_disease\test\Blight\test_000290.jpg,Blight,0,0.999768,ACCEPT,0.999768,0.000001,0.000232,0.000000,0.000000,
datasets\crop_disease\test\Blight\test_000291.jpg,Blight,0,0.999988,ACCEPT,0.999988,0.000006,0.000005,0.000000,0.000000,
datasets\crop_disease\test\Blight\test_000292.jpg,Blight,0,0.998948,ACCEPT,0.998948,0.000003,0.000980,0.000001,0.000069,
datasets\crop_disease\test\Blight\test_000293.jpg,Blight,0,1.000000,ACCEPT,1.000000,0.000000,0.000000,0.000000,0.000000,
datasets\crop_disease\test\Blight\test_000294.jpg,Blight,0,0.999983,ACCEPT,0.999983,0.000001,0.000015,0.000000,0.000000,
datasets\crop_disease\test\Blight\test_000295.jpg,Blight,0,0.998594,ACCEPT,0.998594,0.000000,0.001405,0.000000,0.000000,
datasets\crop_disease\test\Blight\test_000296.jpg,Blight,0,0.999995,ACCEPT,0.999995,0.000000,0.000005,0.000000,0.000000,
datasets\crop_disease\test\Blight\test_000297.jpg,Blight,0,0.999999,ACCEPT,0.999999,0.000000,0.000001,0.000000,0.000000,
datasets\crop_disease\test\Blight\test_000298.jpg,Blight,0,0.999999,ACCEPT,0.999999,0.000000,0.000001,0.000000,0.000000,
datasets\crop_disease\test\Blight\test_000299.jpg,Blight,0,1.000000,ACCEPT,1.000000,0.000000,0.000000,0.000000,0.000000,
datasets\crop_disease\test\Blight\test_000300.jpg,Blight,0,0.999982,ACCEPT,0.999982,0.000001,0.000013,0.000004,0.000000,
datasets\crop_disease\test\Blight\test_000301.jpg,Blight,0,0.999776,ACCEPT,0.999776,0.000000,0.000223,0.000000,0.000000,
datasets\crop_disease\test\Blight\test_000302.jpg,Blight,0,0.999994,ACCEPT,0.999994,0.000000,0.000006,0.000000,0.000000,
datasets\crop_disease\test\Blight\test_000303.jpg,Blight,0,0.999996,ACCEPT,0.999996,0.000000,0.000004,0.000000,0.000000,
datasets\crop_disease\test\Blight\test_000304.jpg,Blight,0,0.999624,ACCEPT,0.999624,0.000001,0.000373,0.000001,0.000001,
datasets\crop_disease\test\Blight\test_000305.jpg,Blight,0,0.999971,ACCEPT,0.999971,0.000001,0.000028,0.000000,0.000000,
datasets\crop_disease\test\Blight\test_000306.jpg,Blight,0,0.999816,ACCEPT,0.999816,0.000077,0.000095,0.000012,0.000000,
datasets\crop_disease\test\Blight\test_000307.jpg,Blight,0,0.999945,ACCEPT,0.999945,0.000024,0.000029,0.000000,0.000001,
datasets\crop_disease\test\Blight\test_000308.jpg,Blight,0,1.000000,ACCEPT,1.000000,0.000000,0.000000,0.000000,0.000000,
datasets\crop_disease\test\Blight\test_000309.jpg,Blight,0,0.999400,ACCEPT,0.999400,0.000048,0.000546,0.000005,0.000000,
datasets\crop_disease\test\Blight\test_000310.jpg,Blight,0,0.959683,ACCEPT,0.959683,0.039220,0.000911,0.000184,0.000001,
datasets\crop_disease\test\Blight\test_000311.jpg,Blight,0,0.999213,ACCEPT,0.999213,0.000000,0.000786,0.000000,0.000001,
datasets\crop_disease\test\Blight\test_000312.jpg,Blight,0,0.999991,ACCEPT,0.999991,0.000000,0.000006,0.000000,0.000003,
datasets\crop_disease\test\Blight\test_000313.jpg,Blight,0,0.999964,ACCEPT,0.999964,0.000001,0.000034,0.000000,0.000001,
datasets\crop_disease\test\Blight\test_000314.jpg,Blight,0,0.989985,ACCEPT,0.989985,0.005922,0.004090,0.000000,0.000002,
datasets\crop_disease\test\Blight\test_000315.jpg,Blight,0,1.000000,ACCEPT,1.000000,0.000000,0.000000,0.000000,0.000000,
datasets\crop_disease\test\Blight\test_000316.jpg,Blight,0,0.999559,ACCEPT,0.999559,0.000408,0.000029,0.000000,0.000003,
datasets\crop_disease\test\Blight\test_000317.jpg,Blight,0,0.999476,ACCEPT,0.999476,0.000007,0.000512,0.000005,0.000001,
datasets\crop_disease\test\Blight\test_000318.jpg,Blight,0,1.000000,ACCEPT,1.000000,0.000000,0.000000,0.000000,0.000000,
datasets\crop_disease\test\Blight\test_000319.jpg,Blight,0,0.947874,ACCEPT,0.947874,0.026587,0.025478,0.000060,0.000001,
datasets\crop_disease\test\Blight\test_000320.jpg,Blight,0,0.999140,ACCEPT,0.999140,0.000823,0.000037,0.000000,0.000000,
datasets\crop_disease\test\Blight\test_000321.jpg,Blight,0,0.999999,ACCEPT,0.999999,0.000000,0.000001,0.000000,0.000000,
datasets\crop_disease\test\Blight\test_000322.jpg,Blight,0,0.736264,ACCEPT,0.736264,0.000794,0.260570,0.002321,0.000051,
datasets\crop_disease\test\Blight\test_000323.jpg,Blight,0,0.999997,ACCEPT,0.999997,0.000000,0.000002,0.000000,0.000000,
datasets\crop_disease\test\Blight\test_000324.jpg,Blight,0,0.999342,ACCEPT,0.999342,0.000003,0.000655,0.000001,0.000000,
datasets\crop_disease\test\Blight\test_000325.jpg,Blight,0,0.999983,ACCEPT,0.999983,0.000000,0.000016,0.000000,0.000000,
datasets\crop_disease\test\Blight\test_000326.jpg,Blight,0,1.000000,ACCEPT,1.000000,0.000000,0.000000,0.000000,0.000000,
datasets\crop_disease\test\Blight\test_000327.jpg,Blight,0,0.999803,ACCEPT,0.999803,0.000048,0.000149,0.000000,0.000000,
datasets\crop_disease\test\Blight\test_000328.jpg,Blight,0,0.999999,ACCEPT,0.999999,0.000000,0.000001,0.000000,0.000000,
datasets\crop_disease\test\Blight\test_000329.jpg,Blight,0,0.996343,ACCEPT,0.996343,0.000001,0.000002,0.003654,0.000000,
datasets\crop_disease\test\Blight\test_000330.jpg,Blight,0,0.995698,ACCEPT,0.995698,0.000107,0.004183,0.000008,0.000003,
datasets\crop_disease\test\Blight\test_000331.jpg,Blight,0,0.999922,ACCEPT,0.999922,0.000000,0.000001,0.000000,0.000077,
datasets\crop_disease\test\Blight\test_000332.jpg,Blight,0,0.999705,ACCEPT,0.999705,0.000264,0.000031,0.000000,0.000000,
datasets\crop_disease\test\Blight\test_000333.jpg,Blight,0,0.999991,ACCEPT,0.999991,0.000001,0.000008,0.000000,0.000000,
datasets\crop_disease\test\Blight\test_000334.jpg,Blight,0,0.999994,ACCEPT,0.999994,0.000000,0.000005,0.000000,0.000000,
datasets\crop_disease\test\Blight\test_000335.jpg,Blight,0,0.996341,ACCEPT,0.996341,0.000220,0.003435,0.000001,0.000003,
datasets\crop_disease\test\Blight\test_000336.jpg,Blight,0,1.000000,ACCEPT,1.000000,0.000000,0.000000,0.000000,0.000000,
datasets\crop_disease\test\Blight\test_000337.jpg,Blight,0,0.999998,ACCEPT,0.999998,0.000001,0.000001,0.000000,0.000000,
datasets\crop_disease\test\Blight\test_000338.jpg,Blight,0,0.999389,ACCEPT,0.999389,0.000000,0.000609,0.000002,0.000000,
datasets\crop_disease\test\Blight\test_000339.jpg,Blight,0,0.999690,ACCEPT,0.999690,0.000000,0.000310,0.000000,0.000000,
datasets\crop_disease\test\Blight\test_000340.jpg,Blight,0,0.999965,ACCEPT,0.999965,0.000001,0.000033,0.000001,0.000000,
datasets\crop_disease\test\Blight\test_000341.jpg,Blight,0,0.999970,ACCEPT,0.999970,0.000000,0.000030,0.000000,0.000000,
datasets\crop_disease\test\Blight\test_000342.jpg,Blight,0,1.000000,ACCEPT,1.000000,0.000000,0.000000,0.000000,0.000000,
datasets\crop_disease\test\Blight\test_000343.jpg,Blight,0,0.998847,ACCEPT,0.998847,0.000008,0.001144,0.000002,0.000000,
datasets\crop_disease\test\Blight\test_000344.jpg,Blight,0,0.999999,ACCEPT,0.999999,0.000000,0.000001,0.000000,0.000000,
datasets\crop_disease\test\Blight\test_000345.jpg,Blight,0,0.999998,ACCEPT,0.999998,0.000000,0.000000,0.000000,0.000001,
datasets\crop_disease\test\Blight\test_000346.jpg,Blight,0,0.999558,ACCEPT,0.999558,0.000374,0.000044,0.000023,0.000002,
datasets\crop_disease\test\Blight\test_000347.jpg,Blight,0,1.000000,ACCEPT,1.000000,0.000000,0.000000,0.000000,0.000000,
datasets\crop_disease\test\Blight\test_000348.jpg,Blight,0,1.000000,ACCEPT,1.000000,0.000000,0.000000,0.000000,0.000000,
datasets\crop_disease\test\Blight\test_000349.jpg,Blight,0,1.000000,ACCEPT,1.000000,0.000000,0.000000,0.000000,0.000000,
datasets\crop_disease\test\Blight\test_000350.jpg,Blight,0,0.999994,ACCEPT,0.999994,0.000001,0.000005,0.000000,0.000000,
datasets\crop_disease\test\Blight\test_000351.jpg,Blight,0,0.822213,ACCEPT,0.822213,0.011833,0.077144,0.088808,0.000003,
datasets\crop_disease\test\Blight\test_000352.jpg,Blight,0,1.000000,ACCEPT,1.000000,0.000000,0.000000,0.000000,0.000000,
datasets\crop_disease\test\Blight\test_000353.jpg,Blight,0,0.999699,ACCEPT,0.999699,0.000110,0.000189,0.000001,0.000000,
datasets\crop_disease\test\Blight\test_000354.jpg,Blight,0,0.999709,ACCEPT,0.999709,0.000249,0.000035,0.000007,0.000000,
datasets\crop_disease\test\Blight\test_000355.jpg,Blight,0,0.999898,ACCEPT,0.999898,0.000000,0.000090,0.000000,0.000012,
datasets\crop_disease\test\Blight\test_000356.jpg,Blight,0,0.999968,ACCEPT,0.999968,0.000000,0.000029,0.000000,0.000003,
datasets\crop_disease\test\Blight\test_000357.jpg,Blight,0,0.999993,ACCEPT,0.999993,0.000001,0.000005,0.000000,0.000001,
datasets\crop_disease\test\Blight\test_000358.jpg,Blight,0,1.000000,ACCEPT,1.000000,0.000000,0.000000,0.000000,0.000000,
datasets\crop_disease\test\Blight\test_000359.jpg,Blight,0,0.999991,ACCEPT,0.999991,0.000000,0.000009,0.000000,0.000000,
datasets\crop_disease\test\Blight\test_000360.jpg,Blight,0,0.999999,ACCEPT,0.999999,0.000001,0.000000,0.000000,0.000000,
datasets\crop_disease\test\Blight\test_000361.jpg,Blight,0,0.998215,ACCEPT,0.998215,0.000624,0.001077,0.000011,0.000074,
datasets\crop_disease\test\Blight\test_000362.jpg,Blight,0,0.999986,ACCEPT,0.999986,0.000001,0.000006,0.000006,0.000001,
datasets\crop_disease\test\Blight\test_000363.jpg,Blight,0,0.999933,ACCEPT,0.999933,0.000025,0.000042,0.000000,0.000000,
datasets\crop_disease\test\Blight\test_000364.jpg,Blight,0,0.999833,ACCEPT,0.999833,0.000006,0.000161,0.000000,0.000000,
datasets\crop_disease\test\Blight\test_000365.jpg,Blight,0,0.999950,ACCEPT,0.999950,0.000000,0.000050,0.000000,0.000000,
datasets\crop_disease\test\Blight\test_000366.jpg,Blight,0,0.996488,ACCEPT,0.996488,0.000002,0.003510,0.000001,0.000000,
datasets\crop_disease\test\Blight\test_000367.jpg,Blight,0,0.999973,ACCEPT,0.999973,0.000000,0.000026,0.000000,0.000001,
datasets\crop_disease\test\Blight\test_000368.jpg,Blight,0,0.999701,ACCEPT,0.999701,0.000003,0.000010,0.000286,0.000000,
datasets\crop_disease\test\Blight\test_000369.jpg,Blight,0,0.999999,ACCEPT,0.999999,0.000000,0.000001,0.000000,0.000000,
datasets\crop_disease\test\Blight\test_000370.jpg,Blight,0,1.000000,ACCEPT,1.000000,0.000000,0.000000,0.000000,0.000000,
datasets\crop_disease\test\Blight\test_000371.jpg,Blight,0,0.999620,ACCEPT,0.999620,0.000004,0.000362,0.000001,0.000012,
datasets\crop_disease\test\Blight\test_000372.jpg,Blight,0,0.999896,ACCEPT,0.999896,0.000094,0.000010,0.000000,0.000000,
datasets\crop_disease\test\Blight\test_000373.jpg,Blight,0,1.000000,ACCEPT,1.000000,0.000000,0.000000,0.000000,0.000000,
datasets\crop_disease\test\Blight\test_000374.jpg,Blight,0,0.970181,ACCEPT,0.970181,0.000000,0.029818,0.000000,0.000001,
datasets\crop_disease\test\Blight\test_000375.jpg,Blight,0,0.999837,ACCEPT,0.999837,0.000003,0.000061,0.000099,0.000000,
datasets\crop_disease\test\Blight\test_000376.jpg,Blight,0,1.000000,ACCEPT,1.000000,0.000000,0.000000,0.000000,0.000000,
datasets\crop_disease\test\Blight\test_000377.jpg,Blight,0,0.999431,ACCEPT,0.999431,0.000541,0.000024,0.000003,0.000000,
datasets\crop_disease\test\Blight\test_000378.jpg,Blight,0,1.000000,ACCEPT,1.000000,0.000000,0.000000,0.000000,0.000000,
datasets\crop_disease\test\Blight\test_000379.jpg,Blight,0,0.999997,ACCEPT,0.999997,0.000000,0.000003,0.000000,0.000000,
datasets\crop_disease\test\Blight\test_000380.jpg,Blight,0,0.997407,ACCEPT,0.997407,0.000331,0.002256,0.000005,0.000000,
datasets\crop_disease\test\Blight\test_000381.jpg,Blight,0,0.999998,ACCEPT,0.999998,0.000000,0.000002,0.000000,0.000000,
datasets\crop_disease\test\Blight\test_000382.jpg,Blight,0,0.978950,ACCEPT,0.978950,0.000033,0.020978,0.000039,0.000001,
datasets\crop_disease\test\Blight\test_000383.jpg,Blight,0,0.999812,ACCEPT,0.999812,0.000000,0.000188,0.000000,0.000000,
datasets\crop_disease\test\Blight\test_000384.jpg,Blight,0,0.999999,ACCEPT,0.999999,0.000000,0.000001,0.000000,0.000000,
datasets\crop_disease\test\Blight\test_000385.jpg,Blight,0,0.992668,ACCEPT,0.992668,0.007322,0.000002,0.000007,0.000000,
datasets\crop_disease\test\Blight\test_000386.jpg,Blight,0,0.994564,ACCEPT,0.994564,0.000035,0.005400,0.000000,0.000001,
datasets\crop_disease\test\Blight\test_000387.jpg,Blight,0,0.999928,ACCEPT,0.999928,0.000000,0.000072,0.000000,0.000000,
datasets\crop_disease\test\Blight\test_000388.jpg,Blight,0,0.999999,ACCEPT,0.999999,0.000000,0.000000,0.000000,0.000001,
datasets\crop_disease\test\Blight\test_000389.jpg,Blight,0,0.986749,ACCEPT,0.986749,0.000504,0.011499,0.000045,0.001203,
datasets\crop_disease\test\Blight\test_000390.jpg,Blight,0,0.999921,ACCEPT,0.999921,0.000001,0.000078,0.000000,0.000000,
datasets\crop_disease\test\Blight\test_000391.jpg,Blight,0,1.000000,ACCEPT,1.000000,0.000000,0.000000,0.000000,0.000000,
datasets\crop_disease\test\Blight\test_000392.jpg,Blight,0,1.000000,ACCEPT,1.000000,0.000000,0.000000,0.000000,0.000000,
datasets\crop_disease\test\Blight\test_000393.jpg,Blight,0,0.997885,ACCEPT,0.997885,0.000128,0.001941,0.000045,0.000001,
datasets\crop_disease\test\Blight\test_000394.jpg,Blight,0,0.902742,ACCEPT,0.902742,0.005967,0.090897,0.000386,0.000009,
datasets\crop_disease\test\Blight\test_000395.jpg,Blight,0,1.000000,ACCEPT,1.000000,0.000000,0.000000,0.000000,0.000000,
datasets\crop_disease\test\Blight\test_000396.jpg,Blight,0,0.998755,ACCEPT,0.998755,0.000006,0.001239,0.000000,0.000000,
datasets\crop_disease\test\Blight\test_000397.jpg,Blight,0,1.000000,ACCEPT,1.000000,0.000000,0.000000,0.000000,0.000000,
datasets\crop_disease\test\Blight\test_000398.jpg,Blight,0,0.952768,ACCEPT,0.952768,0.046342,0.000398,0.000484,0.000008,
datasets\crop_disease\test\Blight\test_000399.jpg,Blight,0,0.999961,ACCEPT,0.999961,0.000039,0.000000,0.000000,0.000000,
datasets\crop_disease\test\Blight\test_000400.jpg,Blight,0,0.999997,ACCEPT,0.999997,0.000000,0.000003,0.000000,0.000000,
datasets\crop_disease\test\Blight\test_000401.jpg,Blight,0,0.986747,ACCEPT,0.986747,0.004193,0.009043,0.000004,0.000013,
datasets\crop_disease\test\Blight\test_000402.jpg,Blight,0,1.000000,ACCEPT,1.000000,0.000000,0.000000,0.000000,0.000000,
datasets\crop_disease\test\Blight\test_000403.jpg,Blight,0,0.953931,ACCEPT,0.953931,0.046030,0.000025,0.000014,0.000000,
datasets\crop_disease\test\Blight\test_000404.jpg,Blight,0,0.999944,ACCEPT,0.999944,0.000023,0.000022,0.000008,0.000002,
datasets\crop_disease\test\Blight\test_000405.jpg,Blight,0,1.000000,ACCEPT,1.000000,0.000000,0.000000,0.000000,0.000000,
datasets\crop_disease\test\Blight\test_000406.jpg,Blight,0,0.999992,ACCEPT,0.999992,0.000004,0.000005,0.000000,0.000000,
datasets\crop_disease\test\Blight\test_000407.jpg,Blight,0,1.000000,ACCEPT,1.000000,0.000000,0.000000,0.000000,0.000000,
datasets\crop_disease\test\Blight\test_000408.jpg,Blight,0,0.999876,ACCEPT,0.999876,0.000000,0.000123,0.000000,0.000000,
datasets\crop_disease\test\Blight\test_000409.jpg,Blight,0,0.999827,ACCEPT,0.999827,0.000012,0.000160,0.000001,0.000000,
datasets\crop_disease\test\Blight\test_000410.jpg,Blight,0,0.999678,ACCEPT,0.999678,0.000303,0.000015,0.000004,0.000000,
datasets\crop_disease\test\Blight\test_000411.jpg,Blight,0,0.997244,ACCEPT,0.997244,0.002755,0.000001,0.000000,0.000000,
datasets\crop_disease\test\Blight\test_000412.jpg,Blight,0,0.999948,ACCEPT,0.999948,0.000038,0.000001,0.000013,0.000000,
datasets\crop_disease\test\Blight\test_000413.jpg,Blight,0,0.999956,ACCEPT,0.999956,0.000043,0.000000,0.000000,0.000000,
datasets\crop_disease\test\Blight\test_000414.jpg,Blight,0,0.985170,ACCEPT,0.985170,0.001203,0.013597,0.000021,0.000009,
datasets\crop_disease\test\Blight\test_000415.jpg,Blight,0,0.999336,ACCEPT,0.999336,0.000659,0.000003,0.000001,0.000000,
datasets\crop_disease\test\Blight\test_000416.jpg,Blight,0,0.999999,ACCEPT,0.999999,0.000001,0.000000,0.000000,0.000000,
datasets\crop_disease\test\Blight\test_000417.jpg,Blight,0,0.999995,ACCEPT,0.999995,0.000004,0.000001,0.000000,0.000000,
datasets\crop_disease\test\Blight\test_000418.jpg,Blight,0,0.999863,ACCEPT,0.999863,0.000004,0.000004,0.000130,0.000000,
datasets\crop_disease\test\Blight\test_000419.jpg,Blight,0,0.999998,ACCEPT,0.999998,0.000001,0.000001,0.000000,0.000000,
datasets\crop_disease\test\Blight\test_000420.jpg,Blight,0,0.585848,NEEDS-REVIEW,0.585848,0.411836,0.001869,0.000190,0.000257,
datasets\crop_disease\test\Blight\test_000421.jpg,Blight,0,0.999594,ACCEPT,0.999594,0.000057,0.000343,0.000006,0.000000,
datasets\crop_disease\test\Blight\test_000422.jpg,Healthy,1,0.799062,ACCEPT,0.200932,0.799062,0.000002,0.000004,0.000000,
datasets\crop_disease\test\Blight\test_000423.jpg,Blight,0,0.999968,ACCEPT,0.999968,0.000030,0.000002,0.000000,0.000000,
datasets\crop_disease\test\Blight\test_000424.jpg,Blight,0,0.999995,ACCEPT,0.999995,0.000003,0.000002,0.000000,0.000000,
datasets\crop_disease\test\Blight\test_000425.jpg,Blight,0,0.999997,ACCEPT,0.999997,0.000002,0.000001,0.000000,0.000000,
datasets\crop_disease\test\Blight\test_000426.jpg,Blight,0,1.000000,ACCEPT,1.000000,0.000000,0.000000,0.000000,0.000000,
datasets\crop_disease\test\Blight\test_000427.jpg,Blight,0,0.999990,ACCEPT,0.999990,0.000004,0.000006,0.000000,0.000000,
datasets\crop_disease\test\Blight\test_000428.jpg,Blight,0,0.999969,ACCEPT,0.999969,0.000031,0.000000,0.000000,0.000000,
datasets\crop_disease\test\Blight\test_000429.jpg,Blight,0,0.999776,ACCEPT,0.999776,0.000195,0.000029,0.000000,0.000000,
datasets\crop_disease\test\Blight\test_000430.jpg,Blight,0,0.999570,ACCEPT,0.999570,0.000006,0.000423,0.000000,0.000001,
datasets\crop_disease\test\Blight\test_000431.jpg,Blight,0,1.000000,ACCEPT,1.000000,0.000000,0.000000,0.000000,0.000000,
datasets\crop_disease\test\Blight\test_000432.jpg,Blight,0,0.999999,ACCEPT,0.999999,0.000001,0.000000,0.000000,0.000000,
datasets\crop_disease\test\Blight\test_000433.jpg,Blight,0,0.999577,ACCEPT,0.999577,0.000419,0.000002,0.000002,0.000000,
datasets\crop_disease\test\Blight\test_000434.jpg,Blight,0,1.000000,ACCEPT,1.000000,0.000000,0.000000,0.000000,0.000000,
datasets\crop_disease\test\Blight\test_000435.jpg,Blight,0,1.000000,ACCEPT,1.000000,0.000000,0.000000,0.000000,0.000000,
datasets\crop_disease\test\Blight\test_000436.jpg,Blight,0,0.999823,ACCEPT,0.999823,0.000175,0.000001,0.000001,0.000000,
datasets\crop_disease\test\Blight\test_000437.jpg,Blight,0,1.000000,ACCEPT,1.000000,0.000000,0.000000,0.000000,0.000000,
datasets\crop_disease\test\Blight\test_000438.jpg,Blight,0,0.999978,ACCEPT,0.999978,0.000020,0.000000,0.000001,0.000000,
datasets\crop_disease\test\Blight\test_000439.jpg,Blight,0,0.999935,ACCEPT,0.999935,0.000000,0.000064,0.000000,0.000001,
datasets\crop_disease\test\Blight\test_000440.jpg,Blight,0,0.999979,ACCEPT,0.999979,0.000021,0.000000,0.000000,0.000000,
datasets\crop_disease\test\Blight\test_000441.jpg,Blight,0,0.999161,ACCEPT,0.999161,0.000769,0.000005,0.000065,0.000001,
datasets\crop_disease\test\Blight\test_000442.jpg,Blight,0,0.988576,ACCEPT,0.988576,0.011418,0.000001,0.000004,0.000000,
datasets\crop_disease\test\Blight\test_000443.jpg,Blight,0,0.999935,ACCEPT,0.999935,0.000001,0.000064,0.000000,0.000000,
datasets\crop_disease\test\Blight\test_000444.jpg,Blight,0,0.999576,ACCEPT,0.999576,0.000009,0.000363,0.000051,0.000001,
datasets\crop_disease\test\Blight\test_000445.jpg,Blight,0,0.999811,ACCEPT,0.999811,0.000057,0.000131,0.000000,0.000001,
datasets\crop_disease\test\Blight\test_000446.jpg,Blight,0,0.999972,ACCEPT,0.999972,0.000025,0.000004,0.000000,0.000000,
datasets\crop_disease\test\Blight\test_000447.jpg,Blight,0,1.000000,ACCEPT,1.000000,0.000000,0.000000,0.000000,0.000000,
datasets\crop_disease\test\Blight\test_000448.jpg,Blight,0,0.992217,ACCEPT,0.992217,0.007683,0.000000,0.000101,0.000000,
datasets\crop_disease\test\Blight\test_000449.jpg,Blight,0,0.999903,ACCEPT,0.999903,0.000068,0.000029,0.000000,0.000000,
datasets\crop_disease\test\Blight\test_000450.jpg,Blight,0,0.997406,ACCEPT,0.997406,0.000037,0.002468,0.000001,0.000089,
datasets\crop_disease\test\Blight\test_000451.jpg,Blight,0,1.000000,ACCEPT,1.000000,0.000000,0.000000,0.000000,0.000000,
datasets\crop_disease\test\Blight\test_000452.jpg,Blight,0,0.999732,ACCEPT,0.999732,0.000000,0.000268,0.000000,0.000000,
datasets\crop_disease\test\Blight\test_000453.jpg,Blight,0,1.000000,ACCEPT,1.000000,0.000000,0.000000,0.000000,0.000000,
datasets\crop_disease\test\Blight\test_000454.jpg,Blight,0,0.989436,ACCEPT,0.989436,0.000026,0.010514,0.000000,0.000023,
datasets\crop_disease\test\Blight\test_000455.jpg,Blight,0,0.999156,ACCEPT,0.999156,0.000111,0.000731,0.000000,0.000002,
datasets\crop_disease\test\Blight\test_000456.jpg,Blight,0,0.999960,ACCEPT,0.999960,0.000012,0.000028,0.000000,0.000000,
datasets\crop_disease\test\Blight\test_000457.jpg,Blight,0,1.000000,ACCEPT,1.000000,0.000000,0.000000,0.000000,0.000000,
datasets\crop_disease\test\Blight\test_000458.jpg,Blight,0,1.000000,ACCEPT,1.000000,0.000000,0.000000,0.000000,0.000000,
datasets\crop_disease\test\Blight\test_000459.jpg,Blight,0,0.999998,ACCEPT,0.999998,0.000000,0.000002,0.000000,0.000000,
datasets\crop_disease\test\Blight\test_000460.jpg,Blight,0,0.999998,ACCEPT,0.999998,0.000002,0.000000,0.000000,0.000000,
datasets\crop_disease\test\Blight\test_000461.jpg,Blight,0,0.999736,ACCEPT,0.999736,0.000122,0.000110,0.000031,0.000000,
datasets\crop_disease\test\Blight\test_000462.jpg,Blight,0,0.999998,ACCEPT,0.999998,0.000000,0.000002,0.000000,0.000000,
datasets\crop_disease\test\Blight\test_000463.jpg,Blight,0,0.999458,ACCEPT,0.999458,0.000060,0.000436,0.000044,0.000002,
datasets\crop_disease\test\Blight\test_000464.jpg,Blight,0,0.999948,ACCEPT,0.999948,0.000052,0.000000,0.000000,0.000000,
datasets\crop_disease\test\Blight\test_000465.jpg,Blight,0,1.000000,ACCEPT,1.000000,0.000000,0.000000,0.000000,0.000000,
datasets\crop_disease\test\Blight\test_000466.jpg,Blight,0,0.999998,ACCEPT,0.999998,0.000000,0.000000,0.000001,0.000000,
datasets\crop_disease\test\Blight\test_000467.jpg,Blight,0,0.999999,ACCEPT,0.999999,0.000000,0.000001,0.000000,0.000000,
datasets\crop_disease\test\Blight\test_000468.jpg,Blight,0,0.999975,ACCEPT,0.999975,0.000001,0.000024,0.000000,0.000000,
datasets\crop_disease\test\Blight\test_000469.jpg,Blight,0,0.999981,ACCEPT,0.999981,0.000017,0.000001,0.000001,0.000000,
datasets\crop_disease\test\Blight\test_000470.jpg,Blight,0,1.000000,ACCEPT,1.000000,0.000000,0.000000,0.000000,0.000000,
datasets\crop_disease\test\Blight\test_000471.jpg,Blight,0,0.999997,ACCEPT,0.999997,0.000000,0.000000,0.000003,0.000000,
datasets\crop_disease\test\Blight\test_000472.jpg,Blight,0,0.999046,ACCEPT,0.999046,0.000934,0.000019,0.000000,0.000000,
datasets\crop_disease\test\Blight\test_000473.jpg,Blight,0,1.000000,ACCEPT,1.000000,0.000000,0.000000,0.000000,0.000000,
datasets\crop_disease\test\Blight\test_000474.jpg,Blight,0,0.996386,ACCEPT,0.996386,0.000075,0.003503,0.000031,0.000005,
datasets\crop_disease\test\Blight\test_000475.jpg,Blight,0,0.997862,ACCEPT,0.997862,0.001945,0.000194,0.000000,0.000000,
datasets\crop_disease\test\Blight\test_000476.jpg,Blight,0,0.998839,ACCEPT,0.998839,0.001015,0.000144,0.000002,0.000000,
datasets\crop_disease\test\Blight\test_000477.jpg,Blight,0,0.999997,ACCEPT,0.999997,0.000001,0.000002,0.000000,0.000000,
datasets\crop_disease\test\Blight\test_000478.jpg,Blight,0,0.999998,ACCEPT,0.999998,0.000002,0.000000,0.000000,0.000000,
datasets\crop_disease\test\Blight\test_000479.jpg,Blight,0,0.999806,ACCEPT,0.999806,0.000194,0.000000,0.000000,0.000000,
datasets\crop_disease\test\Blight\test_000480.jpg,Blight,0,0.997535,ACCEPT,0.997535,0.002403,0.000001,0.000062,0.000000,
datasets\crop_disease\test\Blight\test_000481.jpg,Blight,0,0.999915,ACCEPT,0.999915,0.000084,0.000000,0.000001,0.000000,
datasets\crop_disease\test\Blight\test_000482.jpg,Blight,0,1.000000,ACCEPT,1.000000,0.000000,0.000000,0.000000,0.000000,
datasets\crop_disease\test\Blight\test_000483.jpg,Blight,0,0.997949,ACCEPT,0.997949,0.002012,0.000037,0.000002,0.000000,
datasets\crop_disease\test\Blight\test_000484.jpg,Blight,0,0.999997,ACCEPT,0.999997,0.000000,0.000003,0.000000,0.000000,
datasets\crop_disease\test\Blight\test_000485.jpg,Blight,0,0.999997,ACCEPT,0.999997,0.000002,0.000002,0.000000,0.000000,
datasets\crop_disease\test\Blight\test_000486.jpg,Blight,0,1.000000,ACCEPT,1.000000,0.000000,0.000000,0.000000,0.000000,
datasets\crop_disease\test\Blight\test_000487.jpg,Blight,0,0.999928,ACCEPT,0.999928,0.000045,0.000003,0.000024,0.000000,
datasets\crop_disease\test\Blight\test_000488.jpg,Blight,0,0.999962,ACCEPT,0.999962,0.000004,0.000032,0.000000,0.000001,
datasets\crop_disease\test\Blight\test_000489.jpg,Blight,0,0.999994,ACCEPT,0.999994,0.000006,0.000000,0.000000,0.000000,
datasets\crop_disease\test\Blight\test_000490.jpg,Blight,0,0.999999,ACCEPT,0.999999,0.000001,0.000000,0.000000,0.000000,
datasets\crop_disease\test\Blight\test_000491.jpg,Blight,0,0.998722,ACCEPT,0.998722,0.001262,0.000014,0.000001,0.000001,
datasets\crop_disease\test\Blight\test_000492.jpg,Blight,0,0.999935,ACCEPT,0.999935,0.000062,0.000002,0.000001,0.000000,
datasets\crop_disease\test\Blight\test_000493.jpg,Blight,0,1.000000,ACCEPT,1.000000,0.000000,0.000000,0.000000,0.000000,
datasets\crop_disease\test\Blight\test_000494.jpg,Blight,0,0.999994,ACCEPT,0.999994,0.000002,0.000004,0.000000,0.000000,
datasets\crop_disease\test\Blight\test_000495.jpg,Blight,0,0.999999,ACCEPT,0.999999,0.000000,0.000000,0.000000,0.000000,
datasets\crop_disease\test\Blight\test_000496.jpg,Blight,0,0.999994,ACCEPT,0.999994,0.000001,0.000004,0.000000,0.000002,
datasets\crop_disease\test\Blight\test_000497.jpg,Blight,0,0.999604,ACCEPT,0.999604,0.000001,0.000387,0.000009,0.000000,
datasets\crop_disease\test\Blight\test_000498.jpg,Blight,0,0.999992,ACCEPT,0.999992,0.000001,0.000007,0.000000,0.000000,
datasets\crop_disease\test\Blight\test_000499.jpg,Blight,0,0.999951,ACCEPT,0.999951,0.000044,0.000004,0.000000,0.000001,
datasets\crop_disease\test\Blight\test_000500.jpg,Blight,0,1.000000,ACCEPT,1.000000,0.000000,0.000000,0.000000,0.000000,
datasets\crop_disease\test\Blight\test_000501.jpg,Blight,0,0.999990,ACCEPT,0.999990,0.000009,0.000000,0.000000,0.000000,
datasets\crop_disease\test\Blight\test_000502.jpg,Blight,0,1.000000,ACCEPT,1.000000,0.000000,0.000000,0.000000,0.000000,
datasets\crop_disease\test\Blight\test_000503.jpg,Blight,0,0.999853,ACCEPT,0.999853,0.000143,0.000004,0.000000,0.000000,
datasets\crop_disease\test\Blight\test_000504.jpg,Blight,0,0.999990,ACCEPT,0.999990,0.000001,0.000009,0.000000,0.000000,
datasets\crop_disease\test\Blight\test_000505.jpg,Blight,0,0.999998,ACCEPT,0.999998,0.000000,0.000001,0.000000,0.000000,
datasets\crop_disease\test\Blight\test_000506.jpg,Blight,0,0.999999,ACCEPT,0.999999,0.000001,0.000000,0.000000,0.000000,
datasets\crop_disease\test\Blight\test_000507.jpg,Blight,0,0.999992,ACCEPT,0.999992,0.000008,0.000000,0.000000,0.000000,
datasets\crop_disease\test\Blight\test_000508.jpg,Blight,0,0.999651,ACCEPT,0.999651,0.000339,0.000008,0.000001,0.000000,
datasets\crop_disease\test\Blight\test_000509.jpg,Blight,0,1.000000,ACCEPT,1.000000,0.000000,0.000000,0.000000,0.000000,
datasets\crop_disease\test\Blight\test_000510.jpg,Blight,0,0.999999,ACCEPT,0.999999,0.000001,0.000000,0.000001,0.000000,
datasets\crop_disease\test\Blight\test_000511.jpg,Blight,0,0.981284,ACCEPT,0.981284,0.000032,0.018678,0.000000,0.000006,
datasets\crop_disease\test\Blight\test_000512.jpg,Blight,0,0.999999,ACCEPT,0.999999,0.000001,0.000000,0.000000,0.000000,
datasets\crop_disease\test\Blight\test_000513.jpg,Blight,0,1.000000,ACCEPT,1.000000,0.000000,0.000000,0.000000,0.000000,
datasets\crop_disease\test\Blight\test_000514.jpg,Blight,0,0.999240,ACCEPT,0.999240,0.000759,0.000000,0.000000,0.000000,
datasets\crop_disease\test\Blight\test_000515.jpg,Blight,0,0.999738,ACCEPT,0.999738,0.000205,0.000032,0.000018,0.000008,
datasets\crop_disease\test\Blight\test_000516.jpg,Blight,0,0.999889,ACCEPT,0.999889,0.000014,0.000073,0.000009,0.000014,
datasets\crop_disease\test\Blight\test_000517.jpg,Blight,0,0.999997,ACCEPT,0.999997,0.000003,0.000000,0.000000,0.000000,
datasets\crop_disease\test\Blight\test_000518.jpg,Blight,0,1.000000,ACCEPT,1.000000,0.000000,0.000000,0.000000,0.000000,
datasets\crop_disease\test\Blight\test_000519.jpg,Blight,0,0.999949,ACCEPT,0.999949,0.000000,0.000050,0.000000,0.000000,
datasets\crop_disease\test\Blight\test_000520.jpg,Blight,0,0.999085,ACCEPT,0.999085,0.000363,0.000454,0.000098,0.000002,
datasets\crop_disease\test\Blight\test_000521.jpg,Blight,0,0.999828,ACCEPT,0.999828,0.000172,0.000001,0.000000,0.000000,
datasets\crop_disease\test\Blight\test_000522.jpg,Blight,0,0.999995,ACCEPT,0.999995,0.000000,0.000005,0.000000,0.000000,
datasets\crop_disease\test\Blight\test_000523.jpg,Blight,0,0.999994,ACCEPT,0.999994,0.000005,0.000001,0.000000,0.000000,
datasets\crop_disease\test\Blight\test_000524.jpg,Blight,0,0.999987,ACCEPT,0.999987,0.000013,0.000000,0.000000,0.000000,
datasets\crop_disease\test\Blight\test_000525.jpg,Blight,0,0.999958,ACCEPT,0.999958,0.000029,0.000011,0.000001,0.000000,
datasets\crop_disease\test\Blight\test_000526.jpg,Blight,0,0.998345,ACCEPT,0.998345,0.001655,0.000000,0.000001,0.000000,
datasets\crop_disease\test\Blight\test_000527.jpg,Blight,0,0.999999,ACCEPT,0.999999,0.000000,0.000001,0.000000,0.000000,
datasets\crop_disease\test\Blight\test_000528.jpg,Blight,0,0.999999,ACCEPT,0.999999,0.000000,0.000001,0.000000,0.000000,
datasets\crop_disease\test\Blight\test_000529.jpg,Blight,0,1.000000,ACCEPT,1.000000,0.000000,0.000000,0.000000,0.000000,
datasets\crop_disease\test\Blight\test_000530.jpg,Blight,0,0.998473,ACCEPT,0.998473,0.001483,0.000036,0.000009,0.000000,
datasets\crop_disease\test\Blight\test_000531.jpg,Blight,0,0.997091,ACCEPT,0.997091,0.000050,0.002859,0.000000,0.000000,
datasets\crop_disease\test\Blight\test_000532.jpg,Blight,0,0.999999,ACCEPT,0.999999,0.000001,0.000000,0.000000,0.000000,
datasets\crop_disease\test\Blight\test_000533.jpg,Blight,0,0.999871,ACCEPT,0.999871,0.000122,0.000001,0.000005,0.000000,
datasets\crop_disease\test\Blight\test_000534.jpg,Blight,0,0.999999,ACCEPT,0.999999,0.000001,0.000000,0.000000,0.000000,
datasets\crop_disease\test\Blight\test_000535.jpg,Blight,0,0.999653,ACCEPT,0.999653,0.000189,0.000143,0.000014,0.000001,
datasets\crop_disease\test\Blight\test_000536.jpg,Blight,0,0.999998,ACCEPT,0.999998,0.000000,0.000000,0.000002,0.000000,
datasets\crop_disease\test\Blight\test_000537.jpg,Blight,0,0.999996,ACCEPT,0.999996,0.000001,0.000002,0.000001,0.000000,
datasets\crop_disease\test\Blight\test_000538.jpg,Blight,0,0.999981,ACCEPT,0.999981,0.000018,0.000000,0.000000,0.000000,
datasets\crop_disease\test\Blight\test_000539.jpg,Blight,0,0.999906,ACCEPT,0.999906,0.000033,0.000058,0.000002,0.000000,
datasets\crop_disease\test\Blight\test_000540.jpg,Blight,0,0.999935,ACCEPT,0.999935,0.000007,0.000057,0.000002,0.000000,
datasets\crop_disease\test\Blight\test_000541.jpg,Blight,0,0.999979,ACCEPT,0.999979,0.000020,0.000001,0.000000,0.000000,
datasets\crop_disease\test\Blight\test_000542.jpg,Blight,0,0.993983,ACCEPT,0.993983,0.005976,0.000031,0.000010,0.000000,
datasets\crop_disease\test\Blight\test_000543.jpg,Blight,0,0.972851,ACCEPT,0.972851,0.027022,0.000025,0.000102,0.000000,
datasets\crop_disease\test\Blight\test_000544.jpg,Blight,0,0.999945,ACCEPT,0.999945,0.000038,0.000001,0.000017,0.000000,
datasets\crop_disease\test\Blight\test_000545.jpg,Blight,0,0.999711,ACCEPT,0.999711,0.000287,0.000002,0.000000,0.000000,
datasets\crop_disease\test\Blight\test_000546.jpg,Blight,0,1.000000,ACCEPT,1.000000,0.000000,0.000000,0.000000,0.000000,
datasets\crop_disease\test\Blight\test_000547.jpg,Blight,0,0.999984,ACCEPT,0.999984,0.000008,0.000000,0.000008,0.000000,
datasets\crop_disease\test\Blight\test_000548.jpg,Blight,0,0.999506,ACCEPT,0.999506,0.000494,0.000000,0.000000,0.000000,
datasets\crop_disease\test\Blight\test_000549.jpg,Blight,0,0.999997,ACCEPT,0.999997,0.000003,0.000000,0.000000,0.000000,
datasets\crop_disease\test\Blight\test_000550.jpg,Blight,0,0.999980,ACCEPT,0.999980,0.000000,0.000020,0.000000,0.000000,
datasets\crop_disease\test\Blight\test_000551.jpg,Blight,0,0.995193,ACCEPT,0.995193,0.004527,0.000001,0.000279,0.000000,
datasets\crop_disease\test\Blight\test_000552.jpg,Blight,0,0.999713,ACCEPT,0.999713,0.000022,0.000260,0.000003,0.000001,
datasets\crop_disease\test\Blight\test_000553.jpg,Blight,0,0.999991,ACCEPT,0.999991,0.000009,0.000000,0.000000,0.000000,
datasets\crop_disease\test\Blight\test_000554.jpg,Blight,0,0.999997,ACCEPT,0.999997,0.000001,0.000002,0.000000,0.000000,
datasets\crop_disease\test\Blight\test_000555.jpg,Blight,0,0.999999,ACCEPT,0.999999,0.000000,0.000001,0.000000,0.000000,
datasets\crop_disease\test\Blight\test_000556.jpg,Healthy,1,0.522491,NEEDS-REVIEW,0.476933,0.522491,0.000007,0.000565,0.000004,
datasets\crop_disease\test\Blight\test_000557.jpg,Blight,0,0.999996,ACCEPT,0.999996,0.000001,0.000003,0.000000,0.000000,
datasets\crop_disease\test\Blight\test_000558.jpg,Blight,0,0.999996,ACCEPT,0.999996,0.000000,0.000003,0.000000,0.000000,
datasets\crop_disease\test\Blight\test_000559.jpg,Blight,0,0.999977,ACCEPT,0.999977,0.000000,0.000022,0.000001,0.000000,
datasets\crop_disease\test\Blight\test_000560.jpg,Blight,0,0.995554,ACCEPT,0.995554,0.000000,0.004445,0.000000,0.000001,
datasets\crop_disease\test\Blight\test_000561.jpg,Blight,0,0.999998,ACCEPT,0.999998,0.000000,0.000002,0.000001,0.000000,
datasets\crop_disease\test\Blight\test_000562.jpg,Blight,0,1.000000,ACCEPT,1.000000,0.000000,0.000000,0.000000,0.000000,
datasets\crop_disease\test\Blight\test_000563.jpg,Blight,0,1.000000,ACCEPT,1.000000,0.000000,0.000000,0.000000,0.000000,
datasets\crop_disease\test\Blight\test_000564.jpg,Blight,0,0.999638,ACCEPT,0.999638,0.000000,0.000362,0.000000,0.000001,
datasets\crop_disease\test\Blight\test_000565.jpg,Blight,0,0.999994,ACCEPT,0.999994,0.000001,0.000005,0.000000,0.000000,
datasets\crop_disease\test\Blight\test_000566.jpg,Blight,0,0.999942,ACCEPT,0.999942,0.000014,0.000041,0.000000,0.000003,
datasets\crop_disease\test\Blight\test_000567.jpg,Healthy,1,0.552053,NEEDS-REVIEW,0.447864,0.552053,0.000068,0.000010,0.000004,
datasets\crop_disease\test\Blight\test_000568.jpg,Blight,0,0.999818,ACCEPT,0.999818,0.000153,0.000029,0.000000,0.000000,
datasets\crop_disease\test\Blight\test_000569.jpg,Blight,0,0.999954,ACCEPT,0.999954,0.000003,0.000039,0.000005,0.000000,
datasets\crop_disease\test\Blight\test_000570.jpg,Blight,0,0.999997,ACCEPT,0.999997,0.000003,0.000000,0.000000,0.000000,
datasets\crop_disease\test\Blight\test_000571.jpg,Blight,0,1.000000,ACCEPT,1.000000,0.000000,0.000000,0.000000,0.000000,
datasets\crop_disease\test\Blight\test_000572.jpg,Blight,0,0.999843,ACCEPT,0.999843,0.000108,0.000050,0.000000,0.000000,
datasets\crop_disease\test\Blight\test_000573.jpg,Blight,0,0.999910,ACCEPT,0.999910,0.000011,0.000078,0.000001,0.000000,
datasets\crop_disease\test\Blight\test_000574.jpg,Blight,0,0.999740,ACCEPT,0.999740,0.000100,0.000004,0.000156,0.000000,
datasets\crop_disease\test\Blight\test_000575.jpg,Blight,0,0.999979,ACCEPT,0.999979,0.000001,0.000019,0.000001,0.000000,
datasets\crop_disease\test\Blight\test_000576.jpg,Blight,0,0.999742,ACCEPT,0.999742,0.000190,0.000022,0.000046,0.000000,
datasets\crop_disease\test\Blight\test_000577.jpg,Blight,0,0.996446,ACCEPT,0.996446,0.002300,0.000717,0.000000,0.000537,
datasets\crop_disease\test\Blight\test_000578.jpg,Blight,0,0.999998,ACCEPT,0.999998,0.000000,0.000002,0.000000,0.000000,
datasets\crop_disease\test\Blight\test_000579.jpg,Blight,0,0.999912,ACCEPT,0.999912,0.000088,0.000000,0.000000,0.000000,
datasets\crop_disease\test\Blight\test_000580.jpg,Blight,0,0.999999,ACCEPT,0.999999,0.000000,0.000000,0.000000,0.000000,
datasets\crop_disease\test\Blight\test_000581.jpg,Blight,0,0.999941,ACCEPT,0.999941,0.000028,0.000029,0.000002,0.000000,
datasets\crop_disease\test\Blight\test_000582.jpg,Blight,0,0.999925,ACCEPT,0.999925,0.000039,0.000036,0.000000,0.000000,
datasets\crop_disease\test\Blight\test_000583.jpg,Blight,0,1.000000,ACCEPT,1.000000,0.000000,0.000000,0.000000,0.000000,
datasets\crop_disease\test\Blight\test_000584.jpg,Blight,0,0.995913,ACCEPT,0.995913,0.000196,0.003874,0.000007,0.000010,
datasets\crop_disease\test\Blight\test_000585.jpg,Blight,0,0.999997,ACCEPT,0.999997,0.000000,0.000003,0.000000,0.000000,
datasets\crop_disease\test\Blight\test_000586.jpg,Blight,0,0.994408,ACCEPT,0.994408,0.000004,0.005581,0.000002,0.000006,
datasets\crop_disease\test\Blight\test_000587.jpg,Blight,0,0.999999,ACCEPT,0.999999,0.000000,0.000001,0.000000,0.000000,
datasets\crop_disease\test\Blight\test_000588.jpg,Blight,0,0.999999,ACCEPT,0.999999,0.000001,0.000000,0.000000,0.000000,
datasets\crop_disease\test\Blight\test_000589.jpg,Blight,0,0.998379,ACCEPT,0.998379,0.001604,0.000015,0.000002,0.000000,
datasets\crop_disease\test\Blight\test_000590.jpg,Blight,0,1.000000,ACCEPT,1.000000,0.000000,0.000000,0.000000,0.000000,
datasets\crop_disease\test\Blight\test_000591.jpg,Blight,0,0.999943,ACCEPT,0.999943,0.000023,0.000034,0.000000,0.000000,
datasets\crop_disease\test\Blight\test_000592.jpg,Blight,0,0.991225,ACCEPT,0.991225,0.000185,0.008571,0.000002,0.000017,
datasets\crop_disease\test\Blight\test_000593.jpg,Blight,0,1.000000,ACCEPT,1.000000,0.000000,0.000000,0.000000,0.000000,
datasets\crop_disease\test\Blight\test_000594.jpg,Blight,0,0.999984,ACCEPT,0.999984,0.000014,0.000001,0.000001,0.000000,
datasets\crop_disease\test\Blight\test_000595.jpg,Blight,0,0.995434,ACCEPT,0.995434,0.000018,0.004544,0.000000,0.000004,
datasets\crop_disease\test\Blight\test_000596.jpg,Blight,0,0.999944,ACCEPT,0.999944,0.000000,0.000056,0.000000,0.000000,
datasets\crop_disease\test\Blight\test_000597.jpg,Blight,0,0.999995,ACCEPT,0.999995,0.000001,0.000001,0.000003,0.000000,
datasets\crop_disease\test\Blight\test_000598.jpg,Blight,0,0.976850,ACCEPT,0.976850,0.009525,0.013615,0.000009,0.000002,
datasets\crop_disease\test\Blight\test_000599.jpg,Blight,0,0.987788,ACCEPT,0.987788,0.000002,0.012209,0.000000,0.000001,
datasets\crop_disease\test\Blight\test_000600.jpg,Blight,0,0.996402,ACCEPT,0.996402,0.003267,0.000325,0.000000,0.000005,
datasets\crop_disease\test\Blight\test_000601.jpg,Blight,0,0.990144,ACCEPT,0.990144,0.000015,0.009840,0.000000,0.000000,
datasets\crop_disease\test\Blight\test_000602.jpg,Blight,0,0.993232,ACCEPT,0.993232,0.000002,0.006766,0.000000,0.000000,
datasets\crop_disease\test\Blight\test_000603.jpg,Blight,0,0.999980,ACCEPT,0.999980,0.000018,0.000002,0.000000,0.000000,
datasets\crop_disease\test\Blight\test_000604.jpg,Blight,0,0.999615,ACCEPT,0.999615,0.000002,0.000378,0.000005,0.000000,
datasets\crop_disease\test\Blight\test_000605.jpg,Blight,0,0.993422,ACCEPT,0.993422,0.000000,0.006578,0.000000,0.000000,
datasets\crop_disease\test\Blight\test_000606.jpg,Blight,0,0.998834,ACCEPT,0.998834,0.000004,0.001161,0.000000,0.000000,
datasets\crop_disease\test\Blight\test_000607.jpg,Blight,0,0.997280,ACCEPT,0.997280,0.000000,0.002720,0.000000,0.000000,
datasets\crop_disease\test\Blight\test_000608.jpg,Blight,0,0.987474,ACCEPT,0.987474,0.004138,0.008354,0.000000,0.000034,
datasets\crop_disease\test\Blight\test_000609.jpg,Blight,0,0.999448,ACCEPT,0.999448,0.000515,0.000026,0.000010,0.000000,
datasets\crop_disease\test\Blight\test_000610.jpg,Blight,0,0.999999,ACCEPT,0.999999,0.000000,0.000001,0.000000,0.000000,
datasets\crop_disease\test\Blight\test_000611.jpg,Blight,0,1.000000,ACCEPT,1.000000,0.000000,0.000000,0.000000,0.000000,
datasets\crop_disease\test\Blight\test_000612.jpg,Blight,0,0.882006,ACCEPT,0.882006,0.000001,0.117992,0.000000,0.000000,
datasets\crop_disease\test\Blight\test_000613.jpg,Blight,0,0.999973,ACCEPT,0.999973,0.000026,0.000001,0.000000,0.000000,
datasets\crop_disease\test\Blight\test_000614.jpg,Blight,0,0.989026,ACCEPT,0.989026,0.000003,0.010970,0.000000,0.000000,
datasets\crop_disease\test\Blight\test_000615.jpg,Blight,0,0.999933,ACCEPT,0.999933,0.000002,0.000064,0.000000,0.000000,
datasets\crop_disease\test\Blight\test_000616.jpg,Blight,0,0.999997,ACCEPT,0.999997,0.000000,0.000003,0.000000,0.000000,
datasets\crop_disease\test\Blight\test_000617.jpg,Blight,0,0.999988,ACCEPT,0.999988,0.000010,0.000002,0.000000,0.000000,
datasets\crop_disease\test\Blight\test_000618.jpg,Blight,0,0.999756,ACCEPT,0.999756,0.000018,0.000226,0.000000,0.000000,
datasets\crop_disease\test\Blight\test_000619.jpg,Blight,0,0.999917,ACCEPT,0.999917,0.000025,0.000057,0.000001,0.000001,
datasets\crop_disease\test\Blight\test_000620.jpg,Blight,0,0.999016,ACCEPT,0.999016,0.000962,0.000011,0.000011,0.000000,
datasets\crop_disease\test\Blight\test_000621.jpg,Blight,0,0.995395,ACCEPT,0.995395,0.000001,0.004465,0.000000,0.000139,
datasets\crop_disease\test\Blight\test_000622.jpg,Blight,0,0.999923,ACCEPT,0.999923,0.000002,0.000075,0.000001,0.000000,
datasets\crop_disease\test\Blight\test_000623.jpg,Blight,0,0.996890,ACCEPT,0.996890,0.002866,0.000244,0.000000,0.000000,
datasets\crop_disease\test\Blight\test_000624.jpg,Blight,0,0.999411,ACCEPT,0.999411,0.000023,0.000565,0.000001,0.000000,
datasets\crop_disease\test\Blight\test_000625.jpg,Blight,0,0.999875,ACCEPT,0.999875,0.000001,0.000124,0.000000,0.000000,
datasets\crop_disease\test\Blight\test_000626.jpg,Blight,0,0.785446,ACCEPT,0.785446,0.000049,0.214504,0.000000,0.000000,
datasets\crop_disease\test\Blight\test_000627.jpg,Blight,0,0.999454,ACCEPT,0.999454,0.000000,0.000545,0.000000,0.000000,
datasets\crop_disease\test\Blight\test_000628.jpg,Blight,0,0.995299,ACCEPT,0.995299,0.000013,0.004685,0.000002,0.000001,
datasets\crop_disease\test\Blight\test_000629.jpg,Blight,0,0.995188,ACCEPT,0.995188,0.000000,0.004812,0.000000,0.000000,
datasets\crop_disease\test\Blight\test_000630.jpg,Blight,0,0.999845,ACCEPT,0.999845,0.000000,0.000155,0.000000,0.000000,
datasets\crop_disease\test\Blight\test_000631.jpg,Blight,0,0.994451,ACCEPT,0.994451,0.005509,0.000040,0.000000,0.000000,
datasets\crop_disease\test\Blight\test_000632.jpg,Blight,0,0.999978,ACCEPT,0.999978,0.000004,0.000018,0.000000,0.000000,
datasets\crop_disease\test\Blight\test_000633.jpg,Blight,0,0.992935,ACCEPT,0.992935,0.000001,0.007064,0.000000,0.000000,
datasets\crop_disease\test\Blight\test_000634.jpg,Blight,0,0.999736,ACCEPT,0.999736,0.000000,0.000264,0.000000,0.000000,
datasets\crop_disease\test\Blight\test_000635.jpg,Blight,0,0.986613,ACCEPT,0.986613,0.000000,0.013385,0.000001,0.000000,
datasets\crop_disease\test\Blight\test_000636.jpg,Blight,0,0.999989,ACCEPT,0.999989,0.000000,0.000011,0.000000,0.000000,
datasets\crop_disease\test\Blight\test_000637.jpg,Blight,0,0.965137,ACCEPT,0.965137,0.001660,0.033200,0.000000,0.000002,
datasets\crop_disease\test\Blight\test_000638.jpg,Blight,0,0.999984,ACCEPT,0.999984,0.000001,0.000015,0.000000,0.000000,
datasets\crop_disease\test\Blight\test_000639.jpg,Blight,0,0.999547,ACCEPT,0.999547,0.000408,0.000045,0.000000,0.000001,
datasets\crop_disease\test\Blight\test_000640.jpg,Blight,0,0.991687,ACCEPT,0.991687,0.000023,0.008290,0.000000,0.000000,
datasets\crop_disease\test\Blight\test_000641.jpg,Blight,0,0.999396,ACCEPT,0.999396,0.000002,0.000601,0.000000,0.000000,
datasets\crop_disease\test\Blight\test_000642.jpg,Blight,0,0.998089,ACCEPT,0.998089,0.001880,0.000031,0.000000,0.000000,
datasets\crop_disease\test\Blight\test_000643.jpg,Blight,0,0.994485,ACCEPT,0.994485,0.003442,0.002069,0.000003,0.000000,
datasets\crop_disease\test\Blight\test_000644.jpg,Blight,0,0.999670,ACCEPT,0.999670,0.000232,0.000070,0.000028,0.000000,
datasets\crop_disease\test\Blight\test_000645.jpg,Blight,0,0.995532,ACCEPT,0.995532,0.004279,0.000175,0.000014,0.000000,
datasets\crop_disease\test\Blight\test_000646.jpg,Blight,0,0.999163,ACCEPT,0.999163,0.000014,0.000823,0.000000,0.000000,
datasets\crop_disease\test\Blight\test_000647.jpg,Blight,0,0.681806,ACCEPT,0.681806,0.000116,0.318078,0.000000,0.000001,
datasets\crop_disease\test\Blight\test_000648.jpg,Blight,0,0.997526,ACCEPT,0.997526,0.000002,0.002472,0.000001,0.000000,
datasets\crop_disease\test\Blight\test_000649.jpg,Blight,0,0.993545,ACCEPT,0.993545,0.002658,0.002420,0.001331,0.000046,
datasets\crop_disease\test\Blight\test_000650.jpg,Blight,0,0.999999,ACCEPT,0.999999,0.000000,0.000001,0.000000,0.000000,
datasets\crop_disease\test\Blight\test_000651.jpg,Blight,0,0.981628,ACCEPT,0.981628,0.000536,0.017832,0.000004,0.000000,
datasets\crop_disease\test\Blight\test_000652.jpg,Blight,0,0.999913,ACCEPT,0.999913,0.000000,0.000087,0.000000,0.000000,
datasets\crop_disease\test\Blight\test_000653.jpg,Blight,0,0.999992,ACCEPT,0.999992,0.000000,0.000008,0.000001,0.000000,
datasets\crop_disease\test\Blight\test_000654.jpg,Blight,0,0.621236,NEEDS-REVIEW,0.621236,0.000011,0.378750,0.000003,0.000000,
datasets\crop_disease\test\Blight\test_000655.jpg,Blight,0,0.999100,ACCEPT,0.999100,0.000136,0.000764,0.000000,0.000000,
datasets\crop_disease\test\Blight\test_000656.jpg,Blight,0,0.981383,ACCEPT,0.981383,0.000006,0.018608,0.000003,0.000000,
datasets\crop_disease\test\Blight\test_000657.jpg,Blight,0,0.839695,ACCEPT,0.839695,0.000020,0.160272,0.000000,0.000012,
datasets\crop_disease\test\Blight\test_000658.jpg,Blight,0,0.978310,ACCEPT,0.978310,0.000168,0.021369,0.000147,0.000006,
datasets\crop_disease\test\Blight\test_000659.jpg,Blight,0,0.999956,ACCEPT,0.999956,0.000004,0.000040,0.000000,0.000000,
datasets\crop_disease\test\Blight\test_000660.jpg,Blight,0,0.998901,ACCEPT,0.998901,0.000522,0.000563,0.000013,0.000000,
datasets\crop_disease\test\Blight\test_000661.jpg,Blight,0,0.999953,ACCEPT,0.999953,0.000005,0.000042,0.000000,0.000000,
datasets\crop_disease\test\Blight\test_000662.jpg,Blight,0,0.999996,ACCEPT,0.999996,0.000000,0.000004,0.000000,0.000000,
datasets\crop_disease\test\Blight\test_000663.jpg,Blight,0,0.995848,ACCEPT,0.995848,0.000005,0.004147,0.000000,0.000000,
datasets\crop_disease\test\Blight\test_000664.jpg,Blight,0,0.999704,ACCEPT,0.999704,0.000047,0.000249,0.000001,0.000000,
datasets\crop_disease\test\Blight\test_000665.jpg,LeafSpot,2,0.981722,ACCEPT,0.018258,0.000013,0.981722,0.000001,0.000006,
datasets\crop_disease\test\Blight\test_000666.jpg,Blight,0,0.995838,ACCEPT,0.995838,0.001269,0.002870,0.000003,0.000020,
datasets\crop_disease\test\Blight\test_000667.jpg,Blight,0,0.998948,ACCEPT,0.998948,0.000997,0.000055,0.000000,0.000000,
datasets\crop_disease\test\Blight\test_000668.jpg,Blight,0,0.999856,ACCEPT,0.999856,0.000050,0.000094,0.000000,0.000000,
datasets\crop_disease\test\Blight\test_000669.jpg,Blight,0,0.999992,ACCEPT,0.999992,0.000000,0.000008,0.000000,0.000000,
datasets\crop_disease\test\Blight\test_000670.jpg,Blight,0,0.999932,ACCEPT,0.999932,0.000003,0.000065,0.000000,0.000000,
datasets\crop_disease\test\Blight\test_000671.jpg,Blight,0,0.999972,ACCEPT,0.999972,0.000001,0.000027,0.000000,0.000000,
datasets\crop_disease\test\Blight\test_000672.jpg,Blight,0,0.994001,ACCEPT,0.994001,0.000017,0.005973,0.000000,0.000008,
datasets\crop_disease\test\Blight\test_000673.jpg,Blight,0,0.961086,ACCEPT,0.961086,0.038764,0.000137,0.000012,0.000001,
datasets\crop_disease\test\Blight\test_000674.jpg,Blight,0,0.999947,ACCEPT,0.999947,0.000043,0.000010,0.000000,0.000000,
datasets\crop_disease\test\Blight\test_000675.jpg,Blight,0,0.989816,ACCEPT,0.989816,0.000000,0.010184,0.000000,0.000000,
datasets\crop_disease\test\Blight\test_000676.jpg,Blight,0,0.999909,ACCEPT,0.999909,0.000005,0.000087,0.000000,0.000000,
datasets\crop_disease\test\Blight\test_000677.jpg,Blight,0,0.999998,ACCEPT,0.999998,0.000001,0.000002,0.000000,0.000000,
datasets\crop_disease\test\Blight\test_000678.jpg,Blight,0,0.999954,ACCEPT,0.999954,0.000011,0.000030,0.000004,0.000000,
datasets\crop_disease\test\Blight\test_000679.jpg,Blight,0,0.999971,ACCEPT,0.999971,0.000015,0.000014,0.000000,0.000000,
datasets\crop_disease\test\Blight\test_000680.jpg,Blight,0,0.975935,ACCEPT,0.975935,0.000080,0.023984,0.000001,0.000000,
datasets\crop_disease\test\Blight\test_000681.jpg,Blight,0,0.991746,ACCEPT,0.991746,0.000007,0.008247,0.000000,0.000000,
datasets\crop_disease\test\Blight\test_000682.jpg,Blight,0,0.709782,ACCEPT,0.709782,0.038904,0.251276,0.000033,0.000004,
datasets\crop_disease\test\Blight\test_000683.jpg,Blight,0,0.615435,NEEDS-REVIEW,0.615435,0.000004,0.384560,0.000001,0.000000,
datasets\crop_disease\test\Blight\test_000684.jpg,Blight,0,0.999707,ACCEPT,0.999707,0.000002,0.000291,0.000000,0.000000,
datasets\crop_disease\test\Blight\test_000685.jpg,Blight,0,0.999813,ACCEPT,0.999813,0.000005,0.000182,0.000000,0.000000,
datasets\crop_disease\test\Blight\test_000686.jpg,Blight,0,0.860715,ACCEPT,0.860715,0.000038,0.139233,0.000010,0.000003,
datasets\crop_disease\test\Blight\test_000687.jpg,Blight,0,0.999085,ACCEPT,0.999085,0.000001,0.000914,0.000000,0.000000,
datasets\crop_disease\test\Blight\test_000688.jpg,Blight,0,0.998633,ACCEPT,0.998633,0.000007,0.001360,0.000000,0.000000,
datasets\crop_disease\test\Blight\test_000689.jpg,Blight,0,0.994579,ACCEPT,0.994579,0.004045,0.000464,0.000005,0.000907,
datasets\crop_disease\test\Blight\test_000690.jpg,Blight,0,0.947489,ACCEPT,0.947489,0.002762,0.049574,0.000001,0.000174,
datasets\crop_disease\test\Blight\test_000691.jpg,Blight,0,0.999777,ACCEPT,0.999777,0.000005,0.000218,0.000000,0.000000,
datasets\crop_disease\test\Blight\test_000692.jpg,Blight,0,0.999072,ACCEPT,0.999072,0.000926,0.000003,0.000000,0.000000,
datasets\crop_disease\test\Blight\test_000693.jpg,Blight,0,0.995926,ACCEPT,0.995926,0.000003,0.004072,0.000000,0.000000,
datasets\crop_disease\test\Blight\test_000694.jpg,Blight,0,0.999984,ACCEPT,0.999984,0.000005,0.000011,0.000000,0.000000,
datasets\crop_disease\test\Blight\test_000695.jpg,Blight,0,0.999999,ACCEPT,0.999999,0.000000,0.000001,0.000000,0.000000,
datasets\crop_disease\test\Blight\test_000696.jpg,Blight,0,0.966123,ACCEPT,0.966123,0.013404,0.020471,0.000000,0.000001,
datasets\crop_disease\test\Blight\test_000697.jpg,Blight,0,0.994002,ACCEPT,0.994002,0.000000,0.005998,0.000000,0.000000,
datasets\crop_disease\test\Blight\test_000698.jpg,Blight,0,0.997276,ACCEPT,0.997276,0.000000,0.002723,0.000000,0.000000,
datasets\crop_disease\test\Blight\test_000699.jpg,Blight,0,0.999310,ACCEPT,0.999310,0.000616,0.000074,0.000000,0.000000,
datasets\crop_disease\test\Blight\test_000700.jpg,Blight,0,0.996767,ACCEPT,0.996767,0.001667,0.001566,0.000000,0.000000,
datasets\crop_disease\test\Blight\test_000701.jpg,Blight,0,0.996507,ACCEPT,0.996507,0.000052,0.003441,0.000000,0.000000,
datasets\crop_disease\test\Blight\test_000702.jpg,Blight,0,0.996710,ACCEPT,0.996710,0.001916,0.001298,0.000076,0.000000,
datasets\crop_disease\test\Blight\test_000703.jpg,Blight,0,0.999264,ACCEPT,0.999264,0.000008,0.000729,0.000000,0.000000,
datasets\crop_disease\test\Blight\test_000704.jpg,Blight,0,0.990378,ACCEPT,0.990378,0.000031,0.009582,0.000000,0.000009,
datasets\crop_disease\test\Blight\test_000705.jpg,Blight,0,0.998754,ACCEPT,0.998754,0.001191,0.000055,0.000000,0.000000,
datasets\crop_disease\test\Blight\test_000706.jpg,Blight,0,0.999799,ACCEPT,0.999799,0.000162,0.000040,0.000000,0.000000,
datasets\crop_disease\test\Blight\test_000707.jpg,Blight,0,0.968243,ACCEPT,0.968243,0.000182,0.031565,0.000000,0.000009,
datasets\crop_disease\test\Blight\test_000708.jpg,Blight,0,0.999650,ACCEPT,0.999650,0.000188,0.000161,0.000000,0.000000,
datasets\crop_disease\test\Blight\test_000709.jpg,Blight,0,0.999188,ACCEPT,0.999188,0.000673,0.000129,0.000000,0.000009,
datasets\crop_disease\test\Blight\test_000710.jpg,LeafSpot,2,0.649168,NEEDS-REVIEW,0.350601,0.000231,0.649168,0.000000,0.000000,
datasets\crop_disease\test\Blight\test_000711.jpg,Blight,0,0.971831,ACCEPT,0.971831,0.018869,0.009286,0.000004,0.000011,
datasets\crop_disease\test\Blight\test_000712.jpg,Blight,0,0.996149,ACCEPT,0.996149,0.000012,0.003839,0.000000,0.000000,
datasets\crop_disease\test\Blight\test_000713.jpg,Blight,0,0.999986,ACCEPT,0.999986,0.000001,0.000014,0.000000,0.000000,
datasets\crop_disease\test\Blight\test_000714.jpg,Blight,0,0.999776,ACCEPT,0.999776,0.000000,0.000224,0.000000,0.000000,
datasets\crop_disease\test\Blight\test_000715.jpg,Blight,0,0.999767,ACCEPT,0.999767,0.000002,0.000231,0.000000,0.000000,
datasets\crop_disease\test\Blight\test_000716.jpg,Blight,0,0.999956,ACCEPT,0.999956,0.000000,0.000044,0.000000,0.000000,
datasets\crop_disease\test\Blight\test_000717.jpg,Blight,0,0.995108,ACCEPT,0.995108,0.000033,0.004806,0.000053,0.000000,
datasets\crop_disease\test\Blight\test_000718.jpg,Blight,0,0.999826,ACCEPT,0.999826,0.000000,0.000174,0.000000,0.000000,
datasets\crop_disease\test\Blight\test_000719.jpg,Blight,0,0.997387,ACCEPT,0.997387,0.002383,0.000082,0.000010,0.000138,
datasets\crop_disease\test\Blight\test_000720.jpg,Blight,0,0.979961,ACCEPT,0.979961,0.000011,0.019993,0.000001,0.000034,
datasets\crop_disease\test\Blight\test_000721.jpg,Blight,0,0.999396,ACCEPT,0.999396,0.000004,0.000600,0.000000,0.000000,
datasets\crop_disease\test\Blight\test_000722.jpg,Blight,0,0.692618,ACCEPT,0.692618,0.279334,0.021299,0.006272,0.000478,
datasets\crop_disease\test\Blight\test_000723.jpg,Blight,0,0.990691,ACCEPT,0.990691,0.000000,0.009308,0.000000,0.000000,
datasets\crop_disease\test\Blight\test_000724.jpg,LeafSpot,2,0.866377,ACCEPT,0.133618,0.000001,0.866377,0.000002,0.000002,
datasets\crop_disease\test\Blight\test_000725.jpg,Blight,0,0.999991,ACCEPT,0.999991,0.000007,0.000002,0.000000,0.000000,
datasets\crop_disease\test\Blight\test_000726.jpg,Blight,0,0.998989,ACCEPT,0.998989,0.000298,0.000711,0.000001,0.000002,
datasets\crop_disease\test\Blight\test_000727.jpg,Blight,0,0.987666,ACCEPT,0.987666,0.000000,0.012333,0.000000,0.000000,
datasets\crop_disease\test\Blight\test_000728.jpg,Blight,0,0.993558,ACCEPT,0.993558,0.000001,0.006441,0.000000,0.000000,
datasets\crop_disease\test\Blight\test_000729.jpg,Blight,0,0.985138,ACCEPT,0.985138,0.000095,0.014766,0.000000,0.000000,
datasets\crop_disease\test\Blight\test_000730.jpg,Blight,0,0.999361,ACCEPT,0.999361,0.000026,0.000613,0.000000,0.000000,
datasets\crop_disease\test\Blight\test_000731.jpg,Blight,0,0.982442,ACCEPT,0.982442,0.000025,0.017531,0.000000,0.000002,
datasets\crop_disease\test\Blight\test_000732.jpg,Blight,0,0.998544,ACCEPT,0.998544,0.000000,0.001457,0.000000,0.000000,
datasets\crop_disease\test\Blight\test_000733.jpg,Blight,0,0.999973,ACCEPT,0.999973,0.000000,0.000026,0.000000,0.000000,
datasets\crop_disease\test\Blight\test_000734.jpg,Blight,0,0.999819,ACCEPT,0.999819,0.000001,0.000180,0.000000,0.000000,
datasets\crop_disease\test\Blight\test_000735.jpg,Blight,0,0.961902,ACCEPT,0.961902,0.000035,0.038016,0.000046,0.000001,
datasets\crop_disease\test\Blight\test_000736.jpg,Blight,0,0.999924,ACCEPT,0.999924,0.000006,0.000070,0.000000,0.000000,
datasets\crop_disease\test\Blight\test_000737.jpg,Blight,0,0.999984,ACCEPT,0.999984,0.000000,0.000016,0.000000,0.000000,
datasets\crop_disease\test\Blight\test_000738.jpg,Blight,0,0.997799,ACCEPT,0.997799,0.002125,0.000072,0.000003,0.000000,
datasets\crop_disease\test\Blight\test_000739.jpg,Blight,0,0.999982,ACCEPT,0.999982,0.000003,0.000015,0.000000,0.000000,
datasets\crop_disease\test\Blight\test_000740.jpg,Blight,0,0.999994,ACCEPT,0.999994,0.000000,0.000006,0.000000,0.000000,
datasets\crop_disease\test\Blight\test_000741.jpg,Blight,0,0.999953,ACCEPT,0.999953,0.000000,0.000047,0.000000,0.000000,
datasets\crop_disease\test\Blight\test_000742.jpg,Blight,0,0.996784,ACCEPT,0.996784,0.003168,0.000019,0.000029,0.000000,
datasets\crop_disease\test\Blight\test_000743.jpg,Blight,0,0.999404,ACCEPT,0.999404,0.000505,0.000091,0.000000,0.000000,
datasets\crop_disease\test\Blight\test_000744.jpg,Blight,0,0.999382,ACCEPT,0.999382,0.000127,0.000481,0.000004,0.000005,
datasets\crop_disease\test\Blight\test_000745.jpg,Blight,0,0.999788,ACCEPT,0.999788,0.000039,0.000173,0.000000,0.000000,
datasets\crop_disease\test\Blight\test_000746.jpg,Blight,0,0.985978,ACCEPT,0.985978,0.000780,0.013229,0.000009,0.000003,
datasets\crop_disease\test\Blight\test_000747.jpg,Blight,0,0.999023,ACCEPT,0.999023,0.000000,0.000977,0.000000,0.000000,
datasets\crop_disease\test\Blight\test_000748.jpg,Blight,0,0.999338,ACCEPT,0.999338,0.000047,0.000614,0.000000,0.000000,
datasets\crop_disease\test\Blight\test_000749.jpg,Blight,0,0.999997,ACCEPT,0.999997,0.000002,0.000001,0.000000,0.000000,
datasets\crop_disease\test\Blight\test_000750.jpg,Blight,0,0.999930,ACCEPT,0.999930,0.000000,0.000070,0.000000,0.000000,
datasets\crop_disease\test\Blight\test_000751.jpg,Blight,0,0.999242,ACCEPT,0.999242,0.000007,0.000748,0.000000,0.000002,
datasets\crop_disease\test\Blight\test_000752.jpg,Blight,0,0.997510,ACCEPT,0.997510,0.000011,0.002478,0.000000,0.000001,
datasets\crop_disease\test\Blight\test_000753.jpg,Blight,0,0.998766,ACCEPT,0.998766,0.000100,0.001134,0.000000,0.000000,
datasets\crop_disease\test\Blight\test_000754.jpg,Blight,0,0.999316,ACCEPT,0.999316,0.000000,0.000684,0.000000,0.000000,
datasets\crop_disease\test\Blight\test_000755.jpg,Blight,0,0.999445,ACCEPT,0.999445,0.000549,0.000005,0.000001,0.000000,
datasets\crop_disease\test\Blight\test_000756.jpg,Blight,0,0.693104,ACCEPT,0.693104,0.149833,0.156546,0.000514,0.000004,
datasets\crop_disease\test\Blight\test_000757.jpg,Blight,0,0.999887,ACCEPT,0.999887,0.000092,0.000021,0.000000,0.000000,
datasets\crop_disease\test\Blight\test_000758.jpg,Blight,0,0.999493,ACCEPT,0.999493,0.000014,0.000487,0.000005,0.000001,
datasets\crop_disease\test\Blight\test_000759.jpg,Blight,0,0.999958,ACCEPT,0.999958,0.000001,0.000040,0.000000,0.000000,
datasets\crop_disease\test\Blight\test_000760.jpg,LeafSpot,2,0.652319,ACCEPT,0.347076,0.000036,0.652319,0.000557,0.000011,
datasets\crop_disease\test\Blight\test_000761.jpg,Blight,0,0.999974,ACCEPT,0.999974,0.000005,0.000022,0.000000,0.000000,
datasets\crop_disease\test\Blight\test_000762.jpg,Blight,0,0.999999,ACCEPT,0.999999,0.000000,0.000001,0.000000,0.000000,
datasets\crop_disease\test\Blight\test_000763.jpg,Blight,0,0.999778,ACCEPT,0.999778,0.000001,0.000221,0.000000,0.000000,
datasets\crop_disease\test\Blight\test_000764.jpg,Blight,0,0.977669,ACCEPT,0.977669,0.000003,0.022278,0.000000,0.000050,
datasets\crop_disease\test\Blight\test_000765.jpg,Blight,0,0.999261,ACCEPT,0.999261,0.000653,0.000060,0.000015,0.000011,
datasets\crop_disease\test\Blight\test_000766.jpg,Blight,0,0.999871,ACCEPT,0.999871,0.000001,0.000127,0.000001,0.000000,
datasets\crop_disease\test\Blight\test_000767.jpg,Blight,0,0.999967,ACCEPT,0.999967,0.000003,0.000031,0.000000,0.000000,
datasets\crop_disease\test\Blight\test_000768.jpg,Blight,0,0.999974,ACCEPT,0.999974,0.000000,0.000025,0.000000,0.000000,
datasets\crop_disease\test\Blight\test_000769.jpg,Blight,0,0.999966,ACCEPT,0.999966,0.000003,0.000031,0.000000,0.000000,
datasets\crop_disease\test\Blight\test_000770.jpg,Blight,0,0.999996,ACCEPT,0.999996,0.000003,0.000000,0.000000,0.000000,
datasets\crop_disease\test\Blight\test_000771.jpg,Blight,0,0.998568,ACCEPT,0.998568,0.000058,0.001366,0.000008,0.000000,
datasets\crop_disease\test\Blight\test_000772.jpg,Blight,0,0.992275,ACCEPT,0.992275,0.001517,0.006166,0.000014,0.000029,
datasets\crop_disease\test\Blight\test_000773.jpg,Blight,0,0.995682,ACCEPT,0.995682,0.000056,0.004252,0.000009,0.000001,
datasets\crop_disease\test\Blight\test_000774.jpg,Blight,0,0.998788,ACCEPT,0.998788,0.000001,0.001208,0.000000,0.000003,
datasets\crop_disease\test\Blight\test_000775.jpg,Blight,0,0.999997,ACCEPT,0.999997,0.000002,0.000002,0.000000,0.000000,
datasets\crop_disease\test\Blight\test_000776.jpg,Blight,0,0.984489,ACCEPT,0.984489,0.000022,0.015488,0.000000,0.000000,
datasets\crop_disease\test\Blight\test_000777.jpg,Blight,0,0.999401,ACCEPT,0.999401,0.000085,0.000029,0.000485,0.000001,
datasets\crop_disease\test\Blight\test_000778.jpg,LeafSpot,2,0.748789,ACCEPT,0.251181,0.000015,0.748789,0.000014,0.000001,
datasets\crop_disease\test\Blight\test_000779.jpg,Blight,0,0.994078,ACCEPT,0.994078,0.000019,0.005902,0.000002,0.000000,
datasets\crop_disease\test\Blight\test_000780.jpg,Blight,0,0.990276,ACCEPT,0.990276,0.000005,0.009716,0.000003,0.000000,
datasets\crop_disease\test\Blight\test_000781.jpg,Blight,0,0.997323,ACCEPT,0.997323,0.002530,0.000084,0.000062,0.000000,
datasets\crop_disease\test\Blight\test_000782.jpg,Blight,0,0.999518,ACCEPT,0.999518,0.000270,0.000212,0.000001,0.000000,
datasets\crop_disease\test\Blight\test_000783.jpg,LeafSpot,2,0.804594,ACCEPT,0.193981,0.000866,0.804594,0.000000,0.000559,
datasets\crop_disease\test\Blight\test_000784.jpg,Blight,0,0.999498,ACCEPT,0.999498,0.000013,0.000489,0.000000,0.000000,
datasets\crop_disease\test\Blight\test_000785.jpg,Blight,0,0.998616,ACCEPT,0.998616,0.000000,0.001383,0.000000,0.000000,
datasets\crop_disease\test\Blight\test_000786.jpg,Blight,0,0.999473,ACCEPT,0.999473,0.000000,0.000527,0.000000,0.000000,
datasets\crop_disease\test\Blight\test_000787.jpg,Blight,0,0.999999,ACCEPT,0.999999,0.000001,0.000000,0.000000,0.000000,
datasets\crop_disease\test\Blight\test_000788.jpg,Blight,0,0.999992,ACCEPT,0.999992,0.000000,0.000008,0.000000,0.000000,
datasets\crop_disease\test\Blight\test_000789.jpg,Blight,0,0.999931,ACCEPT,0.999931,0.000013,0.000055,0.000001,0.000000,
datasets\crop_disease\test\Blight\test_000790.jpg,Blight,0,0.976658,ACCEPT,0.976658,0.000001,0.023340,0.000000,0.000000,
datasets\crop_disease\test\Blight\test_000791.jpg,Blight,0,0.892653,ACCEPT,0.892653,0.000015,0.107331,0.000000,0.000000,
datasets\crop_disease\test\Blight\test_000792.jpg,Blight,0,0.918958,ACCEPT,0.918958,0.000258,0.080784,0.000000,0.000000,
datasets\crop_disease\test\Blight\test_000793.jpg,Blight,0,0.999837,ACCEPT,0.999837,0.000000,0.000163,0.000000,0.000000,
datasets\crop_disease\test\Blight\test_000794.jpg,Blight,0,0.923865,ACCEPT,0.923865,0.000028,0.076107,0.000000,0.000000,
datasets\crop_disease\test\Blight\test_000795.jpg,Blight,0,0.995839,ACCEPT,0.995839,0.000011,0.004150,0.000000,0.000000,
datasets\crop_disease\test\Blight\test_000796.jpg,Blight,0,0.947964,ACCEPT,0.947964,0.006713,0.045318,0.000001,0.000004,
datasets\crop_disease\test\Blight\test_000797.jpg,Blight,0,0.999990,ACCEPT,0.999990,0.000008,0.000001,0.000000,0.000000,
datasets\crop_disease\test\Blight\test_000798.jpg,Blight,0,0.998628,ACCEPT,0.998628,0.000267,0.001105,0.000000,0.000000,
datasets\crop_disease\test\Blight\test_000799.jpg,Blight,0,0.977848,ACCEPT,0.977848,0.000006,0.022138,0.000000,0.000007,
datasets\crop_disease\test\Blight\test_000800.jpg,Blight,0,0.997879,ACCEPT,0.997879,0.001034,0.001080,0.000007,0.000000,
datasets\crop_disease\test\Blight\test_000801.jpg,Blight,0,0.999978,ACCEPT,0.999978,0.000001,0.000021,0.000000,0.000000,
datasets\crop_disease\test\Blight\test_000802.jpg,Blight,0,0.998878,ACCEPT,0.998878,0.000202,0.000920,0.000000,0.000000,
datasets\crop_disease\test\Blight\test_000803.jpg,Blight,0,0.999693,ACCEPT,0.999693,0.000002,0.000305,0.000000,0.000000,
datasets\crop_disease\test\Blight\test_000804.jpg,Blight,0,0.999976,ACCEPT,0.999976,0.000012,0.000010,0.000002,0.000000,
datasets\crop_disease\test\Blight\test_000805.jpg,Blight,0,0.999922,ACCEPT,0.999922,0.000003,0.000074,0.000001,0.000000,
datasets\crop_disease\test\Blight\test_000806.jpg,Blight,0,0.999999,ACCEPT,0.999999,0.000000,0.000000,0.000000,0.000000,
datasets\crop_disease\test\Blight\test_000807.jpg,Blight,0,0.945726,ACCEPT,0.945726,0.000001,0.054274,0.000000,0.000000,
datasets\crop_disease\test\Blight\test_000808.jpg,Blight,0,0.988819,ACCEPT,0.988819,0.000107,0.011073,0.000000,0.000000,
datasets\crop_disease\test\Blight\test_000809.jpg,Blight,0,0.999734,ACCEPT,0.999734,0.000000,0.000265,0.000000,0.000000,
datasets\crop_disease\test\Blight\test_000810.jpg,Blight,0,0.984219,ACCEPT,0.984219,0.001392,0.014359,0.000030,0.000000,
datasets\crop_disease\test\Blight\test_000811.jpg,Blight,0,0.998933,ACCEPT,0.998933,0.000000,0.001067,0.000000,0.000000,
datasets\crop_disease\test\Blight\test_000812.jpg,Blight,0,0.999999,ACCEPT,0.999999,0.000000,0.000001,0.000000,0.000000,
datasets\crop_disease\test\Blight\test_000813.jpg,Blight,0,0.999842,ACCEPT,0.999842,0.000086,0.000072,0.000000,0.000000,
datasets\crop_disease\test\Blight\test_000814.jpg,Blight,0,0.999920,ACCEPT,0.999920,0.000039,0.000042,0.000000,0.000000,
datasets\crop_disease\test\Blight\test_000815.jpg,Blight,0,0.999937,ACCEPT,0.999937,0.000000,0.000063,0.000000,0.000000,
datasets\crop_disease\test\Blight\test_000816.jpg,Blight,0,0.993890,ACCEPT,0.993890,0.000060,0.006047,0.000003,0.000000,
datasets\crop_disease\test\Blight\test_000817.jpg,Blight,0,0.987548,ACCEPT,0.987548,0.000085,0.012355,0.000012,0.000000,
datasets\crop_disease\test\Blight\test_000818.jpg,Blight,0,0.999788,ACCEPT,0.999788,0.000026,0.000090,0.000096,0.000000,
datasets\crop_disease\test\Blight\test_000819.jpg,Blight,0,0.999769,ACCEPT,0.999769,0.000001,0.000230,0.000000,0.000000,
datasets\crop_disease\test\Blight\test_000820.jpg,Blight,0,0.983453,ACCEPT,0.983453,0.000001,0.016546,0.000000,0.000000,
datasets\crop_disease\test\Blight\test_000821.jpg,Blight,0,0.992409,ACCEPT,0.992409,0.007212,0.000374,0.000000,0.000005,
datasets\crop_disease\test\Blight\test_000822.jpg,Blight,0,0.974655,ACCEPT,0.974655,0.022624,0.000520,0.002200,0.000001,
datasets\crop_disease\test\Blight\test_000823.jpg,Blight,0,0.999626,ACCEPT,0.999626,0.000012,0.000362,0.000000,0.000000,
datasets\crop_disease\test\Blight\test_000824.jpg,Blight,0,0.999057,ACCEPT,0.999057,0.000001,0.000942,0.000000,0.000000,
datasets\crop_disease\test\Blight\test_000825.jpg,Blight,0,0.996182,ACCEPT,0.996182,0.000000,0.003818,0.000000,0.000000,
datasets\crop_disease\test\Blight\test_000826.jpg,Blight,0,1.000000,ACCEPT,1.000000,0.000000,0.000000,0.000000,0.000000,
datasets\crop_disease\test\Blight\test_000827.jpg,Blight,0,0.543842,NEEDS-REVIEW,0.543842,0.445468,0.010599,0.000077,0.000014,
datasets\crop_disease\test\Blight\test_000828.jpg,Blight,0,0.999879,ACCEPT,0.999879,0.000000,0.000121,0.000001,0.000000,
datasets\crop_disease\test\Blight\test_000829.jpg,Blight,0,0.539327,NEEDS-REVIEW,0.539327,0.032488,0.428173,0.000011,0.000001,
datasets\crop_disease\test\Blight\test_000830.jpg,Blight,0,0.999138,ACCEPT,0.999138,0.000072,0.000219,0.000570,0.000000,
datasets\crop_disease\test\Blight\test_000831.jpg,Blight,0,1.000000,ACCEPT,1.000000,0.000000,0.000000,0.000000,0.000000,
datasets\crop_disease\test\Blight\test_000832.jpg,Blight,0,0.978740,ACCEPT,0.978740,0.000001,0.021258,0.000001,0.000000,
datasets\crop_disease\test\Blight\test_000833.jpg,Blight,0,0.999931,ACCEPT,0.999931,0.000011,0.000058,0.000000,0.000000,
datasets\crop_disease\test\Blight\test_000834.jpg,Blight,0,0.605790,NEEDS-REVIEW,0.605790,0.000197,0.393983,0.000000,0.000030,
datasets\crop_disease\test\Blight\test_000835.jpg,Blight,0,0.999911,ACCEPT,0.999911,0.000000,0.000089,0.000000,0.000000,
datasets\crop_disease\test\Blight\test_000836.jpg,Blight,0,0.999475,ACCEPT,0.999475,0.000247,0.000277,0.000001,0.000000,
datasets\crop_disease\test\Blight\test_000837.jpg,Blight,0,0.973063,ACCEPT,0.973063,0.000961,0.025976,0.000000,0.000000,
datasets\crop_disease\test\Blight\test_000838.jpg,Blight,0,0.999728,ACCEPT,0.999728,0.000079,0.000193,0.000000,0.000000,
datasets\crop_disease\test\Blight\test_000839.jpg,Blight,0,0.999957,ACCEPT,0.999957,0.000000,0.000043,0.000000,0.000000,
datasets\crop_disease\test\Blight\test_000840.jpg,Blight,0,0.739085,ACCEPT,0.739085,0.000080,0.260794,0.000039,0.000002,
datasets\crop_disease\test\Blight\test_000841.jpg,Blight,0,0.997320,ACCEPT,0.997320,0.000005,0.002671,0.000003,0.000000,
datasets\crop_disease\test\Blight\test_000842.jpg,Blight,0,0.999997,ACCEPT,0.999997,0.000000,0.000003,0.000000,0.000000,
datasets\crop_disease\test\Blight\test_000843.jpg,Blight,0,0.993012,ACCEPT,0.993012,0.000451,0.006536,0.000000,0.000000,
datasets\crop_disease\test\Blight\test_000844.jpg,Blight,0,0.999991,ACCEPT,0.999991,0.000000,0.000009,0.000000,0.000000,
datasets\crop_disease\test\Blight\test_000845.jpg,Blight,0,0.999982,ACCEPT,0.999982,0.000005,0.000012,0.000001,0.000000,
datasets\crop_disease\test\Blight\test_000846.jpg,Blight,0,0.999871,ACCEPT,0.999871,0.000022,0.000102,0.000005,0.000000,
datasets\crop_disease\test\Blight\test_000847.jpg,Blight,0,0.997728,ACCEPT,0.997728,0.000736,0.001523,0.000012,0.000000,
datasets\crop_disease\test\Blight\test_000848.jpg,Blight,0,0.999989,ACCEPT,0.999989,0.000010,0.000000,0.000000,0.000001,
datasets\crop_disease\test\Blight\test_000849.jpg,Blight,0,0.999966,ACCEPT,0.999966,0.000000,0.000033,0.000000,0.000000,
datasets\crop_disease\test\Blight\test_000850.jpg,Blight,0,0.998865,ACCEPT,0.998865,0.001113,0.000021,0.000001,0.000000,
datasets\crop_disease\test\Blight\test_000851.jpg,Blight,0,0.745959,ACCEPT,0.745959,0.008303,0.245732,0.000001,0.000005,
datasets\crop_disease\test\Blight\test_000852.jpg,Blight,0,0.999882,ACCEPT,0.999882,0.000081,0.000036,0.000000,0.000000,
datasets\crop_disease\test\Blight\test_000853.jpg,Blight,0,0.986122,ACCEPT,0.986122,0.004540,0.009338,0.000000,0.000000,
datasets\crop_disease\test\Blight\test_000854.jpg,Blight,0,0.999996,ACCEPT,0.999996,0.000000,0.000004,0.000000,0.000000,
datasets\crop_disease\test\Blight\test_000855.jpg,Blight,0,0.999609,ACCEPT,0.999609,0.000001,0.000388,0.000002,0.000000,
datasets\crop_disease\test\Blight\test_000856.jpg,Blight,0,0.999998,ACCEPT,0.999998,0.000000,0.000002,0.000000,0.000000,
datasets\crop_disease\test\Blight\test_000857.jpg,Blight,0,0.959551,ACCEPT,0.959551,0.000415,0.040008,0.000018,0.000008,
datasets\crop_disease\test\Blight\test_000858.jpg,Blight,0,0.999964,ACCEPT,0.999964,0.000000,0.000036,0.000000,0.000000,
datasets\crop_disease\test\Blight\test_000859.jpg,Blight,0,0.999649,ACCEPT,0.999649,0.000203,0.000042,0.000106,0.000000,
datasets\crop_disease\test\Blight\test_000860.jpg,Blight,0,0.999828,ACCEPT,0.999828,0.000001,0.000171,0.000000,0.000000,
datasets\crop_disease\test\Blight\test_000861.jpg,Blight,0,0.999998,ACCEPT,0.999998,0.000000,0.000002,0.000000,0.000000,
datasets\crop_disease\test\Blight\test_000862.jpg,Blight,0,0.999975,ACCEPT,0.999975,0.000003,0.000022,0.000000,0.000000,
datasets\crop_disease\test\Blight\test_000863.jpg,Blight,0,1.000000,ACCEPT,1.000000,0.000000,0.000000,0.000000,0.000000,
datasets\crop_disease\test\Blight\test_000864.jpg,Blight,0,0.999985,ACCEPT,0.999985,0.000001,0.000014,0.000000,0.000000,
datasets\crop_disease\test\Blight\test_000865.jpg,Blight,0,0.999998,ACCEPT,0.999998,0.000000,0.000001,0.000000,0.000000,
datasets\crop_disease\test\Blight\test_000866.jpg,Blight,0,0.992171,ACCEPT,0.992171,0.000038,0.002520,0.004154,0.001118,
datasets\crop_disease\test\Blight\test_000867.jpg,Blight,0,0.999994,ACCEPT,0.999994,0.000000,0.000006,0.000000,0.000000,
datasets\crop_disease\test\Blight\test_000868.jpg,Blight,0,0.965307,ACCEPT,0.965307,0.005065,0.029614,0.000014,0.000000,
datasets\crop_disease\test\Blight\test_000869.jpg,Blight,0,0.997359,ACCEPT,0.997359,0.000011,0.002629,0.000000,0.000000,
datasets\crop_disease\test\Blight\test_000870.jpg,Blight,0,0.997206,ACCEPT,0.997206,0.000586,0.002208,0.000000,0.000000,
datasets\crop_disease\test\Blight\test_000871.jpg,Blight,0,0.977735,ACCEPT,0.977735,0.000250,0.022014,0.000000,0.000000,
datasets\crop_disease\test\Blight\test_000872.jpg,Blight,0,0.999491,ACCEPT,0.999491,0.000000,0.000509,0.000000,0.000000,
datasets\crop_disease\test\Blight\test_000873.jpg,Blight,0,1.000000,ACCEPT,1.000000,0.000000,0.000000,0.000000,0.000000,
datasets\crop_disease\test\Blight\test_000874.jpg,Blight,0,0.996999,ACCEPT,0.996999,0.002800,0.000201,0.000000,0.000000,
datasets\crop_disease\test\Blight\test_000875.jpg,Blight,0,0.905197,ACCEPT,0.905197,0.000005,0.094798,0.000000,0.000000,
datasets\crop_disease\test\Blight\test_000876.jpg,Blight,0,0.799218,ACCEPT,0.799218,0.005316,0.195109,0.000356,0.000001,
datasets\crop_disease\test\Blight\test_000877.jpg,Blight,0,0.982491,ACCEPT,0.982491,0.000002,0.017506,0.000000,0.000000,
datasets\crop_disease\test\Blight\test_000878.jpg,Blight,0,0.946869,ACCEPT,0.946869,0.000000,0.053130,0.000000,0.000000,
datasets\crop_disease\test\Blight\test_000879.jpg,Blight,0,0.999619,ACCEPT,0.999619,0.000147,0.000233,0.000001,0.000000,
datasets\crop_disease\test\Blight\test_000880.jpg,Blight,0,0.999463,ACCEPT,0.999463,0.000001,0.000536,0.000000,0.000000,
datasets\crop_disease\test\Blight\test_000881.jpg,Blight,0,0.999992,ACCEPT,0.999992,0.000002,0.000006,0.000000,0.000000,
datasets\crop_disease\test\Blight\test_000882.jpg,Blight,0,0.998073,ACCEPT,0.998073,0.000005,0.001922,0.000000,0.000000,
datasets\crop_disease\test\Blight\test_000883.jpg,Blight,0,0.999210,ACCEPT,0.999210,0.000004,0.000785,0.000000,0.000000,
datasets\crop_disease\test\Blight\test_000884.jpg,Blight,0,0.983064,ACCEPT,0.983064,0.010449,0.005877,0.000604,0.000006,
datasets\crop_disease\test\Blight\test_000885.jpg,Blight,0,0.999984,ACCEPT,0.999984,0.000002,0.000014,0.000000,0.000000,
datasets\crop_disease\test\Blight\test_000886.jpg,Blight,0,0.999976,ACCEPT,0.999976,0.000001,0.000023,0.000000,0.000000,
datasets\crop_disease\test\Blight\test_000887.jpg,Blight,0,0.980699,ACCEPT,0.980699,0.019113,0.000186,0.000001,0.000000,
datasets\crop_disease\test\Blight\test_000888.jpg,Blight,0,0.999999,ACCEPT,0.999999,0.000000,0.000001,0.000000,0.000000,
datasets\crop_disease\test\Blight\test_000889.jpg,Blight,0,0.698281,ACCEPT,0.698281,0.000108,0.301604,0.000006,0.000001,
datasets\crop_disease\test\Blight\test_000890.jpg,Blight,0,0.999874,ACCEPT,0.999874,0.000064,0.000060,0.000000,0.000001,
datasets\crop_disease\test\Blight\test_000891.jpg,Blight,0,0.999473,ACCEPT,0.999473,0.000103,0.000421,0.000001,0.000001,
datasets\crop_disease\test\Blight\test_000892.jpg,Blight,0,0.999947,ACCEPT,0.999947,0.000002,0.000051,0.000000,0.000000,
datasets\crop_disease\test\Blight\test_000893.jpg,Blight,0,0.931292,ACCEPT,0.931292,0.000038,0.068630,0.000002,0.000038,
datasets\crop_disease\test\Blight\test_000894.jpg,Blight,0,0.824344,ACCEPT,0.824344,0.175637,0.000006,0.000004,0.000009,
datasets\crop_disease\test\Blight\test_000895.jpg,Blight,0,0.999753,ACCEPT,0.999753,0.000000,0.000247,0.000000,0.000000,
datasets\crop_disease\test\Blight\test_000896.jpg,Blight,0,0.999605,ACCEPT,0.999605,0.000039,0.000350,0.000006,0.000000,
datasets\crop_disease\test\Blight\test_000897.jpg,Blight,0,0.999796,ACCEPT,0.999796,0.000005,0.000199,0.000000,0.000000,
datasets\crop_disease\test\Blight\test_000898.jpg,Blight,0,0.983736,ACCEPT,0.983736,0.007037,0.009206,0.000018,0.000003,
datasets\crop_disease\test\Blight\test_000899.jpg,Blight,0,0.999226,ACCEPT,0.999226,0.000001,0.000773,0.000000,0.000001,
datasets\crop_disease\test\Blight\test_000900.jpg,Blight,0,0.999995,ACCEPT,0.999995,0.000005,0.000000,0.000000,0.000000,
datasets\crop_disease\test\Blight\test_000901.jpg,Blight,0,0.999981,ACCEPT,0.999981,0.000008,0.000010,0.000000,0.000001,
datasets\crop_disease\test\Blight\test_000902.jpg,Blight,0,0.998575,ACCEPT,0.998575,0.001270,0.000051,0.000104,0.000000,
datasets\crop_disease\test\Blight\test_000903.jpg,Blight,0,0.998429,ACCEPT,0.998429,0.000001,0.001570,0.000000,0.000000,
datasets\crop_disease\test\Blight\test_000904.jpg,Blight,0,0.999649,ACCEPT,0.999649,0.000322,0.000028,0.000000,0.000000,
datasets\crop_disease\test\Blight\test_000905.jpg,Blight,0,0.997766,ACCEPT,0.997766,0.000807,0.001427,0.000000,0.000000,
datasets\crop_disease\test\Blight\test_000906.jpg,Blight,0,0.982888,ACCEPT,0.982888,0.000000,0.017111,0.000000,0.000000,
datasets\crop_disease\test\Blight\test_000907.jpg,Blight,0,0.999994,ACCEPT,0.999994,0.000001,0.000005,0.000000,0.000000,
datasets\crop_disease\test\Blight\test_000908.jpg,Blight,0,0.999945,ACCEPT,0.999945,0.000001,0.000054,0.000000,0.000000,
datasets\crop_disease\test\Blight\test_000909.jpg,Blight,0,0.999953,ACCEPT,0.999953,0.000038,0.000008,0.000000,0.000000,
datasets\crop_disease\test\Blight\test_000910.jpg,Blight,0,0.999983,ACCEPT,0.999983,0.000004,0.000013,0.000000,0.000000,
datasets\crop_disease\test\Blight\test_000911.jpg,Blight,0,0.999666,ACCEPT,0.999666,0.000063,0.000271,0.000000,0.000000,
datasets\crop_disease\test\Blight\test_000912.jpg,Blight,0,0.999990,ACCEPT,0.999990,0.000000,0.000010,0.000000,0.000000,
datasets\crop_disease\test\Blight\test_000913.jpg,Blight,0,1.000000,ACCEPT,1.000000,0.000000,0.000000,0.000000,0.000000,
datasets\crop_disease\test\Blight\test_000914.jpg,Blight,0,0.998082,ACCEPT,0.998082,0.000059,0.001859,0.000000,0.000000,
datasets\crop_disease\test\Blight\test_000915.jpg,Blight,0,0.994440,ACCEPT,0.994440,0.001099,0.004461,0.000000,0.000000,
datasets\crop_disease\test\Blight\test_000916.jpg,Blight,0,0.999560,ACCEPT,0.999560,0.000000,0.000440,0.000000,0.000000,
datasets\crop_disease\test\Blight\test_000917.jpg,Blight,0,0.999948,ACCEPT,0.999948,0.000028,0.000021,0.000001,0.000001,
datasets\crop_disease\test\Blight\test_000918.jpg,Blight,0,0.999914,ACCEPT,0.999914,0.000085,0.000001,0.000000,0.000001,
datasets\crop_disease\test\Blight\test_000919.jpg,Blight,0,0.999987,ACCEPT,0.999987,0.000009,0.000004,0.000000,0.000000,
datasets\crop_disease\test\Blight\test_000920.jpg,Blight,0,0.999326,ACCEPT,0.999326,0.000003,0.000671,0.000000,0.000000,
datasets\crop_disease\test\Blight\test_000921.jpg,Blight,0,0.999743,ACCEPT,0.999743,0.000000,0.000257,0.000000,0.000000,
datasets\crop_disease\test\Blight\test_000922.jpg,Blight,0,0.998419,ACCEPT,0.998419,0.001095,0.000486,0.000000,0.000000,
datasets\crop_disease\test\Blight\test_000923.jpg,Blight,0,0.994090,ACCEPT,0.994090,0.000821,0.005084,0.000003,0.000002,
datasets\crop_disease\test\Blight\test_000924.jpg,Blight,0,0.996872,ACCEPT,0.996872,0.002816,0.000298,0.000013,0.000001,
datasets\crop_disease\test\Blight\test_000925.jpg,Blight,0,0.999906,ACCEPT,0.999906,0.000093,0.000000,0.000001,0.000000,
datasets\crop_disease\test\Blight\test_000926.jpg,Blight,0,1.000000,ACCEPT,1.000000,0.000000,0.000000,0.000000,0.000000,
datasets\crop_disease\test\Blight\test_000927.jpg,Blight,0,0.999781,ACCEPT,0.999781,0.000061,0.000158,0.000001,0.000000,
datasets\crop_disease\test\Blight\test_000928.jpg,Blight,0,0.989497,ACCEPT,0.989497,0.000001,0.010502,0.000000,0.000000,
datasets\crop_disease\test\Blight\test_000929.jpg,Blight,0,0.995820,ACCEPT,0.995820,0.000001,0.004179,0.000000,0.000000,
datasets\crop_disease\test\Blight\test_000930.jpg,Blight,0,0.984341,ACCEPT,0.984341,0.000016,0.015636,0.000007,0.000000,
datasets\crop_disease\test\Blight\test_000931.jpg,Blight,0,0.999997,ACCEPT,0.999997,0.000000,0.000003,0.000000,0.000000,
datasets\crop_disease\test\Blight\test_000932.jpg,Blight,0,0.995134,ACCEPT,0.995134,0.000107,0.004758,0.000000,0.000001,
datasets\crop_disease\test\Blight\test_000933.jpg,Blight,0,0.999463,ACCEPT,0.999463,0.000001,0.000536,0.000000,0.000000,
datasets\crop_disease\test\Blight\test_000934.jpg,Blight,0,0.999641,ACCEPT,0.999641,0.000003,0.000355,0.000000,0.000000,
datasets\crop_disease\test\Blight\test_000935.jpg,Blight,0,0.999997,ACCEPT,0.999997,0.000001,0.000002,0.000000,0.000000,
datasets\crop_disease\test\Blight\test_000936.jpg,Blight,0,0.999963,ACCEPT,0.999963,0.000000,0.000037,0.000000,0.000000,
datasets\crop_disease\test\Blight\test_000937.jpg,Blight,0,0.997218,ACCEPT,0.997218,0.000004,0.002746,0.000032,0.000000,
datasets\crop_disease\test\Blight\test_000938.jpg,Blight,0,0.932878,ACCEPT,0.932878,0.000006,0.067104,0.000007,0.000005,
datasets\crop_disease\test\Blight\test_000939.jpg,Blight,0,0.997504,ACCEPT,0.997504,0.000010,0.002486,0.000000,0.000000,
datasets\crop_disease\test\Blight\test_000940.jpg,Blight,0,0.999907,ACCEPT,0.999907,0.000000,0.000092,0.000000,0.000000,
datasets\crop_disease\test\Blight\test_000941.jpg,Blight,0,0.999990,ACCEPT,0.999990,0.000000,0.000010,0.000000,0.000000,
datasets\crop_disease\test\Blight\test_000942.jpg,Blight,0,0.999825,ACCEPT,0.999825,0.000001,0.000175,0.000000,0.000000,
datasets\crop_disease\test\Blight\test_000943.jpg,Blight,0,0.999723,ACCEPT,0.999723,0.000003,0.000273,0.000000,0.000000,
datasets\crop_disease\test\Blight\test_000944.jpg,Blight,0,0.985661,ACCEPT,0.985661,0.006085,0.008232,0.000021,0.000000,
datasets\crop_disease\test\Blight\test_000945.jpg,Blight,0,0.999999,ACCEPT,0.999999,0.000001,0.000000,0.000000,0.000000,
datasets\crop_disease\test\Blight\test_000946.jpg,Blight,0,0.985974,ACCEPT,0.985974,0.000003,0.014023,0.000000,0.000000,
datasets\crop_disease\test\Blight\test_000947.jpg,Blight,0,0.999761,ACCEPT,0.999761,0.000007,0.000216,0.000015,0.000000,
datasets\crop_disease\test\Blight\test_000948.jpg,Blight,0,0.999425,ACCEPT,0.999425,0.000003,0.000572,0.000000,0.000000,
datasets\crop_disease\test\Blight\test_000949.jpg,Blight,0,0.995053,ACCEPT,0.995053,0.000064,0.004830,0.000054,0.000000,
datasets\crop_disease\test\Blight\test_000950.jpg,Blight,0,0.936231,ACCEPT,0.936231,0.000968,0.062800,0.000001,0.000000,
datasets\crop_disease\test\Blight\test_000951.jpg,Blight,0,0.999985,ACCEPT,0.999985,0.000006,0.000009,0.000000,0.000000,
datasets\crop_disease\test\Blight\test_000952.jpg,Blight,0,0.999998,ACCEPT,0.999998,0.000001,0.000001,0.000000,0.000000,
datasets\crop_disease\test\Blight\test_000953.jpg,Blight,0,0.999977,ACCEPT,0.999977,0.000000,0.000023,0.000000,0.000000,
datasets\crop_disease\test\Blight\test_000954.jpg,Blight,0,0.999974,ACCEPT,0.999974,0.000000,0.000026,0.000000,0.000000,
datasets\crop_disease\test\Blight\test_000955.jpg,Blight,0,0.999960,ACCEPT,0.999960,0.000001,0.000039,0.000000,0.000000,
datasets\crop_disease\test\Blight\test_000956.jpg,Blight,0,0.999990,ACCEPT,0.999990,0.000009,0.000001,0.000000,0.000000,
datasets\crop_disease\test\Blight\test_000957.jpg,Blight,0,0.966772,ACCEPT,0.966772,0.000044,0.033181,0.000003,0.000000,
datasets\crop_disease\test\Blight\test_000958.jpg,Blight,0,0.999966,ACCEPT,0.999966,0.000000,0.000034,0.000000,0.000000,
datasets\crop_disease\test\Blight\test_000959.jpg,Blight,0,0.999783,ACCEPT,0.999783,0.000003,0.000214,0.000000,0.000000,
datasets\crop_disease\test\Blight\test_000960.jpg,Blight,0,0.999999,ACCEPT,0.999999,0.000000,0.000001,0.000000,0.000000,
datasets\crop_disease\test\Blight\test_000961.jpg,Blight,0,0.999931,ACCEPT,0.999931,0.000001,0.000068,0.000000,0.000000,
datasets\crop_disease\test\Blight\test_000962.jpg,Blight,0,0.999906,ACCEPT,0.999906,0.000082,0.000011,0.000001,0.000000,
datasets\crop_disease\test\Blight\test_000963.jpg,Blight,0,0.998111,ACCEPT,0.998111,0.001884,0.000001,0.000000,0.000004,
datasets\crop_disease\test\Blight\test_000964.jpg,Blight,0,0.999263,ACCEPT,0.999263,0.000124,0.000609,0.000004,0.000000,
datasets\crop_disease\test\Blight\test_000965.jpg,Blight,0,0.999994,ACCEPT,0.999994,0.000000,0.000006,0.000000,0.000000,
datasets\crop_disease\test\Blight\test_000966.jpg,Blight,0,0.986167,ACCEPT,0.986167,0.000032,0.013799,0.000001,0.000000,
datasets\crop_disease\test\Blight\test_000967.jpg,Blight,0,0.945586,ACCEPT,0.945586,0.000113,0.054297,0.000003,0.000000,
datasets\crop_disease\test\Blight\test_000968.jpg,Blight,0,0.999624,ACCEPT,0.999624,0.000005,0.000366,0.000005,0.000000,
datasets\crop_disease\test\Blight\test_000969.jpg,Blight,0,0.999969,ACCEPT,0.999969,0.000000,0.000031,0.000000,0.000000,
datasets\crop_disease\test\Blight\test_000970.jpg,Blight,0,0.998814,ACCEPT,0.998814,0.000003,0.001184,0.000000,0.000000,
datasets\crop_disease\test\Blight\test_000971.jpg,Blight,0,0.984104,ACCEPT,0.984104,0.000003,0.015893,0.000000,0.000000,
datasets\crop_disease\test\Blight\test_000972.jpg,Blight,0,0.999995,ACCEPT,0.999995,0.000000,0.000002,0.000000,0.000003,
datasets\crop_disease\test\Blight\test_000973.jpg,Blight,0,0.877704,ACCEPT,0.877704,0.000163,0.122111,0.000021,0.000001,
datasets\crop_disease\test\Blight\test_000974.jpg,Blight,0,0.999981,ACCEPT,0.999981,0.000014,0.000006,0.000000,0.000000,
datasets\crop_disease\test\Blight\test_000975.jpg,Blight,0,0.999997,ACCEPT,0.999997,0.000000,0.000003,0.000000,0.000000,
datasets\crop_disease\test\Blight\test_000976.jpg,Blight,0,0.999969,ACCEPT,0.999969,0.000000,0.000031,0.000000,0.000000,
datasets\crop_disease\test\Blight\test_000977.jpg,LeafSpot,2,0.912413,ACCEPT,0.087557,0.000030,0.912413,0.000000,0.000000,
datasets\crop_disease\test\Blight\test_000978.jpg,Blight,0,0.999809,ACCEPT,0.999809,0.000024,0.000166,0.000001,0.000000,
datasets\crop_disease\test\Blight\test_000979.jpg,Blight,0,0.606514,NEEDS-REVIEW,0.606514,0.392795,0.000647,0.000042,0.000002,
datasets\crop_disease\test\Blight\test_000980.jpg,Blight,0,0.999915,ACCEPT,0.999915,0.000000,0.000084,0.000000,0.000000,
datasets\crop_disease\test\Blight\test_000981.jpg,Blight,0,0.546147,NEEDS-REVIEW,0.546147,0.000342,0.451863,0.001644,0.000004,
datasets\crop_disease\test\Blight\test_000982.jpg,Blight,0,0.999426,ACCEPT,0.999426,0.000037,0.000536,0.000001,0.000000,
datasets\crop_disease\test\Blight\test_000983.jpg,Blight,0,0.990627,ACCEPT,0.990627,0.000227,0.009054,0.000079,0.000013,
datasets\crop_disease\test\Blight\test_000984.jpg,Blight,0,0.999999,ACCEPT,0.999999,0.000001,0.000000,0.000000,0.000000,
datasets\crop_disease\test\Blight\test_000985.jpg,Blight,0,0.969494,ACCEPT,0.969494,0.000000,0.030505,0.000000,0.000000,
datasets\crop_disease\test\Blight\test_000986.jpg,Blight,0,0.999192,ACCEPT,0.999192,0.000008,0.000799,0.000002,0.000000,
datasets\crop_disease\test\Blight\test_000987.jpg,Blight,0,0.999985,ACCEPT,0.999985,0.000001,0.000014,0.000000,0.000000,
datasets\crop_disease\test\Blight\test_000988.jpg,Blight,0,0.985041,ACCEPT,0.985041,0.000088,0.014870,0.000000,0.000000,
datasets\crop_disease\test\Blight\test_000989.jpg,Blight,0,0.891865,ACCEPT,0.891865,0.106202,0.001907,0.000019,0.000006,
datasets\crop_disease\test\Blight\test_000990.jpg,Blight,0,0.999938,ACCEPT,0.999938,0.000011,0.000051,0.000000,0.000000,
datasets\crop_disease\test\Blight\test_000991.jpg,Blight,0,0.987442,ACCEPT,0.987442,0.000757,0.000980,0.010820,0.000000,
datasets\crop_disease\test\Blight\test_000992.jpg,Blight,0,0.983715,ACCEPT,0.983715,0.000687,0.015594,0.000005,0.000000,
datasets\crop_disease\test\Blight\test_000993.jpg,LeafSpot,2,0.709225,ACCEPT,0.263658,0.014001,0.709225,0.012987,0.000129,
datasets\crop_disease\test\Blight\test_000994.jpg,Blight,0,0.999551,ACCEPT,0.999551,0.000004,0.000445,0.000000,0.000000,
datasets\crop_disease\test\Blight\test_000995.jpg,LeafSpot,2,0.591973,NEEDS-REVIEW,0.306268,0.101736,0.591973,0.000001,0.000022,
datasets\crop_disease\test\Blight\test_000996.jpg,Blight,0,1.000000,ACCEPT,1.000000,0.000000,0.000000,0.000000,0.000000,
datasets\crop_disease\test\Blight\test_000997.jpg,Blight,0,0.998688,ACCEPT,0.998688,0.000006,0.001307,0.000000,0.000000,
datasets\crop_disease\test\Blight\test_000998.jpg,Blight,0,0.999996,ACCEPT,0.999996,0.000000,0.000004,0.000000,0.000000,
datasets\crop_disease\test\Blight\test_000999.jpg,Blight,0,0.920315,ACCEPT,0.920315,0.069176,0.005018,0.005483,0.000008,
datasets\crop_disease\test\Blight\test_001000.jpg,Blight,0,0.999777,ACCEPT,0.999777,0.000000,0.000223,0.000000,0.000000,
datasets\crop_disease\test\Blight\test_001001.jpg,Blight,0,0.998582,ACCEPT,0.998582,0.000025,0.001393,0.000000,0.000000,
datasets\crop_disease\test\Blight\test_001002.jpg,Blight,0,0.973200,ACCEPT,0.973200,0.000034,0.026764,0.000000,0.000002,
datasets\crop_disease\test\Blight\test_001003.jpg,Blight,0,0.945086,ACCEPT,0.945086,0.000024,0.054890,0.000001,0.000000,
datasets\crop_disease\test\Blight\test_001004.jpg,Blight,0,0.999986,ACCEPT,0.999986,0.000014,0.000000,0.000000,0.000000,
datasets\crop_disease\test\Blight\test_001005.jpg,Blight,0,0.999982,ACCEPT,0.999982,0.000002,0.000015,0.000000,0.000000,
datasets\crop_disease\test\Blight\test_001006.jpg,Blight,0,0.999915,ACCEPT,0.999915,0.000001,0.000084,0.000000,0.000000,
datasets\crop_disease\test\Blight\test_001007.jpg,Blight,0,0.999983,ACCEPT,0.999983,0.000003,0.000014,0.000000,0.000000,
datasets\crop_disease\test\Blight\test_001008.jpg,Blight,0,0.992791,ACCEPT,0.992791,0.007181,0.000013,0.000008,0.000007,
datasets\crop_disease\test\Blight\test_001009.jpg,Blight,0,0.999997,ACCEPT,0.999997,0.000003,0.000000,0.000000,0.000000,
datasets\crop_disease\test\Blight\test_001010.jpg,Blight,0,0.994475,ACCEPT,0.994475,0.000003,0.005522,0.000000,0.000000,
datasets\crop_disease\test\Blight\test_001011.jpg,Blight,0,0.999088,ACCEPT,0.999088,0.000044,0.000866,0.000001,0.000000,
datasets\crop_disease\test\Blight\test_001012.jpg,Blight,0,0.999954,ACCEPT,0.999954,0.000044,0.000001,0.000000,0.000001,
datasets\crop_disease\test\Blight\test_001013.jpg,Blight,0,0.999996,ACCEPT,0.999996,0.000003,0.000001,0.000000,0.000000,
datasets\crop_disease\test\Blight\test_001014.jpg,Blight,0,0.999771,ACCEPT,0.999771,0.000007,0.000221,0.000000,0.000000,
datasets\crop_disease\test\Blight\test_001015.jpg,Blight,0,0.999972,ACCEPT,0.999972,0.000000,0.000027,0.000000,0.000000,
datasets\crop_disease\test\Blight\test_001016.jpg,Blight,0,0.999038,ACCEPT,0.999038,0.000962,0.000000,0.000000,0.000000,
datasets\crop_disease\test\Blight\test_001017.jpg,Blight,0,0.999429,ACCEPT,0.999429,0.000030,0.000540,0.000001,0.000000,
datasets\crop_disease\test\Blight\test_001018.jpg,Blight,0,0.999383,ACCEPT,0.999383,0.000267,0.000282,0.000068,0.000000,
datasets\crop_disease\test\Blight\test_001019.jpg,Blight,0,0.975194,ACCEPT,0.975194,0.023945,0.000804,0.000056,0.000001,
datasets\crop_disease\test\Blight\test_001020.jpg,Blight,0,0.999998,ACCEPT,0.999998,0.000001,0.000001,0.000000,0.000000,
datasets\crop_disease\test\Blight\test_001021.jpg,Blight,0,0.991251,ACCEPT,0.991251,0.000046,0.008703,0.000000,0.000000,
datasets\crop_disease\test\Blight\test_001022.jpg,Blight,0,0.999993,ACCEPT,0.999993,0.000001,0.000007,0.000000,0.000000,
datasets\crop_disease\test\Blight\test_001023.jpg,Blight,0,0.995371,ACCEPT,0.995371,0.002145,0.002369,0.000116,0.000000,
datasets\crop_disease\test\Blight\test_001024.jpg,Blight,0,0.999985,ACCEPT,0.999985,0.000001,0.000013,0.000000,0.000000,
datasets\crop_disease\test\Blight\test_001025.jpg,Blight,0,0.999999,ACCEPT,0.999999,0.000000,0.000000,0.000000,0.000000,
datasets\crop_disease\test\Blight\test_001026.jpg,Blight,0,0.999882,ACCEPT,0.999882,0.000002,0.000116,0.000000,0.000000,
datasets\crop_disease\test\Blight\test_001027.jpg,Blight,0,0.971595,ACCEPT,0.971595,0.000674,0.027730,0.000000,0.000000,
datasets\crop_disease\test\Blight\test_001028.jpg,Blight,0,0.992987,ACCEPT,0.992987,0.000019,0.006955,0.000040,0.000000,
datasets\crop_disease\test\Blight\test_001029.jpg,Blight,0,0.999429,ACCEPT,0.999429,0.000009,0.000562,0.000000,0.000000,
datasets\crop_disease\test\Blight\test_001030.jpg,Blight,0,0.999959,ACCEPT,0.999959,0.000000,0.000041,0.000000,0.000000,
datasets\crop_disease\test\Blight\test_001031.jpg,Blight,0,0.998662,ACCEPT,0.998662,0.000003,0.001336,0.000000,0.000000,
datasets\crop_disease\test\Blight\test_001032.jpg,Blight,0,0.999801,ACCEPT,0.999801,0.000000,0.000199,0.000000,0.000000,
datasets\crop_disease\test\Blight\test_001033.jpg,Blight,0,0.962425,ACCEPT,0.962425,0.002754,0.034821,0.000000,0.000000,
datasets\crop_disease\test\Blight\test_001034.jpg,Blight,0,0.999646,ACCEPT,0.999646,0.000001,0.000353,0.000000,0.000000,
datasets\crop_disease\test\Blight\test_001035.jpg,Blight,0,0.997500,ACCEPT,0.997500,0.001148,0.000557,0.000796,0.000000,
datasets\crop_disease\test\Blight\test_001036.jpg,Blight,0,0.999354,ACCEPT,0.999354,0.000645,0.000001,0.000000,0.000000,
datasets\crop_disease\test\Blight\test_001037.jpg,Blight,0,0.999991,ACCEPT,0.999991,0.000000,0.000007,0.000000,0.000001,
datasets\crop_disease\test\Blight\test_001038.jpg,Blight,0,0.998930,ACCEPT,0.998930,0.000130,0.000939,0.000001,0.000000,
datasets\crop_disease\test\Blight\test_001039.jpg,Blight,0,0.999740,ACCEPT,0.999740,0.000113,0.000146,0.000000,0.000000,
datasets\crop_disease\test\Blight\test_001040.jpg,Blight,0,0.996562,ACCEPT,0.996562,0.000009,0.003308,0.000116,0.000005,
datasets\crop_disease\test\Blight\test_001041.jpg,Blight,0,0.989352,ACCEPT,0.989352,0.000316,0.010332,0.000000,0.000000,
datasets\crop_disease\test\Blight\test_001042.jpg,Blight,0,0.999985,ACCEPT,0.999985,0.000000,0.000015,0.000000,0.000000,
datasets\crop_disease\test\Blight\test_001043.jpg,Blight,0,0.999936,ACCEPT,0.999936,0.000012,0.000052,0.000000,0.000000,
datasets\crop_disease\test\Blight\test_001044.jpg,Blight,0,0.983382,ACCEPT,0.983382,0.000053,0.016565,0.000000,0.000000,
datasets\crop_disease\test\Blight\test_001045.jpg,Blight,0,0.999936,ACCEPT,0.999936,0.000059,0.000005,0.000000,0.000000,
datasets\crop_disease\test\Blight\test_001046.jpg,Blight,0,0.997147,ACCEPT,0.997147,0.002821,0.000032,0.000001,0.000000,
datasets\crop_disease\test\Blight\test_001047.jpg,Blight,0,0.999999,ACCEPT,0.999999,0.000000,0.000001,0.000000,0.000000,
datasets\crop_disease\test\Blight\test_001048.jpg,Blight,0,0.999979,ACCEPT,0.999979,0.000000,0.000021,0.000000,0.000000,
datasets\crop_disease\test\Blight\test_001049.jpg,Blight,0,0.997483,ACCEPT,0.997483,0.000120,0.002397,0.000000,0.000000,
datasets\crop_disease\test\Blight\test_001050.jpg,Blight,0,0.999986,ACCEPT,0.999986,0.000000,0.000013,0.000000,0.000000,
datasets\crop_disease\test\Blight\test_001051.jpg,Blight,0,0.999904,ACCEPT,0.999904,0.000009,0.000087,0.000000,0.000000,
datasets\crop_disease\test\Blight\test_001052.jpg,Blight,0,0.999951,ACCEPT,0.999951,0.000039,0.000009,0.000000,0.000000,
datasets\crop_disease\test\Blight\test_001053.jpg,Blight,0,0.999999,ACCEPT,0.999999,0.000000,0.000001,0.000000,0.000000,
datasets\crop_disease\test\Blight\test_001054.jpg,LeafSpot,2,0.644761,NEEDS-REVIEW,0.331372,0.023847,0.644761,0.000013,0.000006,
datasets\crop_disease\test\Blight\test_001055.jpg,Blight,0,0.998829,ACCEPT,0.998829,0.000740,0.000414,0.000009,0.000008,
datasets\crop_disease\test\Blight\test_001056.jpg,Blight,0,0.999017,ACCEPT,0.999017,0.000014,0.000968,0.000000,0.000000,
datasets\crop_disease\test\Blight\test_001057.jpg,Blight,0,0.999996,ACCEPT,0.999996,0.000000,0.000004,0.000000,0.000000,
datasets\crop_disease\test\Blight\test_001058.jpg,Blight,0,0.999898,ACCEPT,0.999898,0.000001,0.000101,0.000000,0.000000,
datasets\crop_disease\test\Blight\test_001059.jpg,Blight,0,0.999920,ACCEPT,0.999920,0.000067,0.000012,0.000000,0.000000,
datasets\crop_disease\test\Blight\test_001060.jpg,Blight,0,0.999247,ACCEPT,0.999247,0.000000,0.000753,0.000000,0.000000,
datasets\crop_disease\test\Blight\test_001061.jpg,Blight,0,0.999549,ACCEPT,0.999549,0.000020,0.000431,0.000000,0.000000,
datasets\crop_disease\test\Blight\test_001062.jpg,Blight,0,0.999990,ACCEPT,0.999990,0.000008,0.000002,0.000000,0.000000,
datasets\crop_disease\test\Blight\test_001063.jpg,Blight,0,0.999978,ACCEPT,0.999978,0.000000,0.000022,0.000000,0.000000,
datasets\crop_disease\test\Blight\test_001064.jpg,Blight,0,0.995618,ACCEPT,0.995618,0.003190,0.001181,0.000011,0.000001,
datasets\crop_disease\test\Blight\test_001065.jpg,Blight,0,0.999768,ACCEPT,0.999768,0.000106,0.000126,0.000000,0.000000,
datasets\crop_disease\test\Blight\test_001066.jpg,Blight,0,0.999999,ACCEPT,0.999999,0.000000,0.000001,0.000000,0.000000,
datasets\crop_disease\test\Blight\test_001067.jpg,Blight,0,0.999884,ACCEPT,0.999884,0.000001,0.000115,0.000000,0.000000,
datasets\crop_disease\test\Blight\test_001068.jpg,Blight,0,0.987118,ACCEPT,0.987118,0.002335,0.010051,0.000492,0.000004,
datasets\crop_disease\test\Blight\test_001069.jpg,Blight,0,0.983605,ACCEPT,0.983605,0.003463,0.012918,0.000003,0.000010,
datasets\crop_disease\test\Blight\test_001070.jpg,Blight,0,0.991253,ACCEPT,0.991253,0.008442,0.000029,0.000269,0.000007,
datasets\crop_disease\test\Blight\test_001071.jpg,Blight,0,0.999976,ACCEPT,0.999976,0.000000,0.000024,0.000000,0.000000,
datasets\crop_disease\test\Blight\test_001072.jpg,Blight,0,0.999960,ACCEPT,0.999960,0.000035,0.000004,0.000000,0.000001,
datasets\crop_disease\test\Blight\test_001073.jpg,Blight,0,0.999996,ACCEPT,0.999996,0.000000,0.000004,0.000000,0.000000,
datasets\crop_disease\test\Blight\test_001074.jpg,Blight,0,0.999343,ACCEPT,0.999343,0.000000,0.000656,0.000000,0.000000,
datasets\crop_disease\test\Blight\test_001075.jpg,Blight,0,0.999888,ACCEPT,0.999888,0.000025,0.000087,0.000000,0.000000,
datasets\crop_disease\test\Blight\test_001076.jpg,Blight,0,0.999984,ACCEPT,0.999984,0.000016,0.000001,0.000000,0.000000,
datasets\crop_disease\test\Blight\test_001077.jpg,Blight,0,0.985307,ACCEPT,0.985307,0.000339,0.014352,0.000000,0.000002,
datasets\crop_disease\test\Blight\test_001078.jpg,Blight,0,0.998610,ACCEPT,0.998610,0.000205,0.001140,0.000046,0.000000,
datasets\crop_disease\test\Blight\test_001079.jpg,Blight,0,0.999797,ACCEPT,0.999797,0.000201,0.000001,0.000000,0.000001,
datasets\crop_disease\test\Blight\test_001080.jpg,Blight,0,0.999982,ACCEPT,0.999982,0.000008,0.000011,0.000000,0.000000,
datasets\crop_disease\test\Blight\test_001081.jpg,Blight,0,0.999990,ACCEPT,0.999990,0.000000,0.000009,0.000000,0.000000,
datasets\crop_disease\test\Blight\test_001082.jpg,Blight,0,0.932697,ACCEPT,0.932697,0.000003,0.067299,0.000001,0.000000,
datasets\crop_disease\test\Blight\test_001083.jpg,Blight,0,0.999996,ACCEPT,0.999996,0.000004,0.000000,0.000000,0.000000,
datasets\crop_disease\test\Blight\test_001084.jpg,Blight,0,0.997515,ACCEPT,0.997515,0.000135,0.002350,0.000000,0.000000,
datasets\crop_disease\test\Blight\test_001085.jpg,Blight,0,0.998798,ACCEPT,0.998798,0.000016,0.001154,0.000028,0.000003,
datasets\crop_disease\test\Blight\test_001086.jpg,Blight,0,0.998021,ACCEPT,0.998021,0.001820,0.000084,0.000075,0.000000,
datasets\crop_disease\test\Blight\test_001087.jpg,Blight,0,0.999539,ACCEPT,0.999539,0.000115,0.000346,0.000000,0.000000,
datasets\crop_disease\test\Blight\test_001088.jpg,Blight,0,1.000000,ACCEPT,1.000000,0.000000,0.000000,0.000000,0.000000,
datasets\crop_disease\test\Blight\test_001089.jpg,Blight,0,0.999698,ACCEPT,0.999698,0.000267,0.000023,0.000011,0.000000,
datasets\crop_disease\test\Blight\test_001090.jpg,Blight,0,0.999908,ACCEPT,0.999908,0.000015,0.000073,0.000004,0.000000,
datasets\crop_disease\test\Blight\test_001091.jpg,Blight,0,0.999992,ACCEPT,0.999992,0.000000,0.000008,0.000000,0.000000,
datasets\crop_disease\test\Blight\test_001092.jpg,Blight,0,0.991991,ACCEPT,0.991991,0.001137,0.006872,0.000000,0.000000,
datasets\crop_disease\test\Blight\test_001093.jpg,Blight,0,0.991414,ACCEPT,0.991414,0.000005,0.008568,0.000013,0.000001,
datasets\crop_disease\test\Blight\test_001094.jpg,Blight,0,0.999129,ACCEPT,0.999129,0.000158,0.000029,0.000044,0.000640,
datasets\crop_disease\test\Blight\test_001095.jpg,Blight,0,0.998158,ACCEPT,0.998158,0.001021,0.000821,0.000000,0.000000,
datasets\crop_disease\test\Blight\test_001096.jpg,Blight,0,0.999288,ACCEPT,0.999288,0.000014,0.000697,0.000000,0.000000,
datasets\crop_disease\test\Blight\test_001097.jpg,Blight,0,0.999999,ACCEPT,0.999999,0.000001,0.000000,0.000000,0.000000,
datasets\crop_disease\test\Blight\test_001098.jpg,Blight,0,0.999999,ACCEPT,0.999999,0.000000,0.000000,0.000000,0.000000,
datasets\crop_disease\test\Blight\test_001099.jpg,Blight,0,0.999620,ACCEPT,0.999620,0.000011,0.000369,0.000000,0.000000,
datasets\crop_disease\test\Blight\test_001100.jpg,Blight,0,0.999997,ACCEPT,0.999997,0.000000,0.000003,0.000000,0.000000,
datasets\crop_disease\test\Blight\test_001101.jpg,Blight,0,0.997808,ACCEPT,0.997808,0.000061,0.001743,0.000004,0.000384,
datasets\crop_disease\test\Blight\test_001102.jpg,Blight,0,0.999297,ACCEPT,0.999297,0.000010,0.000691,0.000000,0.000001,
datasets\crop_disease\test\Blight\test_001103.jpg,Blight,0,0.962392,ACCEPT,0.962392,0.000014,0.037594,0.000000,0.000000,
datasets\crop_disease\test\Blight\test_001104.jpg,Blight,0,0.999691,ACCEPT,0.999691,0.000006,0.000279,0.000023,0.000000,
datasets\crop_disease\test\Blight\test_001105.jpg,Blight,0,0.999963,ACCEPT,0.999963,0.000024,0.000009,0.000004,0.000000,
datasets\crop_disease\test\Blight\test_001106.jpg,Blight,0,0.999993,ACCEPT,0.999993,0.000001,0.000006,0.000000,0.000000,
datasets\crop_disease\test\Blight\test_001107.jpg,Blight,0,0.999994,ACCEPT,0.999994,0.000006,0.000000,0.000000,0.000000,
datasets\crop_disease\test\Blight\test_001108.jpg,Healthy,1,0.569886,NEEDS-REVIEW,0.425909,0.569886,0.004014,0.000190,0.000000,
datasets\crop_disease\test\Blight\test_001109.jpg,Blight,0,0.999992,ACCEPT,0.999992,0.000000,0.000008,0.000000,0.000000,
datasets\crop_disease\test\Blight\test_001110.jpg,Blight,0,0.999967,ACCEPT,0.999967,0.000001,0.000032,0.000000,0.000000,
datasets\crop_disease\test\Blight\test_001111.jpg,Blight,0,0.999994,ACCEPT,0.999994,0.000000,0.000002,0.000004,0.000000,
datasets\crop_disease\test\Blight\test_001112.jpg,Blight,0,0.999960,ACCEPT,0.999960,0.000000,0.000039,0.000000,0.000000,
datasets\crop_disease\test\Blight\test_001113.jpg,Blight,0,0.999920,ACCEPT,0.999920,0.000046,0.000034,0.000000,0.000000,
datasets\crop_disease\test\Blight\test_001114.jpg,Blight,0,0.999997,ACCEPT,0.999997,0.000000,0.000003,0.000000,0.000000,
datasets\crop_disease\test\Blight\test_001115.jpg,Blight,0,1.000000,ACCEPT,1.000000,0.000000,0.000000,0.000000,0.000000,
datasets\crop_disease\test\Blight\test_001116.jpg,Blight,0,0.919903,ACCEPT,0.919903,0.000088,0.080006,0.000001,0.000002,
datasets\crop_disease\test\Blight\test_001117.jpg,Blight,0,0.999998,ACCEPT,0.999998,0.000001,0.000001,0.000000,0.000000,
datasets\crop_disease\test\Blight\test_001118.jpg,Blight,0,0.999990,ACCEPT,0.999990,0.000000,0.000009,0.000000,0.000000,
datasets\crop_disease\test\Blight\test_001119.jpg,Blight,0,0.997523,ACCEPT,0.997523,0.000002,0.002475,0.000000,0.000000,
datasets\crop_disease\test\Blight\test_001120.jpg,Blight,0,0.999846,ACCEPT,0.999846,0.000000,0.000153,0.000000,0.000000,
datasets\crop_disease\test\Blight\test_001121.jpg,Blight,0,0.999484,ACCEPT,0.999484,0.000019,0.000497,0.000000,0.000000,
datasets\crop_disease\test\Blight\test_001122.jpg,Blight,0,0.999981,ACCEPT,0.999981,0.000010,0.000009,0.000000,0.000000,
datasets\crop_disease\test\Blight\test_001123.jpg,Blight,0,0.999973,ACCEPT,0.999973,0.000004,0.000023,0.000000,0.000000,
datasets\crop_disease\test\Blight\test_001124.jpg,Blight,0,0.999957,ACCEPT,0.999957,0.000000,0.000043,0.000000,0.000000,
datasets\crop_disease\test\Blight\test_001125.jpg,Blight,0,0.999729,ACCEPT,0.999729,0.000001,0.000268,0.000000,0.000001,
datasets\crop_disease\test\Blight\test_001126.jpg,Blight,0,0.999414,ACCEPT,0.999414,0.000001,0.000586,0.000000,0.000000,
datasets\crop_disease\test\Blight\test_001127.jpg,Blight,0,0.999998,ACCEPT,0.999998,0.000000,0.000002,0.000000,0.000000,
datasets\crop_disease\test\Blight\test_001128.jpg,Blight,0,0.943309,ACCEPT,0.943309,0.000004,0.056676,0.000011,0.000000,
datasets\crop_disease\test\Blight\test_001129.jpg,Blight,0,0.998939,ACCEPT,0.998939,0.000084,0.000952,0.000003,0.000021,
datasets\crop_disease\test\Blight\test_001130.jpg,Blight,0,1.000000,ACCEPT,1.000000,0.000000,0.000000,0.000000,0.000000,
datasets\crop_disease\test\Blight\test_001131.jpg,Blight,0,0.985453,ACCEPT,0.985453,0.000176,0.014371,0.000000,0.000000,
datasets\crop_disease\test\Blight\test_001132.jpg,Blight,0,0.997651,ACCEPT,0.997651,0.001676,0.000512,0.000160,0.000000,
datasets\crop_disease\test\Blight\test_001133.jpg,Blight,0,0.999388,ACCEPT,0.999388,0.000000,0.000612,0.000000,0.000000,
datasets\crop_disease\test\Blight\test_001134.jpg,Blight,0,0.997448,ACCEPT,0.997448,0.002243,0.000030,0.000272,0.000007,
datasets\crop_disease\test\Blight\test_001135.jpg,Blight,0,1.000000,ACCEPT,1.000000,0.000000,0.000000,0.000000,0.000000,
datasets\crop_disease\test\Blight\test_001136.jpg,Blight,0,0.999494,ACCEPT,0.999494,0.000210,0.000295,0.000000,0.000000,
datasets\crop_disease\test\Blight\test_001137.jpg,Blight,0,1.000000,ACCEPT,1.000000,0.000000,0.000000,0.000000,0.000000,
datasets\crop_disease\test\Blight\test_001138.jpg,Blight,0,1.000000,ACCEPT,1.000000,0.000000,0.000000,0.000000,0.000000,
datasets\crop_disease\test\Blight\test_001139.jpg,Blight,0,0.999813,ACCEPT,0.999813,0.000132,0.000054,0.000001,0.000000,
datasets\crop_disease\test\Blight\test_001140.jpg,Blight,0,0.999529,ACCEPT,0.999529,0.000000,0.000471,0.000000,0.000000,
datasets\crop_disease\test\Blight\test_001141.jpg,Blight,0,0.999956,ACCEPT,0.999956,0.000005,0.000040,0.000000,0.000000,
datasets\crop_disease\test\Blight\test_001142.jpg,Blight,0,0.999987,ACCEPT,0.999987,0.000013,0.000000,0.000000,0.000000,
datasets\crop_disease\test\Blight\test_001143.jpg,Blight,0,0.999559,ACCEPT,0.999559,0.000117,0.000324,0.000000,0.000000,
datasets\crop_disease\test\Blight\test_001144.jpg,Blight,0,0.999999,ACCEPT,0.999999,0.000000,0.000001,0.000000,0.000000,
datasets\crop_disease\test\Blight\test_001145.jpg,Blight,0,0.999993,ACCEPT,0.999993,0.000001,0.000006,0.000000,0.000000,
datasets\crop_disease\test\Blight\test_001146.jpg,Blight,0,0.999859,ACCEPT,0.999859,0.000013,0.000128,0.000000,0.000000,
datasets\crop_disease\test\Blight\test_001147.jpg,Blight,0,0.999756,ACCEPT,0.999756,0.000069,0.000174,0.000001,0.000000,
datasets\crop_disease\test\Blight\test_001148.jpg,Blight,0,0.997013,ACCEPT,0.997013,0.000018,0.002967,0.000002,0.000000,
datasets\crop_disease\test\Blight\test_001149.jpg,Blight,0,0.999591,ACCEPT,0.999591,0.000000,0.000409,0.000000,0.000000,
datasets\crop_disease\test\Blight\test_001150.jpg,Blight,0,0.966660,ACCEPT,0.966660,0.000006,0.033334,0.000000,0.000001,
datasets\crop_disease\test\Blight\test_001151.jpg,Blight,0,1.000000,ACCEPT,1.000000,0.000000,0.000000,0.000000,0.000000,
datasets\crop_disease\test\Blight\test_001152.jpg,Blight,0,0.999992,ACCEPT,0.999992,0.000001,0.000006,0.000000,0.000000,
datasets\crop_disease\test\Blight\test_001153.jpg,Blight,0,0.999650,ACCEPT,0.999650,0.000162,0.000188,0.000000,0.000000,
datasets\crop_disease\test\Blight\test_001154.jpg,Blight,0,0.805454,ACCEPT,0.805454,0.001109,0.193436,0.000000,0.000000,
datasets\crop_disease\test\Blight\test_001155.jpg,Healthy,1,0.522543,NEEDS-REVIEW,0.471728,0.522543,0.003115,0.002602,0.000012,
datasets\crop_disease\test\Blight\test_001156.jpg,Blight,0,0.997159,ACCEPT,0.997159,0.000000,0.002841,0.000000,0.000000,
datasets\crop_disease\test\Blight\test_001157.jpg,Blight,0,0.999995,ACCEPT,0.999995,0.000000,0.000005,0.000000,0.000000,
datasets\crop_disease\test\Blight\test_001158.jpg,Blight,0,0.999989,ACCEPT,0.999989,0.000003,0.000008,0.000000,0.000000,
datasets\crop_disease\test\Blight\test_001159.jpg,Blight,0,0.958940,ACCEPT,0.958940,0.000001,0.041044,0.000013,0.000003,
datasets\crop_disease\test\Blight\test_001160.jpg,Blight,0,0.999716,ACCEPT,0.999716,0.000128,0.000002,0.000006,0.000148,
datasets\crop_disease\test\Blight\test_001161.jpg,Blight,0,0.999665,ACCEPT,0.999665,0.000000,0.000335,0.000000,0.000000,
datasets\crop_disease\test\Blight\test_001162.jpg,Blight,0,1.000000,ACCEPT,1.000000,0.000000,0.000000,0.000000,0.000000,
datasets\crop_disease\test\Blight\test_001163.jpg,Blight,0,0.699036,ACCEPT,0.699036,0.298769,0.001173,0.001008,0.000013,
datasets\crop_disease\test\Blight\test_001164.jpg,Blight,0,0.999913,ACCEPT,0.999913,0.000082,0.000005,0.000000,0.000000,
datasets\crop_disease\test\Blight\test_001165.jpg,Blight,0,0.992488,ACCEPT,0.992488,0.003136,0.004369,0.000007,0.000000,
datasets\crop_disease\test\Blight\test_001166.jpg,Blight,0,0.999970,ACCEPT,0.999970,0.000000,0.000030,0.000000,0.000000,
datasets\crop_disease\test\Blight\test_001167.jpg,Blight,0,0.999214,ACCEPT,0.999214,0.000000,0.000786,0.000000,0.000000,
datasets\crop_disease\test\Blight\test_001168.jpg,Blight,0,0.999964,ACCEPT,0.999964,0.000019,0.000017,0.000000,0.000000,
datasets\crop_disease\test\Blight\test_001169.jpg,Blight,0,0.998574,ACCEPT,0.998574,0.000009,0.001417,0.000000,0.000000,
datasets\crop_disease\test\Blight\test_001170.jpg,Blight,0,0.999992,ACCEPT,0.999992,0.000000,0.000008,0.000000,0.000000,
datasets\crop_disease\test\Blight\test_001171.jpg,Blight,0,0.772209,ACCEPT,0.772209,0.000920,0.226867,0.000002,0.000003,
datasets\crop_disease\test\Blight\test_001172.jpg,Blight,0,0.992392,ACCEPT,0.992392,0.000005,0.007598,0.000004,0.000001,
datasets\crop_disease\test\Blight\test_001173.jpg,Blight,0,0.999936,ACCEPT,0.999936,0.000033,0.000031,0.000000,0.000000,
datasets\crop_disease\test\Blight\test_001174.jpg,Blight,0,0.937568,ACCEPT,0.937568,0.000094,0.056205,0.006114,0.000018,
datasets\crop_disease\test\Blight\test_001175.jpg,Blight,0,0.999975,ACCEPT,0.999975,0.000001,0.000025,0.000000,0.000000,
datasets\crop_disease\test\Blight\test_001176.jpg,Blight,0,0.997609,ACCEPT,0.997609,0.000200,0.002189,0.000002,0.000001,
datasets\crop_disease\test\Blight\test_001177.jpg,Blight,0,0.999863,ACCEPT,0.999863,0.000026,0.000111,0.000000,0.000000,
datasets\crop_disease\test\Blight\test_001178.jpg,Blight,0,0.999696,ACCEPT,0.999696,0.000003,0.000301,0.000000,0.000000,
datasets\crop_disease\test\Healthy\test_000000.jpg,Healthy,1,0.999890,ACCEPT,0.000000,0.999890,0.000000,0.000110,0.000000,
datasets\crop_disease\test\Healthy\test_000001.jpg,Healthy,1,0.999999,ACCEPT,0.000000,0.999999,0.000000,0.000000,0.000000,
datasets\crop_disease\test\Healthy\test_000002.jpg,Healthy,1,0.999988,ACCEPT,0.000012,0.999988,0.000000,0.000000,0.000000,
datasets\crop_disease\test\Healthy\test_000003.jpg,Healthy,1,0.999992,ACCEPT,0.000006,0.999992,0.000001,0.000001,0.000000,
datasets\crop_disease\test\Healthy\test_000004.jpg,Healthy,1,0.999847,ACCEPT,0.000001,0.999847,0.000000,0.000152,0.000000,
datasets\crop_disease\test\Healthy\test_000005.jpg,Healthy,1,0.999995,ACCEPT,0.000004,0.999995,0.000001,0.000000,0.000000,
datasets\crop_disease\test\Healthy\test_000006.jpg,Healthy,1,1.000000,ACCEPT,0.000000,1.000000,0.000000,0.000000,0.000000,
datasets\crop_disease\test\Healthy\test_000007.jpg,Healthy,1,0.999728,ACCEPT,0.000027,0.999728,0.000061,0.000184,0.000000,
datasets\crop_disease\test\Healthy\test_000008.jpg,Healthy,1,0.999995,ACCEPT,0.000000,0.999995,0.000000,0.000005,0.000000,
datasets\crop_disease\test\Healthy\test_000009.jpg,Healthy,1,0.999999,ACCEPT,0.000000,0.999999,0.000000,0.000001,0.000000,
datasets\crop_disease\test\Healthy\test_000010.jpg,Healthy,1,1.000000,ACCEPT,0.000000,1.000000,0.000000,0.000000,0.000000,
datasets\crop_disease\test\Healthy\test_000011.jpg,Healthy,1,0.985376,ACCEPT,0.005890,0.985376,0.000010,0.008724,0.000000,
datasets\crop_disease\test\Healthy\test_000012.jpg,Healthy,1,0.979966,ACCEPT,0.000001,0.979966,0.000000,0.020033,0.000000,
datasets\crop_disease\test\Healthy\test_000013.jpg,Healthy,1,0.998704,ACCEPT,0.000724,0.998704,0.000010,0.000562,0.000000,
datasets\crop_disease\test\Healthy\test_000014.jpg,Healthy,1,0.999982,ACCEPT,0.000002,0.999982,0.000016,0.000000,0.000000,
datasets\crop_disease\test\Healthy\test_000015.jpg,Healthy,1,0.999999,ACCEPT,0.000000,0.999999,0.000000,0.000000,0.000000,
datasets\crop_disease\test\Healthy\test_000016.jpg,Healthy,1,1.000000,ACCEPT,0.000000,1.000000,0.000000,0.000000,0.000000,
datasets\crop_disease\test\Healthy\test_000017.jpg,Healthy,1,1.000000,ACCEPT,0.000000,1.000000,0.000000,0.000000,0.000000,
datasets\crop_disease\test\Healthy\test_000018.jpg,Healthy,1,0.998483,ACCEPT,0.001486,0.998483,0.000004,0.000027,0.000000,
datasets\crop_disease\test\Healthy\test_000019.jpg,Healthy,1,0.999999,ACCEPT,0.000000,0.999999,0.000000,0.000001,0.000000,
datasets\crop_disease\test\Healthy\test_000020.jpg,Healthy,1,0.999833,ACCEPT,0.000032,0.999833,0.000001,0.000134,0.000000,
datasets\crop_disease\test\Healthy\test_000021.jpg,Healthy,1,0.997418,ACCEPT,0.002183,0.997418,0.000119,0.000279,0.000000,
datasets\crop_disease\test\Healthy\test_000022.jpg,Healthy,1,0.999949,ACCEPT,0.000000,0.999949,0.000000,0.000050,0.000000,
datasets\crop_disease\test\Healthy\test_000023.jpg,Healthy,1,1.000000,ACCEPT,0.000000,1.000000,0.000000,0.000000,0.000000,
datasets\crop_disease\test\Healthy\test_000024.jpg,Healthy,1,0.999999,ACCEPT,0.000000,0.999999,0.000000,0.000001,0.000000,
datasets\crop_disease\test\Healthy\test_000025.jpg,Healthy,1,0.999992,ACCEPT,0.000001,0.999992,0.000003,0.000003,0.000000,
datasets\crop_disease\test\Healthy\test_000026.jpg,Healthy,1,0.999978,ACCEPT,0.000013,0.999978,0.000005,0.000004,0.000000,
datasets\crop_disease\test\Healthy\test_000027.jpg,Healthy,1,0.999983,ACCEPT,0.000002,0.999983,0.000000,0.000016,0.000000,
datasets\crop_disease\test\Healthy\test_000028.jpg,Healthy,1,0.999801,ACCEPT,0.000168,0.999801,0.000001,0.000031,0.000000,
datasets\crop_disease\test\Healthy\test_000029.jpg,Healthy,1,0.999996,ACCEPT,0.000004,0.999996,0.000000,0.000000,0.000000,
datasets\crop_disease\test\Healthy\test_000030.jpg,Healthy,1,0.999240,ACCEPT,0.000025,0.999240,0.000735,0.000000,0.000000,
datasets\crop_disease\test\Healthy\test_000031.jpg,Healthy,1,0.999993,ACCEPT,0.000001,0.999993,0.000001,0.000005,0.000000,
datasets\crop_disease\test\Healthy\test_000032.jpg,Healthy,1,1.000000,ACCEPT,0.000000,1.000000,0.000000,0.000000,0.000000,
datasets\crop_disease\test\Healthy\test_000033.jpg,Healthy,1,1.000000,ACCEPT,0.000000,1.000000,0.000000,0.000000,0.000000,
datasets\crop_disease\test\Healthy\test_000034.jpg,Healthy,1,0.999991,ACCEPT,0.000000,0.999991,0.000000,0.000009,0.000000,
datasets\crop_disease\test\Healthy\test_000035.jpg,Healthy,1,0.999953,ACCEPT,0.000021,0.999953,0.000001,0.000026,0.000000,
datasets\crop_disease\test\Healthy\test_000036.jpg,Healthy,1,1.000000,ACCEPT,0.000000,1.000000,0.000000,0.000000,0.000000,
datasets\crop_disease\test\Healthy\test_000037.jpg,Healthy,1,0.998316,ACCEPT,0.001218,0.998316,0.000301,0.000164,0.000000,
datasets\crop_disease\test\Healthy\test_000038.jpg,Healthy,1,0.999984,ACCEPT,0.000014,0.999984,0.000000,0.000002,0.000000,
datasets\crop_disease\test\Healthy\test_000039.jpg,Healthy,1,1.000000,ACCEPT,0.000000,1.000000,0.000000,0.000000,0.000000,
datasets\crop_disease\test\Healthy\test_000040.jpg,Healthy,1,0.999999,ACCEPT,0.000001,0.999999,0.000000,0.000000,0.000000,
datasets\crop_disease\test\Healthy\test_000041.jpg,Healthy,1,0.999998,ACCEPT,0.000001,0.999998,0.000000,0.000001,0.000000,
datasets\crop_disease\test\Healthy\test_000042.jpg,Healthy,1,0.999915,ACCEPT,0.000008,0.999915,0.000000,0.000076,0.000000,
datasets\crop_disease\test\Healthy\test_000043.jpg,Healthy,1,1.000000,ACCEPT,0.000000,1.000000,0.000000,0.000000,0.000000,
datasets\crop_disease\test\Healthy\test_000044.jpg,Healthy,1,0.998898,ACCEPT,0.000822,0.998898,0.000006,0.000274,0.000000,
datasets\crop_disease\test\Healthy\test_000045.jpg,Healthy,1,0.999965,ACCEPT,0.000006,0.999965,0.000000,0.000028,0.000000,
datasets\crop_disease\test\Healthy\test_000046.jpg,Healthy,1,1.000000,ACCEPT,0.000000,1.000000,0.000000,0.000000,0.000000,
datasets\crop_disease\test\Healthy\test_000047.jpg,Healthy,1,1.000000,ACCEPT,0.000000,1.000000,0.000000,0.000000,0.000000,
datasets\crop_disease\test\Healthy\test_000048.jpg,Healthy,1,0.999999,ACCEPT,0.000000,0.999999,0.000000,0.000001,0.000000,
datasets\crop_disease\test\Healthy\test_000049.jpg,Healthy,1,1.000000,ACCEPT,0.000000,1.000000,0.000000,0.000000,0.000000,
datasets\crop_disease\test\Healthy\test_000050.jpg,Healthy,1,1.000000,ACCEPT,0.000000,1.000000,0.000000,0.000000,0.000000,
datasets\crop_disease\test\Healthy\test_000051.jpg,Healthy,1,0.994760,ACCEPT,0.005126,0.994760,0.000088,0.000006,0.000020,
datasets\crop_disease\test\Healthy\test_000052.jpg,Healthy,1,1.000000,ACCEPT,0.000000,1.000000,0.000000,0.000000,0.000000,
datasets\crop_disease\test\Healthy\test_000053.jpg,Healthy,1,0.999994,ACCEPT,0.000005,0.999994,0.000001,0.000001,0.000000,
datasets\crop_disease\test\Healthy\test_000054.jpg,Healthy,1,0.999845,ACCEPT,0.000001,0.999845,0.000000,0.000154,0.000000,
datasets\crop_disease\test\Healthy\test_000055.jpg,Healthy,1,1.000000,ACCEPT,0.000000,1.000000,0.000000,0.000000,0.000000,
datasets\crop_disease\test\Healthy\test_000056.jpg,Healthy,1,1.000000,ACCEPT,0.000000,1.000000,0.000000,0.000000,0.000000,
datasets\crop_disease\test\Healthy\test_000057.jpg,Healthy,1,1.000000,ACCEPT,0.000000,1.000000,0.000000,0.000000,0.000000,
datasets\crop_disease\test\Healthy\test_000058.jpg,Healthy,1,0.999997,ACCEPT,0.000003,0.999997,0.000000,0.000001,0.000000,
datasets\crop_disease\test\Healthy\test_000059.jpg,Healthy,1,0.999999,ACCEPT,0.000001,0.999999,0.000000,0.000000,0.000000,
datasets\crop_disease\test\Healthy\test_000060.jpg,Healthy,1,1.000000,ACCEPT,0.000000,1.000000,0.000000,0.000000,0.000000,
datasets\crop_disease\test\Healthy\test_000061.jpg,Healthy,1,1.000000,ACCEPT,0.000000,1.000000,0.000000,0.000000,0.000000,
datasets\crop_disease\test\Healthy\test_000062.jpg,Healthy,1,1.000000,ACCEPT,0.000000,1.000000,0.000000,0.000000,0.000000,
datasets\crop_disease\test\Healthy\test_000063.jpg,Healthy,1,0.999999,ACCEPT,0.000000,0.999999,0.000000,0.000001,0.000000,
datasets\crop_disease\test\Healthy\test_000064.jpg,Healthy,1,0.999996,ACCEPT,0.000001,0.999996,0.000000,0.000003,0.000000,
datasets\crop_disease\test\Healthy\test_000065.jpg,Healthy,1,0.999980,ACCEPT,0.000010,0.999980,0.000000,0.000010,0.000000,
datasets\crop_disease\test\Healthy\test_000066.jpg,Healthy,1,0.999983,ACCEPT,0.000002,0.999983,0.000015,0.000000,0.000000,
datasets\crop_disease\test\Healthy\test_000067.jpg,Healthy,1,0.999940,ACCEPT,0.000024,0.999940,0.000035,0.000001,0.000000,
datasets\crop_disease\test\Healthy\test_000068.jpg,Healthy,1,1.000000,ACCEPT,0.000000,1.000000,0.000000,0.000000,0.000000,
datasets\crop_disease\test\Healthy\test_000069.jpg,Healthy,1,1.000000,ACCEPT,0.000000,1.000000,0.000000,0.000000,0.000000,
datasets\crop_disease\test\Healthy\test_000070.jpg,Healthy,1,0.999967,ACCEPT,0.000009,0.999967,0.000000,0.000024,0.000000,
datasets\crop_disease\test\Healthy\test_000071.jpg,Healthy,1,0.999865,ACCEPT,0.000135,0.999865,0.000000,0.000000,0.000000,
datasets\crop_disease\test\Healthy\test_000072.jpg,Healthy,1,0.999503,ACCEPT,0.000000,0.999503,0.000000,0.000497,0.000000,
datasets\crop_disease\test\Healthy\test_000073.jpg,Healthy,1,0.999887,ACCEPT,0.000000,0.999887,0.000000,0.000112,0.000000,
datasets\crop_disease\test\Healthy\test_000074.jpg,Healthy,1,0.995759,ACCEPT,0.002396,0.995759,0.000398,0.001446,0.000000,
datasets\crop_disease\test\Healthy\test_000075.jpg,Healthy,1,0.998820,ACCEPT,0.000145,0.998820,0.000005,0.001031,0.000000,
datasets\crop_disease\test\Healthy\test_000076.jpg,Healthy,1,1.000000,ACCEPT,0.000000,1.000000,0.000000,0.000000,0.000000,
datasets\crop_disease\test\Healthy\test_000077.jpg,Healthy,1,0.999833,ACCEPT,0.000105,0.999833,0.000010,0.000052,0.000000,
datasets\crop_disease\test\Healthy\test_000078.jpg,Healthy,1,0.999999,ACCEPT,0.000000,0.999999,0.000000,0.000000,0.000000,
datasets\crop_disease\test\Healthy\test_000079.jpg,Healthy,1,1.000000,ACCEPT,0.000000,1.000000,0.000000,0.000000,0.000000,
datasets\crop_disease\test\Healthy\test_000080.jpg,Healthy,1,0.999070,ACCEPT,0.000303,0.999070,0.000000,0.000627,0.000000,
datasets\crop_disease\test\Healthy\test_000081.jpg,Healthy,1,0.976249,ACCEPT,0.007216,0.976249,0.000683,0.015255,0.000597,
datasets\crop_disease\test\Healthy\test_000082.jpg,Healthy,1,0.997815,ACCEPT,0.001634,0.997815,0.000535,0.000016,0.000000,
datasets\crop_disease\test\Healthy\test_000083.jpg,Healthy,1,0.999910,ACCEPT,0.000084,0.999910,0.000000,0.000006,0.000000,
datasets\crop_disease\test\Healthy\test_000084.jpg,Healthy,1,0.999982,ACCEPT,0.000007,0.999982,0.000011,0.000000,0.000000,
datasets\crop_disease\test\Healthy\test_000085.jpg,Healthy,1,1.000000,ACCEPT,0.000000,1.000000,0.000000,0.000000,0.000000,
datasets\crop_disease\test\Healthy\test_000086.jpg,Healthy,1,1.000000,ACCEPT,0.000000,1.000000,0.000000,0.000000,0.000000,
datasets\crop_disease\test\Healthy\test_000087.jpg,Healthy,1,0.999926,ACCEPT,0.000004,0.999926,0.000064,0.000006,0.000000,
datasets\crop_disease\test\Healthy\test_000088.jpg,Healthy,1,0.999895,ACCEPT,0.000000,0.999895,0.000000,0.000105,0.000000,
datasets\crop_disease\test\Healthy\test_000089.jpg,Healthy,1,0.999944,ACCEPT,0.000001,0.999944,0.000004,0.000050,0.000000,
datasets\crop_disease\test\Healthy\test_000090.jpg,Healthy,1,0.999851,ACCEPT,0.000031,0.999851,0.000111,0.000007,0.000000,
datasets\crop_disease\test\Healthy\test_000091.jpg,Healthy,1,1.000000,ACCEPT,0.000000,1.000000,0.000000,0.000000,0.000000,
datasets\crop_disease\test\Healthy\test_000092.jpg,Healthy,1,0.999993,ACCEPT,0.000006,0.999993,0.000000,0.000001,0.000000,
datasets\crop_disease\test\Healthy\test_000093.jpg,Healthy,1,0.999999,ACCEPT,0.000001,0.999999,0.000000,0.000000,0.000000,
datasets\crop_disease\test\Healthy\test_000094.jpg,Healthy,1,1.000000,ACCEPT,0.000000,1.000000,0.000000,0.000000,0.000000,
datasets\crop_disease\test\Healthy\test_000095.jpg,Healthy,1,0.999984,ACCEPT,0.000016,0.999984,0.000000,0.000000,0.000000,
datasets\crop_disease\test\Healthy\test_000096.jpg,Healthy,1,0.999983,ACCEPT,0.000004,0.999983,0.000000,0.000013,0.000000,
datasets\crop_disease\test\Healthy\test_000097.jpg,Healthy,1,0.999998,ACCEPT,0.000002,0.999998,0.000000,0.000000,0.000000,
datasets\crop_disease\test\Healthy\test_000098.jpg,Healthy,1,1.000000,ACCEPT,0.000000,1.000000,0.000000,0.000000,0.000000,
datasets\crop_disease\test\Healthy\test_000099.jpg,Healthy,1,0.999992,ACCEPT,0.000002,0.999992,0.000000,0.000006,0.000000,
datasets\crop_disease\test\Healthy\test_000100.jpg,Healthy,1,1.000000,ACCEPT,0.000000,1.000000,0.000000,0.000000,0.000000,
datasets\crop_disease\test\Healthy\test_000101.jpg,Healthy,1,0.999999,ACCEPT,0.000001,0.999999,0.000000,0.000000,0.000000,
datasets\crop_disease\test\Healthy\test_000102.jpg,Healthy,1,1.000000,ACCEPT,0.000000,1.000000,0.000000,0.000000,0.000000,
datasets\crop_disease\test\Healthy\test_000103.jpg,Healthy,1,0.999705,ACCEPT,0.000276,0.999705,0.000004,0.000015,0.000000,
datasets\crop_disease\test\Healthy\test_000104.jpg,Healthy,1,0.999993,ACCEPT,0.000003,0.999993,0.000000,0.000004,0.000000,
datasets\crop_disease\test\Healthy\test_000105.jpg,Healthy,1,0.999944,ACCEPT,0.000056,0.999944,0.000000,0.000000,0.000000,
datasets\crop_disease\test\Healthy\test_000106.jpg,Healthy,1,1.000000,ACCEPT,0.000000,1.000000,0.000000,0.000000,0.000000,
datasets\crop_disease\test\Healthy\test_000107.jpg,Healthy,1,0.999961,ACCEPT,0.000000,0.999961,0.000036,0.000003,0.000001,
datasets\crop_disease\test\Healthy\test_000108.jpg,Healthy,1,1.000000,ACCEPT,0.000000,1.000000,0.000000,0.000000,0.000000,
datasets\crop_disease\test\Healthy\test_000109.jpg,Healthy,1,0.999992,ACCEPT,0.000002,0.999992,0.000003,0.000004,0.000000,
datasets\crop_disease\test\Healthy\test_000110.jpg,Healthy,1,0.999994,ACCEPT,0.000000,0.999994,0.000000,0.000006,0.000000,
datasets\crop_disease\test\Healthy\test_000111.jpg,Healthy,1,0.999510,ACCEPT,0.000003,0.999510,0.000000,0.000486,0.000000,
datasets\crop_disease\test\Healthy\test_000112.jpg,Healthy,1,1.000000,ACCEPT,0.000000,1.000000,0.000000,0.000000,0.000000,
datasets\crop_disease\test\Healthy\test_000113.jpg,Healthy,1,1.000000,ACCEPT,0.000000,1.000000,0.000000,0.000000,0.000000,
datasets\crop_disease\test\Healthy\test_000114.jpg,Healthy,1,0.999997,ACCEPT,0.000002,0.999997,0.000000,0.000001,0.000000,
datasets\crop_disease\test\Healthy\test_000115.jpg,Healthy,1,1.000000,ACCEPT,0.000000,1.000000,0.000000,0.000000,0.000000,
datasets\crop_disease\test\Healthy\test_000116.jpg,Healthy,1,0.999993,ACCEPT,0.000003,0.999993,0.000001,0.000002,0.000000,
datasets\crop_disease\test\Healthy\test_000117.jpg,Healthy,1,0.999998,ACCEPT,0.000001,0.999998,0.000001,0.000001,0.000000,
datasets\crop_disease\test\Healthy\test_000118.jpg,Healthy,1,0.999991,ACCEPT,0.000000,0.999991,0.000000,0.000009,0.000000,
datasets\crop_disease\test\Healthy\test_000119.jpg,Healthy,1,0.999954,ACCEPT,0.000022,0.999954,0.000001,0.000022,0.000000,
datasets\crop_disease\test\Healthy\test_000120.jpg,Healthy,1,0.999994,ACCEPT,0.000004,0.999994,0.000000,0.000002,0.000000,
datasets\crop_disease\test\Healthy\test_000121.jpg,Healthy,1,0.999916,ACCEPT,0.000033,0.999916,0.000051,0.000000,0.000000,
datasets\crop_disease\test\Healthy\test_000122.jpg,Healthy,1,1.000000,ACCEPT,0.000000,1.000000,0.000000,0.000000,0.000000,
datasets\crop_disease\test\Healthy\test_000123.jpg,Healthy,1,1.000000,ACCEPT,0.000001,1.000000,0.000000,0.000000,0.000000,
datasets\crop_disease\test\Healthy\test_000124.jpg,Healthy,1,1.000000,ACCEPT,0.000000,1.000000,0.000000,0.000000,0.000000,
datasets\crop_disease\test\Healthy\test_000125.jpg,Healthy,1,0.999999,ACCEPT,0.000001,0.999999,0.000000,0.000000,0.000000,
datasets\crop_disease\test\Healthy\test_000126.jpg,Healthy,1,0.999999,ACCEPT,0.000000,0.999999,0.000000,0.000000,0.000000,
datasets\crop_disease\test\Healthy\test_000127.jpg,Healthy,1,0.999887,ACCEPT,0.000113,0.999887,0.000000,0.000001,0.000000,
datasets\crop_disease\test\Healthy\test_000128.jpg,Healthy,1,1.000000,ACCEPT,0.000000,1.000000,0.000000,0.000000,0.000000,
datasets\crop_disease\test\Healthy\test_000129.jpg,Healthy,1,0.999995,ACCEPT,0.000000,0.999995,0.000000,0.000005,0.000000,
datasets\crop_disease\test\Healthy\test_000130.jpg,Healthy,1,0.999952,ACCEPT,0.000001,0.999952,0.000001,0.000046,0.000000,
datasets\crop_disease\test\Healthy\test_000131.jpg,Healthy,1,0.999013,ACCEPT,0.000091,0.999013,0.000001,0.000896,0.000000,
datasets\crop_disease\test\Healthy\test_000132.jpg,Healthy,1,1.000000,ACCEPT,0.000000,1.000000,0.000000,0.000000,0.000000,
datasets\crop_disease\test\Healthy\test_000133.jpg,Healthy,1,1.000000,ACCEPT,0.000000,1.000000,0.000000,0.000000,0.000000,
datasets\crop_disease\test\Healthy\test_000134.jpg,Healthy,1,0.999999,ACCEPT,0.000001,0.999999,0.000000,0.000000,0.000000,
datasets\crop_disease\test\Healthy\test_000135.jpg,Healthy,1,0.997967,ACCEPT,0.000045,0.997967,0.000000,0.001988,0.000000,
datasets\crop_disease\test\Healthy\test_000136.jpg,Healthy,1,0.999972,ACCEPT,0.000006,0.999972,0.000022,0.000000,0.000000,
datasets\crop_disease\test\Healthy\test_000137.jpg,Healthy,1,0.999982,ACCEPT,0.000001,0.999982,0.000003,0.000014,0.000000,
datasets\crop_disease\test\Healthy\test_000138.jpg,Healthy,1,0.980858,ACCEPT,0.000189,0.980858,0.000039,0.018914,0.000000,
datasets\crop_disease\test\Healthy\test_000139.jpg,Healthy,1,0.999858,ACCEPT,0.000001,0.999858,0.000000,0.000141,0.000000,
datasets\crop_disease\test\Healthy\test_000140.jpg,Healthy,1,0.999930,ACCEPT,0.000004,0.999930,0.000001,0.000066,0.000000,
datasets\crop_disease\test\Healthy\test_000141.jpg,Healthy,1,0.993708,ACCEPT,0.000324,0.993708,0.005844,0.000123,0.000001,
datasets\crop_disease\test\Healthy\test_000142.jpg,Healthy,1,1.000000,ACCEPT,0.000000,1.000000,0.000000,0.000001,0.000000,
datasets\crop_disease\test\Healthy\test_000143.jpg,Healthy,1,0.999997,ACCEPT,0.000002,0.999997,0.000000,0.000001,0.000000,
datasets\crop_disease\test\Healthy\test_000144.jpg,Healthy,1,1.000000,ACCEPT,0.000000,1.000000,0.000000,0.000000,0.000000,
datasets\crop_disease\test\Healthy\test_000145.jpg,Healthy,1,0.999995,ACCEPT,0.000004,0.999995,0.000000,0.000000,0.000000,
datasets\crop_disease\test\Healthy\test_000146.jpg,Healthy,1,0.999889,ACCEPT,0.000097,0.999889,0.000001,0.000013,0.000000,
datasets\crop_disease\test\Healthy\test_000147.jpg,Healthy,1,1.000000,ACCEPT,0.000000,1.000000,0.000000,0.000000,0.000000,
datasets\crop_disease\test\Healthy\test_000148.jpg,Healthy,1,0.999924,ACCEPT,0.000029,0.999924,0.000000,0.000047,0.000000,
datasets\crop_disease\test\Healthy\test_000149.jpg,Healthy,1,0.995942,ACCEPT,0.003815,0.995942,0.000019,0.000223,0.000000,
datasets\crop_disease\test\Healthy\test_000150.jpg,Healthy,1,0.999903,ACCEPT,0.000009,0.999903,0.000002,0.000086,0.000000,
datasets\crop_disease\test\Healthy\test_000151.jpg,Healthy,1,1.000000,ACCEPT,0.000000,1.000000,0.000000,0.000000,0.000000,
datasets\crop_disease\test\Healthy\test_000152.jpg,Healthy,1,0.999999,ACCEPT,0.000001,0.999999,0.000000,0.000000,0.000000,
datasets\crop_disease\test\Healthy\test_000153.jpg,Healthy,1,0.999975,ACCEPT,0.000022,0.999975,0.000000,0.000003,0.000000,
datasets\crop_disease\test\Healthy\test_000154.jpg,Healthy,1,0.999966,ACCEPT,0.000004,0.999966,0.000002,0.000027,0.000000,
datasets\crop_disease\test\Healthy\test_000155.jpg,Healthy,1,1.000000,ACCEPT,0.000000,1.000000,0.000000,0.000000,0.000000,
datasets\crop_disease\test\Healthy\test_000156.jpg,Healthy,1,0.999997,ACCEPT,0.000001,0.999997,0.000000,0.000002,0.000000,
datasets\crop_disease\test\Healthy\test_000157.jpg,Healthy,1,1.000000,ACCEPT,0.000000,1.000000,0.000000,0.000000,0.000000,
datasets\crop_disease\test\Healthy\test_000158.jpg,Healthy,1,1.000000,ACCEPT,0.000000,1.000000,0.000000,0.000000,0.000000,
datasets\crop_disease\test\Healthy\test_000159.jpg,Healthy,1,0.999972,ACCEPT,0.000026,0.999972,0.000001,0.000001,0.000000,
datasets\crop_disease\test\Healthy\test_000160.jpg,Healthy,1,0.999982,ACCEPT,0.000009,0.999982,0.000000,0.000009,0.000000,
datasets\crop_disease\test\Healthy\test_000161.jpg,Healthy,1,0.999943,ACCEPT,0.000054,0.999943,0.000001,0.000002,0.000000,
datasets\crop_disease\test\Healthy\test_000162.jpg,Healthy,1,1.000000,ACCEPT,0.000000,1.000000,0.000000,0.000000,0.000000,
datasets\crop_disease\test\Healthy\test_000163.jpg,Healthy,1,1.000000,ACCEPT,0.000000,1.000000,0.000000,0.000000,0.000000,
datasets\crop_disease\test\Healthy\test_000164.jpg,Healthy,1,1.000000,ACCEPT,0.000000,1.000000,0.000000,0.000000,0.000000,
datasets\crop_disease\test\Healthy\test_000165.jpg,Healthy,1,1.000000,ACCEPT,0.000000,1.000000,0.000000,0.000000,0.000000,
datasets\crop_disease\test\Healthy\test_000166.jpg,Healthy,1,0.999991,ACCEPT,0.000001,0.999991,0.000006,0.000002,0.000000,
datasets\crop_disease\test\Healthy\test_000167.jpg,Healthy,1,0.999987,ACCEPT,0.000001,0.999987,0.000006,0.000006,0.000000,
datasets\crop_disease\test\Healthy\test_000168.jpg,Healthy,1,0.999940,ACCEPT,0.000000,0.999940,0.000000,0.000060,0.000000,
datasets\crop_disease\test\Healthy\test_000169.jpg,Healthy,1,0.999987,ACCEPT,0.000000,0.999987,0.000012,0.000000,0.000000,
datasets\crop_disease\test\Healthy\test_000170.jpg,Healthy,1,0.999999,ACCEPT,0.000001,0.999999,0.000000,0.000000,0.000000,
datasets\crop_disease\test\Healthy\test_000171.jpg,Healthy,1,0.999835,ACCEPT,0.000153,0.999835,0.000007,0.000005,0.000000,
datasets\crop_disease\test\Healthy\test_000172.jpg,Healthy,1,0.999998,ACCEPT,0.000001,0.999998,0.000000,0.000001,0.000000,
datasets\crop_disease\test\Healthy\test_000173.jpg,Healthy,1,1.000000,ACCEPT,0.000000,1.000000,0.000000,0.000000,0.000000,
datasets\crop_disease\test\Healthy\test_000174.jpg,Healthy,1,0.999970,ACCEPT,0.000023,0.999970,0.000001,0.000006,0.000000,
datasets\crop_disease\test\Healthy\test_000175.jpg,Healthy,1,1.000000,ACCEPT,0.000000,1.000000,0.000000,0.000000,0.000000,
datasets\crop_disease\test\Healthy\test_000176.jpg,Healthy,1,0.998835,ACCEPT,0.000028,0.998835,0.000001,0.001136,0.000000,
datasets\crop_disease\test\Healthy\test_000177.jpg,Healthy,1,0.999824,ACCEPT,0.000160,0.999824,0.000010,0.000006,0.000000,
datasets\crop_disease\test\Healthy\test_000178.jpg,Healthy,1,0.999467,ACCEPT,0.000448,0.999467,0.000071,0.000013,0.000000,
datasets\crop_disease\test\Healthy\test_000179.jpg,Healthy,1,1.000000,ACCEPT,0.000000,1.000000,0.000000,0.000000,0.000000,
datasets\crop_disease\test\Healthy\test_000180.jpg,Healthy,1,1.000000,ACCEPT,0.000000,1.000000,0.000000,0.000000,0.000000,
datasets\crop_disease\test\Healthy\test_000181.jpg,Healthy,1,0.956404,ACCEPT,0.000248,0.956404,0.043336,0.000011,0.000000,
datasets\crop_disease\test\Healthy\test_000182.jpg,Healthy,1,0.999999,ACCEPT,0.000000,0.999999,0.000000,0.000001,0.000000,
datasets\crop_disease\test\Healthy\test_000183.jpg,Healthy,1,0.999958,ACCEPT,0.000038,0.999958,0.000000,0.000005,0.000000,
datasets\crop_disease\test\Healthy\test_000184.jpg,Healthy,1,0.999980,ACCEPT,0.000001,0.999980,0.000000,0.000019,0.000000,
datasets\crop_disease\test\Healthy\test_000185.jpg,Healthy,1,0.999996,ACCEPT,0.000000,0.999996,0.000004,0.000000,0.000000,
datasets\crop_disease\test\Healthy\test_000186.jpg,Healthy,1,1.000000,ACCEPT,0.000000,1.000000,0.000000,0.000000,0.000000,
datasets\crop_disease\test\Healthy\test_000187.jpg,Healthy,1,0.999981,ACCEPT,0.000007,0.999981,0.000003,0.000010,0.000000,
datasets\crop_disease\test\Healthy\test_000188.jpg,Healthy,1,1.000000,ACCEPT,0.000000,1.000000,0.000000,0.000000,0.000000,
datasets\crop_disease\test\Healthy\test_000189.jpg,Healthy,1,0.999998,ACCEPT,0.000001,0.999998,0.000000,0.000001,0.000000,
datasets\crop_disease\test\Healthy\test_000190.jpg,Healthy,1,1.000000,ACCEPT,0.000000,1.000000,0.000000,0.000000,0.000000,
datasets\crop_disease\test\Healthy\test_000191.jpg,Healthy,1,0.999967,ACCEPT,0.000000,0.999967,0.000000,0.000033,0.000000,
datasets\crop_disease\test\Healthy\test_000192.jpg,Healthy,1,0.999961,ACCEPT,0.000023,0.999961,0.000000,0.000016,0.000000,
datasets\crop_disease\test\Healthy\test_000193.jpg,Healthy,1,0.999999,ACCEPT,0.000000,0.999999,0.000000,0.000000,0.000000,
datasets\crop_disease\test\Healthy\test_000194.jpg,Healthy,1,0.999872,ACCEPT,0.000000,0.999872,0.000000,0.000128,0.000000,
datasets\crop_disease\test\Healthy\test_000195.jpg,Healthy,1,1.000000,ACCEPT,0.000000,1.000000,0.000000,0.000000,0.000000,
datasets\crop_disease\test\Healthy\test_000196.jpg,Healthy,1,0.999963,ACCEPT,0.000000,0.999963,0.000000,0.000036,0.000000,
datasets\crop_disease\test\Healthy\test_000197.jpg,Healthy,1,0.999995,ACCEPT,0.000004,0.999995,0.000000,0.000000,0.000000,
datasets\crop_disease\test\Healthy\test_000198.jpg,Healthy,1,0.999883,ACCEPT,0.000111,0.999883,0.000006,0.000000,0.000000,
datasets\crop_disease\test\Healthy\test_000199.jpg,Healthy,1,0.999426,ACCEPT,0.000542,0.999426,0.000025,0.000003,0.000004,
datasets\crop_disease\test\Healthy\test_000200.jpg,Healthy,1,0.999999,ACCEPT,0.000000,0.999999,0.000000,0.000001,0.000000,
datasets\crop_disease\test\Healthy\test_000201.jpg,Healthy,1,0.999965,ACCEPT,0.000000,0.999965,0.000000,0.000035,0.000000,
datasets\crop_disease\test\Healthy\test_000202.jpg,Healthy,1,1.000000,ACCEPT,0.000000,1.000000,0.000000,0.000000,0.000000,
datasets\crop_disease\test\Healthy\test_000203.jpg,Healthy,1,1.000000,ACCEPT,0.000000,1.000000,0.000000,0.000000,0.000000,
datasets\crop_disease\test\Healthy\test_000204.jpg,Healthy,1,1.000000,ACCEPT,0.000000,1.000000,0.000000,0.000000,0.000000,
datasets\crop_disease\test\Healthy\test_000205.jpg,Healthy,1,0.999999,ACCEPT,0.000000,0.999999,0.000000,0.000001,0.000000,
datasets\crop_disease\test\Healthy\test_000206.jpg,Healthy,1,0.999098,ACCEPT,0.000571,0.999098,0.000070,0.000261,0.000000,
datasets\crop_disease\test\Healthy\test_000207.jpg,Healthy,1,1.000000,ACCEPT,0.000000,1.000000,0.000000,0.000000,0.000000,
datasets\crop_disease\test\Healthy\test_000208.jpg,Healthy,1,0.999998,ACCEPT,0.000000,0.999998,0.000000,0.000002,0.000000,
datasets\crop_disease\test\Healthy\test_000209.jpg,Healthy,1,0.993232,ACCEPT,0.006744,0.993232,0.000012,0.000012,0.000000,
datasets\crop_disease\test\Healthy\test_000210.jpg,Healthy,1,1.000000,ACCEPT,0.000000,1.000000,0.000000,0.000000,0.000000,
datasets\crop_disease\test\Healthy\test_000211.jpg,Healthy,1,0.999997,ACCEPT,0.000000,0.999997,0.000000,0.000003,0.000000,
datasets\crop_disease\test\Healthy\test_000212.jpg,Healthy,1,0.999994,ACCEPT,0.000005,0.999994,0.000000,0.000001,0.000000,
datasets\crop_disease\test\Healthy\test_000213.jpg,Healthy,1,0.998112,ACCEPT,0.001309,0.998112,0.000001,0.000578,0.000000,
datasets\crop_disease\test\Healthy\test_000214.jpg,Healthy,1,0.999929,ACCEPT,0.000056,0.999929,0.000000,0.000015,0.000000,
datasets\crop_disease\test\Healthy\test_000215.jpg,Healthy,1,0.999996,ACCEPT,0.000000,0.999996,0.000000,0.000004,0.000000,
datasets\crop_disease\test\Healthy\test_000216.jpg,Healthy,1,1.000000,ACCEPT,0.000000,1.000000,0.000000,0.000000,0.000000,
datasets\crop_disease\test\Healthy\test_000217.jpg,Healthy,1,0.999877,ACCEPT,0.000001,0.999877,0.000000,0.000122,0.000000,
datasets\crop_disease\test\Healthy\test_000218.jpg,Healthy,1,0.999990,ACCEPT,0.000008,0.999990,0.000001,0.000000,0.000000,
datasets\crop_disease\test\Healthy\test_000219.jpg,Healthy,1,0.999965,ACCEPT,0.000005,0.999965,0.000008,0.000022,0.000000,
datasets\crop_disease\test\Healthy\test_000220.jpg,Healthy,1,0.999999,ACCEPT,0.000001,0.999999,0.000000,0.000000,0.000000,
datasets\crop_disease\test\Healthy\test_000221.jpg,Healthy,1,1.000000,ACCEPT,0.000000,1.000000,0.000000,0.000000,0.000000,
datasets\crop_disease\test\Healthy\test_000222.jpg,Healthy,1,0.555776,NEEDS-REVIEW,0.000004,0.555776,0.000002,0.444218,0.000000,
datasets\crop_disease\test\Healthy\test_000223.jpg,Healthy,1,0.999998,ACCEPT,0.000000,0.999998,0.000000,0.000001,0.000000,
datasets\crop_disease\test\Healthy\test_000224.jpg,Healthy,1,1.000000,ACCEPT,0.000000,1.000000,0.000000,0.000000,0.000000,
datasets\crop_disease\test\Healthy\test_000225.jpg,Healthy,1,0.999995,ACCEPT,0.000001,0.999995,0.000000,0.000005,0.000000,
datasets\crop_disease\test\Healthy\test_000226.jpg,Healthy,1,1.000000,ACCEPT,0.000000,1.000000,0.000000,0.000000,0.000000,
datasets\crop_disease\test\Healthy\test_000227.jpg,Healthy,1,0.997613,ACCEPT,0.001178,0.997613,0.000042,0.001166,0.000000,
datasets\crop_disease\test\Healthy\test_000228.jpg,Healthy,1,0.999996,ACCEPT,0.000000,0.999996,0.000004,0.000000,0.000000,
datasets\crop_disease\test\Healthy\test_000229.jpg,Healthy,1,0.997314,ACCEPT,0.002464,0.997314,0.000198,0.000023,0.000000,
datasets\crop_disease\test\Healthy\test_000230.jpg,Healthy,1,1.000000,ACCEPT,0.000000,1.000000,0.000000,0.000000,0.000000,
datasets\crop_disease\test\Healthy\test_000231.jpg,Healthy,1,0.998320,ACCEPT,0.000067,0.998320,0.001613,0.000000,0.000000,
datasets\crop_disease\test\Healthy\test_000232.jpg,Healthy,1,0.999845,ACCEPT,0.000080,0.999845,0.000053,0.000022,0.000000,
datasets\crop_disease\test\Healthy\test_000233.jpg,Healthy,1,0.999996,ACCEPT,0.000001,0.999996,0.000000,0.000003,0.000000,
datasets\crop_disease\test\Healthy\test_000234.jpg,Healthy,1,0.996962,ACCEPT,0.002303,0.996962,0.000002,0.000733,0.000000,
datasets\crop_disease\test\Healthy\test_000235.jpg,Healthy,1,0.999998,ACCEPT,0.000002,0.999998,0.000000,0.000000,0.000000,
datasets\crop_disease\test\Healthy\test_000236.jpg,Healthy,1,0.999978,ACCEPT,0.000000,0.999978,0.000000,0.000022,0.000000,
datasets\crop_disease\test\Healthy\test_000237.jpg,Healthy,1,0.999983,ACCEPT,0.000009,0.999983,0.000003,0.000005,0.000000,
datasets\crop_disease\test\Healthy\test_000238.jpg,Healthy,1,0.999994,ACCEPT,0.000002,0.999994,0.000002,0.000001,0.000000,
datasets\crop_disease\test\Healthy\test_000239.jpg,Healthy,1,0.998978,ACCEPT,0.000769,0.998978,0.000009,0.000244,0.000000,
datasets\crop_disease\test\Healthy\test_000240.jpg,Healthy,1,1.000000,ACCEPT,0.000000,1.000000,0.000000,0.000000,0.000000,
datasets\crop_disease\test\Healthy\test_000241.jpg,Healthy,1,0.999999,ACCEPT,0.000001,0.999999,0.000000,0.000000,0.000000,
datasets\crop_disease\test\Healthy\test_000242.jpg,Healthy,1,0.999961,ACCEPT,0.000039,0.999961,0.000000,0.000000,0.000000,
datasets\crop_disease\test\Healthy\test_000243.jpg,Healthy,1,0.999994,ACCEPT,0.000005,0.999994,0.000000,0.000001,0.000000,
datasets\crop_disease\test\Healthy\test_000244.jpg,Healthy,1,0.999824,ACCEPT,0.000174,0.999824,0.000001,0.000001,0.000000,
datasets\crop_disease\test\Healthy\test_000245.jpg,Healthy,1,0.999998,ACCEPT,0.000000,0.999998,0.000000,0.000002,0.000000,
datasets\crop_disease\test\Healthy\test_000246.jpg,Healthy,1,0.999999,ACCEPT,0.000001,0.999999,0.000000,0.000000,0.000000,
datasets\crop_disease\test\Healthy\test_000247.jpg,Healthy,1,0.999051,ACCEPT,0.000000,0.999051,0.000000,0.000949,0.000000,
datasets\crop_disease\test\Healthy\test_000248.jpg,Healthy,1,0.999999,ACCEPT,0.000000,0.999999,0.000000,0.000001,0.000000,
datasets\crop_disease\test\Healthy\test_000249.jpg,Healthy,1,1.000000,ACCEPT,0.000000,1.000000,0.000000,0.000000,0.000000,
datasets\crop_disease\test\Healthy\test_000250.jpg,Healthy,1,0.999945,ACCEPT,0.000002,0.999945,0.000000,0.000052,0.000000,
datasets\crop_disease\test\Healthy\test_000251.jpg,Healthy,1,0.999992,ACCEPT,0.000002,0.999992,0.000000,0.000006,0.000000,
datasets\crop_disease\test\Healthy\test_000252.jpg,Healthy,1,0.999912,ACCEPT,0.000000,0.999912,0.000000,0.000088,0.000000,
datasets\crop_disease\test\Healthy\test_000253.jpg,Healthy,1,0.999994,ACCEPT,0.000001,0.999994,0.000000,0.000005,0.000000,
datasets\crop_disease\test\Healthy\test_000254.jpg,Healthy,1,1.000000,ACCEPT,0.000000,1.000000,0.000000,0.000000,0.000000,
datasets\crop_disease\test\Healthy\test_000255.jpg,Healthy,1,0.999999,ACCEPT,0.000000,0.999999,0.000000,0.000000,0.000000,
datasets\crop_disease\test\Healthy\test_000256.jpg,Healthy,1,1.000000,ACCEPT,0.000000,1.000000,0.000000,0.000000,0.000000,
datasets\crop_disease\test\Healthy\test_000257.jpg,Healthy,1,0.999999,ACCEPT,0.000000,0.999999,0.000000,0.000000,0.000000,
datasets\crop_disease\test\Healthy\test_000258.jpg,Healthy,1,1.000000,ACCEPT,0.000000,1.000000,0.000000,0.000000,0.000000,
datasets\crop_disease\test\Healthy\test_000259.jpg,Healthy,1,1.000000,ACCEPT,0.000000,1.000000,0.000000,0.000000,0.000000,
datasets\crop_disease\test\Healthy\test_000260.jpg,Healthy,1,0.999999,ACCEPT,0.000001,0.999999,0.000000,0.000000,0.000000,
datasets\crop_disease\test\Healthy\test_000261.jpg,Healthy,1,1.000000,ACCEPT,0.000000,1.000000,0.000000,0.000000,0.000000,
datasets\crop_disease\test\Healthy\test_000262.jpg,Healthy,1,1.000000,ACCEPT,0.000000,1.000000,0.000000,0.000000,0.000000,
datasets\crop_disease\test\Healthy\test_000263.jpg,Healthy,1,0.999998,ACCEPT,0.000002,0.999998,0.000000,0.000000,0.000000,
datasets\crop_disease\test\Healthy\test_000264.jpg,Healthy,1,0.999998,ACCEPT,0.000000,0.999998,0.000000,0.000002,0.000000,
datasets\crop_disease\test\Healthy\test_000265.jpg,Healthy,1,1.000000,ACCEPT,0.000000,1.000000,0.000000,0.000000,0.000000,
datasets\crop_disease\test\Healthy\test_000266.jpg,Healthy,1,1.000000,ACCEPT,0.000000,1.000000,0.000000,0.000000,0.000000,
datasets\crop_disease\test\Healthy\test_000267.jpg,Healthy,1,0.999999,ACCEPT,0.000000,0.999999,0.000001,0.000000,0.000000,
datasets\crop_disease\test\Healthy\test_000268.jpg,Healthy,1,0.999959,ACCEPT,0.000012,0.999959,0.000017,0.000013,0.000000,
datasets\crop_disease\test\Healthy\test_000269.jpg,Healthy,1,0.999998,ACCEPT,0.000000,0.999998,0.000000,0.000002,0.000000,
datasets\crop_disease\test\Healthy\test_000270.jpg,Healthy,1,0.999985,ACCEPT,0.000004,0.999985,0.000001,0.000010,0.000000,
datasets\crop_disease\test\Healthy\test_000271.jpg,Healthy,1,0.999998,ACCEPT,0.000000,0.999998,0.000001,0.000000,0.000000,
datasets\crop_disease\test\Healthy\test_000272.jpg,Healthy,1,0.999997,ACCEPT,0.000001,0.999997,0.000000,0.000002,0.000000,
datasets\crop_disease\test\Healthy\test_000273.jpg,Healthy,1,0.999998,ACCEPT,0.000000,0.999998,0.000000,0.000002,0.000000,
datasets\crop_disease\test\Healthy\test_000274.jpg,Healthy,1,0.999990,ACCEPT,0.000000,0.999990,0.000000,0.000010,0.000000,
datasets\crop_disease\test\Healthy\test_000275.jpg,Healthy,1,0.999971,ACCEPT,0.000016,0.999971,0.000000,0.000013,0.000000,
datasets\crop_disease\test\Healthy\test_000276.jpg,Healthy,1,1.000000,ACCEPT,0.000000,1.000000,0.000000,0.000000,0.000000,
datasets\crop_disease\test\Healthy\test_000277.jpg,Healthy,1,0.997977,ACCEPT,0.000077,0.997977,0.000318,0.000475,0.001153,
datasets\crop_disease\test\Healthy\test_000278.jpg,Healthy,1,0.999963,ACCEPT,0.000012,0.999963,0.000017,0.000008,0.000000,
datasets\crop_disease\test\Healthy\test_000279.jpg,Healthy,1,0.999995,ACCEPT,0.000004,0.999995,0.000000,0.000001,0.000000,
datasets\crop_disease\test\Healthy\test_000280.jpg,Healthy,1,1.000000,ACCEPT,0.000000,1.000000,0.000000,0.000000,0.000000,
datasets\crop_disease\test\Healthy\test_000281.jpg,Healthy,1,1.000000,ACCEPT,0.000000,1.000000,0.000000,0.000000,0.000000,
datasets\crop_disease\test\Healthy\test_000282.jpg,Healthy,1,0.996317,ACCEPT,0.000000,0.996317,0.000000,0.003683,0.000000,
datasets\crop_disease\test\Healthy\test_000283.jpg,Healthy,1,0.999998,ACCEPT,0.000000,0.999998,0.000000,0.000002,0.000000,
datasets\crop_disease\test\Healthy\test_000284.jpg,Healthy,1,0.999994,ACCEPT,0.000003,0.999994,0.000002,0.000000,0.000000,
datasets\crop_disease\test\Healthy\test_000285.jpg,Healthy,1,0.999997,ACCEPT,0.000000,0.999997,0.000000,0.000003,0.000000,
datasets\crop_disease\test\Healthy\test_000286.jpg,Healthy,1,1.000000,ACCEPT,0.000000,1.000000,0.000000,0.000000,0.000000,
datasets\crop_disease\test\Healthy\test_000287.jpg,Healthy,1,1.000000,ACCEPT,0.000000,1.000000,0.000000,0.000000,0.000000,
datasets\crop_disease\test\Healthy\test_000288.jpg,Healthy,1,0.999976,ACCEPT,0.000011,0.999976,0.000000,0.000013,0.000000,
datasets\crop_disease\test\Healthy\test_000289.jpg,Healthy,1,0.999999,ACCEPT,0.000000,0.999999,0.000000,0.000001,0.000000,
datasets\crop_disease\test\Healthy\test_000290.jpg,Healthy,1,0.999545,ACCEPT,0.000006,0.999545,0.000000,0.000449,0.000000,
datasets\crop_disease\test\Healthy\test_000291.jpg,Healthy,1,1.000000,ACCEPT,0.000000,1.000000,0.000000,0.000000,0.000000,
datasets\crop_disease\test\Healthy\test_000292.jpg,Healthy,1,0.996465,ACCEPT,0.000718,0.996465,0.000011,0.002806,0.000000,
datasets\crop_disease\test\Healthy\test_000293.jpg,Healthy,1,0.999880,ACCEPT,0.000073,0.999880,0.000002,0.000045,0.000000,
datasets\crop_disease\test\Healthy\test_000294.jpg,Healthy,1,1.000000,ACCEPT,0.000000,1.000000,0.000000,0.000000,0.000000,
datasets\crop_disease\test\Healthy\test_000295.jpg,Healthy,1,0.998657,ACCEPT,0.000404,0.998657,0.000001,0.000938,0.000000,
datasets\crop_disease\test\Healthy\test_000296.jpg,Healthy,1,1.000000,ACCEPT,0.000000,1.000000,0.000000,0.000000,0.000000,
datasets\crop_disease\test\Healthy\test_000297.jpg,Healthy,1,0.999974,ACCEPT,0.000001,0.999974,0.000002,0.000024,0.000000,
datasets\crop_disease\test\Healthy\test_000298.jpg,Healthy,1,1.000000,ACCEPT,0.000000,1.000000,0.000000,0.000000,0.000000,
datasets\crop_disease\test\Healthy\test_000299.jpg,Healthy,1,0.999999,ACCEPT,0.000000,0.999999,0.000000,0.000000,0.000000,
datasets\crop_disease\test\Healthy\test_000300.jpg,Healthy,1,0.999999,ACCEPT,0.000001,0.999999,0.000000,0.000000,0.000000,
datasets\crop_disease\test\Healthy\test_000301.jpg,Healthy,1,1.000000,ACCEPT,0.000000,1.000000,0.000000,0.000000,0.000000,
datasets\crop_disease\test\Healthy\test_000302.jpg,Healthy,1,0.999836,ACCEPT,0.000130,0.999836,0.000005,0.000028,0.000000,
datasets\crop_disease\test\Healthy\test_000303.jpg,Healthy,1,1.000000,ACCEPT,0.000000,1.000000,0.000000,0.000000,0.000000,
datasets\crop_disease\test\Healthy\test_000304.jpg,Healthy,1,1.000000,ACCEPT,0.000000,1.000000,0.000000,0.000000,0.000000,
datasets\crop_disease\test\Healthy\test_000305.jpg,Healthy,1,0.999992,ACCEPT,0.000001,0.999992,0.000003,0.000005,0.000000,
datasets\crop_disease\test\Healthy\test_000306.jpg,Healthy,1,0.999966,ACCEPT,0.000001,0.999966,0.000000,0.000033,0.000000,
datasets\crop_disease\test\Healthy\test_000307.jpg,Healthy,1,1.000000,ACCEPT,0.000000,1.000000,0.000000,0.000000,0.000000,
datasets\crop_disease\test\Healthy\test_000308.jpg,Healthy,1,0.999993,ACCEPT,0.000000,0.999993,0.000000,0.000007,0.000000,
datasets\crop_disease\test\Healthy\test_000309.jpg,Healthy,1,1.000000,ACCEPT,0.000000,1.000000,0.000000,0.000000,0.000000,
datasets\crop_disease\test\Healthy\test_000310.jpg,Healthy,1,1.000000,ACCEPT,0.000000,1.000000,0.000000,0.000000,0.000000,
datasets\crop_disease\test\Healthy\test_000311.jpg,Healthy,1,0.999921,ACCEPT,0.000070,0.999921,0.000009,0.000000,0.000000,
datasets\crop_disease\test\Healthy\test_000312.jpg,Healthy,1,1.000000,ACCEPT,0.000000,1.000000,0.000000,0.000000,0.000000,
datasets\crop_disease\test\Healthy\test_000313.jpg,Healthy,1,0.999984,ACCEPT,0.000000,0.999984,0.000000,0.000016,0.000000,
datasets\crop_disease\test\Healthy\test_000314.jpg,Healthy,1,0.999956,ACCEPT,0.000003,0.999956,0.000037,0.000004,0.000000,
datasets\crop_disease\test\Healthy\test_000315.jpg,Healthy,1,1.000000,ACCEPT,0.000000,1.000000,0.000000,0.000000,0.000000,
datasets\crop_disease\test\Healthy\test_000316.jpg,Healthy,1,0.999999,ACCEPT,0.000001,0.999999,0.000000,0.000000,0.000000,
datasets\crop_disease\test\Healthy\test_000317.jpg,Healthy,1,0.999983,ACCEPT,0.000000,0.999983,0.000001,0.000016,0.000000,
datasets\crop_disease\test\Healthy\test_000318.jpg,Healthy,1,1.000000,ACCEPT,0.000000,1.000000,0.000000,0.000000,0.000000,
datasets\crop_disease\test\Healthy\test_000319.jpg,Healthy,1,1.000000,ACCEPT,0.000000,1.000000,0.000000,0.000000,0.000000,
datasets\crop_disease\test\Healthy\test_000320.jpg,Healthy,1,0.999997,ACCEPT,0.000002,0.999997,0.000001,0.000000,0.000000,
datasets\crop_disease\test\Healthy\test_000321.jpg,Healthy,1,0.999998,ACCEPT,0.000001,0.999998,0.000000,0.000001,0.000000,
datasets\crop_disease\test\Healthy\test_000322.jpg,Healthy,1,0.999956,ACCEPT,0.000000,0.999956,0.000000,0.000044,0.000000,
datasets\crop_disease\test\Healthy\test_000323.jpg,Healthy,1,0.999998,ACCEPT,0.000002,0.999998,0.000000,0.000000,0.000000,
datasets\crop_disease\test\Healthy\test_000324.jpg,Healthy,1,0.999976,ACCEPT,0.000003,0.999976,0.000000,0.000021,0.000000,
datasets\crop_disease\test\Healthy\test_000325.jpg,Healthy,1,0.999998,ACCEPT,0.000000,0.999998,0.000000,0.000001,0.000000,
datasets\crop_disease\test\Healthy\test_000326.jpg,Healthy,1,0.999992,ACCEPT,0.000000,0.999992,0.000001,0.000007,0.000000,
datasets\crop_disease\test\Healthy\test_000327.jpg,Healthy,1,0.999999,ACCEPT,0.000001,0.999999,0.000000,0.000000,0.000000,
datasets\crop_disease\test\Healthy\test_000328.jpg,Healthy,1,0.999721,ACCEPT,0.000163,0.999721,0.000108,0.000008,0.000000,
datasets\crop_disease\test\Healthy\test_000329.jpg,Healthy,1,0.999999,ACCEPT,0.000001,0.999999,0.000000,0.000000,0.000000,
datasets\crop_disease\test\Healthy\test_000330.jpg,Healthy,1,0.997769,ACCEPT,0.001117,0.997769,0.001028,0.000084,0.000002,
datasets\crop_disease\test\Healthy\test_000331.jpg,Healthy,1,0.999995,ACCEPT,0.000001,0.999995,0.000004,0.000000,0.000000,
datasets\crop_disease\test\Healthy\test_000332.jpg,Healthy,1,0.999595,ACCEPT,0.000297,0.999595,0.000109,0.000000,0.000000,
datasets\crop_disease\test\Healthy\test_000333.jpg,Healthy,1,0.999873,ACCEPT,0.000111,0.999873,0.000001,0.000015,0.000000,
datasets\crop_disease\test\Healthy\test_000334.jpg,Healthy,1,1.000000,ACCEPT,0.000000,1.000000,0.000000,0.000000,0.000000,
datasets\crop_disease\test\Healthy\test_000335.jpg,Healthy,1,0.999898,ACCEPT,0.000082,0.999898,0.000004,0.000016,0.000000,
datasets\crop_disease\test\Healthy\test_000336.jpg,Healthy,1,1.000000,ACCEPT,0.000000,1.000000,0.000000,0.000000,0.000000,
datasets\crop_disease\test\Healthy\test_000337.jpg,Healthy,1,1.000000,ACCEPT,0.000000,1.000000,0.000000,0.000000,0.000000,
datasets\crop_disease\test\Healthy\test_000338.jpg,Healthy,1,0.997447,ACCEPT,0.001119,0.997447,0.001409,0.000025,0.000000,
datasets\crop_disease\test\Healthy\test_000339.jpg,Healthy,1,1.000000,ACCEPT,0.000000,1.000000,0.000000,0.000000,0.000000,
datasets\crop_disease\test\Healthy\test_000340.jpg,Healthy,1,0.999998,ACCEPT,0.000001,0.999998,0.000000,0.000001,0.000000,
datasets\crop_disease\test\Healthy\test_000341.jpg,Healthy,1,1.000000,ACCEPT,0.000000,1.000000,0.000000,0.000000,0.000000,
datasets\crop_disease\test\Healthy\test_000342.jpg,Healthy,1,0.999997,ACCEPT,0.000002,0.999997,0.000000,0.000000,0.000000,
datasets\crop_disease\test\Healthy\test_000343.jpg,Healthy,1,0.999998,ACCEPT,0.000002,0.999998,0.000000,0.000000,0.000000,
datasets\crop_disease\test\Healthy\test_000344.jpg,Healthy,1,1.000000,ACCEPT,0.000000,1.000000,0.000000,0.000000,0.000000,
datasets\crop_disease\test\Healthy\test_000345.jpg,Healthy,1,0.999988,ACCEPT,0.000005,0.999988,0.000002,0.000005,0.000000,
datasets\crop_disease\test\Healthy\test_000346.jpg,Healthy,1,0.998530,ACCEPT,0.000998,0.998530,0.000471,0.000000,0.000000,
datasets\crop_disease\test\Healthy\test_000347.jpg,Healthy,1,0.999964,ACCEPT,0.000021,0.999964,0.000015,0.000000,0.000000,
datasets\crop_disease\test\Healthy\test_000348.jpg,Healthy,1,0.999999,ACCEPT,0.000000,0.999999,0.000001,0.000000,0.000000,
datasets\crop_disease\test\Healthy\test_000349.jpg,Healthy,1,0.999907,ACCEPT,0.000091,0.999907,0.000001,0.000001,0.000000,
datasets\crop_disease\test\Healthy\test_000350.jpg,Healthy,1,0.999883,ACCEPT,0.000007,0.999883,0.000000,0.000110,0.000000,
datasets\crop_disease\test\Healthy\test_000351.jpg,Healthy,1,1.000000,ACCEPT,0.000000,1.000000,0.000000,0.000000,0.000000,
datasets\crop_disease\test\Healthy\test_000352.jpg,Healthy,1,1.000000,ACCEPT,0.000000,1.000000,0.000000,0.000000,0.000000,
datasets\crop_disease\test\Healthy\test_000353.jpg,Healthy,1,1.000000,ACCEPT,0.000000,1.000000,0.000000,0.000000,0.000000,
datasets\crop_disease\test\Healthy\test_000354.jpg,Healthy,1,0.999995,ACCEPT,0.000005,0.999995,0.000000,0.000000,0.000000,
datasets\crop_disease\test\Healthy\test_000355.jpg,Healthy,1,1.000000,ACCEPT,0.000000,1.000000,0.000000,0.000000,0.000000,
datasets\crop_disease\test\Healthy\test_000356.jpg,Healthy,1,0.999984,ACCEPT,0.000006,0.999984,0.000003,0.000007,0.000000,
datasets\crop_disease\test\Healthy\test_000357.jpg,Healthy,1,1.000000,ACCEPT,0.000000,1.000000,0.000000,0.000000,0.000000,
datasets\crop_disease\test\Healthy\test_000358.jpg,Healthy,1,0.999988,ACCEPT,0.000012,0.999988,0.000000,0.000000,0.000000,
datasets\crop_disease\test\Healthy\test_000359.jpg,Healthy,1,0.999987,ACCEPT,0.000013,0.999987,0.000000,0.000000,0.000000,
datasets\crop_disease\test\Healthy\test_000360.jpg,Healthy,1,1.000000,ACCEPT,0.000000,1.000000,0.000000,0.000000,0.000000,
datasets\crop_disease\test\Healthy\test_000361.jpg,Healthy,1,1.000000,ACCEPT,0.000000,1.000000,0.000000,0.000000,0.000000,
datasets\crop_disease\test\Healthy\test_000362.jpg,Healthy,1,0.999933,ACCEPT,0.000041,0.999933,0.000001,0.000025,0.000000,
datasets\crop_disease\test\Healthy\test_000363.jpg,Healthy,1,0.999986,ACCEPT,0.000012,0.999986,0.000002,0.000001,0.000000,
datasets\crop_disease\test\Healthy\test_000364.jpg,Healthy,1,0.999931,ACCEPT,0.000004,0.999931,0.000001,0.000064,0.000000,
datasets\crop_disease\test\Healthy\test_000365.jpg,Healthy,1,0.997658,ACCEPT,0.002341,0.997658,0.000001,0.000000,0.000000,
datasets\crop_disease\test\Healthy\test_000366.jpg,Healthy,1,0.999952,ACCEPT,0.000048,0.999952,0.000000,0.000000,0.000000,
datasets\crop_disease\test\Healthy\test_000367.jpg,Healthy,1,0.999999,ACCEPT,0.000000,0.999999,0.000000,0.000001,0.000000,
datasets\crop_disease\test\Healthy\test_000368.jpg,Healthy,1,1.000000,ACCEPT,0.000000,1.000000,0.000000,0.000000,0.000000,
datasets\crop_disease\test\Healthy\test_000369.jpg,Healthy,1,0.999960,ACCEPT,0.000025,0.999960,0.000004,0.000011,0.000000,
datasets\crop_disease\test\Healthy\test_000370.jpg,Healthy,1,0.999999,ACCEPT,0.000000,0.999999,0.000000,0.000001,0.000000,
datasets\crop_disease\test\Healthy\test_000371.jpg,Healthy,1,0.999996,ACCEPT,0.000004,0.999996,0.000000,0.000000,0.000000,
datasets\crop_disease\test\Healthy\test_000372.jpg,Healthy,1,0.997023,ACCEPT,0.000002,0.997023,0.000000,0.002975,0.000000,
datasets\crop_disease\test\Healthy\test_000373.jpg,Healthy,1,0.999999,ACCEPT,0.000001,0.999999,0.000000,0.000000,0.000000,
datasets\crop_disease\test\Healthy\test_000374.jpg,Healthy,1,0.999999,ACCEPT,0.000001,0.999999,0.000000,0.000000,0.000000,
datasets\crop_disease\test\Healthy\test_000375.jpg,Healthy,1,0.999998,ACCEPT,0.000002,0.999998,0.000000,0.000000,0.000000,
datasets\crop_disease\test\Healthy\test_000376.jpg,Healthy,1,0.999777,ACCEPT,0.000209,0.999777,0.000000,0.000013,0.000000,
datasets\crop_disease\test\Healthy\test_000377.jpg,Healthy,1,1.000000,ACCEPT,0.000000,1.000000,0.000000,0.000000,0.000000,
datasets\crop_disease\test\Healthy\test_000378.jpg,Healthy,1,0.999993,ACCEPT,0.000002,0.999993,0.000003,0.000002,0.000000,
datasets\crop_disease\test\Healthy\test_000379.jpg,Healthy,1,0.999992,ACCEPT,0.000002,0.999992,0.000000,0.000005,0.000000,
datasets\crop_disease\test\Healthy\test_000380.jpg,Healthy,1,1.000000,ACCEPT,0.000000,1.000000,0.000000,0.000000,0.000000,
datasets\crop_disease\test\Healthy\test_000381.jpg,Healthy,1,0.999963,ACCEPT,0.000037,0.999963,0.000000,0.000000,0.000000,
datasets\crop_disease\test\Healthy\test_000382.jpg,Healthy,1,1.000000,ACCEPT,0.000000,1.000000,0.000000,0.000000,0.000000,
datasets\crop_disease\test\Healthy\test_000383.jpg,Healthy,1,1.000000,ACCEPT,0.000000,1.000000,0.000000,0.000000,0.000000,
datasets\crop_disease\test\Healthy\test_000384.jpg,Healthy,1,0.999716,ACCEPT,0.000284,0.999716,0.000000,0.000000,0.000000,
datasets\crop_disease\test\Healthy\test_000385.jpg,Healthy,1,0.999999,ACCEPT,0.000001,0.999999,0.000000,0.000000,0.000000,
datasets\crop_disease\test\Healthy\test_000386.jpg,Healthy,1,0.999991,ACCEPT,0.000002,0.999991,0.000004,0.000003,0.000000,
datasets\crop_disease\test\Healthy\test_000387.jpg,Healthy,1,1.000000,ACCEPT,0.000000,1.000000,0.000000,0.000000,0.000000,
datasets\crop_disease\test\Healthy\test_000388.jpg,Healthy,1,0.999997,ACCEPT,0.000003,0.999997,0.000000,0.000000,0.000000,
datasets\crop_disease\test\Healthy\test_000389.jpg,Healthy,1,1.000000,ACCEPT,0.000000,1.000000,0.000000,0.000000,0.000000,
datasets\crop_disease\test\Healthy\test_000390.jpg,Healthy,1,0.999978,ACCEPT,0.000022,0.999978,0.000000,0.000000,0.000000,
datasets\crop_disease\test\Healthy\test_000391.jpg,Healthy,1,0.999830,ACCEPT,0.000006,0.999830,0.000000,0.000164,0.000000,
datasets\crop_disease\test\Healthy\test_000392.jpg,Healthy,1,0.999694,ACCEPT,0.000052,0.999694,0.000003,0.000250,0.000000,
datasets\crop_disease\test\Healthy\test_000393.jpg,Healthy,1,0.999951,ACCEPT,0.000046,0.999951,0.000002,0.000000,0.000000,
datasets\crop_disease\test\Healthy\test_000394.jpg,Healthy,1,0.999999,ACCEPT,0.000001,0.999999,0.000000,0.000000,0.000000,
datasets\crop_disease\test\Healthy\test_000395.jpg,Healthy,1,1.000000,ACCEPT,0.000000,1.000000,0.000000,0.000000,0.000000,
datasets\crop_disease\test\Healthy\test_000396.jpg,Healthy,1,0.999996,ACCEPT,0.000003,0.999996,0.000000,0.000000,0.000000,
datasets\crop_disease\test\Healthy\test_000397.jpg,Healthy,1,0.999977,ACCEPT,0.000022,0.999977,0.000000,0.000000,0.000000,
datasets\crop_disease\test\Healthy\test_000398.jpg,Healthy,1,0.999986,ACCEPT,0.000003,0.999986,0.000009,0.000001,0.000000,
datasets\crop_disease\test\Healthy\test_000399.jpg,Healthy,1,0.999897,ACCEPT,0.000087,0.999897,0.000015,0.000001,0.000000,
datasets\crop_disease\test\Healthy\test_000400.jpg,Healthy,1,0.999960,ACCEPT,0.000006,0.999960,0.000034,0.000000,0.000000,
datasets\crop_disease\test\Healthy\test_000401.jpg,Healthy,1,1.000000,ACCEPT,0.000000,1.000000,0.000000,0.000000,0.000000,
datasets\crop_disease\test\Healthy\test_000402.jpg,Healthy,1,0.999997,ACCEPT,0.000002,0.999997,0.000000,0.000001,0.000000,
datasets\crop_disease\test\Healthy\test_000403.jpg,Healthy,1,0.999868,ACCEPT,0.000001,0.999868,0.000000,0.000131,0.000000,
datasets\crop_disease\test\Healthy\test_000404.jpg,Healthy,1,0.999989,ACCEPT,0.000011,0.999989,0.000000,0.000000,0.000000,
datasets\crop_disease\test\Healthy\test_000405.jpg,Healthy,1,0.999996,ACCEPT,0.000001,0.999996,0.000001,0.000002,0.000000,
datasets\crop_disease\test\Healthy\test_000406.jpg,Healthy,1,1.000000,ACCEPT,0.000000,1.000000,0.000000,0.000000,0.000000,
datasets\crop_disease\test\Healthy\test_000407.jpg,Healthy,1,1.000000,ACCEPT,0.000000,1.000000,0.000000,0.000000,0.000000,
datasets\crop_disease\test\Healthy\test_000408.jpg,Healthy,1,1.000000,ACCEPT,0.000000,1.000000,0.000000,0.000000,0.000000,
datasets\crop_disease\test\Healthy\test_000409.jpg,Healthy,1,0.999731,ACCEPT,0.000248,0.999731,0.000002,0.000019,0.000000,
datasets\crop_disease\test\Healthy\test_000410.jpg,Healthy,1,0.999974,ACCEPT,0.000026,0.999974,0.000000,0.000000,0.000000,
datasets\crop_disease\test\Healthy\test_000411.jpg,Healthy,1,0.999956,ACCEPT,0.000026,0.999956,0.000018,0.000000,0.000000,
datasets\crop_disease\test\Healthy\test_000412.jpg,Healthy,1,0.999999,ACCEPT,0.000001,0.999999,0.000000,0.000000,0.000000,
datasets\crop_disease\test\Healthy\test_000413.jpg,Healthy,1,1.000000,ACCEPT,0.000000,1.000000,0.000000,0.000000,0.000000,
datasets\crop_disease\test\Healthy\test_000414.jpg,Healthy,1,0.999982,ACCEPT,0.000017,0.999982,0.000001,0.000000,0.000000,
datasets\crop_disease\test\Healthy\test_000415.jpg,Healthy,1,0.999999,ACCEPT,0.000000,0.999999,0.000000,0.000001,0.000000,
datasets\crop_disease\test\Healthy\test_000416.jpg,Healthy,1,1.000000,ACCEPT,0.000000,1.000000,0.000000,0.000000,0.000000,
datasets\crop_disease\test\Healthy\test_000417.jpg,Healthy,1,0.999974,ACCEPT,0.000026,0.999974,0.000000,0.000000,0.000000,
datasets\crop_disease\test\Healthy\test_000418.jpg,Healthy,1,0.979056,ACCEPT,0.016451,0.979056,0.000868,0.003625,0.000000,
datasets\crop_disease\test\Healthy\test_000419.jpg,Healthy,1,0.999998,ACCEPT,0.000002,0.999998,0.000000,0.000000,0.000000,
datasets\crop_disease\test\Healthy\test_000420.jpg,Healthy,1,1.000000,ACCEPT,0.000000,1.000000,0.000000,0.000000,0.000000,
datasets\crop_disease\test\Healthy\test_000421.jpg,Healthy,1,1.000000,ACCEPT,0.000000,1.000000,0.000000,0.000000,0.000000,
datasets\crop_disease\test\Healthy\test_000422.jpg,Healthy,1,1.000000,ACCEPT,0.000000,1.000000,0.000000,0.000000,0.000000,
datasets\crop_disease\test\Healthy\test_000423.jpg,Healthy,1,0.999999,ACCEPT,0.000001,0.999999,0.000000,0.000000,0.000000,
datasets\crop_disease\test\Healthy\test_000424.jpg,Healthy,1,0.999999,ACCEPT,0.000001,0.999999,0.000000,0.000000,0.000000,
datasets\crop_disease\test\Healthy\test_000425.jpg,Healthy,1,1.000000,ACCEPT,0.000000,1.000000,0.000000,0.000000,0.000000,
datasets\crop_disease\test\Healthy\test_000426.jpg,Healthy,1,0.999919,ACCEPT,0.000069,0.999919,0.000003,0.000009,0.000000,
datasets\crop_disease\test\Healthy\test_000427.jpg,Healthy,1,1.000000,ACCEPT,0.000000,1.000000,0.000000,0.000000,0.000000,
datasets\crop_disease\test\Healthy\test_000428.jpg,Healthy,1,0.999961,ACCEPT,0.000038,0.999961,0.000001,0.000000,0.000000,
datasets\crop_disease\test\Healthy\test_000429.jpg,Healthy,1,0.998796,ACCEPT,0.000003,0.998796,0.000000,0.001200,0.000000,
datasets\crop_disease\test\Healthy\test_000430.jpg,Healthy,1,0.999999,ACCEPT,0.000001,0.999999,0.000000,0.000000,0.000000,
datasets\crop_disease\test\Healthy\test_000431.jpg,Healthy,1,0.999998,ACCEPT,0.000001,0.999998,0.000000,0.000001,0.000000,
datasets\crop_disease\test\Healthy\test_000432.jpg,Healthy,1,0.999391,ACCEPT,0.000444,0.999391,0.000085,0.000080,0.000001,
datasets\crop_disease\test\Healthy\test_000433.jpg,Healthy,1,1.000000,ACCEPT,0.000000,1.000000,0.000000,0.000000,0.000000,
datasets\crop_disease\test\Healthy\test_000434.jpg,Healthy,1,0.999821,ACCEPT,0.000097,0.999821,0.000080,0.000002,0.000000,
datasets\crop_disease\test\Healthy\test_000435.jpg,Healthy,1,0.999996,ACCEPT,0.000000,0.999996,0.000002,0.000002,0.000000,
datasets\crop_disease\test\Healthy\test_000436.jpg,Healthy,1,0.999999,ACCEPT,0.000001,0.999999,0.000000,0.000000,0.000000,
datasets\crop_disease\test\Healthy\test_000437.jpg,Healthy,1,0.994070,ACCEPT,0.003616,0.994070,0.002304,0.000010,0.000000,
datasets\crop_disease\test\Healthy\test_000438.jpg,Healthy,1,0.998846,ACCEPT,0.001110,0.998846,0.000002,0.000042,0.000000,
datasets\crop_disease\test\Healthy\test_000439.jpg,Healthy,1,1.000000,ACCEPT,0.000000,1.000000,0.000000,0.000000,0.000000,
datasets\crop_disease\test\Healthy\test_000440.jpg,Healthy,1,1.000000,ACCEPT,0.000000,1.000000,0.000000,0.000000,0.000000,
datasets\crop_disease\test\Healthy\test_000441.jpg,Healthy,1,1.000000,ACCEPT,0.000000,1.000000,0.000000,0.000000,0.000000,
datasets\crop_disease\test\Healthy\test_000442.jpg,Healthy,1,0.999980,ACCEPT,0.000019,0.999980,0.000000,0.000000,0.000000,
datasets\crop_disease\test\Healthy\test_000443.jpg,Healthy,1,0.999998,ACCEPT,0.000002,0.999998,0.000000,0.000000,0.000000,
datasets\crop_disease\test\Healthy\test_000444.jpg,Healthy,1,0.999669,ACCEPT,0.000331,0.999669,0.000001,0.000000,0.000000,
datasets\crop_disease\test\Healthy\test_000445.jpg,Healthy,1,0.999978,ACCEPT,0.000005,0.999978,0.000002,0.000016,0.000000,
datasets\crop_disease\test\Healthy\test_000446.jpg,Healthy,1,1.000000,ACCEPT,0.000000,1.000000,0.000000,0.000000,0.000000,
datasets\crop_disease\test\Healthy\test_000447.jpg,Healthy,1,1.000000,ACCEPT,0.000000,1.000000,0.000000,0.000000,0.000000,
datasets\crop_disease\test\Healthy\test_000448.jpg,Healthy,1,0.999945,ACCEPT,0.000048,0.999945,0.000003,0.000004,0.000000,
datasets\crop_disease\test\Healthy\test_000449.jpg,Healthy,1,0.921916,ACCEPT,0.000002,0.921916,0.000000,0.078082,0.000000,
datasets\crop_disease\test\Healthy\test_000450.jpg,Healthy,1,0.999463,ACCEPT,0.000000,0.999463,0.000000,0.000537,0.000000,
datasets\crop_disease\test\Healthy\test_000451.jpg,Healthy,1,0.999931,ACCEPT,0.000069,0.999931,0.000000,0.000000,0.000000,
datasets\crop_disease\test\Healthy\test_000452.jpg,Healthy,1,1.000000,ACCEPT,0.000000,1.000000,0.000000,0.000000,0.000000,
datasets\crop_disease\test\Healthy\test_000453.jpg,Healthy,1,1.000000,ACCEPT,0.000000,1.000000,0.000000,0.000000,0.000000,
datasets\crop_disease\test\Healthy\test_000454.jpg,Healthy,1,0.999996,ACCEPT,0.000002,0.999996,0.000001,0.000001,0.000000,
datasets\crop_disease\test\Healthy\test_000455.jpg,Healthy,1,0.999999,ACCEPT,0.000000,0.999999,0.000000,0.000001,0.000000,
datasets\crop_disease\test\Healthy\test_000456.jpg,Healthy,1,1.000000,ACCEPT,0.000000,1.000000,0.000000,0.000000,0.000000,
datasets\crop_disease\test\Healthy\test_000457.jpg,Healthy,1,0.999653,ACCEPT,0.000001,0.999653,0.000000,0.000347,0.000000,
datasets\crop_disease\test\Healthy\test_000458.jpg,Healthy,1,1.000000,ACCEPT,0.000000,1.000000,0.000000,0.000000,0.000000,
datasets\crop_disease\test\Healthy\test_000459.jpg,Healthy,1,0.999425,ACCEPT,0.000505,0.999425,0.000001,0.000069,0.000000,
datasets\crop_disease\test\Healthy\test_000460.jpg,Healthy,1,1.000000,ACCEPT,0.000000,1.000000,0.000000,0.000000,0.000000,
datasets\crop_disease\test\Healthy\test_000461.jpg,Healthy,1,0.999961,ACCEPT,0.000039,0.999961,0.000000,0.000000,0.000000,
datasets\crop_disease\test\Healthy\test_000462.jpg,Healthy,1,1.000000,ACCEPT,0.000000,1.000000,0.000000,0.000000,0.000000,
datasets\crop_disease\test\Healthy\test_000463.jpg,Healthy,1,0.999990,ACCEPT,0.000010,0.999990,0.000000,0.000000,0.000000,
datasets\crop_disease\test\Healthy\test_000464.jpg,Healthy,1,0.999999,ACCEPT,0.000001,0.999999,0.000000,0.000000,0.000000,
datasets\crop_disease\test\Healthy\test_000465.jpg,Healthy,1,1.000000,ACCEPT,0.000000,1.000000,0.000000,0.000000,0.000000,
datasets\crop_disease\test\Healthy\test_000466.jpg,Healthy,1,0.999883,ACCEPT,0.000002,0.999883,0.000000,0.000115,0.000000,
datasets\crop_disease\test\Healthy\test_000467.jpg,Healthy,1,0.999805,ACCEPT,0.000194,0.999805,0.000000,0.000001,0.000000,
datasets\crop_disease\test\Healthy\test_000468.jpg,Healthy,1,0.999999,ACCEPT,0.000001,0.999999,0.000000,0.000000,0.000000,
datasets\crop_disease\test\Healthy\test_000469.jpg,Healthy,1,0.998979,ACCEPT,0.000826,0.998979,0.000174,0.000021,0.000000,
datasets\crop_disease\test\Healthy\test_000470.jpg,Healthy,1,0.999998,ACCEPT,0.000001,0.999998,0.000000,0.000000,0.000000,
datasets\crop_disease\test\Healthy\test_000471.jpg,Healthy,1,0.999721,ACCEPT,0.000274,0.999721,0.000005,0.000000,0.000000,
datasets\crop_disease\test\Healthy\test_000472.jpg,Healthy,1,0.999998,ACCEPT,0.000002,0.999998,0.000000,0.000000,0.000000,
datasets\crop_disease\test\Healthy\test_000473.jpg,Healthy,1,1.000000,ACCEPT,0.000000,1.000000,0.000000,0.000000,0.000000,
datasets\crop_disease\test\Healthy\test_000474.jpg,Healthy,1,0.999988,ACCEPT,0.000000,0.999988,0.000000,0.000012,0.000000,
datasets\crop_disease\test\Healthy\test_000475.jpg,Healthy,1,1.000000,ACCEPT,0.000000,1.000000,0.000000,0.000000,0.000000,
datasets\crop_disease\test\Healthy\test_000476.jpg,Healthy,1,0.999983,ACCEPT,0.000017,0.999983,0.000000,0.000000,0.000000,
datasets\crop_disease\test\Healthy\test_000477.jpg,Healthy,1,0.999910,ACCEPT,0.000090,0.999910,0.000000,0.000000,0.000000,
datasets\crop_disease\test\Healthy\test_000478.jpg,Healthy,1,0.999819,ACCEPT,0.000178,0.999819,0.000001,0.000001,0.000001,
datasets\crop_disease\test\Healthy\test_000479.jpg,Healthy,1,0.996914,ACCEPT,0.002338,0.996914,0.000558,0.000189,0.000001,
datasets\crop_disease\test\Healthy\test_000480.jpg,Healthy,1,1.000000,ACCEPT,0.000000,1.000000,0.000000,0.000000,0.000000,
datasets\crop_disease\test\Healthy\test_000481.jpg,Healthy,1,0.999999,ACCEPT,0.000001,0.999999,0.000000,0.000000,0.000000,
datasets\crop_disease\test\Healthy\test_000482.jpg,Healthy,1,1.000000,ACCEPT,0.000000,1.000000,0.000000,0.000000,0.000000,
datasets\crop_disease\test\Healthy\test_000483.jpg,Healthy,1,1.000000,ACCEPT,0.000000,1.000000,0.000000,0.000000,0.000000,
datasets\crop_disease\test\Healthy\test_000484.jpg,Healthy,1,0.999997,ACCEPT,0.000001,0.999997,0.000000,0.000002,0.000000,
datasets\crop_disease\test\Healthy\test_000485.jpg,Healthy,1,1.000000,ACCEPT,0.000000,1.000000,0.000000,0.000000,0.000000,
datasets\crop_disease\test\Healthy\test_000486.jpg,Healthy,1,0.999993,ACCEPT,0.000005,0.999993,0.000000,0.000002,0.000000,
datasets\crop_disease\test\Healthy\test_000487.jpg,Healthy,1,1.000000,ACCEPT,0.000000,1.000000,0.000000,0.000000,0.000000,
datasets\crop_disease\test\Healthy\test_000488.jpg,Healthy,1,0.999941,ACCEPT,0.000019,0.999941,0.000013,0.000027,0.000000,
datasets\crop_disease\test\Healthy\test_000489.jpg,Healthy,1,1.000000,ACCEPT,0.000000,1.000000,0.000000,0.000000,0.000000,
datasets\crop_disease\test\Healthy\test_000490.jpg,Healthy,1,0.999993,ACCEPT,0.000006,0.999993,0.000001,0.000000,0.000000,
datasets\crop_disease\test\Healthy\test_000491.jpg,Healthy,1,0.999999,ACCEPT,0.000001,0.999999,0.000000,0.000000,0.000000,
datasets\crop_disease\test\Healthy\test_000492.jpg,Healthy,1,0.999975,ACCEPT,0.000025,0.999975,0.000000,0.000000,0.000000,
datasets\crop_disease\test\Healthy\test_000493.jpg,Healthy,1,0.999984,ACCEPT,0.000004,0.999984,0.000011,0.000000,0.000000,
datasets\crop_disease\test\Healthy\test_000494.jpg,Healthy,1,1.000000,ACCEPT,0.000000,1.000000,0.000000,0.000000,0.000000,
datasets\crop_disease\test\Healthy\test_000495.jpg,Healthy,1,1.000000,ACCEPT,0.000001,1.000000,0.000000,0.000000,0.000000,
datasets\crop_disease\test\Healthy\test_000496.jpg,Healthy,1,0.999966,ACCEPT,0.000032,0.999966,0.000002,0.000000,0.000000,
datasets\crop_disease\test\Healthy\test_000497.jpg,Healthy,1,0.999910,ACCEPT,0.000068,0.999910,0.000003,0.000019,0.000000,
datasets\crop_disease\test\Healthy\test_000498.jpg,Healthy,1,0.997056,ACCEPT,0.002900,0.997056,0.000002,0.000042,0.000000,
datasets\crop_disease\test\Healthy\test_000499.jpg,Healthy,1,1.000000,ACCEPT,0.000000,1.000000,0.000000,0.000000,0.000000,
datasets\crop_disease\test\Healthy\test_000500.jpg,Healthy,1,1.000000,ACCEPT,0.000000,1.000000,0.000000,0.000000,0.000000,
datasets\crop_disease\test\Healthy\test_000501.jpg,Healthy,1,1.000000,ACCEPT,0.000000,1.000000,0.000000,0.000000,0.000000,
datasets\crop_disease\test\Healthy\test_000502.jpg,Healthy,1,0.999980,ACCEPT,0.000020,0.999980,0.000000,0.000000,0.000000,
datasets\crop_disease\test\Healthy\test_000503.jpg,Healthy,1,0.999999,ACCEPT,0.000001,0.999999,0.000000,0.000000,0.000000,
datasets\crop_disease\test\Healthy\test_000504.jpg,Healthy,1,0.999997,ACCEPT,0.000002,0.999997,0.000000,0.000001,0.000000,
datasets\crop_disease\test\Healthy\test_000505.jpg,Healthy,1,1.000000,ACCEPT,0.000000,1.000000,0.000000,0.000000,0.000000,
datasets\crop_disease\test\Healthy\test_000506.jpg,Healthy,1,0.999992,ACCEPT,0.000008,0.999992,0.000000,0.000000,0.000000,
datasets\crop_disease\test\Healthy\test_000507.jpg,Healthy,1,0.999998,ACCEPT,0.000002,0.999998,0.000000,0.000000,0.000000,
datasets\crop_disease\test\Healthy\test_000508.jpg,Healthy,1,0.999990,ACCEPT,0.000010,0.999990,0.000000,0.000000,0.000000,
datasets\crop_disease\test\Healthy\test_000509.jpg,Healthy,1,1.000000,ACCEPT,0.000000,1.000000,0.000000,0.000000,0.000000,
datasets\crop_disease\test\Healthy\test_000510.jpg,Healthy,1,1.000000,ACCEPT,0.000000,1.000000,0.000000,0.000000,0.000000,
datasets\crop_disease\test\Healthy\test_000511.jpg,Healthy,1,1.000000,ACCEPT,0.000000,1.000000,0.000000,0.000000,0.000000,
datasets\crop_disease\test\Healthy\test_000512.jpg,Healthy,1,0.992049,ACCEPT,0.007519,0.992049,0.000008,0.000423,0.000001,
datasets\crop_disease\test\Healthy\test_000513.jpg,Healthy,1,0.999882,ACCEPT,0.000003,0.999882,0.000000,0.000116,0.000000,
datasets\crop_disease\test\Healthy\test_000514.jpg,Healthy,1,0.999985,ACCEPT,0.000003,0.999985,0.000000,0.000012,0.000000,
datasets\crop_disease\test\Healthy\test_000515.jpg,Healthy,1,1.000000,ACCEPT,0.000000,1.000000,0.000000,0.000000,0.000000,
datasets\crop_disease\test\Healthy\test_000516.jpg,Healthy,1,0.999998,ACCEPT,0.000002,0.999998,0.000000,0.000000,0.000000,
datasets\crop_disease\test\Healthy\test_000517.jpg,Healthy,1,0.994310,ACCEPT,0.005023,0.994310,0.000648,0.000014,0.000005,
datasets\crop_disease\test\Healthy\test_000518.jpg,Healthy,1,0.984988,ACCEPT,0.000108,0.984988,0.000001,0.014903,0.000000,
datasets\crop_disease\test\Healthy\test_000519.jpg,Healthy,1,0.999833,ACCEPT,0.000156,0.999833,0.000000,0.000011,0.000000,
datasets\crop_disease\test\Healthy\test_000520.jpg,Healthy,1,0.966435,ACCEPT,0.005855,0.966435,0.027697,0.000001,0.000012,
datasets\crop_disease\test\Healthy\test_000521.jpg,Healthy,1,0.999995,ACCEPT,0.000005,0.999995,0.000000,0.000000,0.000000,
datasets\crop_disease\test\Healthy\test_000522.jpg,Healthy,1,0.997839,ACCEPT,0.002150,0.997839,0.000010,0.000000,0.000000,
datasets\crop_disease\test\Healthy\test_000523.jpg,Healthy,1,0.999989,ACCEPT,0.000001,0.999989,0.000000,0.000011,0.000000,
datasets\crop_disease\test\Healthy\test_000524.jpg,Healthy,1,0.999971,ACCEPT,0.000016,0.999971,0.000010,0.000003,0.000000,
datasets\crop_disease\test\Healthy\test_000525.jpg,Healthy,1,0.999993,ACCEPT,0.000003,0.999993,0.000004,0.000000,0.000000,
datasets\crop_disease\test\Healthy\test_000526.jpg,Healthy,1,0.999999,ACCEPT,0.000001,0.999999,0.000000,0.000000,0.000000,
datasets\crop_disease\test\Healthy\test_000527.jpg,Healthy,1,0.999236,ACCEPT,0.000010,0.999236,0.000000,0.000754,0.000000,
datasets\crop_disease\test\Healthy\test_000528.jpg,Healthy,1,0.999997,ACCEPT,0.000003,0.999997,0.000000,0.000000,0.000000,
datasets\crop_disease\test\Healthy\test_000529.jpg,Healthy,1,0.999976,ACCEPT,0.000002,0.999976,0.000014,0.000009,0.000000,
datasets\crop_disease\test\Healthy\test_000530.jpg,Healthy,1,0.999880,ACCEPT,0.000108,0.999880,0.000004,0.000008,0.000000,
datasets\crop_disease\test\Healthy\test_000531.jpg,Healthy,1,1.000000,ACCEPT,0.000000,1.000000,0.000000,0.000000,0.000000,
datasets\crop_disease\test\Healthy\test_000532.jpg,Healthy,1,0.999919,ACCEPT,0.000080,0.999919,0.000000,0.000001,0.000000,
datasets\crop_disease\test\Healthy\test_000533.jpg,Healthy,1,0.999997,ACCEPT,0.000003,0.999997,0.000000,0.000000,0.000000,
datasets\crop_disease\test\Healthy\test_000534.jpg,Healthy,1,0.999469,ACCEPT,0.000013,0.999469,0.000517,0.000000,0.000000,
datasets\crop_disease\test\Healthy\test_000535.jpg,Healthy,1,0.999970,ACCEPT,0.000024,0.999970,0.000000,0.000006,0.000000,
datasets\crop_disease\test\Healthy\test_000536.jpg,Healthy,1,0.993789,ACCEPT,0.001731,0.993789,0.003346,0.001132,0.000002,
datasets\crop_disease\test\Healthy\test_000537.jpg,Healthy,1,0.999981,ACCEPT,0.000018,0.999981,0.000000,0.000000,0.000000,
datasets\crop_disease\test\Healthy\test_000538.jpg,Healthy,1,0.998476,ACCEPT,0.001514,0.998476,0.000001,0.000009,0.000000,
datasets\crop_disease\test\Healthy\test_000539.jpg,Healthy,1,0.999997,ACCEPT,0.000003,0.999997,0.000000,0.000000,0.000000,
datasets\crop_disease\test\Healthy\test_000540.jpg,Healthy,1,1.000000,ACCEPT,0.000000,1.000000,0.000000,0.000000,0.000000,
datasets\crop_disease\test\Healthy\test_000541.jpg,Healthy,1,0.999997,ACCEPT,0.000000,0.999997,0.000000,0.000002,0.000000,
datasets\crop_disease\test\Healthy\test_000542.jpg,Healthy,1,1.000000,ACCEPT,0.000000,1.000000,0.000000,0.000000,0.000000,
datasets\crop_disease\test\Healthy\test_000543.jpg,Healthy,1,1.000000,ACCEPT,0.000000,1.000000,0.000000,0.000000,0.000000,
datasets\crop_disease\test\Healthy\test_000544.jpg,Healthy,1,0.999970,ACCEPT,0.000030,0.999970,0.000000,0.000000,0.000000,
datasets\crop_disease\test\Healthy\test_000545.jpg,Healthy,1,0.999998,ACCEPT,0.000002,0.999998,0.000000,0.000000,0.000000,
datasets\crop_disease\test\Healthy\test_000546.jpg,Healthy,1,1.000000,ACCEPT,0.000000,1.000000,0.000000,0.000000,0.000000,
datasets\crop_disease\test\Healthy\test_000547.jpg,Healthy,1,0.999999,ACCEPT,0.000001,0.999999,0.000000,0.000000,0.000000,
datasets\crop_disease\test\Healthy\test_000548.jpg,Healthy,1,1.000000,ACCEPT,0.000000,1.000000,0.000000,0.000000,0.000000,
datasets\crop_disease\test\Healthy\test_000549.jpg,Healthy,1,0.999991,ACCEPT,0.000009,0.999991,0.000000,0.000000,0.000000,
datasets\crop_disease\test\Healthy\test_000550.jpg,Healthy,1,1.000000,ACCEPT,0.000000,1.000000,0.000000,0.000000,0.000000,
datasets\crop_disease\test\Healthy\test_000551.jpg,Healthy,1,0.999999,ACCEPT,0.000000,0.999999,0.000000,0.000001,0.000000,
datasets\crop_disease\test\Healthy\test_000552.jpg,Healthy,1,0.999997,ACCEPT,0.000003,0.999997,0.000000,0.000000,0.000000,
datasets\crop_disease\test\Healthy\test_000553.jpg,Healthy,1,0.999870,ACCEPT,0.000130,0.999870,0.000000,0.000000,0.000000,
datasets\crop_disease\test\Healthy\test_000554.jpg,Healthy,1,0.999615,ACCEPT,0.000114,0.999615,0.000231,0.000039,0.000000,
datasets\crop_disease\test\Healthy\test_000555.jpg,Healthy,1,0.999999,ACCEPT,0.000001,0.999999,0.000000,0.000000,0.000000,
datasets\crop_disease\test\Healthy\test_000556.jpg,Healthy,1,1.000000,ACCEPT,0.000000,1.000000,0.000000,0.000000,0.000000,
datasets\crop_disease\test\Healthy\test_000557.jpg,Healthy,1,0.999869,ACCEPT,0.000108,0.999869,0.000001,0.000023,0.000000,
datasets\crop_disease\test\Healthy\test_000558.jpg,Healthy,1,0.999999,ACCEPT,0.000000,0.999999,0.000000,0.000001,0.000000,
datasets\crop_disease\test\Healthy\test_000559.jpg,Healthy,1,0.999964,ACCEPT,0.000032,0.999964,0.000002,0.000002,0.000000,
datasets\crop_disease\test\Healthy\test_000560.jpg,Healthy,1,0.999859,ACCEPT,0.000034,0.999859,0.000000,0.000106,0.000000,
datasets\crop_disease\test\Healthy\test_000561.jpg,Healthy,1,0.999851,ACCEPT,0.000149,0.999851,0.000000,0.000000,0.000000,
datasets\crop_disease\test\Healthy\test_000562.jpg,Healthy,1,0.999961,ACCEPT,0.000039,0.999961,0.000000,0.000000,0.000000,
datasets\crop_disease\test\Healthy\test_000563.jpg,Healthy,1,0.999994,ACCEPT,0.000003,0.999994,0.000002,0.000000,0.000000,
datasets\crop_disease\test\Healthy\test_000564.jpg,Healthy,1,0.999999,ACCEPT,0.000001,0.999999,0.000000,0.000000,0.000000,
datasets\crop_disease\test\Healthy\test_000565.jpg,Healthy,1,1.000000,ACCEPT,0.000000,1.000000,0.000000,0.000000,0.000000,
datasets\crop_disease\test\Healthy\test_000566.jpg,Healthy,1,1.000000,ACCEPT,0.000000,1.000000,0.000000,0.000000,0.000000,
datasets\crop_disease\test\Healthy\test_000567.jpg,Healthy,1,0.999943,ACCEPT,0.000003,0.999943,0.000000,0.000054,0.000000,
datasets\crop_disease\test\Healthy\test_000568.jpg,Healthy,1,0.999958,ACCEPT,0.000025,0.999958,0.000010,0.000007,0.000000,
datasets\crop_disease\test\Healthy\test_000569.jpg,Healthy,1,0.999999,ACCEPT,0.000001,0.999999,0.000000,0.000000,0.000000,
datasets\crop_disease\test\Healthy\test_000570.jpg,Healthy,1,0.999991,ACCEPT,0.000009,0.999991,0.000000,0.000000,0.000000,
datasets\crop_disease\test\Healthy\test_000571.jpg,Healthy,1,0.999999,ACCEPT,0.000001,0.999999,0.000000,0.000000,0.000000,
datasets\crop_disease\test\Healthy\test_000572.jpg,Healthy,1,0.999746,ACCEPT,0.000005,0.999746,0.000001,0.000249,0.000000,
datasets\crop_disease\test\Healthy\test_000573.jpg,Healthy,1,0.999963,ACCEPT,0.000032,0.999963,0.000006,0.000000,0.000000,
datasets\crop_disease\test\Healthy\test_000574.jpg,Healthy,1,1.000000,ACCEPT,0.000000,1.000000,0.000000,0.000000,0.000000,
datasets\crop_disease\test\Healthy\test_000575.jpg,Healthy,1,0.999985,ACCEPT,0.000015,0.999985,0.000000,0.000000,0.000000,
datasets\crop_disease\test\Healthy\test_000576.jpg,Healthy,1,0.999997,ACCEPT,0.000003,0.999997,0.000000,0.000000,0.000000,
datasets\crop_disease\test\Healthy\test_000577.jpg,Healthy,1,0.999946,ACCEPT,0.000034,0.999946,0.000020,0.000000,0.000000,
datasets\crop_disease\test\Healthy\test_000578.jpg,Healthy,1,0.999999,ACCEPT,0.000000,0.999999,0.000000,0.000000,0.000000,
datasets\crop_disease\test\Healthy\test_000579.jpg,Healthy,1,0.998856,ACCEPT,0.001143,0.998856,0.000000,0.000001,0.000000,
datasets\crop_disease\test\Healthy\test_000580.jpg,Healthy,1,0.999998,ACCEPT,0.000001,0.999998,0.000000,0.000001,0.000000,
datasets\crop_disease\test\Healthy\test_000581.jpg,Healthy,1,0.999999,ACCEPT,0.000000,0.999999,0.000000,0.000001,0.000000,
datasets\crop_disease\test\Healthy\test_000582.jpg,Healthy,1,0.999853,ACCEPT,0.000108,0.999853,0.000035,0.000002,0.000002,
datasets\crop_disease\test\Healthy\test_000583.jpg,Healthy,1,0.999997,ACCEPT,0.000000,0.999997,0.000003,0.000000,0.000000,
datasets\crop_disease\test\Healthy\test_000584.jpg,Healthy,1,1.000000,ACCEPT,0.000000,1.000000,0.000000,0.000000,0.000000,
datasets\crop_disease\test\Healthy\test_000585.jpg,Healthy,1,1.000000,ACCEPT,0.000000,1.000000,0.000000,0.000000,0.000000,
datasets\crop_disease\test\Healthy\test_000586.jpg,Healthy,1,0.999994,ACCEPT,0.000006,0.999994,0.000000,0.000000,0.000000,
datasets\crop_disease\test\Healthy\test_000587.jpg,Healthy,1,1.000000,ACCEPT,0.000000,1.000000,0.000000,0.000000,0.000000,
datasets\crop_disease\test\Healthy\test_000588.jpg,Healthy,1,1.000000,ACCEPT,0.000000,1.000000,0.000000,0.000000,0.000000,
datasets\crop_disease\test\Healthy\test_000589.jpg,Healthy,1,0.999994,ACCEPT,0.000001,0.999994,0.000000,0.000005,0.000000,
datasets\crop_disease\test\Healthy\test_000590.jpg,Healthy,1,0.999833,ACCEPT,0.000124,0.999833,0.000042,0.000000,0.000000,
datasets\crop_disease\test\Healthy\test_000591.jpg,Healthy,1,0.999996,ACCEPT,0.000001,0.999996,0.000003,0.000001,0.000000,
datasets\crop_disease\test\Healthy\test_000592.jpg,Healthy,1,0.999985,ACCEPT,0.000015,0.999985,0.000000,0.000000,0.000000,
datasets\crop_disease\test\Healthy\test_000593.jpg,Healthy,1,0.999998,ACCEPT,0.000000,0.999998,0.000000,0.000002,0.000000,
datasets\crop_disease\test\Healthy\test_000594.jpg,Healthy,1,0.999998,ACCEPT,0.000002,0.999998,0.000000,0.000000,0.000000,
datasets\crop_disease\test\Healthy\test_000595.jpg,Healthy,1,1.000000,ACCEPT,0.000000,1.000000,0.000000,0.000000,0.000000,
datasets\crop_disease\test\Healthy\test_000596.jpg,Healthy,1,0.999979,ACCEPT,0.000001,0.999979,0.000000,0.000020,0.000000,
datasets\crop_disease\test\Healthy\test_000597.jpg,Healthy,1,0.999985,ACCEPT,0.000001,0.999985,0.000000,0.000014,0.000000,
datasets\crop_disease\test\Healthy\test_000598.jpg,Healthy,1,1.000000,ACCEPT,0.000000,1.000000,0.000000,0.000000,0.000000,
datasets\crop_disease\test\Healthy\test_000599.jpg,Healthy,1,0.964503,ACCEPT,0.033459,0.964503,0.000386,0.001652,0.000001,
datasets\crop_disease\test\Healthy\test_000600.jpg,Healthy,1,1.000000,ACCEPT,0.000001,1.000000,0.000000,0.000000,0.000000,
datasets\crop_disease\test\Healthy\test_000601.jpg,Healthy,1,1.000000,ACCEPT,0.000000,1.000000,0.000000,0.000000,0.000000,
datasets\crop_disease\test\Healthy\test_000602.jpg,Healthy,1,0.999930,ACCEPT,0.000014,0.999930,0.000000,0.000056,0.000000,
datasets\crop_disease\test\Healthy\test_000603.jpg,Healthy,1,0.999997,ACCEPT,0.000001,0.999997,0.000000,0.000001,0.000000,
datasets\crop_disease\test\Healthy\test_000604.jpg,Healthy,1,0.999957,ACCEPT,0.000027,0.999957,0.000015,0.000000,0.000000,
datasets\crop_disease\test\Healthy\test_000605.jpg,Healthy,1,1.000000,ACCEPT,0.000000,1.000000,0.000000,0.000000,0.000000,
datasets\crop_disease\test\Healthy\test_000606.jpg,Healthy,1,1.000000,ACCEPT,0.000000,1.000000,0.000000,0.000000,0.000000,
datasets\crop_disease\test\Healthy\test_000607.jpg,Healthy,1,1.000000,ACCEPT,0.000000,1.000000,0.000000,0.000000,0.000000,
datasets\crop_disease\test\Healthy\test_000608.jpg,Healthy,1,0.998849,ACCEPT,0.001147,0.998849,0.000004,0.000000,0.000000,
datasets\crop_disease\test\Healthy\test_000609.jpg,Healthy,1,1.000000,ACCEPT,0.000000,1.000000,0.000000,0.000000,0.000000,
datasets\crop_disease\test\Healthy\test_000610.jpg,Healthy,1,0.999982,ACCEPT,0.000015,0.999982,0.000001,0.000002,0.000000,
datasets\crop_disease\test\Healthy\test_000611.jpg,Healthy,1,1.000000,ACCEPT,0.000000,1.000000,0.000000,0.000000,0.000000,
datasets\crop_disease\test\Healthy\test_000612.jpg,Healthy,1,0.999436,ACCEPT,0.000418,0.999436,0.000003,0.000142,0.000000,
datasets\crop_disease\test\Healthy\test_000613.jpg,Healthy,1,0.999993,ACCEPT,0.000006,0.999993,0.000000,0.000000,0.000000,
datasets\crop_disease\test\Healthy\test_000614.jpg,Healthy,1,1.000000,ACCEPT,0.000000,1.000000,0.000000,0.000000,0.000000,
datasets\crop_disease\test\Healthy\test_000615.jpg,Healthy,1,1.000000,ACCEPT,0.000000,1.000000,0.000000,0.000000,0.000000,
datasets\crop_disease\test\Healthy\test_000616.jpg,Healthy,1,0.999924,ACCEPT,0.000076,0.999924,0.000000,0.000000,0.000000,
datasets\crop_disease\test\Healthy\test_000617.jpg,Healthy,1,1.000000,ACCEPT,0.000000,1.000000,0.000000,0.000000,0.000000,
datasets\crop_disease\test\Healthy\test_000618.jpg,Healthy,1,0.999994,ACCEPT,0.000006,0.999994,0.000000,0.000000,0.000000,
datasets\crop_disease\test\Healthy\test_000619.jpg,Healthy,1,0.999998,ACCEPT,0.000002,0.999998,0.000000,0.000000,0.000000,
datasets\crop_disease\test\Healthy\test_000620.jpg,Healthy,1,0.992009,ACCEPT,0.007987,0.992009,0.000001,0.000004,0.000000,
datasets\crop_disease\test\Healthy\test_000621.jpg,Healthy,1,0.999999,ACCEPT,0.000001,0.999999,0.000000,0.000000,0.000000,
datasets\crop_disease\test\Healthy\test_000622.jpg,Healthy,1,0.999974,ACCEPT,0.000023,0.999974,0.000000,0.000002,0.000000,
datasets\crop_disease\test\Healthy\test_000623.jpg,Healthy,1,0.999999,ACCEPT,0.000001,0.999999,0.000000,0.000000,0.000000,
datasets\crop_disease\test\Healthy\test_000624.jpg,Healthy,1,0.999992,ACCEPT,0.000001,0.999992,0.000000,0.000007,0.000000,
datasets\crop_disease\test\Healthy\test_000625.jpg,Healthy,1,1.000000,ACCEPT,0.000000,1.000000,0.000000,0.000000,0.000000,
datasets\crop_disease\test\Healthy\test_000626.jpg,Healthy,1,0.999706,ACCEPT,0.000284,0.999706,0.000005,0.000003,0.000002,
datasets\crop_disease\test\Healthy\test_000627.jpg,Healthy,1,0.999995,ACCEPT,0.000005,0.999995,0.000000,0.000000,0.000000,
datasets\crop_disease\test\Healthy\test_000628.jpg,Healthy,1,0.998513,ACCEPT,0.001445,0.998513,0.000039,0.000002,0.000000,
datasets\crop_disease\test\Healthy\test_000629.jpg,Healthy,1,0.999998,ACCEPT,0.000002,0.999998,0.000000,0.000000,0.000000,
datasets\crop_disease\test\Healthy\test_000630.jpg,Healthy,1,1.000000,ACCEPT,0.000000,1.000000,0.000000,0.000000,0.000000,
datasets\crop_disease\test\Healthy\test_000631.jpg,Healthy,1,0.999999,ACCEPT,0.000001,0.999999,0.000000,0.000000,0.000000,
datasets\crop_disease\test\Healthy\test_000632.jpg,Healthy,1,0.999999,ACCEPT,0.000000,0.999999,0.000000,0.000001,0.000000,
datasets\crop_disease\test\Healthy\test_000633.jpg,Healthy,1,0.999999,ACCEPT,0.000001,0.999999,0.000000,0.000000,0.000000,
datasets\crop_disease\test\Healthy\test_000634.jpg,Healthy,1,0.999999,ACCEPT,0.000000,0.999999,0.000001,0.000000,0.000000,
datasets\crop_disease\test\Healthy\test_000635.jpg,Healthy,1,1.000000,ACCEPT,0.000000,1.000000,0.000000,0.000000,0.000000,
datasets\crop_disease\test\Healthy\test_000636.jpg,Healthy,1,1.000000,ACCEPT,0.000000,1.000000,0.000000,0.000000,0.000000,
datasets\crop_disease\test\Healthy\test_000637.jpg,Healthy,1,1.000000,ACCEPT,0.000000,1.000000,0.000000,0.000000,0.000000,
datasets\crop_disease\test\Healthy\test_000638.jpg,Healthy,1,0.999971,ACCEPT,0.000000,0.999971,0.000027,0.000002,0.000000,
datasets\crop_disease\test\Healthy\test_000639.jpg,Healthy,1,0.999997,ACCEPT,0.000003,0.999997,0.000000,0.000000,0.000000,
datasets\crop_disease\test\Healthy\test_000640.jpg,Healthy,1,0.999999,ACCEPT,0.000000,0.999999,0.000000,0.000000,0.000000,
datasets\crop_disease\test\Healthy\test_000641.jpg,Healthy,1,1.000000,ACCEPT,0.000000,1.000000,0.000000,0.000000,0.000000,
datasets\crop_disease\test\Healthy\test_000642.jpg,Healthy,1,0.999886,ACCEPT,0.000002,0.999886,0.000005,0.000106,0.000000,
datasets\crop_disease\test\Healthy\test_000643.jpg,Healthy,1,0.999997,ACCEPT,0.000002,0.999997,0.000000,0.000001,0.000000,
datasets\crop_disease\test\Healthy\test_000644.jpg,Healthy,1,1.000000,ACCEPT,0.000000,1.000000,0.000000,0.000000,0.000000,
datasets\crop_disease\test\Healthy\test_000645.jpg,Healthy,1,1.000000,ACCEPT,0.000000,1.000000,0.000000,0.000000,0.000000,
datasets\crop_disease\test\Healthy\test_000646.jpg,Healthy,1,1.000000,ACCEPT,0.000000,1.000000,0.000000,0.000000,0.000000,
datasets\crop_disease\test\Healthy\test_000647.jpg,Healthy,1,1.000000,ACCEPT,0.000000,1.000000,0.000000,0.000000,0.000000,
datasets\crop_disease\test\Healthy\test_000648.jpg,Healthy,1,0.999994,ACCEPT,0.000005,0.999994,0.000001,0.000000,0.000000,
datasets\crop_disease\test\Healthy\test_000649.jpg,Healthy,1,0.999996,ACCEPT,0.000000,0.999996,0.000003,0.000000,0.000000,
datasets\crop_disease\test\Healthy\test_000650.jpg,Healthy,1,0.999999,ACCEPT,0.000001,0.999999,0.000000,0.000000,0.000000,
datasets\crop_disease\test\Healthy\test_000651.jpg,Healthy,1,1.000000,ACCEPT,0.000000,1.000000,0.000000,0.000000,0.000000,
datasets\crop_disease\test\Healthy\test_000652.jpg,Healthy,1,0.999999,ACCEPT,0.000000,0.999999,0.000000,0.000000,0.000000,
datasets\crop_disease\test\Healthy\test_000653.jpg,Healthy,1,0.999994,ACCEPT,0.000001,0.999994,0.000004,0.000001,0.000000,
datasets\crop_disease\test\Healthy\test_000654.jpg,Healthy,1,0.999998,ACCEPT,0.000000,0.999998,0.000002,0.000000,0.000000,
datasets\crop_disease\test\Healthy\test_000655.jpg,Healthy,1,1.000000,ACCEPT,0.000000,1.000000,0.000000,0.000000,0.000000,
datasets\crop_disease\test\Healthy\test_000656.jpg,Healthy,1,1.000000,ACCEPT,0.000000,1.000000,0.000000,0.000000,0.000000,
datasets\crop_disease\test\Healthy\test_000657.jpg,Healthy,1,0.999997,ACCEPT,0.000000,0.999997,0.000001,0.000002,0.000000,
datasets\crop_disease\test\Healthy\test_000658.jpg,Healthy,1,1.000000,ACCEPT,0.000000,1.000000,0.000000,0.000000,0.000000,
datasets\crop_disease\test\Healthy\test_000659.jpg,Healthy,1,1.000000,ACCEPT,0.000000,1.000000,0.000000,0.000000,0.000000,
datasets\crop_disease\test\Healthy\test_000660.jpg,Healthy,1,0.999996,ACCEPT,0.000000,0.999996,0.000004,0.000000,0.000000,
datasets\crop_disease\test\Healthy\test_000661.jpg,Healthy,1,1.000000,ACCEPT,0.000000,1.000000,0.000000,0.000000,0.000000,
datasets\crop_disease\test\Healthy\test_000662.jpg,Healthy,1,0.999998,ACCEPT,0.000001,0.999998,0.000000,0.000001,0.000000,
datasets\crop_disease\test\Healthy\test_000663.jpg,Healthy,1,1.000000,ACCEPT,0.000000,1.000000,0.000000,0.000000,0.000000,
datasets\crop_disease\test\Healthy\test_000664.jpg,Healthy,1,1.000000,ACCEPT,0.000000,1.000000,0.000000,0.000000,0.000000,
datasets\crop_disease\test\Healthy\test_000665.jpg,Healthy,1,1.000000,ACCEPT,0.000000,1.000000,0.000000,0.000000,0.000000,
datasets\crop_disease\test\Healthy\test_000666.jpg,Healthy,1,1.000000,ACCEPT,0.000000,1.000000,0.000000,0.000000,0.000000,
datasets\crop_disease\test\Healthy\test_000667.jpg,Healthy,1,1.000000,ACCEPT,0.000000,1.000000,0.000000,0.000000,0.000000,
datasets\crop_disease\test\Healthy\test_000668.jpg,Healthy,1,1.000000,ACCEPT,0.000000,1.000000,0.000000,0.000000,0.000000,
datasets\crop_disease\test\Healthy\test_000669.jpg,Healthy,1,1.000000,ACCEPT,0.000000,1.000000,0.000000,0.000000,0.000000,
datasets\crop_disease\test\Healthy\test_000670.jpg,Healthy,1,1.000000,ACCEPT,0.000000,1.000000,0.000000,0.000000,0.000000,
datasets\crop_disease\test\Healthy\test_000671.jpg,Healthy,1,0.999973,ACCEPT,0.000020,0.999973,0.000004,0.000003,0.000000,
datasets\crop_disease\test\Healthy\test_000672.jpg,Healthy,1,1.000000,ACCEPT,0.000000,1.000000,0.000000,0.000000,0.000000,
datasets\crop_disease\test\Healthy\test_000673.jpg,Healthy,1,1.000000,ACCEPT,0.000000,1.000000,0.000000,0.000000,0.000000,
datasets\crop_disease\test\Healthy\test_000674.jpg,Healthy,1,1.000000,ACCEPT,0.000000,1.000000,0.000000,0.000000,0.000000,
datasets\crop_disease\test\Healthy\test_000675.jpg,Healthy,1,1.000000,ACCEPT,0.000000,1.000000,0.000000,0.000000,0.000000,
datasets\crop_disease\test\Healthy\test_000676.jpg,Healthy,1,1.000000,ACCEPT,0.000000,1.000000,0.000000,0.000000,0.000000,
datasets\crop_disease\test\Healthy\test_000677.jpg,Healthy,1,0.999985,ACCEPT,0.000004,0.999985,0.000000,0.000012,0.000000,
datasets\crop_disease\test\Healthy\test_000678.jpg,Healthy,1,1.000000,ACCEPT,0.000000,1.000000,0.000000,0.000000,0.000000,
datasets\crop_disease\test\Healthy\test_000679.jpg,Healthy,1,1.000000,ACCEPT,0.000000,1.000000,0.000000,0.000000,0.000000,
datasets\crop_disease\test\Healthy\test_000680.jpg,Healthy,1,1.000000,ACCEPT,0.000000,1.000000,0.000000,0.000000,0.000000,
datasets\crop_disease\test\Healthy\test_000681.jpg,Healthy,1,1.000000,ACCEPT,0.000000,1.000000,0.000000,0.000000,0.000000,
datasets\crop_disease\test\Healthy\test_000682.jpg,Healthy,1,0.907014,ACCEPT,0.000028,0.907014,0.092926,0.000031,0.000000,
datasets\crop_disease\test\Healthy\test_000683.jpg,Healthy,1,1.000000,ACCEPT,0.000000,1.000000,0.000000,0.000000,0.000000,
datasets\crop_disease\test\Healthy\test_000684.jpg,Healthy,1,0.999993,ACCEPT,0.000000,0.999993,0.000007,0.000000,0.000000,
datasets\crop_disease\test\Healthy\test_000685.jpg,Healthy,1,1.000000,ACCEPT,0.000000,1.000000,0.000000,0.000000,0.000000,
datasets\crop_disease\test\Healthy\test_000686.jpg,Healthy,1,1.000000,ACCEPT,0.000000,1.000000,0.000000,0.000000,0.000000,
datasets\crop_disease\test\Healthy\test_000687.jpg,Healthy,1,1.000000,ACCEPT,0.000000,1.000000,0.000000,0.000000,0.000000,
datasets\crop_disease\test\Healthy\test_000688.jpg,Healthy,1,1.000000,ACCEPT,0.000000,1.000000,0.000000,0.000000,0.000000,
datasets\crop_disease\test\Healthy\test_000689.jpg,Healthy,1,1.000000,ACCEPT,0.000000,1.000000,0.000000,0.000000,0.000000,
datasets\crop_disease\test\Healthy\test_000690.jpg,Healthy,1,0.999436,ACCEPT,0.000001,0.999436,0.000563,0.000000,0.000000,
datasets\crop_disease\test\Healthy\test_000691.jpg,Healthy,1,0.999993,ACCEPT,0.000000,0.999993,0.000006,0.000000,0.000000,
datasets\crop_disease\test\Healthy\test_000692.jpg,Healthy,1,1.000000,ACCEPT,0.000000,1.000000,0.000000,0.000000,0.000000,
datasets\crop_disease\test\Healthy\test_000693.jpg,Healthy,1,1.000000,ACCEPT,0.000000,1.000000,0.000000,0.000000,0.000000,
datasets\crop_disease\test\Healthy\test_000694.jpg,Healthy,1,1.000000,ACCEPT,0.000000,1.000000,0.000000,0.000000,0.000000,
datasets\crop_disease\test\Healthy\test_000695.jpg,Healthy,1,0.999999,ACCEPT,0.000000,0.999999,0.000001,0.000000,0.000000,
datasets\crop_disease\test\Healthy\test_000696.jpg,Healthy,1,1.000000,ACCEPT,0.000000,1.000000,0.000000,0.000000,0.000000,
datasets\crop_disease\test\Healthy\test_000697.jpg,Healthy,1,1.000000,ACCEPT,0.000000,1.000000,0.000000,0.000000,0.000000,
datasets\crop_disease\test\Healthy\test_000698.jpg,Healthy,1,0.998693,ACCEPT,0.000004,0.998693,0.001303,0.000000,0.000000,
datasets\crop_disease\test\Healthy\test_000699.jpg,Healthy,1,0.999998,ACCEPT,0.000001,0.999998,0.000001,0.000000,0.000000,
datasets\crop_disease\test\Healthy\test_000700.jpg,Healthy,1,1.000000,ACCEPT,0.000000,1.000000,0.000000,0.000000,0.000000,
datasets\crop_disease\test\Healthy\test_000701.jpg,Healthy,1,1.000000,ACCEPT,0.000000,1.000000,0.000000,0.000000,0.000000,
datasets\crop_disease\test\Healthy\test_000702.jpg,Healthy,1,0.999716,ACCEPT,0.000046,0.999716,0.000230,0.000009,0.000000,
datasets\crop_disease\test\Healthy\test_000703.jpg,Healthy,1,1.000000,ACCEPT,0.000000,1.000000,0.000000,0.000000,0.000000,
datasets\crop_disease\test\Healthy\test_000704.jpg,Healthy,1,1.000000,ACCEPT,0.000000,1.000000,0.000000,0.000000,0.000000,
datasets\crop_disease\test\Healthy\test_000705.jpg,Healthy,1,1.000000,ACCEPT,0.000000,1.000000,0.000000,0.000000,0.000000,
datasets\crop_disease\test\Healthy\test_000706.jpg,Healthy,1,0.999999,ACCEPT,0.000000,0.999999,0.000001,0.000000,0.000000,
datasets\crop_disease\test\Healthy\test_000707.jpg,Healthy,1,1.000000,ACCEPT,0.000000,1.000000,0.000000,0.000000,0.000000,
datasets\crop_disease\test\Healthy\test_000708.jpg,Healthy,1,1.000000,ACCEPT,0.000000,1.000000,0.000000,0.000000,0.000000,
datasets\crop_disease\test\Healthy\test_000709.jpg,Healthy,1,0.999991,ACCEPT,0.000001,0.999991,0.000000,0.000008,0.000000,
datasets\crop_disease\test\Healthy\test_000710.jpg,Healthy,1,1.000000,ACCEPT,0.000000,1.000000,0.000000,0.000000,0.000000,
datasets\crop_disease\test\Healthy\test_000711.jpg,Healthy,1,0.999999,ACCEPT,0.000000,0.999999,0.000000,0.000001,0.000000,
datasets\crop_disease\test\Healthy\test_000712.jpg,Healthy,1,1.000000,ACCEPT,0.000000,1.000000,0.000000,0.000000,0.000000,
datasets\crop_disease\test\Healthy\test_000713.jpg,Healthy,1,1.000000,ACCEPT,0.000000,1.000000,0.000000,0.000000,0.000000,
datasets\crop_disease\test\Healthy\test_000714.jpg,Healthy,1,1.000000,ACCEPT,0.000000,1.000000,0.000000,0.000000,0.000000,
datasets\crop_disease\test\Healthy\test_000715.jpg,Healthy,1,0.999390,ACCEPT,0.000000,0.999390,0.000609,0.000001,0.000000,
datasets\crop_disease\test\Healthy\test_000716.jpg,Healthy,1,1.000000,ACCEPT,0.000000,1.000000,0.000000,0.000000,0.000000,
datasets\crop_disease\test\Healthy\test_000717.jpg,Healthy,1,1.000000,ACCEPT,0.000000,1.000000,0.000000,0.000000,0.000000,
datasets\crop_disease\test\Healthy\test_000718.jpg,Healthy,1,1.000000,ACCEPT,0.000000,1.000000,0.000000,0.000000,0.000000,
datasets\crop_disease\test\Healthy\test_000719.jpg,Healthy,1,0.999990,ACCEPT,0.000000,0.999990,0.000010,0.000000,0.000000,
datasets\crop_disease\test\Healthy\test_000720.jpg,Healthy,1,1.000000,ACCEPT,0.000000,1.000000,0.000000,0.000000,0.000000,
datasets\crop_disease\test\Healthy\test_000721.jpg,Healthy,1,1.000000,ACCEPT,0.000000,1.000000,0.000000,0.000000,0.000000,
datasets\crop_disease\test\Healthy\test_000722.jpg,Healthy,1,1.000000,ACCEPT,0.000000,1.000000,0.000000,0.000000,0.000000,
datasets\crop_disease\test\Healthy\test_000723.jpg,Healthy,1,1.000000,ACCEPT,0.000000,1.000000,0.000000,0.000000,0.000000,
datasets\crop_disease\test\Healthy\test_000724.jpg,Healthy,1,1.000000,ACCEPT,0.000000,1.000000,0.000000,0.000000,0.000000,
datasets\crop_disease\test\Healthy\test_000725.jpg,Healthy,1,0.999986,ACCEPT,0.000000,0.999986,0.000007,0.000007,0.000000,
datasets\crop_disease\test\Healthy\test_000726.jpg,Healthy,1,1.000000,ACCEPT,0.000000,1.000000,0.000000,0.000000,0.000000,
datasets\crop_disease\test\Healthy\test_000727.jpg,Healthy,1,0.999980,ACCEPT,0.000000,0.999980,0.000000,0.000020,0.000000,
datasets\crop_disease\test\Healthy\test_000728.jpg,Healthy,1,1.000000,ACCEPT,0.000000,1.000000,0.000000,0.000000,0.000000,
datasets\crop_disease\test\Healthy\test_000729.jpg,Healthy,1,1.000000,ACCEPT,0.000000,1.000000,0.000000,0.000000,0.000000,
datasets\crop_disease\test\Healthy\test_000730.jpg,Healthy,1,1.000000,ACCEPT,0.000000,1.000000,0.000000,0.000000,0.000000,
datasets\crop_disease\test\Healthy\test_000731.jpg,Healthy,1,1.000000,ACCEPT,0.000000,1.000000,0.000000,0.000000,0.000000,
datasets\crop_disease\test\Healthy\test_000732.jpg,Healthy,1,1.000000,ACCEPT,0.000000,1.000000,0.000000,0.000000,0.000000,
datasets\crop_disease\test\Healthy\test_000733.jpg,Healthy,1,1.000000,ACCEPT,0.000000,1.000000,0.000000,0.000000,0.000000,
datasets\crop_disease\test\Healthy\test_000734.jpg,Healthy,1,0.999113,ACCEPT,0.000000,0.999113,0.000887,0.000000,0.000000,
datasets\crop_disease\test\Healthy\test_000735.jpg,Healthy,1,0.657144,ACCEPT,0.030463,0.657144,0.298988,0.012926,0.000480,
datasets\crop_disease\test\Healthy\test_000736.jpg,Healthy,1,1.000000,ACCEPT,0.000000,1.000000,0.000000,0.000000,0.000000,
datasets\crop_disease\test\Healthy\test_000737.jpg,Healthy,1,0.993564,ACCEPT,0.000001,0.993564,0.006393,0.000040,0.000002,
datasets\crop_disease\test\Healthy\test_000738.jpg,Healthy,1,1.000000,ACCEPT,0.000000,1.000000,0.000000,0.000000,0.000000,
datasets\crop_disease\test\Healthy\test_000739.jpg,Healthy,1,1.000000,ACCEPT,0.000000,1.000000,0.000000,0.000000,0.000000,
datasets\crop_disease\test\Healthy\test_000740.jpg,Healthy,1,1.000000,ACCEPT,0.000000,1.000000,0.000000,0.000000,0.000000,
datasets\crop_disease\test\Healthy\test_000741.jpg,Healthy,1,1.000000,ACCEPT,0.000000,1.000000,0.000000,0.000000,0.000000,
datasets\crop_disease\test\Healthy\test_000742.jpg,Healthy,1,1.000000,ACCEPT,0.000000,1.000000,0.000000,0.000000,0.000000,
datasets\crop_disease\test\Healthy\test_000743.jpg,Healthy,1,0.999998,ACCEPT,0.000000,0.999998,0.000001,0.000000,0.000000,
datasets\crop_disease\test\Healthy\test_000744.jpg,Healthy,1,1.000000,ACCEPT,0.000000,1.000000,0.000000,0.000000,0.000000,
datasets\crop_disease\test\Healthy\test_000745.jpg,Healthy,1,0.999999,ACCEPT,0.000000,0.999999,0.000001,0.000000,0.000000,
datasets\crop_disease\test\Healthy\test_000746.jpg,Healthy,1,1.000000,ACCEPT,0.000000,1.000000,0.000000,0.000000,0.000000,
datasets\crop_disease\test\Healthy\test_000747.jpg,Healthy,1,1.000000,ACCEPT,0.000000,1.000000,0.000000,0.000000,0.000000,
datasets\crop_disease\test\Healthy\test_000748.jpg,Healthy,1,1.000000,ACCEPT,0.000000,1.000000,0.000000,0.000000,0.000000,
datasets\crop_disease\test\Healthy\test_000749.jpg,Healthy,1,1.000000,ACCEPT,0.000000,1.000000,0.000000,0.000000,0.000000,
datasets\crop_disease\test\Healthy\test_000750.jpg,Healthy,1,1.000000,ACCEPT,0.000000,1.000000,0.000000,0.000000,0.000000,
datasets\crop_disease\test\Healthy\test_000751.jpg,Healthy,1,0.999999,ACCEPT,0.000000,0.999999,0.000001,0.000000,0.000000,
datasets\crop_disease\test\Healthy\test_000752.jpg,Healthy,1,1.000000,ACCEPT,0.000000,1.000000,0.000000,0.000000,0.000000,
datasets\crop_disease\test\Healthy\test_000753.jpg,Healthy,1,1.000000,ACCEPT,0.000000,1.000000,0.000000,0.000000,0.000000,
datasets\crop_disease\test\Healthy\test_000754.jpg,Healthy,1,1.000000,ACCEPT,0.000000,1.000000,0.000000,0.000000,0.000000,
datasets\crop_disease\test\Healthy\test_000755.jpg,Healthy,1,1.000000,ACCEPT,0.000000,1.000000,0.000000,0.000000,0.000000,
datasets\crop_disease\test\Healthy\test_000756.jpg,Healthy,1,1.000000,ACCEPT,0.000000,1.000000,0.000000,0.000000,0.000000,
datasets\crop_disease\test\Healthy\test_000757.jpg,Healthy,1,0.999993,ACCEPT,0.000004,0.999993,0.000003,0.000000,0.000000,
datasets\crop_disease\test\Healthy\test_000758.jpg,Healthy,1,1.000000,ACCEPT,0.000000,1.000000,0.000000,0.000000,0.000000,
datasets\crop_disease\test\Healthy\test_000759.jpg,Healthy,1,0.999938,ACCEPT,0.000060,0.999938,0.000001,0.000001,0.000000,
datasets\crop_disease\test\Healthy\test_000760.jpg,Healthy,1,0.999997,ACCEPT,0.000000,0.999997,0.000003,0.000000,0.000000,
datasets\crop_disease\test\Healthy\test_000761.jpg,Healthy,1,1.000000,ACCEPT,0.000000,1.000000,0.000000,0.000000,0.000000,
datasets\crop_disease\test\Healthy\test_000762.jpg,Healthy,1,1.000000,ACCEPT,0.000000,1.000000,0.000000,0.000000,0.000000,
datasets\crop_disease\test\Healthy\test_000763.jpg,Healthy,1,1.000000,ACCEPT,0.000000,1.000000,0.000000,0.000000,0.000000,
datasets\crop_disease\test\Healthy\test_000764.jpg,Healthy,1,1.000000,ACCEPT,0.000000,1.000000,0.000000,0.000000,0.000000,
datasets\crop_disease\test\Healthy\test_000765.jpg,Healthy,1,1.000000,ACCEPT,0.000000,1.000000,0.000000,0.000000,0.000000,
datasets\crop_disease\test\Healthy\test_000766.jpg,Healthy,1,1.000000,ACCEPT,0.000000,1.000000,0.000000,0.000000,0.000000,
datasets\crop_disease\test\Healthy\test_000767.jpg,Healthy,1,0.992876,ACCEPT,0.000001,0.992876,0.007076,0.000047,0.000000,
datasets\crop_disease\test\Healthy\test_000768.jpg,Healthy,1,0.999999,ACCEPT,0.000001,0.999999,0.000000,0.000000,0.000000,
datasets\crop_disease\test\Healthy\test_000769.jpg,Healthy,1,1.000000,ACCEPT,0.000000,1.000000,0.000000,0.000000,0.000000,
datasets\crop_disease\test\Healthy\test_000770.jpg,Healthy,1,1.000000,ACCEPT,0.000000,1.000000,0.000000,0.000000,0.000000,
datasets\crop_disease\test\Healthy\test_000771.jpg,Healthy,1,0.999972,ACCEPT,0.000000,0.999972,0.000028,0.000000,0.000000,
datasets\crop_disease\test\Healthy\test_000772.jpg,Healthy,1,1.000000,ACCEPT,0.000000,1.000000,0.000000,0.000000,0.000000,
datasets\crop_disease\test\Healthy\test_000773.jpg,Healthy,1,1.000000,ACCEPT,0.000000,1.000000,0.000000,0.000000,0.000000,
datasets\crop_disease\test\Healthy\test_000774.jpg,Healthy,1,1.000000,ACCEPT,0.000000,1.000000,0.000000,0.000000,0.000000,
datasets\crop_disease\test\Healthy\test_000775.jpg,Healthy,1,1.000000,ACCEPT,0.000000,1.000000,0.000000,0.000000,0.000000,
datasets\crop_disease\test\Healthy\test_000776.jpg,Healthy,1,1.000000,ACCEPT,0.000000,1.000000,0.000000,0.000000,0.000000,
datasets\crop_disease\test\Healthy\test_000777.jpg,Healthy,1,0.999992,ACCEPT,0.000003,0.999992,0.000001,0.000003,0.000000,
datasets\crop_disease\test\Healthy\test_000778.jpg,Healthy,1,1.000000,ACCEPT,0.000000,1.000000,0.000000,0.000000,0.000000,
datasets\crop_disease\test\Healthy\test_000779.jpg,Healthy,1,1.000000,ACCEPT,0.000000,1.000000,0.000000,0.000000,0.000000,
datasets\crop_disease\test\Healthy\test_000780.jpg,Healthy,1,1.000000,ACCEPT,0.000000,1.000000,0.000000,0.000000,0.000000,
datasets\crop_disease\test\Healthy\test_000781.jpg,Healthy,1,1.000000,ACCEPT,0.000000,1.000000,0.000000,0.000000,0.000000,
datasets\crop_disease\test\Healthy\test_000782.jpg,Healthy,1,0.999999,ACCEPT,0.000000,0.999999,0.000000,0.000001,0.000000,
datasets\crop_disease\test\Healthy\test_000783.jpg,Healthy,1,1.000000,ACCEPT,0.000000,1.000000,0.000000,0.000000,0.000000,
datasets\crop_disease\test\Healthy\test_000784.jpg,Healthy,1,0.999986,ACCEPT,0.000000,0.999986,0.000014,0.000000,0.000000,
datasets\crop_disease\test\Healthy\test_000785.jpg,Healthy,1,1.000000,ACCEPT,0.000000,1.000000,0.000000,0.000000,0.000000,
datasets\crop_disease\test\Healthy\test_000786.jpg,Healthy,1,1.000000,ACCEPT,0.000000,1.000000,0.000000,0.000000,0.000000,
datasets\crop_disease\test\Healthy\test_000787.jpg,Healthy,1,0.999998,ACCEPT,0.000000,0.999998,0.000000,0.000001,0.000000,
datasets\crop_disease\test\Healthy\test_000788.jpg,Healthy,1,0.999770,ACCEPT,0.000000,0.999770,0.000229,0.000000,0.000000,
datasets\crop_disease\test\Healthy\test_000789.jpg,Healthy,1,1.000000,ACCEPT,0.000000,1.000000,0.000000,0.000000,0.000000,
datasets\crop_disease\test\Healthy\test_000790.jpg,Healthy,1,0.999443,ACCEPT,0.000534,0.999443,0.000013,0.000010,0.000000,
datasets\crop_disease\test\Healthy\test_000791.jpg,Healthy,1,0.999999,ACCEPT,0.000000,0.999999,0.000000,0.000001,0.000000,
datasets\crop_disease\test\Healthy\test_000792.jpg,Healthy,1,1.000000,ACCEPT,0.000000,1.000000,0.000000,0.000000,0.000000,
datasets\crop_disease\test\Healthy\test_000793.jpg,Healthy,1,1.000000,ACCEPT,0.000000,1.000000,0.000000,0.000000,0.000000,
datasets\crop_disease\test\Healthy\test_000794.jpg,Healthy,1,1.000000,ACCEPT,0.000000,1.000000,0.000000,0.000000,0.000000,
datasets\crop_disease\test\Healthy\test_000795.jpg,Healthy,1,1.000000,ACCEPT,0.000000,1.000000,0.000000,0.000000,0.000000,
datasets\crop_disease\test\Healthy\test_000796.jpg,Healthy,1,0.999800,ACCEPT,0.000000,0.999800,0.000000,0.000200,0.000000,
datasets\crop_disease\test\Healthy\test_000797.jpg,Healthy,1,0.999998,ACCEPT,0.000000,0.999998,0.000001,0.000000,0.000000,
datasets\crop_disease\test\Healthy\test_000798.jpg,Healthy,1,0.999998,ACCEPT,0.000002,0.999998,0.000000,0.000000,0.000000,
datasets\crop_disease\test\Healthy\test_000799.jpg,Healthy,1,0.999950,ACCEPT,0.000041,0.999950,0.000007,0.000002,0.000000,
datasets\crop_disease\test\Healthy\test_000800.jpg,Healthy,1,1.000000,ACCEPT,0.000000,1.000000,0.000000,0.000000,0.000000,
datasets\crop_disease\test\Healthy\test_000801.jpg,Healthy,1,0.999999,ACCEPT,0.000000,0.999999,0.000000,0.000000,0.000000,
datasets\crop_disease\test\Healthy\test_000802.jpg,Healthy,1,1.000000,ACCEPT,0.000000,1.000000,0.000000,0.000000,0.000000,
datasets\crop_disease\test\Healthy\test_000803.jpg,Healthy,1,0.999998,ACCEPT,0.000002,0.999998,0.000000,0.000000,0.000000,
datasets\crop_disease\test\Healthy\test_000804.jpg,Healthy,1,1.000000,ACCEPT,0.000000,1.000000,0.000000,0.000000,0.000000,
datasets\crop_disease\test\Healthy\test_000805.jpg,Healthy,1,1.000000,ACCEPT,0.000000,1.000000,0.000000,0.000000,0.000000,
datasets\crop_disease\test\Healthy\test_000806.jpg,Healthy,1,1.000000,ACCEPT,0.000000,1.000000,0.000000,0.000000,0.000000,
datasets\crop_disease\test\Healthy\test_000807.jpg,Healthy,1,0.999999,ACCEPT,0.000001,0.999999,0.000000,0.000000,0.000000,
datasets\crop_disease\test\Healthy\test_000808.jpg,Healthy,1,1.000000,ACCEPT,0.000000,1.000000,0.000000,0.000000,0.000000,
datasets\crop_disease\test\Healthy\test_000809.jpg,Healthy,1,0.999993,ACCEPT,0.000000,0.999993,0.000007,0.000000,0.000000,
datasets\crop_disease\test\Healthy\test_000810.jpg,Healthy,1,1.000000,ACCEPT,0.000000,1.000000,0.000000,0.000000,0.000000,
datasets\crop_disease\test\Healthy\test_000811.jpg,Healthy,1,1.000000,ACCEPT,0.000000,1.000000,0.000000,0.000000,0.000000,
datasets\crop_disease\test\Healthy\test_000812.jpg,Healthy,1,1.000000,ACCEPT,0.000000,1.000000,0.000000,0.000000,0.000000,
datasets\crop_disease\test\Healthy\test_000813.jpg,Healthy,1,0.999992,ACCEPT,0.000006,0.999992,0.000002,0.000000,0.000000,
datasets\crop_disease\test\Healthy\test_000814.jpg,Healthy,1,0.999893,ACCEPT,0.000048,0.999893,0.000053,0.000001,0.000005,
datasets\crop_disease\test\Healthy\test_000815.jpg,Healthy,1,0.999999,ACCEPT,0.000001,0.999999,0.000001,0.000000,0.000000,
datasets\crop_disease\test\Healthy\test_000816.jpg,Healthy,1,0.999981,ACCEPT,0.000015,0.999981,0.000004,0.000000,0.000000,
datasets\crop_disease\test\Healthy\test_000817.jpg,Healthy,1,1.000000,ACCEPT,0.000000,1.000000,0.000000,0.000000,0.000000,
datasets\crop_disease\test\Healthy\test_000818.jpg,Healthy,1,0.999976,ACCEPT,0.000019,0.999976,0.000004,0.000000,0.000000,
datasets\crop_disease\test\Healthy\test_000819.jpg,Healthy,1,0.999929,ACCEPT,0.000016,0.999929,0.000055,0.000000,0.000000,
datasets\crop_disease\test\Healthy\test_000820.jpg,Healthy,1,0.996387,ACCEPT,0.002717,0.996387,0.000894,0.000000,0.000001,
datasets\crop_disease\test\Healthy\test_000821.jpg,Healthy,1,0.999999,ACCEPT,0.000000,0.999999,0.000001,0.000000,0.000000,
datasets\crop_disease\test\Healthy\test_000822.jpg,Healthy,1,0.999928,ACCEPT,0.000072,0.999928,0.000000,0.000000,0.000000,
datasets\crop_disease\test\Healthy\test_000823.jpg,Healthy,1,1.000000,ACCEPT,0.000000,1.000000,0.000000,0.000000,0.000000,
datasets\crop_disease\test\Healthy\test_000824.jpg,Healthy,1,0.999981,ACCEPT,0.000012,0.999981,0.000005,0.000000,0.000002,
datasets\crop_disease\test\Healthy\test_000825.jpg,Healthy,1,0.999991,ACCEPT,0.000004,0.999991,0.000005,0.000000,0.000000,
datasets\crop_disease\test\Healthy\test_000826.jpg,Healthy,1,0.999989,ACCEPT,0.000007,0.999989,0.000004,0.000000,0.000000,
datasets\crop_disease\test\Healthy\test_000827.jpg,Healthy,1,0.999993,ACCEPT,0.000007,0.999993,0.000000,0.000000,0.000000,
datasets\crop_disease\test\Healthy\test_000828.jpg,Healthy,1,0.999993,ACCEPT,0.000004,0.999993,0.000003,0.000000,0.000000,
datasets\crop_disease\test\Healthy\test_000829.jpg,Healthy,1,0.999886,ACCEPT,0.000005,0.999886,0.000108,0.000000,0.000001,
datasets\crop_disease\test\Healthy\test_000830.jpg,Healthy,1,0.999883,ACCEPT,0.000116,0.999883,0.000001,0.000000,0.000000,
datasets\crop_disease\test\Healthy\test_000831.jpg,Healthy,1,0.999577,ACCEPT,0.000361,0.999577,0.000053,0.000007,0.000001,
datasets\crop_disease\test\Healthy\test_000832.jpg,Healthy,1,0.998033,ACCEPT,0.001880,0.998033,0.000081,0.000000,0.000006,
datasets\crop_disease\test\Healthy\test_000833.jpg,Healthy,1,0.999983,ACCEPT,0.000002,0.999983,0.000013,0.000000,0.000002,
datasets\crop_disease\test\Healthy\test_000834.jpg,Healthy,1,0.999893,ACCEPT,0.000031,0.999893,0.000050,0.000000,0.000025,
datasets\crop_disease\test\Healthy\test_000835.jpg,Healthy,1,0.999995,ACCEPT,0.000003,0.999995,0.000002,0.000000,0.000000,
datasets\crop_disease\test\Healthy\test_000836.jpg,Healthy,1,0.999988,ACCEPT,0.000010,0.999988,0.000002,0.000000,0.000000,
datasets\crop_disease\test\Healthy\test_000837.jpg,Healthy,1,0.999993,ACCEPT,0.000002,0.999993,0.000005,0.000000,0.000000,
datasets\crop_disease\test\Healthy\test_000838.jpg,Healthy,1,0.999581,ACCEPT,0.000055,0.999581,0.000343,0.000007,0.000013,
datasets\crop_disease\test\Healthy\test_000839.jpg,Healthy,1,0.999998,ACCEPT,0.000002,0.999998,0.000000,0.000000,0.000000,
datasets\crop_disease\test\Healthy\test_000840.jpg,Healthy,1,0.996558,ACCEPT,0.003216,0.996558,0.000223,0.000000,0.000003,
datasets\crop_disease\test\Healthy\test_000841.jpg,Healthy,1,0.999534,ACCEPT,0.000459,0.999534,0.000007,0.000000,0.000000,
datasets\crop_disease\test\Healthy\test_000842.jpg,Healthy,1,0.999984,ACCEPT,0.000015,0.999984,0.000001,0.000000,0.000000,
datasets\crop_disease\test\Healthy\test_000843.jpg,Healthy,1,0.999925,ACCEPT,0.000012,0.999925,0.000059,0.000001,0.000002,
datasets\crop_disease\test\Healthy\test_000844.jpg,Healthy,1,0.999804,ACCEPT,0.000135,0.999804,0.000055,0.000000,0.000005,
datasets\crop_disease\test\Healthy\test_000845.jpg,Healthy,1,0.999992,ACCEPT,0.000003,0.999992,0.000002,0.000003,0.000000,
datasets\crop_disease\test\Healthy\test_000846.jpg,Healthy,1,0.999999,ACCEPT,0.000000,0.999999,0.000000,0.000000,0.000000,
datasets\crop_disease\test\Healthy\test_000847.jpg,Healthy,1,0.999999,ACCEPT,0.000000,0.999999,0.000001,0.000000,0.000000,
datasets\crop_disease\test\Healthy\test_000848.jpg,Healthy,1,0.999726,ACCEPT,0.000002,0.999726,0.000269,0.000000,0.000003,
datasets\crop_disease\test\Healthy\test_000849.jpg,Healthy,1,0.999999,ACCEPT,0.000001,0.999999,0.000000,0.000000,0.000000,
datasets\crop_disease\test\Healthy\test_000850.jpg,Healthy,1,0.999954,ACCEPT,0.000013,0.999954,0.000026,0.000000,0.000006,
datasets\crop_disease\test\Healthy\test_000851.jpg,Healthy,1,0.999913,ACCEPT,0.000082,0.999913,0.000005,0.000000,0.000000,
datasets\crop_disease\test\Healthy\test_000852.jpg,Healthy,1,0.999986,ACCEPT,0.000001,0.999986,0.000013,0.000000,0.000000,
datasets\crop_disease\test\Healthy\test_000853.jpg,Healthy,1,0.996738,ACCEPT,0.001558,0.996738,0.001655,0.000000,0.000050,
datasets\crop_disease\test\Healthy\test_000854.jpg,Healthy,1,0.999996,ACCEPT,0.000004,0.999996,0.000000,0.000000,0.000000,
datasets\crop_disease\test\Healthy\test_000855.jpg,Healthy,1,0.999827,ACCEPT,0.000018,0.999827,0.000154,0.000001,0.000000,
datasets\crop_disease\test\Healthy\test_000856.jpg,Healthy,1,0.999966,ACCEPT,0.000010,0.999966,0.000006,0.000002,0.000015,
datasets\crop_disease\test\Healthy\test_000857.jpg,Healthy,1,0.999805,ACCEPT,0.000190,0.999805,0.000004,0.000000,0.000000,
datasets\crop_disease\test\Healthy\test_000858.jpg,Healthy,1,0.999994,ACCEPT,0.000004,0.999994,0.000003,0.000000,0.000000,
datasets\crop_disease\test\Healthy\test_000859.jpg,Healthy,1,0.972245,ACCEPT,0.024368,0.972245,0.003374,0.000005,0.000009,
datasets\crop_disease\test\Healthy\test_000860.jpg,Healthy,1,0.999774,ACCEPT,0.000112,0.999774,0.000109,0.000000,0.000004,
datasets\crop_disease\test\Healthy\test_000861.jpg,Healthy,1,0.999982,ACCEPT,0.000002,0.999982,0.000003,0.000013,0.000000,
datasets\crop_disease\test\Healthy\test_000862.jpg,Healthy,1,0.999981,ACCEPT,0.000009,0.999981,0.000009,0.000000,0.000000,
datasets\crop_disease\test\Healthy\test_000863.jpg,Healthy,1,0.976641,ACCEPT,0.003726,0.976641,0.018796,0.000008,0.000828,
datasets\crop_disease\test\Healthy\test_000864.jpg,Healthy,1,0.999989,ACCEPT,0.000002,0.999989,0.000009,0.000000,0.000000,
datasets\crop_disease\test\Healthy\test_000865.jpg,Healthy,1,0.999999,ACCEPT,0.000000,0.999999,0.000001,0.000000,0.000000,
datasets\crop_disease\test\Healthy\test_000866.jpg,Healthy,1,0.991102,ACCEPT,0.003815,0.991102,0.005062,0.000003,0.000019,
datasets\crop_disease\test\Healthy\test_000867.jpg,Healthy,1,0.999907,ACCEPT,0.000080,0.999907,0.000003,0.000009,0.000000,
datasets\crop_disease\test\Healthy\test_000868.jpg,Healthy,1,0.999920,ACCEPT,0.000000,0.999920,0.000078,0.000000,0.000001,
datasets\crop_disease\test\Healthy\test_000869.jpg,Healthy,1,0.996583,ACCEPT,0.003003,0.996583,0.000408,0.000000,0.000006,
datasets\crop_disease\test\Healthy\test_000870.jpg,Healthy,1,0.999987,ACCEPT,0.000012,0.999987,0.000001,0.000000,0.000000,
datasets\crop_disease\test\Healthy\test_000871.jpg,Healthy,1,0.999943,ACCEPT,0.000055,0.999943,0.000002,0.000000,0.000000,
datasets\crop_disease\test\Healthy\test_000872.jpg,Healthy,1,1.000000,ACCEPT,0.000000,1.000000,0.000000,0.000000,0.000000,
datasets\crop_disease\test\Healthy\test_000873.jpg,Healthy,1,0.999972,ACCEPT,0.000020,0.999972,0.000007,0.000000,0.000001,
datasets\crop_disease\test\Healthy\test_000874.jpg,Healthy,1,0.999952,ACCEPT,0.000008,0.999952,0.000040,0.000000,0.000000,
datasets\crop_disease\test\Healthy\test_000875.jpg,Healthy,1,0.999901,ACCEPT,0.000031,0.999901,0.000065,0.000001,0.000002,
datasets\crop_disease\test\Healthy\test_000876.jpg,Healthy,1,0.999933,ACCEPT,0.000063,0.999933,0.000004,0.000000,0.000000,
datasets\crop_disease\test\Healthy\test_000877.jpg,Healthy,1,0.999986,ACCEPT,0.000010,0.999986,0.000004,0.000000,0.000000,
datasets\crop_disease\test\Healthy\test_000878.jpg,Healthy,1,0.999922,ACCEPT,0.000012,0.999922,0.000066,0.000000,0.000000,
datasets\crop_disease\test\Healthy\test_000879.jpg,Healthy,1,0.999990,ACCEPT,0.000010,0.999990,0.000000,0.000000,0.000000,
datasets\crop_disease\test\Healthy\test_000880.jpg,Healthy,1,0.999992,ACCEPT,0.000003,0.999992,0.000005,0.000000,0.000000,
datasets\crop_disease\test\Healthy\test_000881.jpg,Healthy,1,1.000000,ACCEPT,0.000000,1.000000,0.000000,0.000000,0.000000,
datasets\crop_disease\test\Healthy\test_000882.jpg,Healthy,1,0.998080,ACCEPT,0.001812,0.998080,0.000102,0.000000,0.000005,
datasets\crop_disease\test\Healthy\test_000883.jpg,Healthy,1,0.999243,ACCEPT,0.000021,0.999243,0.000736,0.000000,0.000000,
datasets\crop_disease\test\Healthy\test_000884.jpg,Healthy,1,0.999987,ACCEPT,0.000012,0.999987,0.000001,0.000000,0.000000,
datasets\crop_disease\test\Healthy\test_000885.jpg,Healthy,1,0.999951,ACCEPT,0.000002,0.999951,0.000018,0.000029,0.000000,
datasets\crop_disease\test\Healthy\test_000886.jpg,Healthy,1,0.998305,ACCEPT,0.000173,0.998305,0.001417,0.000002,0.000103,
datasets\crop_disease\test\Healthy\test_000887.jpg,Healthy,1,0.999990,ACCEPT,0.000004,0.999990,0.000006,0.000000,0.000001,
datasets\crop_disease\test\Healthy\test_000888.jpg,Healthy,1,0.999999,ACCEPT,0.000000,0.999999,0.000000,0.000000,0.000000,
datasets\crop_disease\test\Healthy\test_000889.jpg,Healthy,1,0.999953,ACCEPT,0.000037,0.999953,0.000009,0.000000,0.000001,
datasets\crop_disease\test\Healthy\test_000890.jpg,Healthy,1,0.986004,ACCEPT,0.012914,0.986004,0.000014,0.001067,0.000002,
datasets\crop_disease\test\Healthy\test_000891.jpg,Healthy,1,0.999996,ACCEPT,0.000004,0.999996,0.000000,0.000000,0.000000,
datasets\crop_disease\test\Healthy\test_000892.jpg,Healthy,1,0.999995,ACCEPT,0.000004,0.999995,0.000001,0.000000,0.000000,
datasets\crop_disease\test\Healthy\test_000893.jpg,Healthy,1,0.999939,ACCEPT,0.000007,0.999939,0.000054,0.000000,0.000000,
datasets\crop_disease\test\Healthy\test_000894.jpg,Healthy,1,0.999966,ACCEPT,0.000004,0.999966,0.000029,0.000000,0.000001,
datasets\crop_disease\test\Healthy\test_000895.jpg,Healthy,1,1.000000,ACCEPT,0.000000,1.000000,0.000000,0.000000,0.000000,
datasets\crop_disease\test\Healthy\test_000896.jpg,Healthy,1,0.999999,ACCEPT,0.000000,0.999999,0.000000,0.000000,0.000000,
datasets\crop_disease\test\Healthy\test_000897.jpg,Healthy,1,0.998101,ACCEPT,0.000025,0.998101,0.001841,0.000031,0.000003,
datasets\crop_disease\test\Healthy\test_000898.jpg,Healthy,1,0.999979,ACCEPT,0.000013,0.999979,0.000008,0.000000,0.000000,
datasets\crop_disease\test\Healthy\test_000899.jpg,Healthy,1,0.793098,ACCEPT,0.201148,0.793098,0.002799,0.000126,0.002829,
datasets\crop_disease\test\Healthy\test_000900.jpg,Healthy,1,0.999999,ACCEPT,0.000000,0.999999,0.000001,0.000000,0.000000,
datasets\crop_disease\test\Healthy\test_000901.jpg,Healthy,1,0.999996,ACCEPT,0.000003,0.999996,0.000001,0.000000,0.000000,
datasets\crop_disease\test\Healthy\test_000902.jpg,Healthy,1,1.000000,ACCEPT,0.000000,1.000000,0.000000,0.000000,0.000000,
datasets\crop_disease\test\Healthy\test_000903.jpg,Healthy,1,0.999994,ACCEPT,0.000005,0.999994,0.000000,0.000000,0.000000,
datasets\crop_disease\test\Healthy\test_000904.jpg,Healthy,1,0.999991,ACCEPT,0.000002,0.999991,0.000000,0.000007,0.000000,
datasets\crop_disease\test\Healthy\test_000905.jpg,Healthy,1,0.999998,ACCEPT,0.000000,0.999998,0.000002,0.000000,0.000000,
datasets\crop_disease\test\Healthy\test_000906.jpg,Healthy,1,0.999994,ACCEPT,0.000006,0.999994,0.000000,0.000000,0.000000,
datasets\crop_disease\test\Healthy\test_000907.jpg,Healthy,1,1.000000,ACCEPT,0.000000,1.000000,0.000000,0.000000,0.000000,
datasets\crop_disease\test\Healthy\test_000908.jpg,Healthy,1,0.999989,ACCEPT,0.000001,0.999989,0.000009,0.000000,0.000000,
datasets\crop_disease\test\Healthy\test_000909.jpg,Healthy,1,0.999968,ACCEPT,0.000005,0.999968,0.000027,0.000000,0.000000,
datasets\crop_disease\test\Healthy\test_000910.jpg,Healthy,1,0.994839,ACCEPT,0.004820,0.994839,0.000324,0.000000,0.000016,
datasets\crop_disease\test\Healthy\test_000911.jpg,Healthy,1,0.999455,ACCEPT,0.000382,0.999455,0.000163,0.000000,0.000000,
datasets\crop_disease\test\Healthy\test_000912.jpg,Healthy,1,0.999995,ACCEPT,0.000002,0.999995,0.000003,0.000000,0.000000,
datasets\crop_disease\test\Healthy\test_000913.jpg,Healthy,1,0.999999,ACCEPT,0.000000,0.999999,0.000000,0.000000,0.000000,
datasets\crop_disease\test\Healthy\test_000914.jpg,Healthy,1,0.999613,ACCEPT,0.000290,0.999613,0.000097,0.000000,0.000000,
datasets\crop_disease\test\Healthy\test_000915.jpg,Healthy,1,0.999999,ACCEPT,0.000001,0.999999,0.000000,0.000000,0.000000,
datasets\crop_disease\test\Healthy\test_000916.jpg,Healthy,1,0.999989,ACCEPT,0.000010,0.999989,0.000000,0.000000,0.000000,
datasets\crop_disease\test\Healthy\test_000917.jpg,Healthy,1,1.000000,ACCEPT,0.000000,1.000000,0.000000,0.000000,0.000000,
datasets\crop_disease\test\Healthy\test_000918.jpg,Healthy,1,0.999884,ACCEPT,0.000104,0.999884,0.000011,0.000000,0.000001,
datasets\crop_disease\test\Healthy\test_000919.jpg,Healthy,1,0.999453,ACCEPT,0.000092,0.999453,0.000440,0.000001,0.000014,
datasets\crop_disease\test\Healthy\test_000920.jpg,Healthy,1,0.998949,ACCEPT,0.000312,0.998949,0.000669,0.000015,0.000056,
datasets\crop_disease\test\Healthy\test_000921.jpg,Healthy,1,0.999338,ACCEPT,0.000138,0.999338,0.000407,0.000002,0.000114,
datasets\crop_disease\test\Healthy\test_000922.jpg,Healthy,1,0.999999,ACCEPT,0.000000,0.999999,0.000000,0.000000,0.000000,
datasets\crop_disease\test\Healthy\test_000923.jpg,Healthy,1,0.999989,ACCEPT,0.000010,0.999989,0.000001,0.000000,0.000000,
datasets\crop_disease\test\Healthy\test_000924.jpg,Healthy,1,0.999972,ACCEPT,0.000015,0.999972,0.000011,0.000000,0.000002,
datasets\crop_disease\test\Healthy\test_000925.jpg,Healthy,1,0.999990,ACCEPT,0.000007,0.999990,0.000003,0.000000,0.000000,
datasets\crop_disease\test\Healthy\test_000926.jpg,Healthy,1,0.997473,ACCEPT,0.001643,0.997473,0.000874,0.000000,0.000009,
datasets\crop_disease\test\Healthy\test_000927.jpg,Healthy,1,0.999994,ACCEPT,0.000000,0.999994,0.000006,0.000000,0.000000,
datasets\crop_disease\test\Healthy\test_000928.jpg,Healthy,1,0.999984,ACCEPT,0.000009,0.999984,0.000002,0.000005,0.000000,
datasets\crop_disease\test\Healthy\test_000929.jpg,Healthy,1,0.999984,ACCEPT,0.000010,0.999984,0.000006,0.000000,0.000000,
datasets\crop_disease\test\Healthy\test_000930.jpg,Healthy,1,0.999913,ACCEPT,0.000054,0.999913,0.000033,0.000000,0.000000,
datasets\crop_disease\test\Healthy\test_000931.jpg,Healthy,1,0.997933,ACCEPT,0.000518,0.997933,0.001525,0.000005,0.000019,
datasets\crop_disease\test\Healthy\test_000932.jpg,Healthy,1,0.999169,ACCEPT,0.000067,0.999169,0.000762,0.000000,0.000002,
datasets\crop_disease\test\Healthy\test_000933.jpg,Healthy,1,0.999993,ACCEPT,0.000003,0.999993,0.000005,0.000000,0.000000,
datasets\crop_disease\test\Healthy\test_000934.jpg,Healthy,1,0.999997,ACCEPT,0.000002,0.999997,0.000001,0.000000,0.000000,
datasets\crop_disease\test\Healthy\test_000935.jpg,Healthy,1,0.998428,ACCEPT,0.000239,0.998428,0.001238,0.000008,0.000088,
datasets\crop_disease\test\Healthy\test_000936.jpg,Healthy,1,0.999999,ACCEPT,0.000001,0.999999,0.000000,0.000000,0.000000,
datasets\crop_disease\test\Healthy\test_000937.jpg,Healthy,1,0.999973,ACCEPT,0.000001,0.999973,0.000026,0.000000,0.000000,
datasets\crop_disease\test\Healthy\test_000938.jpg,Healthy,1,1.000000,ACCEPT,0.000000,1.000000,0.000000,0.000000,0.000000,
datasets\crop_disease\test\Healthy\test_000939.jpg,Healthy,1,0.999077,ACCEPT,0.000488,0.999077,0.000421,0.000001,0.000012,
datasets\crop_disease\test\Healthy\test_000940.jpg,Healthy,1,0.999973,ACCEPT,0.000007,0.999973,0.000019,0.000000,0.000000,
datasets\crop_disease\test\Healthy\test_000941.jpg,Healthy,1,0.999999,ACCEPT,0.000001,0.999999,0.000000,0.000000,0.000000,
datasets\crop_disease\test\Healthy\test_000942.jpg,Healthy,1,0.999928,ACCEPT,0.000002,0.999928,0.000069,0.000001,0.000000,
datasets\crop_disease\test\Healthy\test_000943.jpg,Healthy,1,0.999986,ACCEPT,0.000000,0.999986,0.000013,0.000001,0.000000,
datasets\crop_disease\test\Healthy\test_000944.jpg,Healthy,1,0.999995,ACCEPT,0.000004,0.999995,0.000000,0.000000,0.000000,
datasets\crop_disease\test\Healthy\test_000945.jpg,Healthy,1,0.975026,ACCEPT,0.000998,0.975026,0.023482,0.000077,0.000417,
datasets\crop_disease\test\Healthy\test_000946.jpg,Healthy,1,0.999993,ACCEPT,0.000001,0.999993,0.000005,0.000000,0.000000,
datasets\crop_disease\test\Healthy\test_000947.jpg,Healthy,1,0.995768,ACCEPT,0.002421,0.995768,0.000785,0.001001,0.000025,
datasets\crop_disease\test\Healthy\test_000948.jpg,Healthy,1,0.998881,ACCEPT,0.000685,0.998881,0.000431,0.000000,0.000003,
datasets\crop_disease\test\Healthy\test_000949.jpg,Healthy,1,0.998582,ACCEPT,0.001262,0.998582,0.000144,0.000000,0.000012,
datasets\crop_disease\test\Healthy\test_000950.jpg,Healthy,1,0.998996,ACCEPT,0.000918,0.998996,0.000085,0.000000,0.000001,
datasets\crop_disease\test\Healthy\test_000951.jpg,Healthy,1,0.999996,ACCEPT,0.000000,0.999996,0.000000,0.000004,0.000000,
datasets\crop_disease\test\Healthy\test_000952.jpg,Healthy,1,0.999976,ACCEPT,0.000014,0.999976,0.000009,0.000000,0.000000,
datasets\crop_disease\test\Healthy\test_000953.jpg,Healthy,1,0.999975,ACCEPT,0.000011,0.999975,0.000010,0.000000,0.000005,
datasets\crop_disease\test\Healthy\test_000954.jpg,Healthy,1,0.999993,ACCEPT,0.000003,0.999993,0.000003,0.000000,0.000000,
datasets\crop_disease\test\Healthy\test_000955.jpg,Healthy,1,0.999998,ACCEPT,0.000001,0.999998,0.000000,0.000000,0.000000,
datasets\crop_disease\test\Healthy\test_000956.jpg,Healthy,1,1.000000,ACCEPT,0.000000,1.000000,0.000000,0.000000,0.000000,
datasets\crop_disease\test\Healthy\test_000957.jpg,Healthy,1,1.000000,ACCEPT,0.000000,1.000000,0.000000,0.000000,0.000000,
datasets\crop_disease\test\Healthy\test_000958.jpg,Healthy,1,0.999995,ACCEPT,0.000000,0.999995,0.000005,0.000000,0.000000,
datasets\crop_disease\test\Healthy\test_000959.jpg,Healthy,1,0.999217,ACCEPT,0.000240,0.999217,0.000395,0.000091,0.000056,
datasets\crop_disease\test\Healthy\test_000960.jpg,Healthy,1,0.999998,ACCEPT,0.000000,0.999998,0.000002,0.000000,0.000000,
datasets\crop_disease\test\Healthy\test_000961.jpg,Healthy,1,0.999999,ACCEPT,0.000001,0.999999,0.000000,0.000000,0.000000,
datasets\crop_disease\test\Healthy\test_000962.jpg,Healthy,1,0.999985,ACCEPT,0.000013,0.999985,0.000001,0.000000,0.000000,
datasets\crop_disease\test\Healthy\test_000963.jpg,Healthy,1,0.999998,ACCEPT,0.000000,0.999998,0.000001,0.000000,0.000000,
datasets\crop_disease\test\Healthy\test_000964.jpg,Healthy,1,0.999985,ACCEPT,0.000013,0.999985,0.000001,0.000000,0.000000,
datasets\crop_disease\test\Healthy\test_000965.jpg,Healthy,1,0.999773,ACCEPT,0.000001,0.999773,0.000224,0.000002,0.000001,
datasets\crop_disease\test\Healthy\test_000966.jpg,Healthy,1,0.999998,ACCEPT,0.000000,0.999998,0.000001,0.000001,0.000000,
datasets\crop_disease\test\Healthy\test_000967.jpg,Healthy,1,0.999984,ACCEPT,0.000001,0.999984,0.000015,0.000000,0.000000,
datasets\crop_disease\test\Healthy\test_000968.jpg,Healthy,1,0.999047,ACCEPT,0.000482,0.999047,0.000441,0.000006,0.000024,
datasets\crop_disease\test\Healthy\test_000969.jpg,Healthy,1,0.999999,ACCEPT,0.000000,0.999999,0.000000,0.000000,0.000000,
datasets\crop_disease\test\Healthy\test_000970.jpg,Healthy,1,0.999996,ACCEPT,0.000002,0.999996,0.000002,0.000000,0.000000,
datasets\crop_disease\test\Healthy\test_000971.jpg,Healthy,1,0.999947,ACCEPT,0.000006,0.999947,0.000046,0.000000,0.000000,
datasets\crop_disease\test\Healthy\test_000972.jpg,Healthy,1,0.999965,ACCEPT,0.000008,0.999965,0.000026,0.000000,0.000001,
datasets\crop_disease\test\Healthy\test_000973.jpg,Healthy,1,0.999994,ACCEPT,0.000004,0.999994,0.000001,0.000001,0.000000,
datasets\crop_disease\test\Healthy\test_000974.jpg,Healthy,1,0.999998,ACCEPT,0.000000,0.999998,0.000001,0.000000,0.000000,
datasets\crop_disease\test\Healthy\test_000975.jpg,Healthy,1,0.999155,ACCEPT,0.000196,0.999155,0.000612,0.000003,0.000034,
datasets\crop_disease\test\Healthy\test_000976.jpg,Healthy,1,0.999961,ACCEPT,0.000026,0.999961,0.000013,0.000000,0.000000,
datasets\crop_disease\test\Healthy\test_000977.jpg,Healthy,1,0.999999,ACCEPT,0.000000,0.999999,0.000001,0.000000,0.000000,
datasets\crop_disease\test\Healthy\test_000978.jpg,Healthy,1,0.999944,ACCEPT,0.000019,0.999944,0.000016,0.000000,0.000021,
datasets\crop_disease\test\Healthy\test_000979.jpg,Healthy,1,0.999999,ACCEPT,0.000001,0.999999,0.000000,0.000000,0.000000,
datasets\crop_disease\test\Healthy\test_000980.jpg,Healthy,1,0.999979,ACCEPT,0.000021,0.999979,0.000000,0.000000,0.000000,
datasets\crop_disease\test\Healthy\test_000981.jpg,Healthy,1,0.999917,ACCEPT,0.000053,0.999917,0.000029,0.000000,0.000001,
datasets\crop_disease\test\Healthy\test_000982.jpg,Healthy,1,0.997434,ACCEPT,0.002560,0.997434,0.000005,0.000000,0.000000,
datasets\crop_disease\test\Healthy\test_000983.jpg,Healthy,1,0.999982,ACCEPT,0.000001,0.999982,0.000017,0.000000,0.000000,
datasets\crop_disease\test\Healthy\test_000984.jpg,Healthy,1,0.999485,ACCEPT,0.000185,0.999485,0.000326,0.000003,0.000001,
datasets\crop_disease\test\Healthy\test_000985.jpg,Healthy,1,0.999982,ACCEPT,0.000011,0.999982,0.000007,0.000000,0.000000,
datasets\crop_disease\test\Healthy\test_000986.jpg,Healthy,1,1.000000,ACCEPT,0.000000,1.000000,0.000000,0.000000,0.000000,
datasets\crop_disease\test\Healthy\test_000987.jpg,Healthy,1,0.999895,ACCEPT,0.000034,0.999895,0.000067,0.000001,0.000002,
datasets\crop_disease\test\Healthy\test_000988.jpg,Healthy,1,0.999926,ACCEPT,0.000068,0.999926,0.000006,0.000000,0.000000,
datasets\crop_disease\test\Healthy\test_000989.jpg,Healthy,1,1.000000,ACCEPT,0.000000,1.000000,0.000000,0.000000,0.000000,
datasets\crop_disease\test\Healthy\test_000990.jpg,Healthy,1,0.999998,ACCEPT,0.000001,0.999998,0.000002,0.000000,0.000000,
datasets\crop_disease\test\Healthy\test_000991.jpg,Healthy,1,0.999916,ACCEPT,0.000082,0.999916,0.000001,0.000000,0.000000,
datasets\crop_disease\test\Healthy\test_000992.jpg,Healthy,1,0.999815,ACCEPT,0.000014,0.999815,0.000166,0.000000,0.000005,
datasets\crop_disease\test\Healthy\test_000993.jpg,Healthy,1,0.999876,ACCEPT,0.000081,0.999876,0.000042,0.000000,0.000001,
datasets\crop_disease\test\Healthy\test_000994.jpg,Healthy,1,1.000000,ACCEPT,0.000000,1.000000,0.000000,0.000000,0.000000,
datasets\crop_disease\test\Healthy\test_000995.jpg,Healthy,1,0.999907,ACCEPT,0.000081,0.999907,0.000012,0.000000,0.000000,
datasets\crop_disease\test\Healthy\test_000996.jpg,Healthy,1,0.999417,ACCEPT,0.000386,0.999417,0.000196,0.000001,0.000001,
datasets\crop_disease\test\Healthy\test_000997.jpg,Healthy,1,0.999998,ACCEPT,0.000002,0.999998,0.000000,0.000000,0.000000,
datasets\crop_disease\test\Healthy\test_000998.jpg,Healthy,1,1.000000,ACCEPT,0.000000,1.000000,0.000000,0.000000,0.000000,
datasets\crop_disease\test\Healthy\test_000999.jpg,Healthy,1,0.999512,ACCEPT,0.000273,0.999512,0.000193,0.000010,0.000012,
datasets\crop_disease\test\Healthy\test_001000.jpg,Healthy,1,0.999982,ACCEPT,0.000005,0.999982,0.000013,0.000000,0.000001,
datasets\crop_disease\test\Healthy\test_001001.jpg,Healthy,1,1.000000,ACCEPT,0.000000,1.000000,0.000000,0.000000,0.000000,
datasets\crop_disease\test\Healthy\test_001002.jpg,Healthy,1,0.998843,ACCEPT,0.001148,0.998843,0.000008,0.000001,0.000000,
datasets\crop_disease\test\Healthy\test_001003.jpg,Healthy,1,0.999991,ACCEPT,0.000002,0.999991,0.000007,0.000000,0.000000,
datasets\crop_disease\test\Healthy\test_001004.jpg,Healthy,1,0.999996,ACCEPT,0.000000,0.999996,0.000003,0.000000,0.000000,
datasets\crop_disease\test\Healthy\test_001005.jpg,Healthy,1,0.999239,ACCEPT,0.000327,0.999239,0.000009,0.000426,0.000000,
datasets\crop_disease\test\Healthy\test_001006.jpg,Healthy,1,0.983620,ACCEPT,0.002201,0.983620,0.009801,0.000642,0.003737,
datasets\crop_disease\test\Healthy\test_001007.jpg,Healthy,1,1.000000,ACCEPT,0.000000,1.000000,0.000000,0.000000,0.000000,
datasets\crop_disease\test\Healthy\test_001008.jpg,Healthy,1,0.999998,ACCEPT,0.000001,0.999998,0.000001,0.000000,0.000000,
datasets\crop_disease\test\Healthy\test_001009.jpg,Healthy,1,0.999725,ACCEPT,0.000187,0.999725,0.000084,0.000000,0.000004,
datasets\crop_disease\test\Healthy\test_001010.jpg,Healthy,1,0.999944,ACCEPT,0.000001,0.999944,0.000053,0.000001,0.000001,
datasets\crop_disease\test\Healthy\test_001011.jpg,Healthy,1,0.997218,ACCEPT,0.000009,0.997218,0.002651,0.000120,0.000002,
datasets\crop_disease\test\Healthy\test_001012.jpg,Healthy,1,0.999861,ACCEPT,0.000002,0.999861,0.000138,0.000000,0.000000,
datasets\crop_disease\test\Healthy\test_001013.jpg,Healthy,1,0.995446,ACCEPT,0.000619,0.995446,0.003923,0.000002,0.000010,
datasets\crop_disease\test\Healthy\test_001014.jpg,Healthy,1,0.999919,ACCEPT,0.000014,0.999919,0.000006,0.000061,0.000000,
datasets\crop_disease\test\Healthy\test_001015.jpg,Healthy,1,0.997935,ACCEPT,0.001724,0.997935,0.000336,0.000000,0.000004,
datasets\crop_disease\test\Healthy\test_001016.jpg,Healthy,1,0.999999,ACCEPT,0.000001,0.999999,0.000000,0.000000,0.000000,
datasets\crop_disease\test\Healthy\test_001017.jpg,Healthy,1,0.999650,ACCEPT,0.000066,0.999650,0.000283,0.000000,0.000002,
datasets\crop_disease\test\Healthy\test_001018.jpg,Healthy,1,1.000000,ACCEPT,0.000000,1.000000,0.000000,0.000000,0.000000,
datasets\crop_disease\test\Healthy\test_001019.jpg,Healthy,1,0.999846,ACCEPT,0.000092,0.999846,0.000058,0.000000,0.000003,
datasets\crop_disease\test\Healthy\test_001020.jpg,Healthy,1,0.997314,ACCEPT,0.000948,0.997314,0.001726,0.000008,0.000004,
datasets\crop_disease\test\Healthy\test_001021.jpg,Healthy,1,0.999997,ACCEPT,0.000000,0.999997,0.000002,0.000000,0.000000,
datasets\crop_disease\test\Healthy\test_001022.jpg,Healthy,1,0.999977,ACCEPT,0.000003,0.999977,0.000020,0.000000,0.000000,
datasets\crop_disease\test\Healthy\test_001023.jpg,Healthy,1,0.999964,ACCEPT,0.000016,0.999964,0.000005,0.000014,0.000000,
datasets\crop_disease\test\Healthy\test_001024.jpg,Healthy,1,0.999993,ACCEPT,0.000007,0.999993,0.000000,0.000000,0.000000,
datasets\crop_disease\test\Healthy\test_001025.jpg,Healthy,1,0.999998,ACCEPT,0.000000,0.999998,0.000002,0.000000,0.000000,
datasets\crop_disease\test\Healthy\test_001026.jpg,Healthy,1,0.999519,ACCEPT,0.000366,0.999519,0.000081,0.000005,0.000029,
datasets\crop_disease\test\Healthy\test_001027.jpg,Healthy,1,0.999700,ACCEPT,0.000225,0.999700,0.000007,0.000068,0.000000,
datasets\crop_disease\test\Healthy\test_001028.jpg,Healthy,1,0.998127,ACCEPT,0.000264,0.998127,0.001394,0.000003,0.000213,
datasets\crop_disease\test\Healthy\test_001029.jpg,Healthy,1,0.999747,ACCEPT,0.000101,0.999747,0.000132,0.000001,0.000019,
datasets\crop_disease\test\Healthy\test_001030.jpg,Healthy,1,0.997786,ACCEPT,0.000394,0.997786,0.001817,0.000000,0.000004,
datasets\crop_disease\test\Healthy\test_001031.jpg,Healthy,1,0.999994,ACCEPT,0.000003,0.999994,0.000003,0.000000,0.000000,
datasets\crop_disease\test\Healthy\test_001032.jpg,Healthy,1,0.999944,ACCEPT,0.000021,0.999944,0.000030,0.000003,0.000002,
datasets\crop_disease\test\Healthy\test_001033.jpg,Healthy,1,0.999979,ACCEPT,0.000014,0.999979,0.000007,0.000000,0.000001,
datasets\crop_disease\test\Healthy\test_001034.jpg,Healthy,1,0.999892,ACCEPT,0.000053,0.999892,0.000055,0.000000,0.000000,
datasets\crop_disease\test\Healthy\test_001035.jpg,Healthy,1,0.962022,ACCEPT,0.000102,0.962022,0.000008,0.037868,0.000000,
datasets\crop_disease\test\Healthy\test_001036.jpg,Healthy,1,0.999986,ACCEPT,0.000001,0.999986,0.000013,0.000000,0.000000,
datasets\crop_disease\test\Healthy\test_001037.jpg,Healthy,1,0.986922,ACCEPT,0.000018,0.986922,0.000000,0.013059,0.000000,
datasets\crop_disease\test\Healthy\test_001038.jpg,Healthy,1,0.997820,ACCEPT,0.000267,0.997820,0.000084,0.001829,0.000000,
datasets\crop_disease\test\Healthy\test_001039.jpg,Healthy,1,0.999960,ACCEPT,0.000010,0.999960,0.000005,0.000024,0.000000,
datasets\crop_disease\test\Healthy\test_001040.jpg,Healthy,1,0.999998,ACCEPT,0.000000,0.999998,0.000001,0.000000,0.000000,
datasets\crop_disease\test\Healthy\test_001041.jpg,Healthy,1,0.999998,ACCEPT,0.000000,0.999998,0.000002,0.000000,0.000000,
datasets\crop_disease\test\Healthy\test_001042.jpg,Healthy,1,0.999877,ACCEPT,0.000098,0.999877,0.000023,0.000000,0.000001,
datasets\crop_disease\test\Healthy\test_001043.jpg,Healthy,1,0.999986,ACCEPT,0.000014,0.999986,0.000000,0.000000,0.000000,
datasets\crop_disease\test\Healthy\test_001044.jpg,Healthy,1,0.999477,ACCEPT,0.000031,0.999477,0.000484,0.000001,0.000007,
datasets\crop_disease\test\Healthy\test_001045.jpg,Healthy,1,1.000000,ACCEPT,0.000000,1.000000,0.000000,0.000000,0.000000,
datasets\crop_disease\test\Healthy\test_001046.jpg,Healthy,1,0.999932,ACCEPT,0.000009,0.999932,0.000050,0.000008,0.000000,
datasets\crop_disease\test\Healthy\test_001047.jpg,Healthy,1,0.999994,ACCEPT,0.000000,0.999994,0.000002,0.000004,0.000000,
datasets\crop_disease\test\Healthy\test_001048.jpg,Healthy,1,0.997515,ACCEPT,0.000000,0.997515,0.002484,0.000001,0.000000,
datasets\crop_disease\test\Healthy\test_001049.jpg,Healthy,1,0.988710,ACCEPT,0.000011,0.988710,0.010908,0.000308,0.000062,
datasets\crop_disease\test\Healthy\test_001050.jpg,Healthy,1,0.999998,ACCEPT,0.000000,0.999998,0.000000,0.000002,0.000000,
datasets\crop_disease\test\Healthy\test_001051.jpg,Healthy,1,0.999977,ACCEPT,0.000000,0.999977,0.000022,0.000001,0.000000,
datasets\crop_disease\test\Healthy\test_001052.jpg,Healthy,1,0.999999,ACCEPT,0.000000,0.999999,0.000001,0.000000,0.000000,
datasets\crop_disease\test\Healthy\test_001053.jpg,Healthy,1,0.999705,ACCEPT,0.000081,0.999705,0.000213,0.000001,0.000000,
datasets\crop_disease\test\Healthy\test_001054.jpg,Healthy,1,0.999929,ACCEPT,0.000001,0.999929,0.000044,0.000027,0.000000,
datasets\crop_disease\test\Healthy\test_001055.jpg,Healthy,1,0.999844,ACCEPT,0.000004,0.999844,0.000151,0.000000,0.000000,
datasets\crop_disease\test\Healthy\test_001056.jpg,Healthy,1,0.999959,ACCEPT,0.000005,0.999959,0.000035,0.000000,0.000000,
datasets\crop_disease\test\Healthy\test_001057.jpg,Healthy,1,1.000000,ACCEPT,0.000000,1.000000,0.000000,0.000000,0.000000,
datasets\crop_disease\test\Healthy\test_001058.jpg,Healthy,1,0.999990,ACCEPT,0.000000,0.999990,0.000010,0.000000,0.000000,
datasets\crop_disease\test\Healthy\test_001059.jpg,Healthy,1,1.000000,ACCEPT,0.000000,1.000000,0.000000,0.000000,0.000000,
datasets\crop_disease\test\Healthy\test_001060.jpg,Healthy,1,0.995376,ACCEPT,0.002838,0.995376,0.001775,0.000000,0.000010,
datasets\crop_disease\test\Healthy\test_001061.jpg,Healthy,1,0.998429,ACCEPT,0.000010,0.998429,0.001559,0.000001,0.000001,
datasets\crop_disease\test\Healthy\test_001062.jpg,Healthy,1,0.999918,ACCEPT,0.000000,0.999918,0.000080,0.000002,0.000000,
datasets\crop_disease\test\Healthy\test_001063.jpg,Healthy,1,0.999942,ACCEPT,0.000000,0.999942,0.000054,0.000004,0.000000,
datasets\crop_disease\test\Healthy\test_001064.jpg,Healthy,1,0.999918,ACCEPT,0.000000,0.999918,0.000064,0.000017,0.000000,
datasets\crop_disease\test\Healthy\test_001065.jpg,Healthy,1,0.999872,ACCEPT,0.000000,0.999872,0.000127,0.000001,0.000000,
datasets\crop_disease\test\Healthy\test_001066.jpg,Healthy,1,0.999968,ACCEPT,0.000000,0.999968,0.000031,0.000000,0.000000,
datasets\crop_disease\test\Healthy\test_001067.jpg,Healthy,1,0.999971,ACCEPT,0.000004,0.999971,0.000025,0.000000,0.000000,
datasets\crop_disease\test\Healthy\test_001068.jpg,Healthy,1,0.999949,ACCEPT,0.000000,0.999949,0.000051,0.000000,0.000000,
datasets\crop_disease\test\Healthy\test_001069.jpg,Healthy,1,0.999999,ACCEPT,0.000000,0.999999,0.000000,0.000000,0.000000,
datasets\crop_disease\test\Healthy\test_001070.jpg,Healthy,1,0.999958,ACCEPT,0.000000,0.999958,0.000014,0.000028,0.000000,
datasets\crop_disease\test\Healthy\test_001071.jpg,Healthy,1,0.999757,ACCEPT,0.000002,0.999757,0.000206,0.000035,0.000000,
datasets\crop_disease\test\Healthy\test_001072.jpg,Healthy,1,0.999993,ACCEPT,0.000004,0.999993,0.000003,0.000000,0.000000,
datasets\crop_disease\test\Healthy\test_001073.jpg,Healthy,1,0.999864,ACCEPT,0.000011,0.999864,0.000124,0.000000,0.000002,
datasets\crop_disease\test\Healthy\test_001074.jpg,Healthy,1,0.952068,ACCEPT,0.001991,0.952068,0.042176,0.003763,0.000003,
datasets\crop_disease\test\Healthy\test_001075.jpg,Healthy,1,0.998579,ACCEPT,0.000001,0.998579,0.000891,0.000528,0.000000,
datasets\crop_disease\test\Healthy\test_001076.jpg,Healthy,1,0.999999,ACCEPT,0.000000,0.999999,0.000001,0.000000,0.000000,
datasets\crop_disease\test\Healthy\test_001077.jpg,Healthy,1,0.999999,ACCEPT,0.000000,0.999999,0.000001,0.000000,0.000000,
datasets\crop_disease\test\Healthy\test_001078.jpg,Healthy,1,0.998284,ACCEPT,0.000187,0.998284,0.001507,0.000000,0.000022,
datasets\crop_disease\test\Healthy\test_001079.jpg,Healthy,1,1.000000,ACCEPT,0.000000,1.000000,0.000000,0.000000,0.000000,
datasets\crop_disease\test\Healthy\test_001080.jpg,Healthy,1,0.985902,ACCEPT,0.002306,0.985902,0.011761,0.000027,0.000005,
datasets\crop_disease\test\Healthy\test_001081.jpg,Healthy,1,0.998719,ACCEPT,0.000004,0.998719,0.000316,0.000960,0.000001,
datasets\crop_disease\test\Healthy\test_001082.jpg,Healthy,1,0.999902,ACCEPT,0.000002,0.999902,0.000088,0.000007,0.000000,
datasets\crop_disease\test\Healthy\test_001083.jpg,Healthy,1,0.999440,ACCEPT,0.000023,0.999440,0.000457,0.000080,0.000000,
datasets\crop_disease\test\Healthy\test_001084.jpg,Healthy,1,0.997761,ACCEPT,0.000018,0.997761,0.002172,0.000049,0.000000,
datasets\crop_disease\test\Healthy\test_001085.jpg,Healthy,1,0.999521,ACCEPT,0.000265,0.999521,0.000213,0.000000,0.000000,
datasets\crop_disease\test\Healthy\test_001086.jpg,Healthy,1,0.999702,ACCEPT,0.000001,0.999702,0.000292,0.000005,0.000000,
datasets\crop_disease\test\Healthy\test_001087.jpg,Healthy,1,0.999961,ACCEPT,0.000034,0.999961,0.000005,0.000000,0.000000,
datasets\crop_disease\test\Healthy\test_001088.jpg,Healthy,1,1.000000,ACCEPT,0.000000,1.000000,0.000000,0.000000,0.000000,
datasets\crop_disease\test\Healthy\test_001089.jpg,Healthy,1,0.999961,ACCEPT,0.000012,0.999961,0.000026,0.000000,0.000000,
datasets\crop_disease\test\Healthy\test_001090.jpg,Healthy,1,0.999956,ACCEPT,0.000000,0.999956,0.000044,0.000000,0.000000,
datasets\crop_disease\test\Healthy\test_001091.jpg,Healthy,1,0.999761,ACCEPT,0.000000,0.999761,0.000239,0.000000,0.000000,
datasets\crop_disease\test\Healthy\test_001092.jpg,Healthy,1,0.999986,ACCEPT,0.000001,0.999986,0.000010,0.000004,0.000000,
datasets\crop_disease\test\Healthy\test_001093.jpg,Healthy,1,0.999999,ACCEPT,0.000001,0.999999,0.000000,0.000000,0.000000,
datasets\crop_disease\test\Healthy\test_001094.jpg,Healthy,1,0.977412,ACCEPT,0.000558,0.977412,0.021732,0.000259,0.000039,
datasets\crop_disease\test\Healthy\test_001095.jpg,Healthy,1,0.999923,ACCEPT,0.000001,0.999923,0.000077,0.000000,0.000000,
datasets\crop_disease\test\Healthy\test_001096.jpg,Healthy,1,0.999995,ACCEPT,0.000001,0.999995,0.000003,0.000000,0.000000,
datasets\crop_disease\test\Healthy\test_001097.jpg,Healthy,1,0.999865,ACCEPT,0.000002,0.999865,0.000081,0.000051,0.000000,
datasets\crop_disease\test\Healthy\test_001098.jpg,Healthy,1,0.999895,ACCEPT,0.000000,0.999895,0.000104,0.000001,0.000000,
datasets\crop_disease\test\Healthy\test_001099.jpg,Healthy,1,0.999995,ACCEPT,0.000001,0.999995,0.000004,0.000000,0.000000,
datasets\crop_disease\test\Healthy\test_001100.jpg,Healthy,1,0.998908,ACCEPT,0.000108,0.998908,0.000984,0.000000,0.000000,
datasets\crop_disease\test\Healthy\test_001101.jpg,Healthy,1,0.999965,ACCEPT,0.000000,0.999965,0.000035,0.000000,0.000000,
datasets\crop_disease\test\Healthy\test_001102.jpg,Healthy,1,0.999988,ACCEPT,0.000005,0.999988,0.000007,0.000000,0.000000,
datasets\crop_disease\test\Healthy\test_001103.jpg,Healthy,1,0.996825,ACCEPT,0.000054,0.996825,0.003059,0.000016,0.000047,
datasets\crop_disease\test\Healthy\test_001104.jpg,Healthy,1,0.997825,ACCEPT,0.000000,0.997825,0.002169,0.000006,0.000000,
datasets\crop_disease\test\Healthy\test_001105.jpg,Healthy,1,0.997640,ACCEPT,0.000074,0.997640,0.002253,0.000032,0.000002,
datasets\crop_disease\test\Healthy\test_001106.jpg,Healthy,1,0.999918,ACCEPT,0.000000,0.999918,0.000029,0.000053,0.000000,
datasets\crop_disease\test\Healthy\test_001107.jpg,Healthy,1,0.999983,ACCEPT,0.000001,0.999983,0.000016,0.000000,0.000000,
datasets\crop_disease\test\Healthy\test_001108.jpg,Healthy,1,0.999935,ACCEPT,0.000002,0.999935,0.000059,0.000004,0.000000,
datasets\crop_disease\test\Healthy\test_001109.jpg,Healthy,1,0.999831,ACCEPT,0.000165,0.999831,0.000005,0.000000,0.000000,
datasets\crop_disease\test\Healthy\test_001110.jpg,Healthy,1,0.999995,ACCEPT,0.000000,0.999995,0.000003,0.000001,0.000000,
datasets\crop_disease\test\Healthy\test_001111.jpg,Healthy,1,0.999993,ACCEPT,0.000000,0.999993,0.000004,0.000002,0.000000,
datasets\crop_disease\test\Healthy\test_001112.jpg,Healthy,1,0.999992,ACCEPT,0.000000,0.999992,0.000007,0.000000,0.000000,
datasets\crop_disease\test\Healthy\test_001113.jpg,Healthy,1,0.986438,ACCEPT,0.000122,0.986438,0.010554,0.002453,0.000432,
datasets\crop_disease\test\Healthy\test_001114.jpg,Healthy,1,0.999992,ACCEPT,0.000003,0.999992,0.000005,0.000000,0.000000,
datasets\crop_disease\test\Healthy\test_001115.jpg,Healthy,1,0.999987,ACCEPT,0.000011,0.999987,0.000002,0.000000,0.000000,
datasets\crop_disease\test\Healthy\test_001116.jpg,Healthy,1,0.999977,ACCEPT,0.000015,0.999977,0.000008,0.000000,0.000000,
datasets\crop_disease\test\Healthy\test_001117.jpg,Healthy,1,1.000000,ACCEPT,0.000000,1.000000,0.000000,0.000000,0.000000,
datasets\crop_disease\test\Healthy\test_001118.jpg,Healthy,1,0.999992,ACCEPT,0.000000,0.999992,0.000008,0.000000,0.000000,
datasets\crop_disease\test\Healthy\test_001119.jpg,Healthy,1,0.999498,ACCEPT,0.000000,0.999498,0.000502,0.000000,0.000000,
datasets\crop_disease\test\Healthy\test_001120.jpg,Healthy,1,0.998188,ACCEPT,0.000001,0.998188,0.001798,0.000012,0.000000,
datasets\crop_disease\test\Healthy\test_001121.jpg,Healthy,1,0.999988,ACCEPT,0.000001,0.999988,0.000011,0.000000,0.000000,
datasets\crop_disease\test\Healthy\test_001122.jpg,Healthy,1,0.999802,ACCEPT,0.000001,0.999802,0.000066,0.000132,0.000000,
datasets\crop_disease\test\Healthy\test_001123.jpg,Healthy,1,0.999984,ACCEPT,0.000002,0.999984,0.000014,0.000000,0.000000,
datasets\crop_disease\test\Healthy\test_001124.jpg,Healthy,1,0.998896,ACCEPT,0.000033,0.998896,0.001058,0.000012,0.000000,
datasets\crop_disease\test\Healthy\test_001125.jpg,Healthy,1,0.999509,ACCEPT,0.000000,0.999509,0.000489,0.000002,0.000000,
datasets\crop_disease\test\Healthy\test_001126.jpg,Healthy,1,0.999942,ACCEPT,0.000005,0.999942,0.000002,0.000051,0.000000,
datasets\crop_disease\test\Healthy\test_001127.jpg,Healthy,1,0.999993,ACCEPT,0.000000,0.999993,0.000003,0.000003,0.000000,
datasets\crop_disease\test\Healthy\test_001128.jpg,Healthy,1,0.999715,ACCEPT,0.000000,0.999715,0.000285,0.000000,0.000000,
datasets\crop_disease\test\Healthy\test_001129.jpg,Healthy,1,0.998455,ACCEPT,0.000346,0.998455,0.001198,0.000001,0.000000,
datasets\crop_disease\test\Healthy\test_001130.jpg,Healthy,1,0.999999,ACCEPT,0.000001,0.999999,0.000000,0.000000,0.000000,
datasets\crop_disease\test\Healthy\test_001131.jpg,Healthy,1,0.999947,ACCEPT,0.000031,0.999947,0.000007,0.000015,0.000000,
datasets\crop_disease\test\Healthy\test_001132.jpg,Healthy,1,0.999869,ACCEPT,0.000102,0.999869,0.000006,0.000023,0.000000,
datasets\crop_disease\test\Healthy\test_001133.jpg,Healthy,1,0.999997,ACCEPT,0.000001,0.999997,0.000000,0.000001,0.000000,
datasets\crop_disease\test\Healthy\test_001134.jpg,Healthy,1,0.994799,ACCEPT,0.000008,0.994799,0.000004,0.005189,0.000000,
datasets\crop_disease\test\Healthy\test_001135.jpg,Healthy,1,1.000000,ACCEPT,0.000000,1.000000,0.000000,0.000001,0.000000,
datasets\crop_disease\test\Healthy\test_001136.jpg,Healthy,1,0.999996,ACCEPT,0.000002,0.999996,0.000000,0.000001,0.000000,
datasets\crop_disease\test\Healthy\test_001137.jpg,Healthy,1,0.999949,ACCEPT,0.000001,0.999949,0.000000,0.000050,0.000000,
datasets\crop_disease\test\Healthy\test_001138.jpg,Healthy,1,0.999979,ACCEPT,0.000019,0.999979,0.000000,0.000002,0.000000,
datasets\crop_disease\test\Healthy\test_001139.jpg,Healthy,1,0.999998,ACCEPT,0.000002,0.999998,0.000000,0.000000,0.000000,
datasets\crop_disease\test\Healthy\test_001140.jpg,Healthy,1,0.999808,ACCEPT,0.000014,0.999808,0.000000,0.000179,0.000000,
datasets\crop_disease\test\Healthy\test_001141.jpg,Healthy,1,1.000000,ACCEPT,0.000000,1.000000,0.000000,0.000000,0.000000,
datasets\crop_disease\test\Healthy\test_001142.jpg,Healthy,1,0.999998,ACCEPT,0.000002,0.999998,0.000000,0.000000,0.000000,
datasets\crop_disease\test\Healthy\test_001143.jpg,Healthy,1,0.999660,ACCEPT,0.000000,0.999660,0.000000,0.000339,0.000000,
datasets\crop_disease\test\Healthy\test_001144.jpg,Healthy,1,0.999933,ACCEPT,0.000009,0.999933,0.000000,0.000058,0.000000,
datasets\crop_disease\test\Healthy\test_001145.jpg,Healthy,1,0.999299,ACCEPT,0.000184,0.999299,0.000007,0.000507,0.000003,
datasets\crop_disease\test\Healthy\test_001146.jpg,Healthy,1,0.999928,ACCEPT,0.000067,0.999928,0.000000,0.000006,0.000000,
datasets\crop_disease\test\Healthy\test_001147.jpg,Healthy,1,0.999944,ACCEPT,0.000035,0.999944,0.000001,0.000019,0.000000,
datasets\crop_disease\test\Healthy\test_001148.jpg,Healthy,1,0.999986,ACCEPT,0.000002,0.999986,0.000000,0.000012,0.000000,
datasets\crop_disease\test\Healthy\test_001149.jpg,Healthy,1,0.999992,ACCEPT,0.000005,0.999992,0.000001,0.000002,0.000000,
datasets\crop_disease\test\Healthy\test_001150.jpg,Healthy,1,0.999995,ACCEPT,0.000000,0.999995,0.000000,0.000005,0.000000,
datasets\crop_disease\test\Healthy\test_001151.jpg,Healthy,1,0.999908,ACCEPT,0.000080,0.999908,0.000001,0.000011,0.000000,
datasets\crop_disease\test\Healthy\test_001152.jpg,Healthy,1,0.999998,ACCEPT,0.000001,0.999998,0.000000,0.000000,0.000000,
datasets\crop_disease\test\Healthy\test_001153.jpg,Healthy,1,0.999044,ACCEPT,0.000831,0.999044,0.000106,0.000001,0.000019,
datasets\crop_disease\test\Healthy\test_001154.jpg,Healthy,1,0.999999,ACCEPT,0.000001,0.999999,0.000000,0.000001,0.000000,
datasets\crop_disease\test\Healthy\test_001155.jpg,Healthy,1,0.999975,ACCEPT,0.000006,0.999975,0.000000,0.000019,0.000000,
datasets\crop_disease\test\Healthy\test_001156.jpg,Healthy,1,0.999982,ACCEPT,0.000002,0.999982,0.000000,0.000016,0.000000,
datasets\crop_disease\test\Healthy\test_001157.jpg,Healthy,1,0.999989,ACCEPT,0.000002,0.999989,0.000000,0.000010,0.000000,
datasets\crop_disease\test\Healthy\test_001158.jpg,Healthy,1,0.999422,ACCEPT,0.000563,0.999422,0.000001,0.000014,0.000000,
datasets\crop_disease\test\Healthy\test_001159.jpg,Healthy,1,0.999997,ACCEPT,0.000000,0.999997,0.000000,0.000003,0.000000,
datasets\crop_disease\test\Healthy\test_001160.jpg,Healthy,1,0.999935,ACCEPT,0.000043,0.999935,0.000003,0.000020,0.000000,
datasets\crop_disease\test\Healthy\test_001161.jpg,Healthy,1,0.999821,ACCEPT,0.000175,0.999821,0.000003,0.000000,0.000001,
datasets\crop_disease\test\Healthy\test_001162.jpg,Healthy,1,1.000000,ACCEPT,0.000000,1.000000,0.000000,0.000000,0.000000,
datasets\crop_disease\test\Healthy\test_001163.jpg,Healthy,1,1.000000,ACCEPT,0.000000,1.000000,0.000000,0.000000,0.000000,
datasets\crop_disease\test\Healthy\test_001164.jpg,Healthy,1,0.989871,ACCEPT,0.000000,0.989871,0.000000,0.010129,0.000000,
datasets\crop_disease\test\Healthy\test_001165.jpg,Healthy,1,0.999969,ACCEPT,0.000027,0.999969,0.000002,0.000002,0.000000,
datasets\crop_disease\test\Healthy\test_001166.jpg,Healthy,1,1.000000,ACCEPT,0.000000,1.000000,0.000000,0.000000,0.000000,
datasets\crop_disease\test\Healthy\test_001167.jpg,Healthy,1,0.999977,ACCEPT,0.000022,0.999977,0.000000,0.000000,0.000000,
datasets\crop_disease\test\Healthy\test_001168.jpg,Healthy,1,0.990144,ACCEPT,0.009229,0.990144,0.000031,0.000596,0.000000,
datasets\crop_disease\test\Healthy\test_001169.jpg,Healthy,1,0.999986,ACCEPT,0.000012,0.999986,0.000000,0.000001,0.000000,
datasets\crop_disease\test\Healthy\test_001170.jpg,Healthy,1,0.999993,ACCEPT,0.000000,0.999993,0.000000,0.000007,0.000000,
datasets\crop_disease\test\Healthy\test_001171.jpg,Healthy,1,0.995078,ACCEPT,0.003089,0.995078,0.000194,0.001635,0.000004,
datasets\crop_disease\test\Healthy\test_001172.jpg,Healthy,1,0.999997,ACCEPT,0.000000,0.999997,0.000000,0.000003,0.000000,
datasets\crop_disease\test\Healthy\test_001173.jpg,Healthy,1,0.999881,ACCEPT,0.000098,0.999881,0.000020,0.000001,0.000000,
datasets\crop_disease\test\Healthy\test_001174.jpg,Healthy,1,0.999997,ACCEPT,0.000000,0.999997,0.000000,0.000002,0.000000,
datasets\crop_disease\test\Healthy\test_001175.jpg,Healthy,1,1.000000,ACCEPT,0.000000,1.000000,0.000000,0.000000,0.000000,
datasets\crop_disease\test\Healthy\test_001176.jpg,Healthy,1,0.998562,ACCEPT,0.001399,0.998562,0.000003,0.000035,0.000001,
datasets\crop_disease\test\Healthy\test_001177.jpg,Healthy,1,0.999985,ACCEPT,0.000002,0.999985,0.000000,0.000013,0.000000,
datasets\crop_disease\test\Healthy\test_001178.jpg,Healthy,1,1.000000,ACCEPT,0.000000,1.000000,0.000000,0.000000,0.000000,
datasets\crop_disease\test\Healthy\test_001179.jpg,Healthy,1,0.999983,ACCEPT,0.000000,0.999983,0.000000,0.000017,0.000000,
datasets\crop_disease\test\Healthy\test_001180.jpg,Healthy,1,0.999996,ACCEPT,0.000003,0.999996,0.000000,0.000001,0.000000,
datasets\crop_disease\test\Healthy\test_001181.jpg,Healthy,1,1.000000,ACCEPT,0.000000,1.000000,0.000000,0.000000,0.000000,
datasets\crop_disease\test\Healthy\test_001182.jpg,Healthy,1,0.999978,ACCEPT,0.000012,0.999978,0.000000,0.000010,0.000000,
datasets\crop_disease\test\Healthy\test_001183.jpg,Healthy,1,0.999996,ACCEPT,0.000001,0.999996,0.000000,0.000003,0.000000,
datasets\crop_disease\test\Healthy\test_001184.jpg,Healthy,1,1.000000,ACCEPT,0.000000,1.000000,0.000000,0.000000,0.000000,
datasets\crop_disease\test\Healthy\test_001185.jpg,Healthy,1,0.999538,ACCEPT,0.000246,0.999538,0.000015,0.000201,0.000000,
datasets\crop_disease\test\Healthy\test_001186.jpg,Healthy,1,0.999795,ACCEPT,0.000002,0.999795,0.000000,0.000204,0.000000,
datasets\crop_disease\test\Healthy\test_001187.jpg,Healthy,1,0.999992,ACCEPT,0.000001,0.999992,0.000000,0.000006,0.000000,
datasets\crop_disease\test\Healthy\test_001188.jpg,Healthy,1,0.997259,ACCEPT,0.000029,0.997259,0.000000,0.002712,0.000000,
datasets\crop_disease\test\Healthy\test_001189.jpg,Healthy,1,0.999799,ACCEPT,0.000000,0.999799,0.000000,0.000201,0.000000,
datasets\crop_disease\test\Healthy\test_001190.jpg,Healthy,1,0.999986,ACCEPT,0.000009,0.999986,0.000003,0.000002,0.000000,
datasets\crop_disease\test\Healthy\test_001191.jpg,Healthy,1,0.999994,ACCEPT,0.000005,0.999994,0.000000,0.000000,0.000000,
datasets\crop_disease\test\Healthy\test_001192.jpg,Healthy,1,0.999913,ACCEPT,0.000045,0.999913,0.000003,0.000038,0.000000,
datasets\crop_disease\test\Healthy\test_001193.jpg,Healthy,1,0.999990,ACCEPT,0.000003,0.999990,0.000000,0.000007,0.000000,
datasets\crop_disease\test\Healthy\test_001194.jpg,Healthy,1,0.999926,ACCEPT,0.000048,0.999926,0.000001,0.000025,0.000000,
datasets\crop_disease\test\Healthy\test_001195.jpg,Healthy,1,0.999983,ACCEPT,0.000000,0.999983,0.000000,0.000016,0.000000,
datasets\crop_disease\test\Healthy\test_001196.jpg,Healthy,1,0.999469,ACCEPT,0.000054,0.999469,0.000002,0.000475,0.000000,
datasets\crop_disease\test\Healthy\test_001197.jpg,Healthy,1,0.999999,ACCEPT,0.000000,0.999999,0.000000,0.000001,0.000000,
datasets\crop_disease\test\Healthy\test_001198.jpg,Healthy,1,0.999354,ACCEPT,0.000001,0.999354,0.000000,0.000645,0.000000,
datasets\crop_disease\test\Healthy\test_001199.jpg,Healthy,1,0.999916,ACCEPT,0.000071,0.999916,0.000009,0.000004,0.000000,
datasets\crop_disease\test\Healthy\test_001200.jpg,Healthy,1,0.997770,ACCEPT,0.002202,0.997770,0.000003,0.000025,0.000000,
datasets\crop_disease\test\Healthy\test_001201.jpg,Healthy,1,0.999997,ACCEPT,0.000003,0.999997,0.000000,0.000000,0.000000,
datasets\crop_disease\test\Healthy\test_001202.jpg,Healthy,1,0.999998,ACCEPT,0.000000,0.999998,0.000000,0.000002,0.000000,
datasets\crop_disease\test\Healthy\test_001203.jpg,Healthy,1,1.000000,ACCEPT,0.000000,1.000000,0.000000,0.000000,0.000000,
datasets\crop_disease\test\Healthy\test_001204.jpg,Healthy,1,0.999984,ACCEPT,0.000000,0.999984,0.000000,0.000016,0.000000,
datasets\crop_disease\test\Healthy\test_001205.jpg,Healthy,1,1.000000,ACCEPT,0.000000,1.000000,0.000000,0.000000,0.000000,
datasets\crop_disease\test\Healthy\test_001206.jpg,Healthy,1,0.999973,ACCEPT,0.000000,0.999973,0.000000,0.000026,0.000000,
datasets\crop_disease\test\Healthy\test_001207.jpg,Healthy,1,1.000000,ACCEPT,0.000000,1.000000,0.000000,0.000000,0.000000,
datasets\crop_disease\test\Healthy\test_001208.jpg,Healthy,1,0.990846,ACCEPT,0.008782,0.990846,0.000048,0.000324,0.000001,
datasets\crop_disease\test\Healthy\test_001209.jpg,Healthy,1,0.999999,ACCEPT,0.000000,0.999999,0.000001,0.000000,0.000000,
datasets\crop_disease\test\Healthy\test_001210.jpg,Healthy,1,0.999999,ACCEPT,0.000001,0.999999,0.000000,0.000000,0.000000,
datasets\crop_disease\test\Healthy\test_001211.jpg,Healthy,1,0.998581,ACCEPT,0.000002,0.998581,0.001415,0.000002,0.000000,
datasets\crop_disease\test\Healthy\test_001212.jpg,Healthy,1,0.999999,ACCEPT,0.000001,0.999999,0.000000,0.000000,0.000000,
datasets\crop_disease\test\Healthy\test_001213.jpg,Healthy,1,1.000000,ACCEPT,0.000000,1.000000,0.000000,0.000000,0.000000,
datasets\crop_disease\test\Healthy\test_001214.jpg,Healthy,1,1.000000,ACCEPT,0.000000,1.000000,0.000000,0.000000,0.000000,
datasets\crop_disease\test\Healthy\test_001215.jpg,Healthy,1,1.000000,ACCEPT,0.000000,1.000000,0.000000,0.000000,0.000000,
datasets\crop_disease\test\Healthy\test_001216.jpg,Healthy,1,0.999932,ACCEPT,0.000060,0.999932,0.000008,0.000000,0.000000,
datasets\crop_disease\test\Healthy\test_001217.jpg,Healthy,1,0.999910,ACCEPT,0.000002,0.999910,0.000000,0.000088,0.000000,
datasets\crop_disease\test\Healthy\test_001218.jpg,Healthy,1,0.999990,ACCEPT,0.000000,0.999990,0.000000,0.000010,0.000000,
datasets\crop_disease\test\Healthy\test_001219.jpg,Healthy,1,1.000000,ACCEPT,0.000000,1.000000,0.000000,0.000000,0.000000,
datasets\crop_disease\test\Healthy\test_001220.jpg,Healthy,1,0.999795,ACCEPT,0.000027,0.999795,0.000178,0.000000,0.000000,
datasets\crop_disease\test\Healthy\test_001221.jpg,Healthy,1,0.999988,ACCEPT,0.000002,0.999988,0.000000,0.000010,0.000000,
datasets\crop_disease\test\Healthy\test_001222.jpg,Healthy,1,1.000000,ACCEPT,0.000000,1.000000,0.000000,0.000000,0.000000,
datasets\crop_disease\test\Healthy\test_001223.jpg,Healthy,1,0.999909,ACCEPT,0.000041,0.999909,0.000000,0.000050,0.000000,
datasets\crop_disease\test\Healthy\test_001224.jpg,Healthy,1,0.999997,ACCEPT,0.000003,0.999997,0.000000,0.000000,0.000000,
datasets\crop_disease\test\Healthy\test_001225.jpg,Healthy,1,0.999995,ACCEPT,0.000000,0.999995,0.000000,0.000005,0.000000,
datasets\crop_disease\test\Healthy\test_001226.jpg,Healthy,1,0.999998,ACCEPT,0.000000,0.999998,0.000002,0.000000,0.000000,
datasets\crop_disease\test\Healthy\test_001227.jpg,Healthy,1,1.000000,ACCEPT,0.000000,1.000000,0.000000,0.000000,0.000000,
datasets\crop_disease\test\Healthy\test_001228.jpg,Healthy,1,0.998288,ACCEPT,0.000022,0.998288,0.000000,0.001690,0.000000,
datasets\crop_disease\test\Healthy\test_001229.jpg,Healthy,1,1.000000,ACCEPT,0.000000,1.000000,0.000000,0.000000,0.000000,
datasets\crop_disease\test\Healthy\test_001230.jpg,Healthy,1,0.999999,ACCEPT,0.000000,0.999999,0.000000,0.000000,0.000000,
datasets\crop_disease\test\Healthy\test_001231.jpg,Healthy,1,1.000000,ACCEPT,0.000000,1.000000,0.000000,0.000000,0.000000,
datasets\crop_disease\test\Healthy\test_001232.jpg,Healthy,1,0.999999,ACCEPT,0.000001,0.999999,0.000000,0.000000,0.000000,
datasets\crop_disease\test\Healthy\test_001233.jpg,Healthy,1,0.999997,ACCEPT,0.000002,0.999997,0.000001,0.000000,0.000000,
datasets\crop_disease\test\Healthy\test_001234.jpg,Healthy,1,0.999904,ACCEPT,0.000092,0.999904,0.000000,0.000004,0.000000,
datasets\crop_disease\test\Healthy\test_001235.jpg,Healthy,1,1.000000,ACCEPT,0.000000,1.000000,0.000000,0.000000,0.000000,
datasets\crop_disease\test\Healthy\test_001236.jpg,Healthy,1,0.999998,ACCEPT,0.000002,0.999998,0.000000,0.000000,0.000000,
datasets\crop_disease\test\Healthy\test_001237.jpg,Healthy,1,0.999234,ACCEPT,0.000008,0.999234,0.000002,0.000756,0.000000,
datasets\crop_disease\test\Healthy\test_001238.jpg,Healthy,1,0.999928,ACCEPT,0.000021,0.999928,0.000050,0.000000,0.000000,
datasets\crop_disease\test\Healthy\test_001239.jpg,Healthy,1,1.000000,ACCEPT,0.000000,1.000000,0.000000,0.000000,0.000000,
datasets\crop_disease\test\Healthy\test_001240.jpg,Healthy,1,1.000000,ACCEPT,0.000000,1.000000,0.000000,0.000000,0.000000,
datasets\crop_disease\test\Healthy\test_001241.jpg,Healthy,1,0.999989,ACCEPT,0.000010,0.999989,0.000000,0.000001,0.000000,
datasets\crop_disease\test\Healthy\test_001242.jpg,Healthy,1,1.000000,ACCEPT,0.000000,1.000000,0.000000,0.000000,0.000000,
datasets\crop_disease\test\Healthy\test_001243.jpg,Healthy,1,0.999883,ACCEPT,0.000104,0.999883,0.000013,0.000000,0.000000,
datasets\crop_disease\test\Healthy\test_001244.jpg,Healthy,1,1.000000,ACCEPT,0.000000,1.000000,0.000000,0.000000,0.000000,
datasets\crop_disease\test\Healthy\test_001245.jpg,Healthy,1,0.999991,ACCEPT,0.000008,0.999991,0.000000,0.000001,0.000000,
datasets\crop_disease\test\Healthy\test_001246.jpg,Healthy,1,0.990997,ACCEPT,0.007137,0.990997,0.001235,0.000625,0.000005,
datasets\crop_disease\test\Healthy\test_001247.jpg,Healthy,1,0.999999,ACCEPT,0.000001,0.999999,0.000000,0.000000,0.000000,
datasets\crop_disease\test\Healthy\test_001248.jpg,Healthy,1,0.999421,ACCEPT,0.000575,0.999421,0.000000,0.000003,0.000000,
datasets\crop_disease\test\Healthy\test_001249.jpg,Healthy,1,0.999998,ACCEPT,0.000001,0.999998,0.000000,0.000001,0.000000,
datasets\crop_disease\test\Healthy\test_001250.jpg,Healthy,1,0.999995,ACCEPT,0.000000,0.999995,0.000000,0.000005,0.000000,
datasets\crop_disease\test\Healthy\test_001251.jpg,Healthy,1,1.000000,ACCEPT,0.000000,1.000000,0.000000,0.000000,0.000000,
datasets\crop_disease\test\Healthy\test_001252.jpg,Healthy,1,0.999987,ACCEPT,0.000013,0.999987,0.000000,0.000000,0.000000,
datasets\crop_disease\test\Healthy\test_001253.jpg,Healthy,1,1.000000,ACCEPT,0.000000,1.000000,0.000000,0.000000,0.000000,
datasets\crop_disease\test\Healthy\test_001254.jpg,Healthy,1,1.000000,ACCEPT,0.000000,1.000000,0.000000,0.000000,0.000000,
datasets\crop_disease\test\Healthy\test_001255.jpg,Healthy,1,1.000000,ACCEPT,0.000000,1.000000,0.000000,0.000000,0.000000,
datasets\crop_disease\test\Healthy\test_001256.jpg,Healthy,1,0.999991,ACCEPT,0.000004,0.999991,0.000000,0.000005,0.000000,
datasets\crop_disease\test\Healthy\test_001257.jpg,Healthy,1,0.999996,ACCEPT,0.000004,0.999996,0.000000,0.000000,0.000000,
datasets\crop_disease\test\Healthy\test_001258.jpg,Healthy,1,0.999988,ACCEPT,0.000010,0.999988,0.000001,0.000001,0.000000,
datasets\crop_disease\test\Healthy\test_001259.jpg,Healthy,1,1.000000,ACCEPT,0.000000,1.000000,0.000000,0.000000,0.000000,
datasets\crop_disease\test\Healthy\test_001260.jpg,Healthy,1,0.999642,ACCEPT,0.000358,0.999642,0.000000,0.000000,0.000000,
datasets\crop_disease\test\Healthy\test_001261.jpg,Healthy,1,0.999999,ACCEPT,0.000001,0.999999,0.000000,0.000001,0.000000,
datasets\crop_disease\test\Healthy\test_001262.jpg,Healthy,1,1.000000,ACCEPT,0.000000,1.000000,0.000000,0.000000,0.000000,
datasets\crop_disease\test\Healthy\test_001263.jpg,Healthy,1,1.000000,ACCEPT,0.000000,1.000000,0.000000,0.000000,0.000000,
datasets\crop_disease\test\Healthy\test_001264.jpg,Healthy,1,1.000000,ACCEPT,0.000000,1.000000,0.000000,0.000000,0.000000,
datasets\crop_disease\test\Healthy\test_001265.jpg,Healthy,1,1.000000,ACCEPT,0.000000,1.000000,0.000000,0.000000,0.000000,
datasets\crop_disease\test\Healthy\test_001266.jpg,Healthy,1,0.999999,ACCEPT,0.000000,0.999999,0.000000,0.000001,0.000000,
datasets\crop_disease\test\Healthy\test_001267.jpg,Healthy,1,1.000000,ACCEPT,0.000000,1.000000,0.000000,0.000000,0.000000,
datasets\crop_disease\test\Healthy\test_001268.jpg,Healthy,1,1.000000,ACCEPT,0.000000,1.000000,0.000000,0.000000,0.000000,
datasets\crop_disease\test\Healthy\test_001269.jpg,Healthy,1,1.000000,ACCEPT,0.000000,1.000000,0.000000,0.000000,0.000000,
datasets\crop_disease\test\Healthy\test_001270.jpg,Healthy,1,0.999996,ACCEPT,0.000004,0.999996,0.000000,0.000000,0.000000,
datasets\crop_disease\test\Healthy\test_001271.jpg,Healthy,1,0.999928,ACCEPT,0.000069,0.999928,0.000002,0.000001,0.000000,
datasets\crop_disease\test\Healthy\test_001272.jpg,Healthy,1,1.000000,ACCEPT,0.000000,1.000000,0.000000,0.000000,0.000000,
datasets\crop_disease\test\Healthy\test_001273.jpg,Healthy,1,0.999999,ACCEPT,0.000000,0.999999,0.000000,0.000001,0.000000,
datasets\crop_disease\test\Healthy\test_001274.jpg,Healthy,1,0.999984,ACCEPT,0.000015,0.999984,0.000000,0.000001,0.000000,
datasets\crop_disease\test\Healthy\test_001275.jpg,Healthy,1,1.000000,ACCEPT,0.000000,1.000000,0.000000,0.000000,0.000000,
datasets\crop_disease\test\Healthy\test_001276.jpg,Healthy,1,0.999998,ACCEPT,0.000000,0.999998,0.000000,0.000001,0.000000,
datasets\crop_disease\test\Healthy\test_001277.jpg,Healthy,1,0.999999,ACCEPT,0.000000,0.999999,0.000000,0.000000,0.000000,
datasets\crop_disease\test\Healthy\test_001278.jpg,Healthy,1,1.000000,ACCEPT,0.000000,1.000000,0.000000,0.000000,0.000000,
datasets\crop_disease\test\Healthy\test_001279.jpg,Healthy,1,0.999990,ACCEPT,0.000001,0.999990,0.000000,0.000009,0.000000,
datasets\crop_disease\test\Healthy\test_001280.jpg,Healthy,1,0.999992,ACCEPT,0.000003,0.999992,0.000005,0.000000,0.000000,
datasets\crop_disease\test\Healthy\test_001281.jpg,Healthy,1,0.999995,ACCEPT,0.000000,0.999995,0.000000,0.000005,0.000000,
datasets\crop_disease\test\Healthy\test_001282.jpg,Healthy,1,0.999991,ACCEPT,0.000000,0.999991,0.000000,0.000009,0.000000,
datasets\crop_disease\test\Healthy\test_001283.jpg,Healthy,1,1.000000,ACCEPT,0.000000,1.000000,0.000000,0.000000,0.000000,
datasets\crop_disease\test\Healthy\test_001284.jpg,Healthy,1,1.000000,ACCEPT,0.000000,1.000000,0.000000,0.000000,0.000000,
datasets\crop_disease\test\Healthy\test_001285.jpg,Healthy,1,0.999968,ACCEPT,0.000016,0.999968,0.000001,0.000014,0.000000,
datasets\crop_disease\test\Healthy\test_001286.jpg,Healthy,1,0.971372,ACCEPT,0.000139,0.971372,0.000000,0.028490,0.000000,
datasets\crop_disease\test\Healthy\test_001287.jpg,Healthy,1,1.000000,ACCEPT,0.000000,1.000000,0.000000,0.000000,0.000000,
datasets\crop_disease\test\Healthy\test_001288.jpg,Healthy,1,0.999868,ACCEPT,0.000127,0.999868,0.000005,0.000000,0.000000,
datasets\crop_disease\test\Healthy\test_001289.jpg,Healthy,1,1.000000,ACCEPT,0.000000,1.000000,0.000000,0.000000,0.000000,
datasets\crop_disease\test\Healthy\test_001290.jpg,Healthy,1,0.999906,ACCEPT,0.000000,0.999906,0.000000,0.000094,0.000000,
datasets\crop_disease\test\Healthy\test_001291.jpg,Healthy,1,0.999997,ACCEPT,0.000002,0.999997,0.000000,0.000000,0.000000,
datasets\crop_disease\test\Healthy\test_001292.jpg,Healthy,1,0.999998,ACCEPT,0.000000,0.999998,0.000000,0.000002,0.000000,
datasets\crop_disease\test\Healthy\test_001293.jpg,Healthy,1,0.997901,ACCEPT,0.002091,0.997901,0.000008,0.000001,0.000000,
datasets\crop_disease\test\Healthy\test_001294.jpg,Healthy,1,1.000000,ACCEPT,0.000000,1.000000,0.000000,0.000000,0.000000,
datasets\crop_disease\test\Healthy\test_001295.jpg,Healthy,1,1.000000,ACCEPT,0.000000,1.000000,0.000000,0.000000,0.000000,
datasets\crop_disease\test\Healthy\test_001296.jpg,Healthy,1,0.999720,ACCEPT,0.000000,0.999720,0.000000,0.000280,0.000000,
datasets\crop_disease\test\Healthy\test_001297.jpg,Healthy,1,0.999851,ACCEPT,0.000148,0.999851,0.000000,0.000000,0.000000,
datasets\crop_disease\test\Healthy\test_001298.jpg,Healthy,1,0.999976,ACCEPT,0.000020,0.999976,0.000002,0.000001,0.000000,
datasets\crop_disease\test\Healthy\test_001299.jpg,Healthy,1,0.999383,ACCEPT,0.000497,0.999383,0.000039,0.000080,0.000000,
datasets\crop_disease\test\Healthy\test_001300.jpg,Healthy,1,1.000000,ACCEPT,0.000000,1.000000,0.000000,0.000000,0.000000,
datasets\crop_disease\test\Healthy\test_001301.jpg,Healthy,1,0.999995,ACCEPT,0.000001,0.999995,0.000004,0.000000,0.000000,
datasets\crop_disease\test\Healthy\test_001302.jpg,Healthy,1,1.000000,ACCEPT,0.000000,1.000000,0.000000,0.000000,0.000000,
datasets\crop_disease\test\Healthy\test_001303.jpg,Healthy,1,1.000000,ACCEPT,0.000000,1.000000,0.000000,0.000000,0.000000,
datasets\crop_disease\test\Healthy\test_001304.jpg,Healthy,1,0.999874,ACCEPT,0.000125,0.999874,0.000000,0.000000,0.000000,
datasets\crop_disease\test\Healthy\test_001305.jpg,Healthy,1,1.000000,ACCEPT,0.000000,1.000000,0.000000,0.000000,0.000000,
datasets\crop_disease\test\Healthy\test_001306.jpg,Healthy,1,0.999993,ACCEPT,0.000000,0.999993,0.000001,0.000005,0.000000,
datasets\crop_disease\test\Healthy\test_001307.jpg,Healthy,1,0.999997,ACCEPT,0.000000,0.999997,0.000000,0.000003,0.000000,
datasets\crop_disease\test\Healthy\test_001308.jpg,Healthy,1,1.000000,ACCEPT,0.000000,1.000000,0.000000,0.000000,0.000000,
datasets\crop_disease\test\Healthy\test_001309.jpg,Healthy,1,0.999999,ACCEPT,0.000001,0.999999,0.000000,0.000000,0.000000,
datasets\crop_disease\test\Healthy\test_001310.jpg,Healthy,1,1.000000,ACCEPT,0.000000,1.000000,0.000000,0.000000,0.000000,
datasets\crop_disease\test\Healthy\test_001311.jpg,Healthy,1,0.999600,ACCEPT,0.000009,0.999600,0.000000,0.000390,0.000000,
datasets\crop_disease\test\Healthy\test_001312.jpg,Healthy,1,0.999999,ACCEPT,0.000001,0.999999,0.000000,0.000000,0.000000,
datasets\crop_disease\test\Healthy\test_001313.jpg,Healthy,1,1.000000,ACCEPT,0.000000,1.000000,0.000000,0.000000,0.000000,
datasets\crop_disease\test\Healthy\test_001314.jpg,Healthy,1,1.000000,ACCEPT,0.000000,1.000000,0.000000,0.000000,0.000000,
datasets\crop_disease\test\Healthy\test_001315.jpg,Healthy,1,1.000000,ACCEPT,0.000000,1.000000,0.000000,0.000000,0.000000,
datasets\crop_disease\test\Healthy\test_001316.jpg,Healthy,1,0.999937,ACCEPT,0.000061,0.999937,0.000001,0.000002,0.000000,
datasets\crop_disease\test\Healthy\test_001317.jpg,Healthy,1,1.000000,ACCEPT,0.000000,1.000000,0.000000,0.000000,0.000000,
datasets\crop_disease\test\Healthy\test_001318.jpg,Healthy,1,0.999992,ACCEPT,0.000007,0.999992,0.000000,0.000001,0.000000,
datasets\crop_disease\test\Healthy\test_001319.jpg,Healthy,1,0.999949,ACCEPT,0.000020,0.999949,0.000001,0.000031,0.000000,
datasets\crop_disease\test\Healthy\test_001320.jpg,Healthy,1,0.999996,ACCEPT,0.000001,0.999996,0.000001,0.000002,0.000000,
datasets\crop_disease\test\Healthy\test_001321.jpg,Healthy,1,1.000000,ACCEPT,0.000000,1.000000,0.000000,0.000000,0.000000,
datasets\crop_disease\test\Healthy\test_001322.jpg,Healthy,1,1.000000,ACCEPT,0.000000,1.000000,0.000000,0.000001,0.000000,
datasets\crop_disease\test\Healthy\test_001323.jpg,Healthy,1,1.000000,ACCEPT,0.000000,1.000000,0.000000,0.000000,0.000000,
datasets\crop_disease\test\Healthy\test_001324.jpg,Healthy,1,0.999983,ACCEPT,0.000017,0.999983,0.000000,0.000000,0.000000,
datasets\crop_disease\test\Healthy\test_001325.jpg,Healthy,1,1.000000,ACCEPT,0.000000,1.000000,0.000000,0.000000,0.000000,
datasets\crop_disease\test\Healthy\test_001326.jpg,Healthy,1,1.000000,ACCEPT,0.000000,1.000000,0.000000,0.000000,0.000000,
datasets\crop_disease\test\Healthy\test_001327.jpg,Healthy,1,1.000000,ACCEPT,0.000000,1.000000,0.000000,0.000000,0.000000,
datasets\crop_disease\test\Healthy\test_001328.jpg,Healthy,1,0.999991,ACCEPT,0.000005,0.999991,0.000005,0.000000,0.000000,
datasets\crop_disease\test\Healthy\test_001329.jpg,Healthy,1,1.000000,ACCEPT,0.000000,1.000000,0.000000,0.000000,0.000000,
datasets\crop_disease\test\Healthy\test_001330.jpg,Healthy,1,0.999999,ACCEPT,0.000000,0.999999,0.000000,0.000001,0.000000,
datasets\crop_disease\test\Healthy\test_001331.jpg,Healthy,1,0.999766,ACCEPT,0.000008,0.999766,0.000001,0.000225,0.000000,
datasets\crop_disease\test\Healthy\test_001332.jpg,Healthy,1,0.999635,ACCEPT,0.000015,0.999635,0.000350,0.000000,0.000000,
datasets\crop_disease\test\Healthy\test_001333.jpg,Healthy,1,1.000000,ACCEPT,0.000000,1.000000,0.000000,0.000000,0.000000,
datasets\crop_disease\test\Healthy\test_001334.jpg,Healthy,1,1.000000,ACCEPT,0.000000,1.000000,0.000000,0.000000,0.000000,
datasets\crop_disease\test\Healthy\test_001335.jpg,Healthy,1,0.999987,ACCEPT,0.000012,0.999987,0.000001,0.000000,0.000000,
datasets\crop_disease\test\Healthy\test_001336.jpg,Healthy,1,0.999999,ACCEPT,0.000001,0.999999,0.000000,0.000000,0.000000,
datasets\crop_disease\test\Healthy\test_001337.jpg,Healthy,1,0.999991,ACCEPT,0.000009,0.999991,0.000000,0.000000,0.000000,
datasets\crop_disease\test\Healthy\test_001338.jpg,Healthy,1,1.000000,ACCEPT,0.000000,1.000000,0.000000,0.000000,0.000000,
datasets\crop_disease\test\Healthy\test_001339.jpg,Healthy,1,1.000000,ACCEPT,0.000000,1.000000,0.000000,0.000000,0.000000,
datasets\crop_disease\test\Healthy\test_001340.jpg,Healthy,1,0.999997,ACCEPT,0.000000,0.999997,0.000002,0.000000,0.000000,
datasets\crop_disease\test\Healthy\test_001341.jpg,Healthy,1,0.999995,ACCEPT,0.000000,0.999995,0.000001,0.000004,0.000000,
datasets\crop_disease\test\Healthy\test_001342.jpg,Healthy,1,1.000000,ACCEPT,0.000000,1.000000,0.000000,0.000000,0.000000,
datasets\crop_disease\test\Healthy\test_001343.jpg,Healthy,1,1.000000,ACCEPT,0.000000,1.000000,0.000000,0.000000,0.000000,
datasets\crop_disease\test\Healthy\test_001344.jpg,Healthy,1,0.999994,ACCEPT,0.000005,0.999994,0.000000,0.000001,0.000000,
datasets\crop_disease\test\Healthy\test_001345.jpg,Healthy,1,1.000000,ACCEPT,0.000000,1.000000,0.000000,0.000000,0.000000,
datasets\crop_disease\test\Healthy\test_001346.jpg,Healthy,1,0.999997,ACCEPT,0.000003,0.999997,0.000000,0.000000,0.000000,
datasets\crop_disease\test\Healthy\test_001347.jpg,Healthy,1,1.000000,ACCEPT,0.000000,1.000000,0.000000,0.000000,0.000000,
datasets\crop_disease\test\Healthy\test_001348.jpg,Healthy,1,1.000000,ACCEPT,0.000000,1.000000,0.000000,0.000000,0.000000,
datasets\crop_disease\test\Healthy\test_001349.jpg,Healthy,1,1.000000,ACCEPT,0.000000,1.000000,0.000000,0.000000,0.000000,
datasets\crop_disease\test\Healthy\test_001350.jpg,Healthy,1,1.000000,ACCEPT,0.000000,1.000000,0.000000,0.000000,0.000000,
datasets\crop_disease\test\Healthy\test_001351.jpg,Healthy,1,0.999997,ACCEPT,0.000002,0.999997,0.000001,0.000001,0.000000,
datasets\crop_disease\test\Healthy\test_001352.jpg,Healthy,1,1.000000,ACCEPT,0.000000,1.000000,0.000000,0.000000,0.000000,
datasets\crop_disease\test\Healthy\test_001353.jpg,Healthy,1,0.999995,ACCEPT,0.000001,0.999995,0.000003,0.000001,0.000000,
datasets\crop_disease\test\Healthy\test_001354.jpg,Healthy,1,0.999992,ACCEPT,0.000007,0.999992,0.000001,0.000000,0.000000,
datasets\crop_disease\test\Healthy\test_001355.jpg,Healthy,1,1.000000,ACCEPT,0.000000,1.000000,0.000000,0.000000,0.000000,
datasets\crop_disease\test\Healthy\test_001356.jpg,Healthy,1,0.999998,ACCEPT,0.000001,0.999998,0.000000,0.000001,0.000000,
datasets\crop_disease\test\Healthy\test_001357.jpg,Healthy,1,1.000000,ACCEPT,0.000000,1.000000,0.000000,0.000000,0.000000,
datasets\crop_disease\test\Healthy\test_001358.jpg,Healthy,1,0.999999,ACCEPT,0.000001,0.999999,0.000000,0.000000,0.000000,
datasets\crop_disease\test\Healthy\test_001359.jpg,Healthy,1,0.999979,ACCEPT,0.000021,0.999979,0.000000,0.000000,0.000000,
datasets\crop_disease\test\Healthy\test_001360.jpg,Healthy,1,0.999989,ACCEPT,0.000006,0.999989,0.000000,0.000005,0.000000,
datasets\crop_disease\test\Healthy\test_001361.jpg,Healthy,1,1.000000,ACCEPT,0.000000,1.000000,0.000000,0.000000,0.000000,
datasets\crop_disease\test\Healthy\test_001362.jpg,Healthy,1,0.999562,ACCEPT,0.000317,0.999562,0.000005,0.000117,0.000000,
datasets\crop_disease\test\Healthy\test_001363.jpg,Healthy,1,0.999933,ACCEPT,0.000005,0.999933,0.000000,0.000062,0.000000,
datasets\crop_disease\test\Healthy\test_001364.jpg,Healthy,1,1.000000,ACCEPT,0.000000,1.000000,0.000000,0.000000,0.000000,
datasets\crop_disease\test\Healthy\test_001365.jpg,Healthy,1,0.977224,ACCEPT,0.004073,0.977224,0.001865,0.016837,0.000001,
datasets\crop_disease\test\Healthy\test_001366.jpg,Healthy,1,0.999996,ACCEPT,0.000002,0.999996,0.000000,0.000002,0.000000,
datasets\crop_disease\test\Healthy\test_001367.jpg,Healthy,1,1.000000,ACCEPT,0.000000,1.000000,0.000000,0.000000,0.000000,
datasets\crop_disease\test\Healthy\test_001368.jpg,Healthy,1,1.000000,ACCEPT,0.000000,1.000000,0.000000,0.000000,0.000000,
datasets\crop_disease\test\Healthy\test_001369.jpg,Healthy,1,0.999929,ACCEPT,0.000070,0.999929,0.000001,0.000000,0.000000,
datasets\crop_disease\test\Healthy\test_001370.jpg,Healthy,1,0.999997,ACCEPT,0.000002,0.999997,0.000000,0.000001,0.000000,
datasets\crop_disease\test\Healthy\test_001371.jpg,Healthy,1,0.999960,ACCEPT,0.000039,0.999960,0.000000,0.000000,0.000000,
datasets\crop_disease\test\Healthy\test_001372.jpg,Healthy,1,0.999902,ACCEPT,0.000089,0.999902,0.000003,0.000006,0.000000,
datasets\crop_disease\test\Healthy\test_001373.jpg,Healthy,1,0.999995,ACCEPT,0.000001,0.999995,0.000004,0.000000,0.000000,
datasets\crop_disease\test\Healthy\test_001374.jpg,Healthy,1,1.000000,ACCEPT,0.000000,1.000000,0.000000,0.000000,0.000000,
datasets\crop_disease\test\Healthy\test_001375.jpg,Healthy,1,0.999998,ACCEPT,0.000001,0.999998,0.000001,0.000000,0.000000,
datasets\crop_disease\test\Healthy\test_001376.jpg,Healthy,1,0.999974,ACCEPT,0.000000,0.999974,0.000000,0.000026,0.000000,
datasets\crop_disease\test\Healthy\test_001377.jpg,Healthy,1,1.000000,ACCEPT,0.000000,1.000000,0.000000,0.000000,0.000000,
datasets\crop_disease\test\Healthy\test_001378.jpg,Healthy,1,0.999997,ACCEPT,0.000000,0.999997,0.000000,0.000003,0.000000,
datasets\crop_disease\test\Healthy\test_001379.jpg,Healthy,1,1.000000,ACCEPT,0.000000,1.000000,0.000000,0.000000,0.000000,
datasets\crop_disease\test\Healthy\test_001380.jpg,Healthy,1,1.000000,ACCEPT,0.000000,1.000000,0.000000,0.000000,0.000000,
datasets\crop_disease\test\Healthy\test_001381.jpg,Healthy,1,0.991131,ACCEPT,0.008869,0.991131,0.000000,0.000000,0.000000,
datasets\crop_disease\test\Healthy\test_001382.jpg,Healthy,1,0.999949,ACCEPT,0.000030,0.999949,0.000001,0.000020,0.000000,
datasets\crop_disease\test\Healthy\test_001383.jpg,Healthy,1,0.999963,ACCEPT,0.000037,0.999963,0.000001,0.000000,0.000000,
datasets\crop_disease\test\Healthy\test_001384.jpg,Healthy,1,1.000000,ACCEPT,0.000000,1.000000,0.000000,0.000000,0.000000,
datasets\crop_disease\test\Healthy\test_001385.jpg,Healthy,1,0.996750,ACCEPT,0.000054,0.996750,0.000000,0.003196,0.000000,
datasets\crop_disease\test\Healthy\test_001386.jpg,Healthy,1,1.000000,ACCEPT,0.000000,1.000000,0.000000,0.000000,0.000000,
datasets\crop_disease\test\Healthy\test_001387.jpg,Healthy,1,0.999448,ACCEPT,0.000160,0.999448,0.000348,0.000045,0.000000,
datasets\crop_disease\test\Healthy\test_001388.jpg,Healthy,1,1.000000,ACCEPT,0.000000,1.000000,0.000000,0.000000,0.000000,
datasets\crop_disease\test\Healthy\test_001389.jpg,Healthy,1,0.999999,ACCEPT,0.000001,0.999999,0.000000,0.000000,0.000000,
datasets\crop_disease\test\Healthy\test_001390.jpg,Healthy,1,1.000000,ACCEPT,0.000000,1.000000,0.000000,0.000000,0.000000,
datasets\crop_disease\test\Healthy\test_001391.jpg,Healthy,1,0.999863,ACCEPT,0.000038,0.999863,0.000000,0.000099,0.000000,
datasets\crop_disease\test\Healthy\test_001392.jpg,Healthy,1,1.000000,ACCEPT,0.000000,1.000000,0.000000,0.000000,0.000000,
datasets\crop_disease\test\Healthy\test_001393.jpg,Healthy,1,0.997316,ACCEPT,0.002683,0.997316,0.000000,0.000001,0.000000,
datasets\crop_disease\test\Healthy\test_001394.jpg,Healthy,1,0.999568,ACCEPT,0.000417,0.999568,0.000013,0.000002,0.000000,
datasets\crop_disease\test\Healthy\test_001395.jpg,Healthy,1,0.999996,ACCEPT,0.000001,0.999996,0.000000,0.000003,0.000000,
datasets\crop_disease\test\Healthy\test_001396.jpg,Healthy,1,0.999980,ACCEPT,0.000001,0.999980,0.000000,0.000019,0.000000,
datasets\crop_disease\test\Healthy\test_001397.jpg,Healthy,1,1.000000,ACCEPT,0.000000,1.000000,0.000000,0.000000,0.000000,
datasets\crop_disease\test\Healthy\test_001398.jpg,Healthy,1,0.999997,ACCEPT,0.000002,0.999997,0.000001,0.000000,0.000000,
datasets\crop_disease\test\Healthy\test_001399.jpg,Healthy,1,1.000000,ACCEPT,0.000000,1.000000,0.000000,0.000000,0.000000,
datasets\crop_disease\test\Healthy\test_001400.jpg,Healthy,1,0.999991,ACCEPT,0.000003,0.999991,0.000003,0.000003,0.000000,
datasets\crop_disease\test\Healthy\test_001401.jpg,Healthy,1,1.000000,ACCEPT,0.000000,1.000000,0.000000,0.000000,0.000000,
datasets\crop_disease\test\Healthy\test_001402.jpg,Healthy,1,0.999999,ACCEPT,0.000001,0.999999,0.000000,0.000000,0.000000,
datasets\crop_disease\test\Healthy\test_001403.jpg,Healthy,1,1.000000,ACCEPT,0.000001,1.000000,0.000000,0.000000,0.000000,
datasets\crop_disease\test\Healthy\test_001404.jpg,Healthy,1,1.000000,ACCEPT,0.000000,1.000000,0.000000,0.000000,0.000000,
datasets\crop_disease\test\Healthy\test_001405.jpg,Healthy,1,0.999994,ACCEPT,0.000002,0.999994,0.000001,0.000004,0.000000,
datasets\crop_disease\test\Healthy\test_001406.jpg,Healthy,1,1.000000,ACCEPT,0.000000,1.000000,0.000000,0.000000,0.000000,
datasets\crop_disease\test\Healthy\test_001407.jpg,Healthy,1,1.000000,ACCEPT,0.000000,1.000000,0.000000,0.000000,0.000000,
datasets\crop_disease\test\Healthy\test_001408.jpg,Healthy,1,0.999972,ACCEPT,0.000000,0.999972,0.000000,0.000028,0.000000,
datasets\crop_disease\test\Healthy\test_001409.jpg,Healthy,1,0.998260,ACCEPT,0.001740,0.998260,0.000000,0.000000,0.000000,
datasets\crop_disease\test\Healthy\test_001410.jpg,Healthy,1,0.999993,ACCEPT,0.000006,0.999993,0.000001,0.000000,0.000000,
datasets\crop_disease\test\Healthy\test_001411.jpg,Healthy,1,0.999995,ACCEPT,0.000005,0.999995,0.000000,0.000000,0.000000,
datasets\crop_disease\test\Healthy\test_001412.jpg,Healthy,1,0.999972,ACCEPT,0.000023,0.999972,0.000000,0.000005,0.000000,
datasets\crop_disease\test\Healthy\test_001413.jpg,Healthy,1,0.999999,ACCEPT,0.000001,0.999999,0.000000,0.000000,0.000000,
datasets\crop_disease\test\Healthy\test_001414.jpg,Healthy,1,0.998906,ACCEPT,0.001094,0.998906,0.000000,0.000000,0.000000,
datasets\crop_disease\test\Healthy\test_001415.jpg,Healthy,1,1.000000,ACCEPT,0.000000,1.000000,0.000000,0.000000,0.000000,
datasets\crop_disease\test\Healthy\test_001416.jpg,Healthy,1,0.999997,ACCEPT,0.000001,0.999997,0.000001,0.000001,0.000000,
datasets\crop_disease\test\Healthy\test_001417.jpg,Healthy,1,1.000000,ACCEPT,0.000000,1.000000,0.000000,0.000000,0.000000,
datasets\crop_disease\test\Healthy\test_001418.jpg,Healthy,1,1.000000,ACCEPT,0.000000,1.000000,0.000000,0.000000,0.000000,
datasets\crop_disease\test\Healthy\test_001419.jpg,Healthy,1,0.999633,ACCEPT,0.000364,0.999633,0.000001,0.000002,0.000000,
datasets\crop_disease\test\Healthy\test_001420.jpg,Healthy,1,0.999986,ACCEPT,0.000011,0.999986,0.000003,0.000000,0.000000,
datasets\crop_disease\test\Healthy\test_001421.jpg,Healthy,1,0.999927,ACCEPT,0.000000,0.999927,0.000000,0.000073,0.000000,
datasets\crop_disease\test\Healthy\test_001422.jpg,Healthy,1,0.999998,ACCEPT,0.000000,0.999998,0.000000,0.000001,0.000000,
datasets\crop_disease\test\Healthy\test_001423.jpg,Healthy,1,0.999938,ACCEPT,0.000037,0.999938,0.000025,0.000000,0.000000,
datasets\crop_disease\test\Healthy\test_001424.jpg,Healthy,1,1.000000,ACCEPT,0.000000,1.000000,0.000000,0.000000,0.000000,
datasets\crop_disease\test\Healthy\test_001425.jpg,Healthy,1,0.999828,ACCEPT,0.000002,0.999828,0.000004,0.000166,0.000000,
datasets\crop_disease\test\Healthy\test_001426.jpg,Healthy,1,0.999987,ACCEPT,0.000002,0.999987,0.000005,0.000006,0.000000,
datasets\crop_disease\test\Healthy\test_001427.jpg,Healthy,1,1.000000,ACCEPT,0.000000,1.000000,0.000000,0.000000,0.000000,
datasets\crop_disease\test\Healthy\test_001428.jpg,Healthy,1,0.999826,ACCEPT,0.000046,0.999826,0.000000,0.000128,0.000000,
datasets\crop_disease\test\Healthy\test_001429.jpg,Healthy,1,0.999999,ACCEPT,0.000001,0.999999,0.000000,0.000000,0.000000,
datasets\crop_disease\test\Healthy\test_001430.jpg,Healthy,1,1.000000,ACCEPT,0.000000,1.000000,0.000000,0.000000,0.000000,
datasets\crop_disease\test\Healthy\test_001431.jpg,Healthy,1,1.000000,ACCEPT,0.000000,1.000000,0.000000,0.000000,0.000000,
datasets\crop_disease\test\Healthy\test_001432.jpg,Healthy,1,0.999360,ACCEPT,0.000616,0.999360,0.000021,0.000002,0.000000,
datasets\crop_disease\test\Healthy\test_001433.jpg,Healthy,1,0.999989,ACCEPT,0.000003,0.999989,0.000000,0.000008,0.000000,
datasets\crop_disease\test\Healthy\test_001434.jpg,Healthy,1,1.000000,ACCEPT,0.000000,1.000000,0.000000,0.000000,0.000000,
datasets\crop_disease\test\Healthy\test_001435.jpg,Healthy,1,0.999924,ACCEPT,0.000053,0.999924,0.000023,0.000000,0.000000,
datasets\crop_disease\test\Healthy\test_001436.jpg,Healthy,1,0.999998,ACCEPT,0.000001,0.999998,0.000000,0.000000,0.000000,
datasets\crop_disease\test\Healthy\test_001437.jpg,Healthy,1,0.999999,ACCEPT,0.000000,0.999999,0.000000,0.000001,0.000000,
datasets\crop_disease\test\Healthy\test_001438.jpg,Healthy,1,0.999999,ACCEPT,0.000001,0.999999,0.000000,0.000000,0.000000,
datasets\crop_disease\test\Healthy\test_001439.jpg,Healthy,1,0.999999,ACCEPT,0.000000,0.999999,0.000001,0.000000,0.000000,
datasets\crop_disease\test\Healthy\test_001440.jpg,Healthy,1,1.000000,ACCEPT,0.000000,1.000000,0.000000,0.000000,0.000000,
datasets\crop_disease\test\Healthy\test_001441.jpg,Healthy,1,1.000000,ACCEPT,0.000000,1.000000,0.000000,0.000000,0.000000,
datasets\crop_disease\test\Healthy\test_001442.jpg,Healthy,1,0.997234,ACCEPT,0.002606,0.997234,0.000143,0.000016,0.000000,
datasets\crop_disease\test\Healthy\test_001443.jpg,Healthy,1,0.999991,ACCEPT,0.000001,0.999991,0.000000,0.000008,0.000000,
datasets\crop_disease\test\Healthy\test_001444.jpg,Healthy,1,0.999991,ACCEPT,0.000001,0.999991,0.000000,0.000008,0.000000,
datasets\crop_disease\test\Healthy\test_001445.jpg,Healthy,1,0.999993,ACCEPT,0.000002,0.999993,0.000005,0.000000,0.000000,
datasets\crop_disease\test\Healthy\test_001446.jpg,Healthy,1,1.000000,ACCEPT,0.000000,1.000000,0.000000,0.000000,0.000000,
datasets\crop_disease\test\Healthy\test_001447.jpg,Healthy,1,1.000000,ACCEPT,0.000000,1.000000,0.000000,0.000000,0.000000,
datasets\crop_disease\test\Healthy\test_001448.jpg,Healthy,1,0.999920,ACCEPT,0.000000,0.999920,0.000000,0.000080,0.000000,
datasets\crop_disease\test\Healthy\test_001449.jpg,Healthy,1,0.999838,ACCEPT,0.000000,0.999838,0.000000,0.000162,0.000000,
datasets\crop_disease\test\Healthy\test_001450.jpg,Healthy,1,0.999647,ACCEPT,0.000018,0.999647,0.000001,0.000335,0.000000,
datasets\crop_disease\test\Healthy\test_001451.jpg,Healthy,1,1.000000,ACCEPT,0.000000,1.000000,0.000000,0.000000,0.000000,
datasets\crop_disease\test\Healthy\test_001452.jpg,Healthy,1,1.000000,ACCEPT,0.000000,1.000000,0.000000,0.000000,0.000000,
datasets\crop_disease\test\Healthy\test_001453.jpg,Healthy,1,0.999999,ACCEPT,0.000001,0.999999,0.000000,0.000000,0.000000,
datasets\crop_disease\test\Healthy\test_001454.jpg,Healthy,1,0.999869,ACCEPT,0.000072,0.999869,0.000059,0.000000,0.000000,
datasets\crop_disease\test\Healthy\test_001455.jpg,Healthy,1,0.999999,ACCEPT,0.000000,0.999999,0.000000,0.000001,0.000000,
datasets\crop_disease\test\Healthy\test_001456.jpg,Healthy,1,1.000000,ACCEPT,0.000000,1.000000,0.000000,0.000000,0.000000,
datasets\crop_disease\test\Healthy\test_001457.jpg,Healthy,1,0.999999,ACCEPT,0.000000,0.999999,0.000000,0.000001,0.000000,
datasets\crop_disease\test\Healthy\test_001458.jpg,Healthy,1,0.999985,ACCEPT,0.000001,0.999985,0.000000,0.000013,0.000000,
datasets\crop_disease\test\Healthy\test_001459.jpg,Healthy,1,1.000000,ACCEPT,0.000000,1.000000,0.000000,0.000000,0.000000,
datasets\crop_disease\test\Healthy\test_001460.jpg,Healthy,1,1.000000,ACCEPT,0.000000,1.000000,0.000000,0.000000,0.000000,
datasets\crop_disease\test\Healthy\test_001461.jpg,Healthy,1,1.000000,ACCEPT,0.000000,1.000000,0.000000,0.000000,0.000000,
datasets\crop_disease\test\Healthy\test_001462.jpg,Healthy,1,1.000000,ACCEPT,0.000000,1.000000,0.000000,0.000000,0.000000,
datasets\crop_disease\test\Healthy\test_001463.jpg,Healthy,1,0.999994,ACCEPT,0.000001,0.999994,0.000000,0.000006,0.000000,
datasets\crop_disease\test\Healthy\test_001464.jpg,Healthy,1,1.000000,ACCEPT,0.000000,1.000000,0.000000,0.000000,0.000000,
datasets\crop_disease\test\Healthy\test_001465.jpg,Healthy,1,1.000000,ACCEPT,0.000000,1.000000,0.000000,0.000000,0.000000,
datasets\crop_disease\test\Healthy\test_001466.jpg,Healthy,1,0.999995,ACCEPT,0.000004,0.999995,0.000000,0.000000,0.000000,
datasets\crop_disease\test\Healthy\test_001467.jpg,Healthy,1,0.999971,ACCEPT,0.000000,0.999971,0.000000,0.000028,0.000000,
datasets\crop_disease\test\Healthy\test_001468.jpg,Healthy,1,0.999979,ACCEPT,0.000004,0.999979,0.000000,0.000018,0.000000,
datasets\crop_disease\test\Healthy\test_001469.jpg,Healthy,1,0.999999,ACCEPT,0.000000,0.999999,0.000000,0.000000,0.000000,
datasets\crop_disease\test\Healthy\test_001470.jpg,Healthy,1,0.999999,ACCEPT,0.000001,0.999999,0.000000,0.000000,0.000000,
datasets\crop_disease\test\Healthy\test_001471.jpg,Healthy,1,1.000000,ACCEPT,0.000000,1.000000,0.000000,0.000000,0.000000,
datasets\crop_disease\test\Healthy\test_001472.jpg,Healthy,1,0.999996,ACCEPT,0.000001,0.999996,0.000000,0.000002,0.000000,
datasets\crop_disease\test\Healthy\test_001473.jpg,Healthy,1,1.000000,ACCEPT,0.000000,1.000000,0.000000,0.000000,0.000000,
datasets\crop_disease\test\Healthy\test_001474.jpg,Healthy,1,0.999993,ACCEPT,0.000006,0.999993,0.000000,0.000001,0.000000,
datasets\crop_disease\test\Healthy\test_001475.jpg,Healthy,1,1.000000,ACCEPT,0.000000,1.000000,0.000000,0.000000,0.000000,
datasets\crop_disease\test\Healthy\test_001476.jpg,Healthy,1,1.000000,ACCEPT,0.000000,1.000000,0.000000,0.000000,0.000000,
datasets\crop_disease\test\Healthy\test_001477.jpg,Healthy,1,0.999991,ACCEPT,0.000008,0.999991,0.000000,0.000001,0.000000,
datasets\crop_disease\test\Healthy\test_001478.jpg,Healthy,1,1.000000,ACCEPT,0.000000,1.000000,0.000000,0.000000,0.000000,
datasets\crop_disease\test\Healthy\test_001479.jpg,Healthy,1,1.000000,ACCEPT,0.000000,1.000000,0.000000,0.000000,0.000000,
datasets\crop_disease\test\Healthy\test_001480.jpg,Healthy,1,1.000000,ACCEPT,0.000000,1.000000,0.000000,0.000000,0.000000,
datasets\crop_disease\test\Healthy\test_001481.jpg,Healthy,1,1.000000,ACCEPT,0.000000,1.000000,0.000000,0.000000,0.000000,
datasets\crop_disease\test\Healthy\test_001482.jpg,Healthy,1,0.999980,ACCEPT,0.000014,0.999980,0.000005,0.000000,0.000000,
datasets\crop_disease\test\Healthy\test_001483.jpg,Healthy,1,1.000000,ACCEPT,0.000000,1.000000,0.000000,0.000000,0.000000,
datasets\crop_disease\test\Healthy\test_001484.jpg,Healthy,1,0.999996,ACCEPT,0.000003,0.999996,0.000000,0.000000,0.000000,
datasets\crop_disease\test\Healthy\test_001485.jpg,Healthy,1,0.999985,ACCEPT,0.000015,0.999985,0.000000,0.000000,0.000000,
datasets\crop_disease\test\Healthy\test_001486.jpg,Healthy,1,0.999996,ACCEPT,0.000002,0.999996,0.000001,0.000000,0.000000,
datasets\crop_disease\test\Healthy\test_001487.jpg,Healthy,1,0.999997,ACCEPT,0.000000,0.999997,0.000000,0.000003,0.000000,
datasets\crop_disease\test\Healthy\test_001488.jpg,Healthy,1,0.999841,ACCEPT,0.000000,0.999841,0.000003,0.000156,0.000000,
datasets\crop_disease\test\Healthy\test_001489.jpg,Healthy,1,0.999999,ACCEPT,0.000000,0.999999,0.000000,0.000001,0.000000,
datasets\crop_disease\test\Healthy\test_001490.jpg,Healthy,1,0.999889,ACCEPT,0.000006,0.999889,0.000007,0.000097,0.000000,
datasets\crop_disease\test\Healthy\test_001491.jpg,Healthy,1,1.000000,ACCEPT,0.000000,1.000000,0.000000,0.000000,0.000000,
datasets\crop_disease\test\Healthy\test_001492.jpg,Healthy,1,0.999892,ACCEPT,0.000107,0.999892,0.000000,0.000000,0.000000,
datasets\crop_disease\test\Healthy\test_001493.jpg,Healthy,1,0.999957,ACCEPT,0.000043,0.999957,0.000000,0.000000,0.000000,
datasets\crop_disease\test\Healthy\test_001494.jpg,Healthy,1,0.999999,ACCEPT,0.000000,0.999999,0.000000,0.000000,0.000000,
datasets\crop_disease\test\Healthy\test_001495.jpg,Healthy,1,0.999985,ACCEPT,0.000004,0.999985,0.000000,0.000011,0.000000,
datasets\crop_disease\test\Healthy\test_001496.jpg,Healthy,1,1.000000,ACCEPT,0.000000,1.000000,0.000000,0.000000,0.000000,
datasets\crop_disease\test\Healthy\test_001497.jpg,Healthy,1,1.000000,ACCEPT,0.000000,1.000000,0.000000,0.000000,0.000000,
datasets\crop_disease\test\Healthy\test_001498.jpg,Healthy,1,0.999979,ACCEPT,0.000019,0.999979,0.000000,0.000001,0.000000,
datasets\crop_disease\test\Healthy\test_001499.jpg,Healthy,1,0.999940,ACCEPT,0.000056,0.999940,0.000000,0.000004,0.000000,
datasets\crop_disease\test\Healthy\test_001500.jpg,Healthy,1,0.994910,ACCEPT,0.005090,0.994910,0.000000,0.000000,0.000000,
datasets\crop_disease\test\Healthy\test_001501.jpg,Healthy,1,0.997062,ACCEPT,0.002932,0.997062,0.000003,0.000003,0.000000,
datasets\crop_disease\test\Healthy\test_001502.jpg,Healthy,1,0.999015,ACCEPT,0.000855,0.999015,0.000057,0.000072,0.000000,
datasets\crop_disease\test\Healthy\test_001503.jpg,Healthy,1,0.999617,ACCEPT,0.000383,0.999617,0.000000,0.000000,0.000000,
datasets\crop_disease\test\Healthy\test_001504.jpg,Healthy,1,0.999852,ACCEPT,0.000145,0.999852,0.000000,0.000003,0.000000,
datasets\crop_disease\test\Healthy\test_001505.jpg,Healthy,1,0.961268,ACCEPT,0.038726,0.961268,0.000004,0.000001,0.000000,
datasets\crop_disease\test\Healthy\test_001506.jpg,Healthy,1,0.999180,ACCEPT,0.000815,0.999180,0.000000,0.000005,0.000000,
datasets\crop_disease\test\Healthy\test_001507.jpg,Healthy,1,0.999998,ACCEPT,0.000002,0.999998,0.000000,0.000000,0.000000,
datasets\crop_disease\test\Healthy\test_001508.jpg,Healthy,1,0.999900,ACCEPT,0.000077,0.999900,0.000000,0.000023,0.000000,
datasets\crop_disease\test\Healthy\test_001509.jpg,Healthy,1,0.998202,ACCEPT,0.001791,0.998202,0.000005,0.000002,0.000000,
datasets\crop_disease\test\Healthy\test_001510.jpg,Healthy,1,0.999488,ACCEPT,0.000456,0.999488,0.000000,0.000055,0.000000,
datasets\crop_disease\test\Healthy\test_001511.jpg,Healthy,1,0.999984,ACCEPT,0.000016,0.999984,0.000000,0.000000,0.000000,
datasets\crop_disease\test\Healthy\test_001512.jpg,Healthy,1,0.999556,ACCEPT,0.000438,0.999556,0.000004,0.000002,0.000000,
datasets\crop_disease\test\Healthy\test_001513.jpg,Healthy,1,0.999899,ACCEPT,0.000101,0.999899,0.000000,0.000000,0.000000,
datasets\crop_disease\test\Healthy\test_001514.jpg,Healthy,1,0.999459,ACCEPT,0.000539,0.999459,0.000000,0.000002,0.000000,
datasets\crop_disease\test\Healthy\test_001515.jpg,Healthy,1,0.999884,ACCEPT,0.000111,0.999884,0.000000,0.000006,0.000000,
datasets\crop_disease\test\Healthy\test_001516.jpg,Healthy,1,0.889847,ACCEPT,0.059666,0.889847,0.000102,0.050384,0.000001,
datasets\crop_disease\test\Healthy\test_001517.jpg,Healthy,1,0.998122,ACCEPT,0.001877,0.998122,0.000000,0.000000,0.000000,
datasets\crop_disease\test\Healthy\test_001518.jpg,Healthy,1,0.981996,ACCEPT,0.017927,0.981996,0.000003,0.000074,0.000000,
datasets\crop_disease\test\Healthy\test_001519.jpg,Healthy,1,0.999916,ACCEPT,0.000083,0.999916,0.000000,0.000000,0.000000,
datasets\crop_disease\test\Healthy\test_001520.jpg,Blight,0,0.564538,NEEDS-REVIEW,0.564538,0.435313,0.000131,0.000018,0.000000,
datasets\crop_disease\test\Healthy\test_001521.jpg,Healthy,1,0.998061,ACCEPT,0.001596,0.998061,0.000009,0.000335,0.000000,
datasets\crop_disease\test\Healthy\test_001522.jpg,Healthy,1,0.999947,ACCEPT,0.000050,0.999947,0.000001,0.000001,0.000000,
datasets\crop_disease\test\Healthy\test_001523.jpg,Healthy,1,0.999975,ACCEPT,0.000025,0.999975,0.000000,0.000000,0.000000,
datasets\crop_disease\test\Healthy\test_001524.jpg,Healthy,1,0.999853,ACCEPT,0.000146,0.999853,0.000001,0.000000,0.000000,
datasets\crop_disease\test\Healthy\test_001525.jpg,Healthy,1,0.999529,ACCEPT,0.000427,0.999529,0.000008,0.000035,0.000001,
datasets\crop_disease\test\Healthy\test_001526.jpg,Healthy,1,0.999994,ACCEPT,0.000006,0.999994,0.000000,0.000000,0.000000,
datasets\crop_disease\test\Healthy\test_001527.jpg,Healthy,1,0.880414,ACCEPT,0.101912,0.880414,0.000007,0.017666,0.000000,
datasets\crop_disease\test\Healthy\test_001528.jpg,Healthy,1,0.994714,ACCEPT,0.000000,0.994714,0.000000,0.005285,0.000000,
datasets\crop_disease\test\Healthy\test_001529.jpg,Healthy,1,1.000000,ACCEPT,0.000000,1.000000,0.000000,0.000000,0.000000,
datasets\crop_disease\test\Healthy\test_001530.jpg,Healthy,1,0.999995,ACCEPT,0.000000,0.999995,0.000004,0.000001,0.000000,
datasets\crop_disease\test\Healthy\test_001531.jpg,Healthy,1,0.999984,ACCEPT,0.000001,0.999984,0.000009,0.000006,0.000000,
datasets\crop_disease\test\Healthy\test_001532.jpg,Healthy,1,0.999992,ACCEPT,0.000000,0.999992,0.000007,0.000000,0.000000,
datasets\crop_disease\test\Healthy\test_001533.jpg,Healthy,1,0.999998,ACCEPT,0.000001,0.999998,0.000000,0.000001,0.000000,
datasets\crop_disease\test\Healthy\test_001534.jpg,Healthy,1,0.999998,ACCEPT,0.000000,0.999998,0.000002,0.000000,0.000000,
datasets\crop_disease\test\Healthy\test_001535.jpg,Healthy,1,0.999805,ACCEPT,0.000189,0.999805,0.000001,0.000005,0.000000,
datasets\crop_disease\test\Healthy\test_001536.jpg,Healthy,1,0.999968,ACCEPT,0.000001,0.999968,0.000031,0.000000,0.000000,
datasets\crop_disease\test\Healthy\test_001537.jpg,Healthy,1,0.999988,ACCEPT,0.000011,0.999988,0.000001,0.000000,0.000000,
datasets\crop_disease\test\Healthy\test_001538.jpg,Healthy,1,0.999997,ACCEPT,0.000002,0.999997,0.000001,0.000000,0.000000,
datasets\crop_disease\test\Healthy\test_001539.jpg,Healthy,1,0.999989,ACCEPT,0.000002,0.999989,0.000005,0.000005,0.000000,
datasets\crop_disease\test\Healthy\test_001540.jpg,Healthy,1,0.999979,ACCEPT,0.000011,0.999979,0.000010,0.000000,0.000000,
datasets\crop_disease\test\Healthy\test_001541.jpg,Healthy,1,1.000000,ACCEPT,0.000000,1.000000,0.000000,0.000000,0.000000,
datasets\crop_disease\test\Healthy\test_001542.jpg,Healthy,1,0.999996,ACCEPT,0.000003,0.999996,0.000000,0.000001,0.000000,
datasets\crop_disease\test\Healthy\test_001543.jpg,Healthy,1,0.999992,ACCEPT,0.000000,0.999992,0.000008,0.000000,0.000000,
datasets\crop_disease\test\Healthy\test_001544.jpg,Healthy,1,0.999994,ACCEPT,0.000000,0.999994,0.000006,0.000001,0.000000,
datasets\crop_disease\test\Healthy\test_001545.jpg,Healthy,1,0.999928,ACCEPT,0.000027,0.999928,0.000042,0.000003,0.000000,
datasets\crop_disease\test\Healthy\test_001546.jpg,Healthy,1,0.999997,ACCEPT,0.000000,0.999997,0.000002,0.000001,0.000000,
datasets\crop_disease\test\Healthy\test_001547.jpg,Healthy,1,1.000000,ACCEPT,0.000000,1.000000,0.000000,0.000000,0.000000,
datasets\crop_disease\test\Healthy\test_001548.jpg,Healthy,1,0.999992,ACCEPT,0.000001,0.999992,0.000005,0.000002,0.000000,
datasets\crop_disease\test\Healthy\test_001549.jpg,Healthy,1,0.999710,ACCEPT,0.000013,0.999710,0.000151,0.000126,0.000000,
datasets\crop_disease\test\Healthy\test_001550.jpg,Healthy,1,0.999968,ACCEPT,0.000022,0.999968,0.000010,0.000001,0.000000,
datasets\crop_disease\test\Healthy\test_001551.jpg,Healthy,1,0.999601,ACCEPT,0.000004,0.999601,0.000395,0.000000,0.000000,
datasets\crop_disease\test\Healthy\test_001552.jpg,Healthy,1,0.999980,ACCEPT,0.000002,0.999980,0.000001,0.000017,0.000000,
datasets\crop_disease\test\Healthy\test_001553.jpg,Healthy,1,0.999947,ACCEPT,0.000051,0.999947,0.000002,0.000000,0.000000,
datasets\crop_disease\test\Healthy\test_001554.jpg,Healthy,1,0.999998,ACCEPT,0.000000,0.999998,0.000002,0.000000,0.000000,
datasets\crop_disease\test\Healthy\test_001555.jpg,Healthy,1,0.999996,ACCEPT,0.000000,0.999996,0.000002,0.000002,0.000000,
datasets\crop_disease\test\Healthy\test_001556.jpg,Healthy,1,0.999997,ACCEPT,0.000002,0.999997,0.000000,0.000001,0.000000,
datasets\crop_disease\test\Healthy\test_001557.jpg,Healthy,1,0.999999,ACCEPT,0.000000,0.999999,0.000001,0.000000,0.000000,
datasets\crop_disease\test\Healthy\test_001558.jpg,Healthy,1,0.999720,ACCEPT,0.000245,0.999720,0.000032,0.000002,0.000000,
datasets\crop_disease\test\Healthy\test_001559.jpg,Healthy,1,0.996783,ACCEPT,0.003210,0.996783,0.000006,0.000001,0.000000,
datasets\crop_disease\test\Healthy\test_001560.jpg,Healthy,1,0.999991,ACCEPT,0.000002,0.999991,0.000005,0.000001,0.000000,
datasets\crop_disease\test\Healthy\test_001561.jpg,Healthy,1,0.999989,ACCEPT,0.000003,0.999989,0.000008,0.000000,0.000000,
datasets\crop_disease\test\Healthy\test_001562.jpg,Healthy,1,0.999999,ACCEPT,0.000000,0.999999,0.000001,0.000000,0.000000,
datasets\crop_disease\test\Healthy\test_001563.jpg,Healthy,1,0.999125,ACCEPT,0.000797,0.999125,0.000063,0.000016,0.000000,
datasets\crop_disease\test\Healthy\test_001564.jpg,Healthy,1,0.999918,ACCEPT,0.000005,0.999918,0.000071,0.000006,0.000000,
datasets\crop_disease\test\Healthy\test_001565.jpg,Healthy,1,0.999996,ACCEPT,0.000001,0.999996,0.000002,0.000000,0.000000,
datasets\crop_disease\test\Healthy\test_001566.jpg,Healthy,1,0.999979,ACCEPT,0.000019,0.999979,0.000001,0.000000,0.000000,
datasets\crop_disease\test\Healthy\test_001567.jpg,Healthy,1,0.999981,ACCEPT,0.000000,0.999981,0.000019,0.000000,0.000000,
datasets\crop_disease\test\Healthy\test_001568.jpg,Healthy,1,0.999986,ACCEPT,0.000001,0.999986,0.000014,0.000000,0.000000,
datasets\crop_disease\test\Healthy\test_001569.jpg,Healthy,1,1.000000,ACCEPT,0.000000,1.000000,0.000000,0.000000,0.000000,
datasets\crop_disease\test\Healthy\test_001570.jpg,Healthy,1,0.999911,ACCEPT,0.000033,0.999911,0.000000,0.000056,0.000000,
datasets\crop_disease\test\Healthy\test_001571.jpg,Healthy,1,1.000000,ACCEPT,0.000000,1.000000,0.000000,0.000000,0.000000,
datasets\crop_disease\test\Healthy\test_001572.jpg,Healthy,1,0.999972,ACCEPT,0.000024,0.999972,0.000003,0.000001,0.000000,
datasets\crop_disease\test\Healthy\test_001573.jpg,Healthy,1,0.999981,ACCEPT,0.000008,0.999981,0.000009,0.000002,0.000000,
datasets\crop_disease\test\Healthy\test_001574.jpg,Healthy,1,1.000000,ACCEPT,0.000000,1.000000,0.000000,0.000000,0.000000,
datasets\crop_disease\test\Healthy\test_001575.jpg,Healthy,1,0.999982,ACCEPT,0.000001,0.999982,0.000016,0.000001,0.000000,
datasets\crop_disease\test\Healthy\test_001576.jpg,Healthy,1,0.999987,ACCEPT,0.000003,0.999987,0.000010,0.000000,0.000000,
datasets\crop_disease\test\Healthy\test_001577.jpg,Healthy,1,0.999999,ACCEPT,0.000001,0.999999,0.000000,0.000000,0.000000,
datasets\crop_disease\test\Healthy\test_001578.jpg,Healthy,1,0.999998,ACCEPT,0.000001,0.999998,0.000000,0.000001,0.000000,
datasets\crop_disease\test\Healthy\test_001579.jpg,Healthy,1,0.999933,ACCEPT,0.000003,0.999933,0.000009,0.000056,0.000000,
datasets\crop_disease\test\Healthy\test_001580.jpg,Healthy,1,0.999999,ACCEPT,0.000001,0.999999,0.000000,0.000000,0.000000,
datasets\crop_disease\test\Healthy\test_001581.jpg,Healthy,1,0.999847,ACCEPT,0.000053,0.999847,0.000100,0.000000,0.000000,
datasets\crop_disease\test\Healthy\test_001582.jpg,Healthy,1,0.997939,ACCEPT,0.000707,0.997939,0.001225,0.000124,0.000005,
datasets\crop_disease\test\Healthy\test_001583.jpg,Healthy,1,0.999953,ACCEPT,0.000000,0.999953,0.000006,0.000041,0.000000,
datasets\crop_disease\test\Healthy\test_001584.jpg,Healthy,1,0.999956,ACCEPT,0.000000,0.999956,0.000015,0.000029,0.000000,
datasets\crop_disease\test\Healthy\test_001585.jpg,Healthy,1,0.998504,ACCEPT,0.000289,0.998504,0.001204,0.000003,0.000000,
datasets\crop_disease\test\Healthy\test_001586.jpg,Healthy,1,1.000000,ACCEPT,0.000000,1.000000,0.000000,0.000000,0.000000,
datasets\crop_disease\test\Healthy\test_001587.jpg,Healthy,1,0.999989,ACCEPT,0.000010,0.999989,0.000001,0.000000,0.000000,
datasets\crop_disease\test\Healthy\test_001588.jpg,Healthy,1,0.999993,ACCEPT,0.000003,0.999993,0.000004,0.000000,0.000000,
datasets\crop_disease\test\Healthy\test_001589.jpg,Healthy,1,0.999988,ACCEPT,0.000002,0.999988,0.000009,0.000000,0.000000,
datasets\crop_disease\test\Healthy\test_001590.jpg,Healthy,1,0.999937,ACCEPT,0.000059,0.999937,0.000001,0.000004,0.000000,
datasets\crop_disease\test\Healthy\test_001591.jpg,Healthy,1,1.000000,ACCEPT,0.000000,1.000000,0.000000,0.000000,0.000000,
datasets\crop_disease\test\Healthy\test_001592.jpg,Healthy,1,0.999997,ACCEPT,0.000000,0.999997,0.000003,0.000000,0.000000,
datasets\crop_disease\test\Healthy\test_001593.jpg,Healthy,1,0.999773,ACCEPT,0.000006,0.999773,0.000014,0.000206,0.000000,
datasets\crop_disease\test\Healthy\test_001594.jpg,Healthy,1,0.999928,ACCEPT,0.000015,0.999928,0.000057,0.000000,0.000000,
datasets\crop_disease\test\Healthy\test_001595.jpg,Healthy,1,0.999996,ACCEPT,0.000000,0.999996,0.000003,0.000002,0.000000,
datasets\crop_disease\test\Healthy\test_001596.jpg,Healthy,1,0.999545,ACCEPT,0.000079,0.999545,0.000035,0.000341,0.000000,
datasets\crop_disease\test\Healthy\test_001597.jpg,Healthy,1,0.997058,ACCEPT,0.000114,0.997058,0.002816,0.000011,0.000000,
datasets\crop_disease\test\Healthy\test_001598.jpg,Healthy,1,0.999990,ACCEPT,0.000000,0.999990,0.000010,0.000001,0.000000,
datasets\crop_disease\test\Healthy\test_001599.jpg,Healthy,1,1.000000,ACCEPT,0.000000,1.000000,0.000000,0.000000,0.000000,
datasets\crop_disease\test\Healthy\test_001600.jpg,Healthy,1,0.999998,ACCEPT,0.000001,0.999998,0.000001,0.000000,0.000000,
datasets\crop_disease\test\Healthy\test_001601.jpg,Healthy,1,0.999993,ACCEPT,0.000004,0.999993,0.000003,0.000000,0.000000,
datasets\crop_disease\test\Healthy\test_001602.jpg,Healthy,1,0.999997,ACCEPT,0.000001,0.999997,0.000000,0.000002,0.000000,
datasets\crop_disease\test\Healthy\test_001603.jpg,Healthy,1,1.000000,ACCEPT,0.000000,1.000000,0.000000,0.000000,0.000000,
datasets\crop_disease\test\Healthy\test_001604.jpg,Healthy,1,0.999995,ACCEPT,0.000004,0.999995,0.000001,0.000000,0.000000,
datasets\crop_disease\test\Healthy\test_001605.jpg,Healthy,1,1.000000,ACCEPT,0.000000,1.000000,0.000000,0.000000,0.000000,
datasets\crop_disease\test\Healthy\test_001606.jpg,Healthy,1,0.994496,ACCEPT,0.004425,0.994496,0.001046,0.000034,0.000000,
datasets\crop_disease\test\Healthy\test_001607.jpg,Healthy,1,0.999994,ACCEPT,0.000001,0.999994,0.000004,0.000000,0.000000,
datasets\crop_disease\test\Healthy\test_001608.jpg,Healthy,1,1.000000,ACCEPT,0.000000,1.000000,0.000000,0.000000,0.000000,
datasets\crop_disease\test\Healthy\test_001609.jpg,Healthy,1,0.999999,ACCEPT,0.000001,0.999999,0.000000,0.000000,0.000000,
datasets\crop_disease\test\Healthy\test_001610.jpg,Healthy,1,1.000000,ACCEPT,0.000000,1.000000,0.000000,0.000000,0.000000,
datasets\crop_disease\test\Healthy\test_001611.jpg,Healthy,1,0.999444,ACCEPT,0.000555,0.999444,0.000000,0.000001,0.000000,
datasets\crop_disease\test\Healthy\test_001612.jpg,Healthy,1,1.000000,ACCEPT,0.000000,1.000000,0.000000,0.000000,0.000000,
datasets\crop_disease\test\Healthy\test_001613.jpg,Healthy,1,0.999998,ACCEPT,0.000001,0.999998,0.000000,0.000000,0.000000,
datasets\crop_disease\test\Healthy\test_001614.jpg,Healthy,1,0.999962,ACCEPT,0.000031,0.999962,0.000006,0.000000,0.000001,
datasets\crop_disease\test\Healthy\test_001615.jpg,Healthy,1,0.999995,ACCEPT,0.000001,0.999995,0.000002,0.000002,0.000000,
datasets\crop_disease\test\Healthy\test_001616.jpg,Healthy,1,0.999998,ACCEPT,0.000002,0.999998,0.000000,0.000000,0.000000,
datasets\crop_disease\test\Healthy\test_001617.jpg,Healthy,1,0.999998,ACCEPT,0.000001,0.999998,0.000000,0.000000,0.000000,
datasets\crop_disease\test\Healthy\test_001618.jpg,Healthy,1,0.999933,ACCEPT,0.000066,0.999933,0.000000,0.000000,0.000000,
datasets\crop_disease\test\Healthy\test_001619.jpg,Healthy,1,0.999998,ACCEPT,0.000002,0.999998,0.000000,0.000000,0.000000,
datasets\crop_disease\test\Healthy\test_001620.jpg,Healthy,1,1.000000,ACCEPT,0.000000,1.000000,0.000000,0.000000,0.000000,
datasets\crop_disease\test\Healthy\test_001621.jpg,Healthy,1,0.999998,ACCEPT,0.000002,0.999998,0.000000,0.000000,0.000000,
datasets\crop_disease\test\Healthy\test_001622.jpg,Healthy,1,0.999995,ACCEPT,0.000004,0.999995,0.000000,0.000000,0.000000,
datasets\crop_disease\test\Healthy\test_001623.jpg,Healthy,1,1.000000,ACCEPT,0.000000,1.000000,0.000000,0.000000,0.000000,
datasets\crop_disease\test\Healthy\test_001624.jpg,Healthy,1,1.000000,ACCEPT,0.000000,1.000000,0.000000,0.000000,0.000000,
datasets\crop_disease\test\Healthy\test_001625.jpg,Healthy,1,0.999999,ACCEPT,0.000001,0.999999,0.000000,0.000000,0.000000,
datasets\crop_disease\test\Healthy\test_001626.jpg,Healthy,1,0.999607,ACCEPT,0.000392,0.999607,0.000001,0.000000,0.000000,
datasets\crop_disease\test\Healthy\test_001627.jpg,Healthy,1,0.999994,ACCEPT,0.000003,0.999994,0.000000,0.000003,0.000000,
datasets\crop_disease\test\Healthy\test_001628.jpg,Healthy,1,0.999999,ACCEPT,0.000001,0.999999,0.000000,0.000000,0.000000,
datasets\crop_disease\test\Healthy\test_001629.jpg,Healthy,1,1.000000,ACCEPT,0.000000,1.000000,0.000000,0.000000,0.000000,
datasets\crop_disease\test\Healthy\test_001630.jpg,Healthy,1,0.999825,ACCEPT,0.000175,0.999825,0.000000,0.000001,0.000000,
datasets\crop_disease\test\Healthy\test_001631.jpg,Healthy,1,0.999999,ACCEPT,0.000001,0.999999,0.000000,0.000000,0.000000,
datasets\crop_disease\test\Healthy\test_001632.jpg,Healthy,1,0.999995,ACCEPT,0.000000,0.999995,0.000005,0.000000,0.000000,
datasets\crop_disease\test\Healthy\test_001633.jpg,Healthy,1,0.999974,ACCEPT,0.000020,0.999974,0.000003,0.000003,0.000000,
datasets\crop_disease\test\Healthy\test_001634.jpg,Healthy,1,1.000000,ACCEPT,0.000000,1.000000,0.000000,0.000000,0.000000,
datasets\crop_disease\test\Healthy\test_001635.jpg,Healthy,1,1.000000,ACCEPT,0.000000,1.000000,0.000000,0.000000,0.000000,
datasets\crop_disease\test\Healthy\test_001636.jpg,Healthy,1,1.000000,ACCEPT,0.000000,1.000000,0.000000,0.000000,0.000000,
datasets\crop_disease\test\Healthy\test_001637.jpg,Healthy,1,1.000000,ACCEPT,0.000000,1.000000,0.000000,0.000000,0.000000,
datasets\crop_disease\test\Healthy\test_001638.jpg,Healthy,1,0.999999,ACCEPT,0.000001,0.999999,0.000000,0.000000,0.000000,
datasets\crop_disease\test\Healthy\test_001639.jpg,Healthy,1,1.000000,ACCEPT,0.000000,1.000000,0.000000,0.000000,0.000000,
datasets\crop_disease\test\Healthy\test_001640.jpg,Healthy,1,1.000000,ACCEPT,0.000000,1.000000,0.000000,0.000000,0.000000,
datasets\crop_disease\test\Healthy\test_001641.jpg,Healthy,1,1.000000,ACCEPT,0.000000,1.000000,0.000000,0.000000,0.000000,
datasets\crop_disease\test\Healthy\test_001642.jpg,Healthy,1,0.999940,ACCEPT,0.000058,0.999940,0.000000,0.000002,0.000000,
datasets\crop_disease\test\Healthy\test_001643.jpg,Healthy,1,0.999999,ACCEPT,0.000001,0.999999,0.000000,0.000000,0.000000,
datasets\crop_disease\test\Healthy\test_001644.jpg,Healthy,1,0.999994,ACCEPT,0.000005,0.999994,0.000001,0.000000,0.000000,
datasets\crop_disease\test\Healthy\test_001645.jpg,Healthy,1,1.000000,ACCEPT,0.000000,1.000000,0.000000,0.000000,0.000000,
datasets\crop_disease\test\Healthy\test_001646.jpg,Healthy,1,1.000000,ACCEPT,0.000000,1.000000,0.000000,0.000000,0.000000,
datasets\crop_disease\test\Healthy\test_001647.jpg,Healthy,1,1.000000,ACCEPT,0.000000,1.000000,0.000000,0.000000,0.000000,
datasets\crop_disease\test\Healthy\test_001648.jpg,Healthy,1,1.000000,ACCEPT,0.000000,1.000000,0.000000,0.000000,0.000000,
datasets\crop_disease\test\Healthy\test_001649.jpg,Healthy,1,0.999183,ACCEPT,0.000806,0.999183,0.000008,0.000002,0.000000,
datasets\crop_disease\test\Healthy\test_001650.jpg,Healthy,1,1.000000,ACCEPT,0.000000,1.000000,0.000000,0.000000,0.000000,
datasets\crop_disease\test\Healthy\test_001651.jpg,Healthy,1,0.999991,ACCEPT,0.000004,0.999991,0.000006,0.000000,0.000000,
datasets\crop_disease\test\Healthy\test_001652.jpg,Healthy,1,0.999998,ACCEPT,0.000002,0.999998,0.000000,0.000000,0.000000,
datasets\crop_disease\test\Healthy\test_001653.jpg,Healthy,1,0.999991,ACCEPT,0.000009,0.999991,0.000000,0.000000,0.000000,
datasets\crop_disease\test\Healthy\test_001654.jpg,Healthy,1,1.000000,ACCEPT,0.000000,1.000000,0.000000,0.000000,0.000000,
datasets\crop_disease\test\Healthy\test_001655.jpg,Healthy,1,1.000000,ACCEPT,0.000000,1.000000,0.000000,0.000000,0.000000,
datasets\crop_disease\test\Healthy\test_001656.jpg,Healthy,1,1.000000,ACCEPT,0.000000,1.000000,0.000000,0.000000,0.000000,
datasets\crop_disease\test\Healthy\test_001657.jpg,Healthy,1,1.000000,ACCEPT,0.000000,1.000000,0.000000,0.000000,0.000000,
datasets\crop_disease\test\Healthy\test_001658.jpg,Healthy,1,0.999999,ACCEPT,0.000001,0.999999,0.000000,0.000000,0.000000,
datasets\crop_disease\test\Healthy\test_001659.jpg,Healthy,1,0.999960,ACCEPT,0.000003,0.999960,0.000002,0.000036,0.000000,
datasets\crop_disease\test\Healthy\test_001660.jpg,Healthy,1,0.999995,ACCEPT,0.000000,0.999995,0.000000,0.000004,0.000000,
datasets\crop_disease\test\Healthy\test_001661.jpg,Healthy,1,0.999998,ACCEPT,0.000002,0.999998,0.000000,0.000000,0.000000,
datasets\crop_disease\test\Healthy\test_001662.jpg,Healthy,1,0.999998,ACCEPT,0.000000,0.999998,0.000002,0.000000,0.000000,
datasets\crop_disease\test\Healthy\test_001663.jpg,Healthy,1,0.999997,ACCEPT,0.000000,0.999997,0.000000,0.000000,0.000002,
datasets\crop_disease\test\Healthy\test_001664.jpg,Healthy,1,0.999970,ACCEPT,0.000024,0.999970,0.000006,0.000001,0.000000,
datasets\crop_disease\test\Healthy\test_001665.jpg,Healthy,1,1.000000,ACCEPT,0.000000,1.000000,0.000000,0.000000,0.000000,
datasets\crop_disease\test\Healthy\test_001666.jpg,Healthy,1,1.000000,ACCEPT,0.000000,1.000000,0.000000,0.000000,0.000000,
datasets\crop_disease\test\Healthy\test_001667.jpg,Healthy,1,1.000000,ACCEPT,0.000000,1.000000,0.000000,0.000000,0.000000,
datasets\crop_disease\test\Healthy\test_001668.jpg,Healthy,1,1.000000,ACCEPT,0.000000,1.000000,0.000000,0.000000,0.000000,
datasets\crop_disease\test\Healthy\test_001669.jpg,Healthy,1,1.000000,ACCEPT,0.000000,1.000000,0.000000,0.000000,0.000000,
datasets\crop_disease\test\Healthy\test_001670.jpg,Healthy,1,0.999980,ACCEPT,0.000003,0.999980,0.000001,0.000017,0.000000,
datasets\crop_disease\test\Healthy\test_001671.jpg,Healthy,1,1.000000,ACCEPT,0.000000,1.000000,0.000000,0.000000,0.000000,
datasets\crop_disease\test\Healthy\test_001672.jpg,Healthy,1,1.000000,ACCEPT,0.000000,1.000000,0.000000,0.000000,0.000000,
datasets\crop_disease\test\Healthy\test_001673.jpg,Healthy,1,1.000000,ACCEPT,0.000000,1.000000,0.000000,0.000000,0.000000,
datasets\crop_disease\test\Healthy\test_001674.jpg,Healthy,1,1.000000,ACCEPT,0.000000,1.000000,0.000000,0.000000,0.000000,
datasets\crop_disease\test\Healthy\test_001675.jpg,Healthy,1,1.000000,ACCEPT,0.000000,1.000000,0.000000,0.000000,0.000000,
datasets\crop_disease\test\Healthy\test_001676.jpg,Healthy,1,1.000000,ACCEPT,0.000000,1.000000,0.000000,0.000000,0.000000,
datasets\crop_disease\test\Healthy\test_001677.jpg,Healthy,1,0.999993,ACCEPT,0.000006,0.999993,0.000000,0.000000,0.000000,
datasets\crop_disease\test\Healthy\test_001678.jpg,Healthy,1,1.000000,ACCEPT,0.000000,1.000000,0.000000,0.000000,0.000000,
datasets\crop_disease\test\Healthy\test_001679.jpg,Healthy,1,1.000000,ACCEPT,0.000000,1.000000,0.000000,0.000000,0.000000,
datasets\crop_disease\test\Healthy\test_001680.jpg,Healthy,1,0.999999,ACCEPT,0.000001,0.999999,0.000000,0.000000,0.000000,
datasets\crop_disease\test\Healthy\test_001681.jpg,Healthy,1,1.000000,ACCEPT,0.000000,1.000000,0.000000,0.000000,0.000000,
datasets\crop_disease\test\Healthy\test_001682.jpg,Healthy,1,1.000000,ACCEPT,0.000000,1.000000,0.000000,0.000000,0.000000,
datasets\crop_disease\test\Healthy\test_001683.jpg,Healthy,1,1.000000,ACCEPT,0.000000,1.000000,0.000000,0.000000,0.000000,
datasets\crop_disease\test\Healthy\test_001684.jpg,Healthy,1,0.999982,ACCEPT,0.000000,0.999982,0.000018,0.000000,0.000000,
datasets\crop_disease\test\Healthy\test_001685.jpg,Healthy,1,1.000000,ACCEPT,0.000000,1.000000,0.000000,0.000000,0.000000,
datasets\crop_disease\test\Healthy\test_001686.jpg,Healthy,1,1.000000,ACCEPT,0.000000,1.000000,0.000000,0.000000,0.000000,
datasets\crop_disease\test\Healthy\test_001687.jpg,Healthy,1,1.000000,ACCEPT,0.000000,1.000000,0.000000,0.000000,0.000000,
datasets\crop_disease\test\Healthy\test_001688.jpg,Healthy,1,1.000000,ACCEPT,0.000000,1.000000,0.000000,0.000000,0.000000,
datasets\crop_disease\test\Healthy\test_001689.jpg,Healthy,1,1.000000,ACCEPT,0.000000,1.000000,0.000000,0.000000,0.000000,
datasets\crop_disease\test\Healthy\test_001690.jpg,Healthy,1,1.000000,ACCEPT,0.000000,1.000000,0.000000,0.000000,0.000000,
datasets\crop_disease\test\Healthy\test_001691.jpg,Healthy,1,0.999998,ACCEPT,0.000002,0.999998,0.000000,0.000000,0.000000,
datasets\crop_disease\test\Healthy\test_001692.jpg,Healthy,1,1.000000,ACCEPT,0.000000,1.000000,0.000000,0.000000,0.000000,
datasets\crop_disease\test\Healthy\test_001693.jpg,Healthy,1,1.000000,ACCEPT,0.000000,1.000000,0.000000,0.000000,0.000000,
datasets\crop_disease\test\Healthy\test_001694.jpg,Healthy,1,1.000000,ACCEPT,0.000000,1.000000,0.000000,0.000000,0.000000,
datasets\crop_disease\test\Healthy\test_001695.jpg,Healthy,1,1.000000,ACCEPT,0.000000,1.000000,0.000000,0.000000,0.000000,
datasets\crop_disease\test\Healthy\test_001696.jpg,Healthy,1,1.000000,ACCEPT,0.000000,1.000000,0.000000,0.000000,0.000000,
datasets\crop_disease\test\Healthy\test_001697.jpg,Healthy,1,0.999977,ACCEPT,0.000004,0.999977,0.000017,0.000002,0.000000,
datasets\crop_disease\test\Healthy\test_001698.jpg,Healthy,1,1.000000,ACCEPT,0.000000,1.000000,0.000000,0.000000,0.000000,
datasets\crop_disease\test\Healthy\test_001699.jpg,Healthy,1,0.999999,ACCEPT,0.000001,0.999999,0.000000,0.000000,0.000000,
datasets\crop_disease\test\Healthy\test_001700.jpg,Healthy,1,1.000000,ACCEPT,0.000000,1.000000,0.000000,0.000000,0.000000,
datasets\crop_disease\test\Healthy\test_001701.jpg,Healthy,1,1.000000,ACCEPT,0.000000,1.000000,0.000000,0.000000,0.000000,
datasets\crop_disease\test\Healthy\test_001702.jpg,Healthy,1,0.999999,ACCEPT,0.000000,0.999999,0.000000,0.000001,0.000000,
datasets\crop_disease\test\Healthy\test_001703.jpg,Healthy,1,0.999996,ACCEPT,0.000000,0.999996,0.000000,0.000004,0.000000,
datasets\crop_disease\test\Healthy\test_001704.jpg,Healthy,1,0.999991,ACCEPT,0.000007,0.999991,0.000000,0.000001,0.000000,
datasets\crop_disease\test\Healthy\test_001705.jpg,Healthy,1,1.000000,ACCEPT,0.000000,1.000000,0.000000,0.000000,0.000000,
datasets\crop_disease\test\Healthy\test_001706.jpg,Healthy,1,0.999974,ACCEPT,0.000023,0.999974,0.000002,0.000000,0.000000,
datasets\crop_disease\test\Healthy\test_001707.jpg,Healthy,1,1.000000,ACCEPT,0.000000,1.000000,0.000000,0.000000,0.000000,
datasets\crop_disease\test\Healthy\test_001708.jpg,Healthy,1,1.000000,ACCEPT,0.000000,1.000000,0.000000,0.000000,0.000000,
datasets\crop_disease\test\Healthy\test_001709.jpg,Healthy,1,0.999925,ACCEPT,0.000009,0.999925,0.000001,0.000065,0.000000,
datasets\crop_disease\test\Healthy\test_001710.jpg,Healthy,1,0.999419,ACCEPT,0.000556,0.999419,0.000023,0.000001,0.000000,
datasets\crop_disease\test\Healthy\test_001711.jpg,Healthy,1,1.000000,ACCEPT,0.000000,1.000000,0.000000,0.000000,0.000000,
datasets\crop_disease\test\Healthy\test_001712.jpg,Healthy,1,1.000000,ACCEPT,0.000000,1.000000,0.000000,0.000000,0.000000,
datasets\crop_disease\test\Healthy\test_001713.jpg,Healthy,1,0.999972,ACCEPT,0.000025,0.999972,0.000002,0.000000,0.000000,
datasets\crop_disease\test\Healthy\test_001714.jpg,Healthy,1,1.000000,ACCEPT,0.000000,1.000000,0.000000,0.000000,0.000000,
datasets\crop_disease\test\Healthy\test_001715.jpg,Healthy,1,0.999994,ACCEPT,0.000006,0.999994,0.000000,0.000000,0.000000,
datasets\crop_disease\test\Healthy\test_001716.jpg,Healthy,1,0.999992,ACCEPT,0.000008,0.999992,0.000000,0.000000,0.000000,
datasets\crop_disease\test\Healthy\test_001717.jpg,Healthy,1,1.000000,ACCEPT,0.000000,1.000000,0.000000,0.000000,0.000000,
datasets\crop_disease\test\Healthy\test_001718.jpg,Healthy,1,0.995669,ACCEPT,0.000525,0.995669,0.003112,0.000693,0.000000,
datasets\crop_disease\test\Healthy\test_001719.jpg,Healthy,1,1.000000,ACCEPT,0.000000,1.000000,0.000000,0.000000,0.000000,
datasets\crop_disease\test\Healthy\test_001720.jpg,Healthy,1,0.999889,ACCEPT,0.000044,0.999889,0.000000,0.000067,0.000000,
datasets\crop_disease\test\Healthy\test_001721.jpg,Healthy,1,1.000000,ACCEPT,0.000000,1.000000,0.000000,0.000000,0.000000,
datasets\crop_disease\test\Healthy\test_001722.jpg,Healthy,1,1.000000,ACCEPT,0.000000,1.000000,0.000000,0.000000,0.000000,
datasets\crop_disease\test\Healthy\test_001723.jpg,Healthy,1,1.000000,ACCEPT,0.000000,1.000000,0.000000,0.000000,0.000000,
datasets\crop_disease\test\Healthy\test_001724.jpg,Healthy,1,0.999997,ACCEPT,0.000003,0.999997,0.000000,0.000000,0.000000,
datasets\crop_disease\test\Healthy\test_001725.jpg,Healthy,1,0.999999,ACCEPT,0.000001,0.999999,0.000000,0.000000,0.000000,
datasets\crop_disease\test\Healthy\test_001726.jpg,Healthy,1,0.998774,ACCEPT,0.001225,0.998774,0.000000,0.000000,0.000001,
datasets\crop_disease\test\Healthy\test_001727.jpg,Healthy,1,0.999990,ACCEPT,0.000000,0.999990,0.000003,0.000006,0.000000,
datasets\crop_disease\test\Healthy\test_001728.jpg,Healthy,1,1.000000,ACCEPT,0.000000,1.000000,0.000000,0.000000,0.000000,
datasets\crop_disease\test\Healthy\test_001729.jpg,Healthy,1,1.000000,ACCEPT,0.000000,1.000000,0.000000,0.000000,0.000000,
datasets\crop_disease\test\Healthy\test_001730.jpg,Healthy,1,1.000000,ACCEPT,0.000000,1.000000,0.000000,0.000000,0.000000,
datasets\crop_disease\test\Healthy\test_001731.jpg,Healthy,1,1.000000,ACCEPT,0.000000,1.000000,0.000000,0.000000,0.000000,
datasets\crop_disease\test\Healthy\test_001732.jpg,Healthy,1,1.000000,ACCEPT,0.000000,1.000000,0.000000,0.000000,0.000000,
datasets\crop_disease\test\Healthy\test_001733.jpg,Healthy,1,1.000000,ACCEPT,0.000000,1.000000,0.000000,0.000000,0.000000,
datasets\crop_disease\test\Healthy\test_001734.jpg,Healthy,1,1.000000,ACCEPT,0.000000,1.000000,0.000000,0.000000,0.000000,
datasets\crop_disease\test\Healthy\test_001735.jpg,Healthy,1,0.999999,ACCEPT,0.000001,0.999999,0.000000,0.000000,0.000000,
datasets\crop_disease\test\Healthy\test_001736.jpg,Healthy,1,1.000000,ACCEPT,0.000000,1.000000,0.000000,0.000000,0.000000,
datasets\crop_disease\test\Healthy\test_001737.jpg,Healthy,1,0.999997,ACCEPT,0.000003,0.999997,0.000000,0.000000,0.000000,
datasets\crop_disease\test\Healthy\test_001738.jpg,Healthy,1,1.000000,ACCEPT,0.000000,1.000000,0.000000,0.000000,0.000000,
datasets\crop_disease\test\Healthy\test_001739.jpg,Healthy,1,0.999998,ACCEPT,0.000002,0.999998,0.000000,0.000000,0.000000,
datasets\crop_disease\test\Healthy\test_001740.jpg,Healthy,1,0.999987,ACCEPT,0.000010,0.999987,0.000002,0.000001,0.000000,
datasets\crop_disease\test\Healthy\test_001741.jpg,Healthy,1,1.000000,ACCEPT,0.000000,1.000000,0.000000,0.000000,0.000000,
datasets\crop_disease\test\Healthy\test_001742.jpg,Healthy,1,1.000000,ACCEPT,0.000000,1.000000,0.000000,0.000000,0.000000,
datasets\crop_disease\test\Healthy\test_001743.jpg,Healthy,1,1.000000,ACCEPT,0.000000,1.000000,0.000000,0.000000,0.000000,
datasets\crop_disease\test\Healthy\test_001744.jpg,Healthy,1,0.999998,ACCEPT,0.000002,0.999998,0.000000,0.000000,0.000000,
datasets\crop_disease\test\Healthy\test_001745.jpg,Healthy,1,0.999976,ACCEPT,0.000024,0.999976,0.000000,0.000000,0.000000,
datasets\crop_disease\test\Healthy\test_001746.jpg,Healthy,1,1.000000,ACCEPT,0.000000,1.000000,0.000000,0.000000,0.000000,
datasets\crop_disease\test\Healthy\test_001747.jpg,Healthy,1,0.999999,ACCEPT,0.000001,0.999999,0.000000,0.000000,0.000000,
datasets\crop_disease\test\Healthy\test_001748.jpg,Healthy,1,0.999996,ACCEPT,0.000001,0.999996,0.000000,0.000004,0.000000,
datasets\crop_disease\test\Healthy\test_001749.jpg,Healthy,1,1.000000,ACCEPT,0.000000,1.000000,0.000000,0.000000,0.000000,
datasets\crop_disease\test\Healthy\test_001750.jpg,Healthy,1,1.000000,ACCEPT,0.000000,1.000000,0.000000,0.000000,0.000000,
datasets\crop_disease\test\Healthy\test_001751.jpg,Healthy,1,0.999997,ACCEPT,0.000003,0.999997,0.000000,0.000001,0.000000,
datasets\crop_disease\test\Healthy\test_001752.jpg,Healthy,1,1.000000,ACCEPT,0.000000,1.000000,0.000000,0.000000,0.000000,
datasets\crop_disease\test\Healthy\test_001753.jpg,Healthy,1,1.000000,ACCEPT,0.000000,1.000000,0.000000,0.000000,0.000000,
datasets\crop_disease\test\Healthy\test_001754.jpg,Healthy,1,0.999981,ACCEPT,0.000002,0.999981,0.000017,0.000000,0.000000,
datasets\crop_disease\test\Healthy\test_001755.jpg,Healthy,1,1.000000,ACCEPT,0.000000,1.000000,0.000000,0.000000,0.000000,
datasets\crop_disease\test\Healthy\test_001756.jpg,Healthy,1,1.000000,ACCEPT,0.000000,1.000000,0.000000,0.000000,0.000000,
datasets\crop_disease\test\Healthy\test_001757.jpg,Healthy,1,1.000000,ACCEPT,0.000000,1.000000,0.000000,0.000000,0.000000,
datasets\crop_disease\test\Healthy\test_001758.jpg,Healthy,1,1.000000,ACCEPT,0.000000,1.000000,0.000000,0.000000,0.000000,
datasets\crop_disease\test\Healthy\test_001759.jpg,Healthy,1,0.999992,ACCEPT,0.000008,0.999992,0.000000,0.000000,0.000000,
datasets\crop_disease\test\Healthy\test_001760.jpg,Healthy,1,1.000000,ACCEPT,0.000000,1.000000,0.000000,0.000000,0.000000,
datasets\crop_disease\test\Healthy\test_001761.jpg,Healthy,1,0.999963,ACCEPT,0.000002,0.999963,0.000000,0.000035,0.000000,
datasets\crop_disease\test\Healthy\test_001762.jpg,Healthy,1,1.000000,ACCEPT,0.000000,1.000000,0.000000,0.000000,0.000000,
datasets\crop_disease\test\Healthy\test_001763.jpg,Healthy,1,0.999999,ACCEPT,0.000001,0.999999,0.000000,0.000001,0.000000,
datasets\crop_disease\test\Healthy\test_001764.jpg,Healthy,1,0.988713,ACCEPT,0.009864,0.988713,0.001178,0.000245,0.000000,
datasets\crop_disease\test\Healthy\test_001765.jpg,Healthy,1,1.000000,ACCEPT,0.000000,1.000000,0.000000,0.000000,0.000000,
datasets\crop_disease\test\Healthy\test_001766.jpg,Healthy,1,1.000000,ACCEPT,0.000000,1.000000,0.000000,0.000000,0.000000,
datasets\crop_disease\test\Healthy\test_001767.jpg,Healthy,1,1.000000,ACCEPT,0.000000,1.000000,0.000000,0.000000,0.000000,
datasets\crop_disease\test\Healthy\test_001768.jpg,Healthy,1,1.000000,ACCEPT,0.000000,1.000000,0.000000,0.000000,0.000000,
datasets\crop_disease\test\Healthy\test_001769.jpg,Healthy,1,1.000000,ACCEPT,0.000000,1.000000,0.000000,0.000000,0.000000,
datasets\crop_disease\test\Healthy\test_001770.jpg,Healthy,1,1.000000,ACCEPT,0.000000,1.000000,0.000000,0.000000,0.000000,
datasets\crop_disease\test\Healthy\test_001771.jpg,Healthy,1,0.999980,ACCEPT,0.000002,0.999980,0.000008,0.000011,0.000000,
datasets\crop_disease\test\Healthy\test_001772.jpg,Healthy,1,1.000000,ACCEPT,0.000000,1.000000,0.000000,0.000000,0.000000,
datasets\crop_disease\test\Healthy\test_001773.jpg,Healthy,1,1.000000,ACCEPT,0.000000,1.000000,0.000000,0.000000,0.000000,
datasets\crop_disease\test\Healthy\test_001774.jpg,Healthy,1,0.999995,ACCEPT,0.000004,0.999995,0.000000,0.000001,0.000000,
datasets\crop_disease\test\Healthy\test_001775.jpg,Healthy,1,1.000000,ACCEPT,0.000000,1.000000,0.000000,0.000000,0.000000,
datasets\crop_disease\test\Healthy\test_001776.jpg,Healthy,1,1.000000,ACCEPT,0.000000,1.000000,0.000000,0.000000,0.000000,
datasets\crop_disease\test\Healthy\test_001777.jpg,Healthy,1,0.999969,ACCEPT,0.000028,0.999969,0.000000,0.000003,0.000000,
datasets\crop_disease\test\Healthy\test_001778.jpg,Healthy,1,1.000000,ACCEPT,0.000000,1.000000,0.000000,0.000000,0.000000,
datasets\crop_disease\test\Healthy\test_001779.jpg,Healthy,1,0.999995,ACCEPT,0.000002,0.999995,0.000002,0.000001,0.000000,
datasets\crop_disease\test\Healthy\test_001780.jpg,Healthy,1,1.000000,ACCEPT,0.000000,1.000000,0.000000,0.000000,0.000000,
datasets\crop_disease\test\Healthy\test_001781.jpg,Healthy,1,1.000000,ACCEPT,0.000000,1.000000,0.000000,0.000000,0.000000,
datasets\crop_disease\test\Healthy\test_001782.jpg,Healthy,1,1.000000,ACCEPT,0.000000,1.000000,0.000000,0.000000,0.000000,
datasets\crop_disease\test\Healthy\test_001783.jpg,Healthy,1,0.999998,ACCEPT,0.000002,0.999998,0.000000,0.000000,0.000000,
datasets\crop_disease\test\Healthy\test_001784.jpg,Healthy,1,1.000000,ACCEPT,0.000000,1.000000,0.000000,0.000000,0.000000,
datasets\crop_disease\test\Healthy\test_001785.jpg,Healthy,1,1.000000,ACCEPT,0.000000,1.000000,0.000000,0.000000,0.000000,
datasets\crop_disease\test\Healthy\test_001786.jpg,Healthy,1,0.998948,ACCEPT,0.001036,0.998948,0.000014,0.000003,0.000000,
datasets\crop_disease\test\Healthy\test_001787.jpg,Healthy,1,1.000000,ACCEPT,0.000000,1.000000,0.000000,0.000000,0.000000,
datasets\crop_disease\test\Healthy\test_001788.jpg,Healthy,1,1.000000,ACCEPT,0.000000,1.000000,0.000000,0.000000,0.000000,
datasets\crop_disease\test\Healthy\test_001789.jpg,Healthy,1,0.999999,ACCEPT,0.000001,0.999999,0.000000,0.000000,0.000000,
datasets\crop_disease\test\Healthy\test_001790.jpg,Healthy,1,1.000000,ACCEPT,0.000000,1.000000,0.000000,0.000000,0.000000,
datasets\crop_disease\test\Healthy\test_001791.jpg,Healthy,1,0.999718,ACCEPT,0.000038,0.999718,0.000022,0.000222,0.000000,
datasets\crop_disease\test\Healthy\test_001792.jpg,Healthy,1,1.000000,ACCEPT,0.000000,1.000000,0.000000,0.000000,0.000000,
datasets\crop_disease\test\Healthy\test_001793.jpg,Healthy,1,1.000000,ACCEPT,0.000000,1.000000,0.000000,0.000000,0.000000,
datasets\crop_disease\test\Healthy\test_001794.jpg,Healthy,1,1.000000,ACCEPT,0.000000,1.000000,0.000000,0.000000,0.000000,
datasets\crop_disease\test\Healthy\test_001795.jpg,Healthy,1,1.000000,ACCEPT,0.000000,1.000000,0.000000,0.000000,0.000000,
datasets\crop_disease\test\Healthy\test_001796.jpg,Healthy,1,1.000000,ACCEPT,0.000000,1.000000,0.000000,0.000000,0.000000,
datasets\crop_disease\test\Healthy\test_001797.jpg,Healthy,1,0.999960,ACCEPT,0.000002,0.999960,0.000000,0.000038,0.000000,
datasets\crop_disease\test\Healthy\test_001798.jpg,Healthy,1,1.000000,ACCEPT,0.000000,1.000000,0.000000,0.000000,0.000000,
datasets\crop_disease\test\Healthy\test_001799.jpg,Healthy,1,1.000000,ACCEPT,0.000000,1.000000,0.000000,0.000000,0.000000,
datasets\crop_disease\test\Healthy\test_001800.jpg,Healthy,1,1.000000,ACCEPT,0.000000,1.000000,0.000000,0.000000,0.000000,
datasets\crop_disease\test\Healthy\test_001801.jpg,Healthy,1,1.000000,ACCEPT,0.000000,1.000000,0.000000,0.000000,0.000000,
datasets\crop_disease\test\Healthy\test_001802.jpg,Healthy,1,1.000000,ACCEPT,0.000000,1.000000,0.000000,0.000000,0.000000,
datasets\crop_disease\test\Healthy\test_001803.jpg,Healthy,1,0.999999,ACCEPT,0.000001,0.999999,0.000000,0.000000,0.000000,
datasets\crop_disease\test\Healthy\test_001804.jpg,Healthy,1,1.000000,ACCEPT,0.000000,1.000000,0.000000,0.000000,0.000000,
datasets\crop_disease\test\Healthy\test_001805.jpg,Healthy,1,0.999999,ACCEPT,0.000001,0.999999,0.000000,0.000000,0.000000,
datasets\crop_disease\test\Healthy\test_001806.jpg,Healthy,1,1.000000,ACCEPT,0.000000,1.000000,0.000000,0.000000,0.000000,
datasets\crop_disease\test\Healthy\test_001807.jpg,Healthy,1,1.000000,ACCEPT,0.000000,1.000000,0.000000,0.000000,0.000000,
datasets\crop_disease\test\Healthy\test_001808.jpg,Healthy,1,1.000000,ACCEPT,0.000000,1.000000,0.000000,0.000000,0.000000,
datasets\crop_disease\test\Healthy\test_001809.jpg,Healthy,1,1.000000,ACCEPT,0.000000,1.000000,0.000000,0.000000,0.000000,
datasets\crop_disease\test\Healthy\test_001810.jpg,Healthy,1,1.000000,ACCEPT,0.000000,1.000000,0.000000,0.000000,0.000000,
datasets\crop_disease\test\Healthy\test_001811.jpg,Healthy,1,1.000000,ACCEPT,0.000000,1.000000,0.000000,0.000000,0.000000,
datasets\crop_disease\test\Healthy\test_001812.jpg,Healthy,1,0.999997,ACCEPT,0.000003,0.999997,0.000000,0.000000,0.000000,
datasets\crop_disease\test\Healthy\test_001813.jpg,Healthy,1,1.000000,ACCEPT,0.000000,1.000000,0.000000,0.000000,0.000000,
datasets\crop_disease\test\Healthy\test_001814.jpg,Healthy,1,1.000000,ACCEPT,0.000000,1.000000,0.000000,0.000000,0.000000,
datasets\crop_disease\test\Healthy\test_001815.jpg,Healthy,1,0.999999,ACCEPT,0.000000,0.999999,0.000000,0.000000,0.000000,
datasets\crop_disease\test\Healthy\test_001816.jpg,Healthy,1,0.999999,ACCEPT,0.000000,0.999999,0.000001,0.000000,0.000000,
datasets\crop_disease\test\Healthy\test_001817.jpg,Healthy,1,0.999997,ACCEPT,0.000002,0.999997,0.000000,0.000001,0.000000,
datasets\crop_disease\test\Healthy\test_001818.jpg,Healthy,1,0.999926,ACCEPT,0.000021,0.999926,0.000009,0.000043,0.000000,
datasets\crop_disease\test\Healthy\test_001819.jpg,Healthy,1,0.999997,ACCEPT,0.000002,0.999997,0.000001,0.000000,0.000000,
datasets\crop_disease\test\Healthy\test_001820.jpg,Healthy,1,1.000000,ACCEPT,0.000000,1.000000,0.000000,0.000000,0.000000,
datasets\crop_disease\test\Healthy\test_001821.jpg,Healthy,1,1.000000,ACCEPT,0.000000,1.000000,0.000000,0.000000,0.000000,
datasets\crop_disease\test\Healthy\test_001822.jpg,Healthy,1,1.000000,ACCEPT,0.000000,1.000000,0.000000,0.000000,0.000000,
datasets\crop_disease\test\Healthy\test_001823.jpg,Healthy,1,1.000000,ACCEPT,0.000000,1.000000,0.000000,0.000000,0.000000,
datasets\crop_disease\test\Healthy\test_001824.jpg,Healthy,1,0.999997,ACCEPT,0.000003,0.999997,0.000000,0.000000,0.000000,
datasets\crop_disease\test\Healthy\test_001825.jpg,Healthy,1,1.000000,ACCEPT,0.000000,1.000000,0.000000,0.000000,0.000000,
datasets\crop_disease\test\Healthy\test_001826.jpg,Healthy,1,1.000000,ACCEPT,0.000000,1.000000,0.000000,0.000000,0.000000,
datasets\crop_disease\test\Healthy\test_001827.jpg,Healthy,1,1.000000,ACCEPT,0.000000,1.000000,0.000000,0.000000,0.000000,
datasets\crop_disease\test\Healthy\test_001828.jpg,Healthy,1,1.000000,ACCEPT,0.000000,1.000000,0.000000,0.000000,0.000000,
datasets\crop_disease\test\Healthy\test_001829.jpg,Healthy,1,0.999990,ACCEPT,0.000010,0.999990,0.000000,0.000000,0.000000,
datasets\crop_disease\test\Healthy\test_001830.jpg,Healthy,1,0.999937,ACCEPT,0.000062,0.999937,0.000000,0.000001,0.000000,
datasets\crop_disease\test\Healthy\test_001831.jpg,Healthy,1,1.000000,ACCEPT,0.000000,1.000000,0.000000,0.000000,0.000000,
datasets\crop_disease\test\Healthy\test_001832.jpg,Healthy,1,1.000000,ACCEPT,0.000000,1.000000,0.000000,0.000000,0.000000,
datasets\crop_disease\test\Healthy\test_001833.jpg,Healthy,1,1.000000,ACCEPT,0.000000,1.000000,0.000000,0.000000,0.000000,
datasets\crop_disease\test\Healthy\test_001834.jpg,Healthy,1,0.999947,ACCEPT,0.000052,0.999947,0.000000,0.000001,0.000000,
datasets\crop_disease\test\Healthy\test_001835.jpg,Healthy,1,1.000000,ACCEPT,0.000000,1.000000,0.000000,0.000000,0.000000,
datasets\crop_disease\test\Healthy\test_001836.jpg,Healthy,1,1.000000,ACCEPT,0.000000,1.000000,0.000000,0.000000,0.000000,
datasets\crop_disease\test\Healthy\test_001837.jpg,Healthy,1,0.999997,ACCEPT,0.000003,0.999997,0.000000,0.000000,0.000000,
datasets\crop_disease\test\Healthy\test_001838.jpg,Healthy,1,0.999994,ACCEPT,0.000006,0.999994,0.000000,0.000000,0.000000,
datasets\crop_disease\test\Healthy\test_001839.jpg,Healthy,1,0.999998,ACCEPT,0.000002,0.999998,0.000000,0.000000,0.000000,
datasets\crop_disease\test\Healthy\test_001840.jpg,Healthy,1,1.000000,ACCEPT,0.000000,1.000000,0.000000,0.000000,0.000000,
datasets\crop_disease\test\Healthy\test_001841.jpg,Healthy,1,0.999996,ACCEPT,0.000004,0.999996,0.000000,0.000000,0.000000,
datasets\crop_disease\test\Healthy\test_001842.jpg,Healthy,1,1.000000,ACCEPT,0.000000,1.000000,0.000000,0.000000,0.000000,
datasets\crop_disease\test\Healthy\test_001843.jpg,Healthy,1,1.000000,ACCEPT,0.000000,1.000000,0.000000,0.000000,0.000000,
datasets\crop_disease\test\Healthy\test_001844.jpg,Healthy,1,0.999858,ACCEPT,0.000004,0.999858,0.000060,0.000077,0.000000,
datasets\crop_disease\test\Healthy\test_001845.jpg,Healthy,1,0.999992,ACCEPT,0.000000,0.999992,0.000000,0.000007,0.000000,
datasets\crop_disease\test\Healthy\test_001846.jpg,Healthy,1,1.000000,ACCEPT,0.000000,1.000000,0.000000,0.000000,0.000000,
datasets\crop_disease\test\Healthy\test_001847.jpg,Healthy,1,1.000000,ACCEPT,0.000000,1.000000,0.000000,0.000000,0.000000,
datasets\crop_disease\test\Healthy\test_001848.jpg,Healthy,1,0.999999,ACCEPT,0.000000,0.999999,0.000001,0.000000,0.000000,
datasets\crop_disease\test\Healthy\test_001849.jpg,Healthy,1,1.000000,ACCEPT,0.000000,1.000000,0.000000,0.000000,0.000000,
datasets\crop_disease\test\Healthy\test_001850.jpg,Healthy,1,0.999998,ACCEPT,0.000002,0.999998,0.000000,0.000000,0.000000,
datasets\crop_disease\test\Healthy\test_001851.jpg,Healthy,1,1.000000,ACCEPT,0.000000,1.000000,0.000000,0.000000,0.000000,
datasets\crop_disease\test\Healthy\test_001852.jpg,Healthy,1,1.000000,ACCEPT,0.000000,1.000000,0.000000,0.000000,0.000000,
datasets\crop_disease\test\Healthy\test_001853.jpg,Healthy,1,1.000000,ACCEPT,0.000000,1.000000,0.000000,0.000000,0.000000,
datasets\crop_disease\test\Healthy\test_001854.jpg,Healthy,1,0.999999,ACCEPT,0.000001,0.999999,0.000000,0.000000,0.000000,
datasets\crop_disease\test\Healthy\test_001855.jpg,Healthy,1,1.000000,ACCEPT,0.000000,1.000000,0.000000,0.000000,0.000000,
datasets\crop_disease\test\Healthy\test_001856.jpg,Healthy,1,1.000000,ACCEPT,0.000000,1.000000,0.000000,0.000000,0.000000,
datasets\crop_disease\test\Healthy\test_001857.jpg,Healthy,1,0.999999,ACCEPT,0.000000,0.999999,0.000000,0.000001,0.000000,
datasets\crop_disease\test\Healthy\test_001858.jpg,Healthy,1,1.000000,ACCEPT,0.000000,1.000000,0.000000,0.000000,0.000000,
datasets\crop_disease\test\Healthy\test_001859.jpg,Healthy,1,1.000000,ACCEPT,0.000000,1.000000,0.000000,0.000000,0.000000,
datasets\crop_disease\test\Healthy\test_001860.jpg,Healthy,1,1.000000,ACCEPT,0.000000,1.000000,0.000000,0.000000,0.000000,
datasets\crop_disease\test\Healthy\test_001861.jpg,Healthy,1,1.000000,ACCEPT,0.000000,1.000000,0.000000,0.000000,0.000000,
datasets\crop_disease\test\Healthy\test_001862.jpg,Healthy,1,0.999999,ACCEPT,0.000000,0.999999,0.000000,0.000000,0.000000,
datasets\crop_disease\test\Healthy\test_001863.jpg,Healthy,1,0.999974,ACCEPT,0.000002,0.999974,0.000002,0.000017,0.000005,
datasets\crop_disease\test\Healthy\test_001864.jpg,Healthy,1,0.999995,ACCEPT,0.000002,0.999995,0.000002,0.000001,0.000000,
datasets\crop_disease\test\Healthy\test_001865.jpg,Healthy,1,1.000000,ACCEPT,0.000000,1.000000,0.000000,0.000000,0.000000,
datasets\crop_disease\test\Healthy\test_001866.jpg,Healthy,1,1.000000,ACCEPT,0.000000,1.000000,0.000000,0.000000,0.000000,
datasets\crop_disease\test\Healthy\test_001867.jpg,Healthy,1,1.000000,ACCEPT,0.000000,1.000000,0.000000,0.000000,0.000000,
datasets\crop_disease\test\Healthy\test_001868.jpg,Healthy,1,1.000000,ACCEPT,0.000000,1.000000,0.000000,0.000000,0.000000,
datasets\crop_disease\test\Healthy\test_001869.jpg,Healthy,1,1.000000,ACCEPT,0.000000,1.000000,0.000000,0.000000,0.000000,
datasets\crop_disease\test\Healthy\test_001870.jpg,Healthy,1,0.999856,ACCEPT,0.000067,0.999856,0.000075,0.000002,0.000000,
datasets\crop_disease\test\Healthy\test_001871.jpg,Healthy,1,1.000000,ACCEPT,0.000000,1.000000,0.000000,0.000000,0.000000,
datasets\crop_disease\test\Healthy\test_001872.jpg,Healthy,1,0.999967,ACCEPT,0.000033,0.999967,0.000000,0.000000,0.000000,
datasets\crop_disease\test\Healthy\test_001873.jpg,Healthy,1,1.000000,ACCEPT,0.000000,1.000000,0.000000,0.000000,0.000000,
datasets\crop_disease\test\Healthy\test_001874.jpg,Healthy,1,0.999999,ACCEPT,0.000000,0.999999,0.000000,0.000000,0.000000,
datasets\crop_disease\test\Healthy\test_001875.jpg,Healthy,1,1.000000,ACCEPT,0.000000,1.000000,0.000000,0.000000,0.000000,
datasets\crop_disease\test\Healthy\test_001876.jpg,Healthy,1,1.000000,ACCEPT,0.000000,1.000000,0.000000,0.000000,0.000000,
datasets\crop_disease\test\Healthy\test_001877.jpg,Healthy,1,0.999993,ACCEPT,0.000007,0.999993,0.000000,0.000000,0.000000,
datasets\crop_disease\test\Healthy\test_001878.jpg,Healthy,1,0.999999,ACCEPT,0.000001,0.999999,0.000000,0.000000,0.000000,
datasets\crop_disease\test\Healthy\test_001879.jpg,Healthy,1,1.000000,ACCEPT,0.000000,1.000000,0.000000,0.000000,0.000000,
datasets\crop_disease\test\Healthy\test_001880.jpg,Healthy,1,0.998760,ACCEPT,0.000995,0.998760,0.000154,0.000091,0.000000,
datasets\crop_disease\test\Healthy\test_001881.jpg,Healthy,1,0.999998,ACCEPT,0.000000,0.999998,0.000000,0.000002,0.000000,
datasets\crop_disease\test\Healthy\test_001882.jpg,Healthy,1,1.000000,ACCEPT,0.000000,1.000000,0.000000,0.000000,0.000000,
datasets\crop_disease\test\Healthy\test_001883.jpg,Healthy,1,1.000000,ACCEPT,0.000000,1.000000,0.000000,0.000000,0.000000,
datasets\crop_disease\test\Healthy\test_001884.jpg,Healthy,1,0.999999,ACCEPT,0.000000,0.999999,0.000001,0.000000,0.000000,
datasets\crop_disease\test\Healthy\test_001885.jpg,Healthy,1,0.999724,ACCEPT,0.000150,0.999724,0.000035,0.000091,0.000000,
datasets\crop_disease\test\Healthy\test_001886.jpg,Healthy,1,1.000000,ACCEPT,0.000000,1.000000,0.000000,0.000000,0.000000,
datasets\crop_disease\test\Healthy\test_001887.jpg,Healthy,1,1.000000,ACCEPT,0.000000,1.000000,0.000000,0.000000,0.000000,
datasets\crop_disease\test\Healthy\test_001888.jpg,Healthy,1,0.999924,ACCEPT,0.000055,0.999924,0.000004,0.000002,0.000016,
datasets\crop_disease\test\Healthy\test_001889.jpg,Healthy,1,1.000000,ACCEPT,0.000000,1.000000,0.000000,0.000000,0.000000,
datasets\crop_disease\test\Healthy\test_001890.jpg,Healthy,1,0.999894,ACCEPT,0.000103,0.999894,0.000000,0.000002,0.000000,
datasets\crop_disease\test\Healthy\test_001891.jpg,Healthy,1,1.000000,ACCEPT,0.000000,1.000000,0.000000,0.000000,0.000000,
datasets\crop_disease\test\Healthy\test_001892.jpg,Healthy,1,0.999970,ACCEPT,0.000017,0.999970,0.000007,0.000006,0.000000,
datasets\crop_disease\test\Healthy\test_001893.jpg,Healthy,1,0.999999,ACCEPT,0.000000,0.999999,0.000000,0.000000,0.000000,
datasets\crop_disease\test\Healthy\test_001894.jpg,Healthy,1,0.999998,ACCEPT,0.000000,0.999998,0.000001,0.000000,0.000000,
datasets\crop_disease\test\Healthy\test_001895.jpg,Healthy,1,1.000000,ACCEPT,0.000000,1.000000,0.000000,0.000000,0.000000,
datasets\crop_disease\test\Healthy\test_001896.jpg,Healthy,1,1.000000,ACCEPT,0.000000,1.000000,0.000000,0.000000,0.000000,
datasets\crop_disease\test\Healthy\test_001897.jpg,Healthy,1,1.000000,ACCEPT,0.000000,1.000000,0.000000,0.000000,0.000000,
datasets\crop_disease\test\Healthy\test_001898.jpg,Healthy,1,0.998604,ACCEPT,0.001382,0.998604,0.000000,0.000003,0.000012,
datasets\crop_disease\test\Healthy\test_001899.jpg,Healthy,1,0.999984,ACCEPT,0.000006,0.999984,0.000003,0.000007,0.000000,
datasets\crop_disease\test\Healthy\test_001900.jpg,Healthy,1,0.999996,ACCEPT,0.000000,0.999996,0.000004,0.000000,0.000000,
datasets\crop_disease\test\Healthy\test_001901.jpg,Healthy,1,1.000000,ACCEPT,0.000000,1.000000,0.000000,0.000000,0.000000,
datasets\crop_disease\test\Healthy\test_001902.jpg,Healthy,1,0.999906,ACCEPT,0.000093,0.999906,0.000000,0.000000,0.000000,
datasets\crop_disease\test\Healthy\test_001903.jpg,Healthy,1,1.000000,ACCEPT,0.000000,1.000000,0.000000,0.000000,0.000000,
datasets\crop_disease\test\Healthy\test_001904.jpg,Healthy,1,0.999998,ACCEPT,0.000001,0.999998,0.000000,0.000000,0.000000,
datasets\crop_disease\test\Healthy\test_001905.jpg,Healthy,1,1.000000,ACCEPT,0.000000,1.000000,0.000000,0.000000,0.000000,
datasets\crop_disease\test\Healthy\test_001906.jpg,Healthy,1,1.000000,ACCEPT,0.000000,1.000000,0.000000,0.000000,0.000000,
datasets\crop_disease\test\Healthy\test_001907.jpg,Healthy,1,1.000000,ACCEPT,0.000000,1.000000,0.000000,0.000000,0.000000,
datasets\crop_disease\test\Healthy\test_001908.jpg,Healthy,1,1.000000,ACCEPT,0.000000,1.000000,0.000000,0.000000,0.000000,
datasets\crop_disease\test\Healthy\test_001909.jpg,Healthy,1,0.995476,ACCEPT,0.000477,0.995476,0.004032,0.000015,0.000000,
datasets\crop_disease\test\Healthy\test_001910.jpg,Healthy,1,1.000000,ACCEPT,0.000000,1.000000,0.000000,0.000000,0.000000,
datasets\crop_disease\test\Healthy\test_001911.jpg,Healthy,1,1.000000,ACCEPT,0.000000,1.000000,0.000000,0.000000,0.000000,
datasets\crop_disease\test\Healthy\test_001912.jpg,Healthy,1,0.999980,ACCEPT,0.000017,0.999980,0.000003,0.000000,0.000000,
datasets\crop_disease\test\Healthy\test_001913.jpg,Healthy,1,1.000000,ACCEPT,0.000000,1.000000,0.000000,0.000000,0.000000,
datasets\crop_disease\test\Healthy\test_001914.jpg,Healthy,1,0.999999,ACCEPT,0.000001,0.999999,0.000000,0.000000,0.000000,
datasets\crop_disease\test\Healthy\test_001915.jpg,Healthy,1,1.000000,ACCEPT,0.000000,1.000000,0.000000,0.000000,0.000000,
datasets\crop_disease\test\Healthy\test_001916.jpg,Healthy,1,0.999999,ACCEPT,0.000001,0.999999,0.000000,0.000000,0.000000,
datasets\crop_disease\test\Healthy\test_001917.jpg,Healthy,1,0.999999,ACCEPT,0.000001,0.999999,0.000000,0.000000,0.000000,
datasets\crop_disease\test\Healthy\test_001918.jpg,Healthy,1,1.000000,ACCEPT,0.000000,1.000000,0.000000,0.000000,0.000000,
datasets\crop_disease\test\Healthy\test_001919.jpg,Healthy,1,1.000000,ACCEPT,0.000000,1.000000,0.000000,0.000000,0.000000,
datasets\crop_disease\test\Healthy\test_001920.jpg,Healthy,1,0.999995,ACCEPT,0.000002,0.999995,0.000000,0.000004,0.000000,
datasets\crop_disease\test\Healthy\test_001921.jpg,Healthy,1,1.000000,ACCEPT,0.000000,1.000000,0.000000,0.000000,0.000000,
datasets\crop_disease\test\Healthy\test_001922.jpg,Healthy,1,1.000000,ACCEPT,0.000000,1.000000,0.000000,0.000000,0.000000,
datasets\crop_disease\test\Healthy\test_001923.jpg,Healthy,1,1.000000,ACCEPT,0.000000,1.000000,0.000000,0.000000,0.000000,
datasets\crop_disease\test\Healthy\test_001924.jpg,Healthy,1,0.999982,ACCEPT,0.000017,0.999982,0.000001,0.000000,0.000000,
datasets\crop_disease\test\Healthy\test_001925.jpg,Healthy,1,1.000000,ACCEPT,0.000000,1.000000,0.000000,0.000000,0.000000,
datasets\crop_disease\test\Healthy\test_001926.jpg,Healthy,1,1.000000,ACCEPT,0.000000,1.000000,0.000000,0.000000,0.000000,
datasets\crop_disease\test\Healthy\test_001927.jpg,Healthy,1,0.999999,ACCEPT,0.000001,0.999999,0.000000,0.000000,0.000000,
datasets\crop_disease\test\Healthy\test_001928.jpg,Healthy,1,1.000000,ACCEPT,0.000000,1.000000,0.000000,0.000000,0.000000,
datasets\crop_disease\test\Healthy\test_001929.jpg,Healthy,1,1.000000,ACCEPT,0.000000,1.000000,0.000000,0.000000,0.000000,
datasets\crop_disease\test\Healthy\test_001930.jpg,Healthy,1,1.000000,ACCEPT,0.000000,1.000000,0.000000,0.000000,0.000000,
datasets\crop_disease\test\Healthy\test_001931.jpg,Healthy,1,0.986439,ACCEPT,0.013463,0.986439,0.000084,0.000014,0.000000,
datasets\crop_disease\test\Healthy\test_001932.jpg,Healthy,1,1.000000,ACCEPT,0.000000,1.000000,0.000000,0.000000,0.000000,
datasets\crop_disease\test\Healthy\test_001933.jpg,Healthy,1,0.999998,ACCEPT,0.000001,0.999998,0.000000,0.000001,0.000000,
datasets\crop_disease\test\Healthy\test_001934.jpg,Healthy,1,0.999998,ACCEPT,0.000002,0.999998,0.000000,0.000000,0.000000,
datasets\crop_disease\test\Healthy\test_001935.jpg,Healthy,1,1.000000,ACCEPT,0.000000,1.000000,0.000000,0.000000,0.000000,
datasets\crop_disease\test\Healthy\test_001936.jpg,Healthy,1,0.999955,ACCEPT,0.000044,0.999955,0.000000,0.000000,0.000000,
datasets\crop_disease\test\Healthy\test_001937.jpg,Healthy,1,0.999999,ACCEPT,0.000001,0.999999,0.000000,0.000000,0.000000,
datasets\crop_disease\test\Healthy\test_001938.jpg,Healthy,1,1.000000,ACCEPT,0.000000,1.000000,0.000000,0.000000,0.000000,
datasets\crop_disease\test\Healthy\test_001939.jpg,Healthy,1,0.999999,ACCEPT,0.000001,0.999999,0.000000,0.000000,0.000000,
datasets\crop_disease\test\Healthy\test_001940.jpg,Healthy,1,1.000000,ACCEPT,0.000000,1.000000,0.000000,0.000000,0.000000,
datasets\crop_disease\test\Healthy\test_001941.jpg,Healthy,1,0.999995,ACCEPT,0.000001,0.999995,0.000001,0.000003,0.000000,
datasets\crop_disease\test\Healthy\test_001942.jpg,Healthy,1,0.999881,ACCEPT,0.000052,0.999881,0.000000,0.000067,0.000000,
datasets\crop_disease\test\Healthy\test_001943.jpg,Healthy,1,1.000000,ACCEPT,0.000000,1.000000,0.000000,0.000000,0.000000,
datasets\crop_disease\test\Healthy\test_001944.jpg,Healthy,1,1.000000,ACCEPT,0.000000,1.000000,0.000000,0.000000,0.000000,
datasets\crop_disease\test\Healthy\test_001945.jpg,Healthy,1,1.000000,ACCEPT,0.000000,1.000000,0.000000,0.000000,0.000000,
datasets\crop_disease\test\Healthy\test_001946.jpg,Healthy,1,1.000000,ACCEPT,0.000000,1.000000,0.000000,0.000000,0.000000,
datasets\crop_disease\test\Healthy\test_001947.jpg,Healthy,1,1.000000,ACCEPT,0.000000,1.000000,0.000000,0.000000,0.000000,
datasets\crop_disease\test\Healthy\test_001948.jpg,Healthy,1,1.000000,ACCEPT,0.000001,1.000000,0.000000,0.000000,0.000000,
datasets\crop_disease\test\Healthy\test_001949.jpg,Healthy,1,1.000000,ACCEPT,0.000000,1.000000,0.000000,0.000000,0.000000,
datasets\crop_disease\test\Healthy\test_001950.jpg,Healthy,1,0.999999,ACCEPT,0.000000,0.999999,0.000000,0.000000,0.000000,
datasets\crop_disease\test\Healthy\test_001951.jpg,Healthy,1,0.999998,ACCEPT,0.000000,0.999998,0.000000,0.000002,0.000000,
datasets\crop_disease\test\Healthy\test_001952.jpg,Healthy,1,0.999996,ACCEPT,0.000003,0.999996,0.000000,0.000000,0.000000,
datasets\crop_disease\test\Healthy\test_001953.jpg,Healthy,1,1.000000,ACCEPT,0.000000,1.000000,0.000000,0.000000,0.000000,
datasets\crop_disease\test\Healthy\test_001954.jpg,Healthy,1,0.999998,ACCEPT,0.000002,0.999998,0.000000,0.000000,0.000000,
datasets\crop_disease\test\Healthy\test_001955.jpg,Healthy,1,1.000000,ACCEPT,0.000000,1.000000,0.000000,0.000000,0.000000,
datasets\crop_disease\test\Healthy\test_001956.jpg,Healthy,1,0.999332,ACCEPT,0.000656,0.999332,0.000007,0.000005,0.000000,
datasets\crop_disease\test\Healthy\test_001957.jpg,Healthy,1,1.000000,ACCEPT,0.000000,1.000000,0.000000,0.000000,0.000000,
datasets\crop_disease\test\Healthy\test_001958.jpg,Healthy,1,1.000000,ACCEPT,0.000000,1.000000,0.000000,0.000000,0.000000,
datasets\crop_disease\test\Healthy\test_001959.jpg,Healthy,1,0.999999,ACCEPT,0.000000,0.999999,0.000001,0.000000,0.000000,
datasets\crop_disease\test\Healthy\test_001960.jpg,Healthy,1,1.000000,ACCEPT,0.000000,1.000000,0.000000,0.000000,0.000000,
datasets\crop_disease\test\Healthy\test_001961.jpg,Healthy,1,0.999954,ACCEPT,0.000007,0.999954,0.000023,0.000015,0.000000,
datasets\crop_disease\test\Healthy\test_001962.jpg,Healthy,1,0.999913,ACCEPT,0.000008,0.999913,0.000010,0.000069,0.000000,
datasets\crop_disease\test\Healthy\test_001963.jpg,Healthy,1,1.000000,ACCEPT,0.000000,1.000000,0.000000,0.000000,0.000000,
datasets\crop_disease\test\Healthy\test_001964.jpg,Healthy,1,0.999139,ACCEPT,0.000076,0.999139,0.000000,0.000783,0.000002,
datasets\crop_disease\test\Healthy\test_001965.jpg,Healthy,1,0.999997,ACCEPT,0.000003,0.999997,0.000000,0.000001,0.000000,
datasets\crop_disease\test\Healthy\test_001966.jpg,Healthy,1,0.999984,ACCEPT,0.000016,0.999984,0.000000,0.000000,0.000000,
datasets\crop_disease\test\Healthy\test_001967.jpg,Healthy,1,1.000000,ACCEPT,0.000000,1.000000,0.000000,0.000000,0.000000,
datasets\crop_disease\test\Healthy\test_001968.jpg,Healthy,1,0.999999,ACCEPT,0.000000,0.999999,0.000000,0.000001,0.000000,
datasets\crop_disease\test\Healthy\test_001969.jpg,Healthy,1,1.000000,ACCEPT,0.000000,1.000000,0.000000,0.000000,0.000000,
datasets\crop_disease\test\Healthy\test_001970.jpg,Healthy,1,0.999998,ACCEPT,0.000002,0.999998,0.000000,0.000000,0.000000,
datasets\crop_disease\test\Healthy\test_001971.jpg,Healthy,1,1.000000,ACCEPT,0.000000,1.000000,0.000000,0.000000,0.000000,
datasets\crop_disease\test\Healthy\test_001972.jpg,Healthy,1,0.999937,ACCEPT,0.000058,0.999937,0.000000,0.000004,0.000000,
datasets\crop_disease\test\Healthy\test_001973.jpg,Healthy,1,1.000000,ACCEPT,0.000000,1.000000,0.000000,0.000000,0.000000,
datasets\crop_disease\test\Healthy\test_001974.jpg,Healthy,1,1.000000,ACCEPT,0.000000,1.000000,0.000000,0.000000,0.000000,
datasets\crop_disease\test\Healthy\test_001975.jpg,Healthy,1,1.000000,ACCEPT,0.000000,1.000000,0.000000,0.000000,0.000000,
datasets\crop_disease\test\Healthy\test_001976.jpg,Healthy,1,1.000000,ACCEPT,0.000000,1.000000,0.000000,0.000000,0.000000,
datasets\crop_disease\test\Healthy\test_001977.jpg,Healthy,1,1.000000,ACCEPT,0.000000,1.000000,0.000000,0.000000,0.000000,
datasets\crop_disease\test\Healthy\test_001978.jpg,Healthy,1,1.000000,ACCEPT,0.000000,1.000000,0.000000,0.000000,0.000000,
datasets\crop_disease\test\Healthy\test_001979.jpg,Healthy,1,0.999999,ACCEPT,0.000001,0.999999,0.000000,0.000000,0.000000,
datasets\crop_disease\test\Healthy\test_001980.jpg,Healthy,1,1.000000,ACCEPT,0.000000,1.000000,0.000000,0.000000,0.000000,
datasets\crop_disease\test\Healthy\test_001981.jpg,Healthy,1,1.000000,ACCEPT,0.000000,1.000000,0.000000,0.000000,0.000000,
datasets\crop_disease\test\Healthy\test_001982.jpg,Healthy,1,0.999996,ACCEPT,0.000004,0.999996,0.000000,0.000000,0.000000,
datasets\crop_disease\test\Healthy\test_001983.jpg,LeafSpot,2,0.371615,NEEDS-REVIEW,0.273767,0.354615,0.371615,0.000002,0.000001,
datasets\crop_disease\test\Healthy\test_001984.jpg,Healthy,1,1.000000,ACCEPT,0.000000,1.000000,0.000000,0.000000,0.000000,
datasets\crop_disease\test\Healthy\test_001985.jpg,Healthy,1,0.999920,ACCEPT,0.000080,0.999920,0.000000,0.000000,0.000000,
datasets\crop_disease\test\Healthy\test_001986.jpg,Healthy,1,0.996275,ACCEPT,0.003722,0.996275,0.000002,0.000001,0.000000,
datasets\crop_disease\test\Healthy\test_001987.jpg,Healthy,1,1.000000,ACCEPT,0.000000,1.000000,0.000000,0.000000,0.000000,
datasets\crop_disease\test\Healthy\test_001988.jpg,Healthy,1,0.999933,ACCEPT,0.000020,0.999933,0.000000,0.000046,0.000000,
datasets\crop_disease\test\Healthy\test_001989.jpg,Healthy,1,1.000000,ACCEPT,0.000000,1.000000,0.000000,0.000000,0.000000,
datasets\crop_disease\test\Healthy\test_001990.jpg,Healthy,1,0.999957,ACCEPT,0.000040,0.999957,0.000002,0.000001,0.000000,
datasets\crop_disease\test\Healthy\test_001991.jpg,Healthy,1,0.999799,ACCEPT,0.000177,0.999799,0.000003,0.000021,0.000000,
datasets\crop_disease\test\Healthy\test_001992.jpg,Healthy,1,1.000000,ACCEPT,0.000000,1.000000,0.000000,0.000000,0.000000,
datasets\crop_disease\test\Healthy\test_001993.jpg,Healthy,1,0.999974,ACCEPT,0.000025,0.999974,0.000000,0.000000,0.000000,
datasets\crop_disease\test\Healthy\test_001994.jpg,Healthy,1,0.999995,ACCEPT,0.000005,0.999995,0.000000,0.000000,0.000000,
datasets\crop_disease\test\Healthy\test_001995.jpg,Healthy,1,0.999957,ACCEPT,0.000001,0.999957,0.000005,0.000038,0.000000,
datasets\crop_disease\test\Healthy\test_001996.jpg,Healthy,1,0.999997,ACCEPT,0.000001,0.999997,0.000001,0.000001,0.000000,
datasets\crop_disease\test\Healthy\test_001997.jpg,Healthy,1,0.999962,ACCEPT,0.000037,0.999962,0.000001,0.000000,0.000000,
datasets\crop_disease\test\Healthy\test_001998.jpg,Healthy,1,0.999399,ACCEPT,0.000594,0.999399,0.000000,0.000007,0.000000,
datasets\crop_disease\test\Healthy\test_001999.jpg,Healthy,1,1.000000,ACCEPT,0.000000,1.000000,0.000000,0.000000,0.000000,
datasets\crop_disease\test\Healthy\test_002000.jpg,Healthy,1,0.999985,ACCEPT,0.000014,0.999985,0.000000,0.000001,0.000000,
datasets\crop_disease\test\Healthy\test_002001.jpg,Healthy,1,0.999788,ACCEPT,0.000008,0.999788,0.000001,0.000203,0.000000,
datasets\crop_disease\test\Healthy\test_002002.jpg,Healthy,1,1.000000,ACCEPT,0.000000,1.000000,0.000000,0.000000,0.000000,
datasets\crop_disease\test\Healthy\test_002003.jpg,Healthy,1,0.999860,ACCEPT,0.000051,0.999860,0.000010,0.000079,0.000000,
datasets\crop_disease\test\Healthy\test_002004.jpg,Healthy,1,1.000000,ACCEPT,0.000000,1.000000,0.000000,0.000000,0.000000,
datasets\crop_disease\test\Healthy\test_002005.jpg,Healthy,1,0.999995,ACCEPT,0.000002,0.999995,0.000000,0.000003,0.000000,
datasets\crop_disease\test\Healthy\test_002006.jpg,Healthy,1,1.000000,ACCEPT,0.000000,1.000000,0.000000,0.000000,0.000000,
datasets\crop_disease\test\Healthy\test_002007.jpg,Healthy,1,1.000000,ACCEPT,0.000000,1.000000,0.000000,0.000000,0.000000,
datasets\crop_disease\test\Healthy\test_002008.jpg,Healthy,1,0.999992,ACCEPT,0.000007,0.999992,0.000000,0.000001,0.000000,
datasets\crop_disease\test\Healthy\test_002009.jpg,Healthy,1,1.000000,ACCEPT,0.000000,1.000000,0.000000,0.000000,0.000000,
datasets\crop_disease\test\Healthy\test_002010.jpg,Healthy,1,0.999966,ACCEPT,0.000003,0.999966,0.000000,0.000031,0.000000,
datasets\crop_disease\test\Healthy\test_002011.jpg,Healthy,1,1.000000,ACCEPT,0.000000,1.000000,0.000000,0.000000,0.000000,
datasets\crop_disease\test\Healthy\test_002012.jpg,Healthy,1,0.999995,ACCEPT,0.000000,0.999995,0.000000,0.000004,0.000000,
datasets\crop_disease\test\Healthy\test_002013.jpg,Healthy,1,0.999999,ACCEPT,0.000001,0.999999,0.000000,0.000000,0.000000,
datasets\crop_disease\test\Healthy\test_002014.jpg,Healthy,1,0.999999,ACCEPT,0.000001,0.999999,0.000000,0.000000,0.000000,
datasets\crop_disease\test\Healthy\test_002015.jpg,Healthy,1,0.999996,ACCEPT,0.000002,0.999996,0.000000,0.000002,0.000000,
datasets\crop_disease\test\Healthy\test_002016.jpg,Healthy,1,1.000000,ACCEPT,0.000000,1.000000,0.000000,0.000000,0.000000,
datasets\crop_disease\test\Healthy\test_002017.jpg,Healthy,1,0.999987,ACCEPT,0.000001,0.999987,0.000012,0.000000,0.000000,
datasets\crop_disease\test\Healthy\test_002018.jpg,Healthy,1,1.000000,ACCEPT,0.000000,1.000000,0.000000,0.000000,0.000000,
datasets\crop_disease\test\Healthy\test_002019.jpg,Healthy,1,0.999981,ACCEPT,0.000002,0.999981,0.000000,0.000017,0.000000,
datasets\crop_disease\test\Healthy\test_002020.jpg,Healthy,1,1.000000,ACCEPT,0.000000,1.000000,0.000000,0.000000,0.000000,
datasets\crop_disease\test\Healthy\test_002021.jpg,Healthy,1,1.000000,ACCEPT,0.000000,1.000000,0.000000,0.000000,0.000000,
datasets\crop_disease\test\Healthy\test_002022.jpg,Healthy,1,1.000000,ACCEPT,0.000000,1.000000,0.000000,0.000000,0.000000,
datasets\crop_disease\test\Healthy\test_002023.jpg,Healthy,1,1.000000,ACCEPT,0.000000,1.000000,0.000000,0.000000,0.000000,
datasets\crop_disease\test\Healthy\test_002024.jpg,Healthy,1,1.000000,ACCEPT,0.000000,1.000000,0.000000,0.000000,0.000000,
datasets\crop_disease\test\Healthy\test_002025.jpg,Healthy,1,0.999906,ACCEPT,0.000094,0.999906,0.000000,0.000000,0.000000,
datasets\crop_disease\test\Healthy\test_002026.jpg,Healthy,1,1.000000,ACCEPT,0.000000,1.000000,0.000000,0.000000,0.000000,
datasets\crop_disease\test\Healthy\test_002027.jpg,Healthy,1,0.999997,ACCEPT,0.000003,0.999997,0.000001,0.000000,0.000000,
datasets\crop_disease\test\Healthy\test_002028.jpg,Healthy,1,1.000000,ACCEPT,0.000000,1.000000,0.000000,0.000000,0.000000,
datasets\crop_disease\test\Healthy\test_002029.jpg,Healthy,1,1.000000,ACCEPT,0.000000,1.000000,0.000000,0.000000,0.000000,
datasets\crop_disease\test\Healthy\test_002030.jpg,Healthy,1,0.999998,ACCEPT,0.000002,0.999998,0.000000,0.000000,0.000000,
datasets\crop_disease\test\Healthy\test_002031.jpg,Healthy,1,1.000000,ACCEPT,0.000000,1.000000,0.000000,0.000000,0.000000,
datasets\crop_disease\test\Healthy\test_002032.jpg,Healthy,1,1.000000,ACCEPT,0.000000,1.000000,0.000000,0.000000,0.000000,
datasets\crop_disease\test\Healthy\test_002033.jpg,Healthy,1,1.000000,ACCEPT,0.000000,1.000000,0.000000,0.000000,0.000000,
datasets\crop_disease\test\Healthy\test_002034.jpg,Healthy,1,1.000000,ACCEPT,0.000000,1.000000,0.000000,0.000000,0.000000,
datasets\crop_disease\test\Healthy\test_002035.jpg,Healthy,1,0.999998,ACCEPT,0.000002,0.999998,0.000000,0.000000,0.000000,
datasets\crop_disease\test\Healthy\test_002036.jpg,Healthy,1,0.999998,ACCEPT,0.000000,0.999998,0.000002,0.000000,0.000000,
datasets\crop_disease\test\Healthy\test_002037.jpg,Healthy,1,1.000000,ACCEPT,0.000000,1.000000,0.000000,0.000000,0.000000,
datasets\crop_disease\test\Healthy\test_002038.jpg,Healthy,1,0.999990,ACCEPT,0.000010,0.999990,0.000000,0.000000,0.000000,
datasets\crop_disease\test\Healthy\test_002039.jpg,Healthy,1,0.999991,ACCEPT,0.000008,0.999991,0.000000,0.000000,0.000000,
datasets\crop_disease\test\Healthy\test_002040.jpg,Healthy,1,1.000000,ACCEPT,0.000000,1.000000,0.000000,0.000000,0.000000,
datasets\crop_disease\test\Healthy\test_002041.jpg,Healthy,1,0.995307,ACCEPT,0.004681,0.995307,0.000012,0.000001,0.000000,
datasets\crop_disease\test\Healthy\test_002042.jpg,Healthy,1,0.999991,ACCEPT,0.000003,0.999991,0.000006,0.000000,0.000000,
datasets\crop_disease\test\Healthy\test_002043.jpg,Healthy,1,0.999886,ACCEPT,0.000114,0.999886,0.000000,0.000000,0.000000,
datasets\crop_disease\test\Healthy\test_002044.jpg,Healthy,1,1.000000,ACCEPT,0.000000,1.000000,0.000000,0.000000,0.000000,
datasets\crop_disease\test\Healthy\test_002045.jpg,Healthy,1,1.000000,ACCEPT,0.000000,1.000000,0.000000,0.000000,0.000000,
datasets\crop_disease\test\Healthy\test_002046.jpg,Healthy,1,1.000000,ACCEPT,0.000000,1.000000,0.000000,0.000000,0.000000,
datasets\crop_disease\test\Healthy\test_002047.jpg,Healthy,1,1.000000,ACCEPT,0.000000,1.000000,0.000000,0.000000,0.000000,
datasets\crop_disease\test\Healthy\test_002048.jpg,Healthy,1,1.000000,ACCEPT,0.000000,1.000000,0.000000,0.000000,0.000000,
datasets\crop_disease\test\Healthy\test_002049.jpg,Healthy,1,0.996887,ACCEPT,0.002051,0.996887,0.001043,0.000016,0.000003,
datasets\crop_disease\test\Healthy\test_002050.jpg,Healthy,1,0.999998,ACCEPT,0.000000,0.999998,0.000002,0.000000,0.000000,
datasets\crop_disease\test\Healthy\test_002051.jpg,Healthy,1,0.999999,ACCEPT,0.000000,0.999999,0.000001,0.000000,0.000000,
datasets\crop_disease\test\Healthy\test_002052.jpg,Healthy,1,1.000000,ACCEPT,0.000000,1.000000,0.000000,0.000000,0.000000,
datasets\crop_disease\test\Healthy\test_002053.jpg,Healthy,1,0.999999,ACCEPT,0.000001,0.999999,0.000000,0.000000,0.000000,
datasets\crop_disease\test\Healthy\test_002054.jpg,Healthy,1,1.000000,ACCEPT,0.000000,1.000000,0.000000,0.000000,0.000000,
datasets\crop_disease\test\Healthy\test_002055.jpg,Healthy,1,1.000000,ACCEPT,0.000000,1.000000,0.000000,0.000000,0.000000,
datasets\crop_disease\test\Healthy\test_002056.jpg,Healthy,1,1.000000,ACCEPT,0.000000,1.000000,0.000000,0.000000,0.000000,
datasets\crop_disease\test\Healthy\test_002057.jpg,Healthy,1,0.999999,ACCEPT,0.000001,0.999999,0.000000,0.000000,0.000000,
datasets\crop_disease\test\Healthy\test_002058.jpg,Healthy,1,0.999996,ACCEPT,0.000004,0.999996,0.000000,0.000000,0.000000,
datasets\crop_disease\test\Healthy\test_002059.jpg,Healthy,1,0.999991,ACCEPT,0.000009,0.999991,0.000000,0.000000,0.000000,
datasets\crop_disease\test\Healthy\test_002060.jpg,Healthy,1,0.999998,ACCEPT,0.000001,0.999998,0.000000,0.000001,0.000000,
datasets\crop_disease\test\Healthy\test_002061.jpg,Healthy,1,1.000000,ACCEPT,0.000000,1.000000,0.000000,0.000000,0.000000,
datasets\crop_disease\test\Healthy\test_002062.jpg,Healthy,1,1.000000,ACCEPT,0.000000,1.000000,0.000000,0.000000,0.000000,
datasets\crop_disease\test\Healthy\test_002063.jpg,Healthy,1,1.000000,ACCEPT,0.000000,1.000000,0.000000,0.000000,0.000000,
datasets\crop_disease\test\Healthy\test_002064.jpg,Healthy,1,1.000000,ACCEPT,0.000000,1.000000,0.000000,0.000000,0.000000,
datasets\crop_disease\test\Healthy\test_002065.jpg,Healthy,1,1.000000,ACCEPT,0.000000,1.000000,0.000000,0.000000,0.000000,
datasets\crop_disease\test\Healthy\test_002066.jpg,Healthy,1,0.999999,ACCEPT,0.000001,0.999999,0.000000,0.000000,0.000000,
datasets\crop_disease\test\Healthy\test_002067.jpg,Healthy,1,1.000000,ACCEPT,0.000000,1.000000,0.000000,0.000000,0.000000,
datasets\crop_disease\test\Healthy\test_002068.jpg,Healthy,1,0.999982,ACCEPT,0.000010,0.999982,0.000002,0.000003,0.000003,
datasets\crop_disease\test\Healthy\test_002069.jpg,Healthy,1,1.000000,ACCEPT,0.000000,1.000000,0.000000,0.000000,0.000000,
datasets\crop_disease\test\Healthy\test_002070.jpg,Healthy,1,0.999999,ACCEPT,0.000001,0.999999,0.000000,0.000000,0.000000,
datasets\crop_disease\test\Healthy\test_002071.jpg,Healthy,1,0.999990,ACCEPT,0.000001,0.999990,0.000009,0.000000,0.000000,
datasets\crop_disease\test\Healthy\test_002072.jpg,Healthy,1,0.999999,ACCEPT,0.000000,0.999999,0.000000,0.000001,0.000000,
datasets\crop_disease\test\Healthy\test_002073.jpg,Healthy,1,0.999762,ACCEPT,0.000014,0.999762,0.000172,0.000051,0.000000,
datasets\crop_disease\test\Healthy\test_002074.jpg,Healthy,1,1.000000,ACCEPT,0.000000,1.000000,0.000000,0.000000,0.000000,
datasets\crop_disease\test\Healthy\test_002075.jpg,Healthy,1,1.000000,ACCEPT,0.000000,1.000000,0.000000,0.000000,0.000000,
datasets\crop_disease\test\Healthy\test_002076.jpg,Healthy,1,1.000000,ACCEPT,0.000000,1.000000,0.000000,0.000000,0.000000,
datasets\crop_disease\test\Healthy\test_002077.jpg,Healthy,1,1.000000,ACCEPT,0.000000,1.000000,0.000000,0.000000,0.000000,
datasets\crop_disease\test\Healthy\test_002078.jpg,Healthy,1,1.000000,ACCEPT,0.000000,1.000000,0.000000,0.000000,0.000000,
datasets\crop_disease\test\Healthy\test_002079.jpg,Healthy,1,1.000000,ACCEPT,0.000000,1.000000,0.000000,0.000000,0.000000,
datasets\crop_disease\test\Healthy\test_002080.jpg,Healthy,1,0.999999,ACCEPT,0.000000,0.999999,0.000000,0.000001,0.000000,
datasets\crop_disease\test\Healthy\test_002081.jpg,Healthy,1,1.000000,ACCEPT,0.000000,1.000000,0.000000,0.000000,0.000000,
datasets\crop_disease\test\Healthy\test_002082.jpg,Healthy,1,0.999999,ACCEPT,0.000000,0.999999,0.000000,0.000000,0.000001,
datasets\crop_disease\test\Healthy\test_002083.jpg,Healthy,1,1.000000,ACCEPT,0.000000,1.000000,0.000000,0.000000,0.000000,
datasets\crop_disease\test\Healthy\test_002084.jpg,Healthy,1,0.999996,ACCEPT,0.000004,0.999996,0.000000,0.000000,0.000000,
datasets\crop_disease\test\Healthy\test_002085.jpg,Healthy,1,1.000000,ACCEPT,0.000000,1.000000,0.000000,0.000000,0.000000,
datasets\crop_disease\test\Healthy\test_002086.jpg,Healthy,1,0.999957,ACCEPT,0.000043,0.999957,0.000000,0.000000,0.000000,
datasets\crop_disease\test\Healthy\test_002087.jpg,Healthy,1,1.000000,ACCEPT,0.000000,1.000000,0.000000,0.000000,0.000000,
datasets\crop_disease\test\Healthy\test_002088.jpg,Healthy,1,0.999999,ACCEPT,0.000000,0.999999,0.000000,0.000000,0.000000,
datasets\crop_disease\test\Healthy\test_002089.jpg,Healthy,1,1.000000,ACCEPT,0.000000,1.000000,0.000000,0.000000,0.000000,
datasets\crop_disease\test\Healthy\test_002090.jpg,Healthy,1,0.999969,ACCEPT,0.000031,0.999969,0.000000,0.000000,0.000000,
datasets\crop_disease\test\Healthy\test_002091.jpg,Healthy,1,1.000000,ACCEPT,0.000000,1.000000,0.000000,0.000000,0.000000,
datasets\crop_disease\test\Healthy\test_002092.jpg,Healthy,1,1.000000,ACCEPT,0.000000,1.000000,0.000000,0.000000,0.000000,
datasets\crop_disease\test\Healthy\test_002093.jpg,Healthy,1,0.999999,ACCEPT,0.000000,0.999999,0.000000,0.000001,0.000000,
datasets\crop_disease\test\Healthy\test_002094.jpg,Healthy,1,1.000000,ACCEPT,0.000000,1.000000,0.000000,0.000000,0.000000,
datasets\crop_disease\test\Healthy\test_002095.jpg,Healthy,1,0.999998,ACCEPT,0.000001,0.999998,0.000001,0.000000,0.000000,
datasets\crop_disease\test\Healthy\test_002096.jpg,Healthy,1,0.999999,ACCEPT,0.000001,0.999999,0.000000,0.000000,0.000000,
datasets\crop_disease\test\Healthy\test_002097.jpg,Healthy,1,1.000000,ACCEPT,0.000000,1.000000,0.000000,0.000000,0.000000,
datasets\crop_disease\test\Healthy\test_002098.jpg,Healthy,1,1.000000,ACCEPT,0.000000,1.000000,0.000000,0.000000,0.000000,
datasets\crop_disease\test\Healthy\test_002099.jpg,Healthy,1,1.000000,ACCEPT,0.000000,1.000000,0.000000,0.000000,0.000000,
datasets\crop_disease\test\Healthy\test_002100.jpg,Healthy,1,1.000000,ACCEPT,0.000000,1.000000,0.000000,0.000000,0.000000,
datasets\crop_disease\test\Healthy\test_002101.jpg,Healthy,1,0.999998,ACCEPT,0.000001,0.999998,0.000000,0.000001,0.000000,
datasets\crop_disease\test\Healthy\test_002102.jpg,Healthy,1,0.999995,ACCEPT,0.000001,0.999995,0.000000,0.000003,0.000000,
datasets\crop_disease\test\Healthy\test_002103.jpg,Healthy,1,1.000000,ACCEPT,0.000000,1.000000,0.000000,0.000000,0.000000,
datasets\crop_disease\test\Healthy\test_002104.jpg,Healthy,1,1.000000,ACCEPT,0.000000,1.000000,0.000000,0.000000,0.000000,
datasets\crop_disease\test\Healthy\test_002105.jpg,Healthy,1,0.999889,ACCEPT,0.000104,0.999889,0.000007,0.000000,0.000000,
datasets\crop_disease\test\Healthy\test_002106.jpg,Healthy,1,1.000000,ACCEPT,0.000000,1.000000,0.000000,0.000000,0.000000,
datasets\crop_disease\test\Healthy\test_002107.jpg,Healthy,1,1.000000,ACCEPT,0.000000,1.000000,0.000000,0.000000,0.000000,
datasets\crop_disease\test\Healthy\test_002108.jpg,Healthy,1,1.000000,ACCEPT,0.000000,1.000000,0.000000,0.000000,0.000000,
datasets\crop_disease\test\Healthy\test_002109.jpg,Healthy,1,1.000000,ACCEPT,0.000000,1.000000,0.000000,0.000000,0.000000,
datasets\crop_disease\test\Healthy\test_002110.jpg,Healthy,1,1.000000,ACCEPT,0.000000,1.000000,0.000000,0.000000,0.000000,
datasets\crop_disease\test\Healthy\test_002111.jpg,Healthy,1,0.999950,ACCEPT,0.000034,0.999950,0.000015,0.000001,0.000000,
datasets\crop_disease\test\Healthy\test_002112.jpg,Healthy,1,1.000000,ACCEPT,0.000000,1.000000,0.000000,0.000000,0.000000,
datasets\crop_disease\test\Healthy\test_002113.jpg,Healthy,1,1.000000,ACCEPT,0.000000,1.000000,0.000000,0.000000,0.000000,
datasets\crop_disease\test\Healthy\test_002114.jpg,Healthy,1,1.000000,ACCEPT,0.000000,1.000000,0.000000,0.000000,0.000000,
datasets\crop_disease\test\Healthy\test_002115.jpg,Healthy,1,0.999991,ACCEPT,0.000000,0.999991,0.000000,0.000008,0.000000,
datasets\crop_disease\test\Healthy\test_002116.jpg,Healthy,1,1.000000,ACCEPT,0.000000,1.000000,0.000000,0.000000,0.000000,
datasets\crop_disease\test\Healthy\test_002117.jpg,Healthy,1,1.000000,ACCEPT,0.000000,1.000000,0.000000,0.000000,0.000000,
datasets\crop_disease\test\Healthy\test_002118.jpg,Healthy,1,0.999979,ACCEPT,0.000020,0.999979,0.000001,0.000000,0.000000,
datasets\crop_disease\test\Healthy\test_002119.jpg,Healthy,1,0.999878,ACCEPT,0.000102,0.999878,0.000020,0.000000,0.000000,
datasets\crop_disease\test\Healthy\test_002120.jpg,Healthy,1,1.000000,ACCEPT,0.000000,1.000000,0.000000,0.000000,0.000000,
datasets\crop_disease\test\Healthy\test_002121.jpg,Healthy,1,1.000000,ACCEPT,0.000000,1.000000,0.000000,0.000000,0.000000,
datasets\crop_disease\test\Healthy\test_002122.jpg,Healthy,1,1.000000,ACCEPT,0.000000,1.000000,0.000000,0.000000,0.000000,
datasets\crop_disease\test\Healthy\test_002123.jpg,Healthy,1,1.000000,ACCEPT,0.000000,1.000000,0.000000,0.000000,0.000000,
datasets\crop_disease\test\Healthy\test_002124.jpg,Healthy,1,0.999992,ACCEPT,0.000006,0.999992,0.000002,0.000001,0.000000,
datasets\crop_disease\test\Healthy\test_002125.jpg,Healthy,1,1.000000,ACCEPT,0.000000,1.000000,0.000000,0.000000,0.000000,
datasets\crop_disease\test\Healthy\test_002126.jpg,Healthy,1,1.000000,ACCEPT,0.000000,1.000000,0.000000,0.000000,0.000000,
datasets\crop_disease\test\Healthy\test_002127.jpg,Healthy,1,1.000000,ACCEPT,0.000001,1.000000,0.000000,0.000000,0.000000,
datasets\crop_disease\test\Healthy\test_002128.jpg,Healthy,1,0.830886,ACCEPT,0.014192,0.830886,0.001330,0.153587,0.000005,
datasets\crop_disease\test\Healthy\test_002129.jpg,Healthy,1,1.000000,ACCEPT,0.000000,1.000000,0.000000,0.000000,0.000000,
datasets\crop_disease\test\Healthy\test_002130.jpg,Healthy,1,1.000000,ACCEPT,0.000000,1.000000,0.000000,0.000000,0.000000,
datasets\crop_disease\test\Healthy\test_002131.jpg,Healthy,1,1.000000,ACCEPT,0.000000,1.000000,0.000000,0.000000,0.000000,
datasets\crop_disease\test\Healthy\test_002132.jpg,Healthy,1,1.000000,ACCEPT,0.000000,1.000000,0.000000,0.000000,0.000000,
datasets\crop_disease\test\Healthy\test_002133.jpg,Healthy,1,0.999961,ACCEPT,0.000038,0.999961,0.000000,0.000000,0.000000,
datasets\crop_disease\test\Healthy\test_002134.jpg,Healthy,1,0.999995,ACCEPT,0.000001,0.999995,0.000000,0.000004,0.000000,
datasets\crop_disease\test\Healthy\test_002135.jpg,Healthy,1,1.000000,ACCEPT,0.000000,1.000000,0.000000,0.000000,0.000000,
datasets\crop_disease\test\Healthy\test_002136.jpg,Healthy,1,1.000000,ACCEPT,0.000000,1.000000,0.000000,0.000000,0.000000,
datasets\crop_disease\test\Healthy\test_002137.jpg,Healthy,1,1.000000,ACCEPT,0.000000,1.000000,0.000000,0.000000,0.000000,
datasets\crop_disease\test\Healthy\test_002138.jpg,Healthy,1,1.000000,ACCEPT,0.000000,1.000000,0.000000,0.000000,0.000000,
datasets\crop_disease\test\Healthy\test_002139.jpg,Healthy,1,0.999997,ACCEPT,0.000002,0.999997,0.000000,0.000000,0.000000,
datasets\crop_disease\test\Healthy\test_002140.jpg,Healthy,1,1.000000,ACCEPT,0.000000,1.000000,0.000000,0.000000,0.000000,
datasets\crop_disease\test\Healthy\test_002141.jpg,Healthy,1,1.000000,ACCEPT,0.000000,1.000000,0.000000,0.000000,0.000000,
datasets\crop_disease\test\Healthy\test_002142.jpg,Healthy,1,0.999852,ACCEPT,0.000048,0.999852,0.000000,0.000099,0.000000,
datasets\crop_disease\test\Healthy\test_002143.jpg,Healthy,1,0.999964,ACCEPT,0.000028,0.999964,0.000004,0.000003,0.000000,
datasets\crop_disease\test\Healthy\test_002144.jpg,Healthy,1,1.000000,ACCEPT,0.000000,1.000000,0.000000,0.000000,0.000000,
datasets\crop_disease\test\Healthy\test_002145.jpg,Healthy,1,0.999997,ACCEPT,0.000003,0.999997,0.000001,0.000000,0.000000,
datasets\crop_disease\test\Healthy\test_002146.jpg,Healthy,1,1.000000,ACCEPT,0.000000,1.000000,0.000000,0.000000,0.000000,
datasets\crop_disease\test\Healthy\test_002147.jpg,Healthy,1,1.000000,ACCEPT,0.000000,1.000000,0.000000,0.000000,0.000000,
datasets\crop_disease\test\Healthy\test_002148.jpg,Healthy,1,0.999992,ACCEPT,0.000005,0.999992,0.000003,0.000000,0.000000,
datasets\crop_disease\test\Healthy\test_002149.jpg,Healthy,1,1.000000,ACCEPT,0.000000,1.000000,0.000000,0.000000,0.000000,
datasets\crop_disease\test\Healthy\test_002150.jpg,Healthy,1,1.000000,ACCEPT,0.000000,1.000000,0.000000,0.000000,0.000000,
datasets\crop_disease\test\Healthy\test_002151.jpg,Healthy,1,0.999994,ACCEPT,0.000002,0.999994,0.000000,0.000004,0.000000,
datasets\crop_disease\test\Healthy\test_002152.jpg,Healthy,1,1.000000,ACCEPT,0.000000,1.000000,0.000000,0.000000,0.000000,
datasets\crop_disease\test\Healthy\test_002153.jpg,Healthy,1,1.000000,ACCEPT,0.000000,1.000000,0.000000,0.000000,0.000000,
datasets\crop_disease\test\Healthy\test_002154.jpg,Healthy,1,1.000000,ACCEPT,0.000000,1.000000,0.000000,0.000000,0.000000,
datasets\crop_disease\test\Healthy\test_002155.jpg,Healthy,1,1.000000,ACCEPT,0.000000,1.000000,0.000000,0.000000,0.000000,
datasets\crop_disease\test\Healthy\test_002156.jpg,Healthy,1,1.000000,ACCEPT,0.000000,1.000000,0.000000,0.000000,0.000000,
datasets\crop_disease\test\Healthy\test_002157.jpg,Healthy,1,0.999960,ACCEPT,0.000026,0.999960,0.000014,0.000000,0.000000,
datasets\crop_disease\test\Healthy\test_002158.jpg,Healthy,1,0.999156,ACCEPT,0.000843,0.999156,0.000000,0.000000,0.000000,
datasets\crop_disease\test\Healthy\test_002159.jpg,Healthy,1,0.999996,ACCEPT,0.000000,0.999996,0.000000,0.000004,0.000000,
datasets\crop_disease\test\Healthy\test_002160.jpg,Healthy,1,1.000000,ACCEPT,0.000000,1.000000,0.000000,0.000000,0.000000,
datasets\crop_disease\test\Healthy\test_002161.jpg,Healthy,1,1.000000,ACCEPT,0.000000,1.000000,0.000000,0.000000,0.000000,
datasets\crop_disease\test\Healthy\test_002162.jpg,Healthy,1,1.000000,ACCEPT,0.000000,1.000000,0.000000,0.000000,0.000000,
datasets\crop_disease\test\Healthy\test_002163.jpg,Healthy,1,1.000000,ACCEPT,0.000000,1.000000,0.000000,0.000000,0.000000,
datasets\crop_disease\test\Healthy\test_002164.jpg,Healthy,1,1.000000,ACCEPT,0.000000,1.000000,0.000000,0.000000,0.000000,
datasets\crop_disease\test\Healthy\test_002165.jpg,Healthy,1,0.998854,ACCEPT,0.000044,0.998854,0.000948,0.000154,0.000000,
datasets\crop_disease\test\Healthy\test_002166.jpg,Healthy,1,0.999913,ACCEPT,0.000079,0.999913,0.000007,0.000001,0.000000,
datasets\crop_disease\test\Healthy\test_002167.jpg,Healthy,1,1.000000,ACCEPT,0.000000,1.000000,0.000000,0.000000,0.000000,
datasets\crop_disease\test\Healthy\test_002168.jpg,Healthy,1,0.999994,ACCEPT,0.000002,0.999994,0.000003,0.000001,0.000000,
datasets\crop_disease\test\Healthy\test_002169.jpg,Healthy,1,0.999999,ACCEPT,0.000000,0.999999,0.000000,0.000000,0.000000,
datasets\crop_disease\test\Healthy\test_002170.jpg,Healthy,1,0.999999,ACCEPT,0.000001,0.999999,0.000000,0.000000,0.000000,
datasets\crop_disease\test\Healthy\test_002171.jpg,Healthy,1,0.999990,ACCEPT,0.000000,0.999990,0.000010,0.000000,0.000000,
datasets\crop_disease\test\Healthy\test_002172.jpg,Healthy,1,0.999999,ACCEPT,0.000000,0.999999,0.000001,0.000000,0.000000,
datasets\crop_disease\test\Healthy\test_002173.jpg,Healthy,1,1.000000,ACCEPT,0.000000,1.000000,0.000000,0.000000,0.000000,
datasets\crop_disease\test\Healthy\test_002174.jpg,Healthy,1,0.999914,ACCEPT,0.000082,0.999914,0.000000,0.000004,0.000000,
datasets\crop_disease\test\Healthy\test_002175.jpg,Healthy,1,0.999641,ACCEPT,0.000358,0.999641,0.000001,0.000000,0.000000,
datasets\crop_disease\test\Healthy\test_002176.jpg,Healthy,1,0.999999,ACCEPT,0.000000,0.999999,0.000000,0.000000,0.000000,
datasets\crop_disease\test\Healthy\test_002177.jpg,Healthy,1,0.999876,ACCEPT,0.000122,0.999876,0.000002,0.000000,0.000000,
datasets\crop_disease\test\Healthy\test_002178.jpg,Healthy,1,1.000000,ACCEPT,0.000000,1.000000,0.000000,0.000000,0.000000,
datasets\crop_disease\test\Healthy\test_002179.jpg,Healthy,1,0.999863,ACCEPT,0.000136,0.999863,0.000001,0.000000,0.000000,
datasets\crop_disease\test\Healthy\test_002180.jpg,Healthy,1,0.999563,ACCEPT,0.000434,0.999563,0.000001,0.000002,0.000000,
datasets\crop_disease\test\Healthy\test_002181.jpg,Healthy,1,1.000000,ACCEPT,0.000000,1.000000,0.000000,0.000000,0.000000,
datasets\crop_disease\test\Healthy\test_002182.jpg,Healthy,1,0.999997,ACCEPT,0.000002,0.999997,0.000000,0.000001,0.000000,
datasets\crop_disease\test\Healthy\test_002183.jpg,Healthy,1,1.000000,ACCEPT,0.000000,1.000000,0.000000,0.000000,0.000000,
datasets\crop_disease\test\Healthy\test_002184.jpg,Healthy,1,0.999998,ACCEPT,0.000002,0.999998,0.000000,0.000000,0.000000,
datasets\crop_disease\test\Healthy\test_002185.jpg,Healthy,1,1.000000,ACCEPT,0.000000,1.000000,0.000000,0.000000,0.000000,
datasets\crop_disease\test\Healthy\test_002186.jpg,Healthy,1,1.000000,ACCEPT,0.000000,1.000000,0.000000,0.000000,0.000000,
datasets\crop_disease\test\Healthy\test_002187.jpg,Healthy,1,1.000000,ACCEPT,0.000000,1.000000,0.000000,0.000000,0.000000,
datasets\crop_disease\test\Healthy\test_002188.jpg,Healthy,1,1.000000,ACCEPT,0.000000,1.000000,0.000000,0.000000,0.000000,
datasets\crop_disease\test\Healthy\test_002189.jpg,Healthy,1,1.000000,ACCEPT,0.000000,1.000000,0.000000,0.000000,0.000000,
datasets\crop_disease\test\Healthy\test_002190.jpg,Healthy,1,0.990131,ACCEPT,0.001537,0.990131,0.000000,0.008332,0.000000,
datasets\crop_disease\test\Healthy\test_002191.jpg,Healthy,1,1.000000,ACCEPT,0.000000,1.000000,0.000000,0.000000,0.000000,
datasets\crop_disease\test\Healthy\test_002192.jpg,Healthy,1,0.999999,ACCEPT,0.000000,0.999999,0.000001,0.000000,0.000000,
datasets\crop_disease\test\Healthy\test_002193.jpg,Healthy,1,0.999987,ACCEPT,0.000001,0.999987,0.000005,0.000007,0.000000,
datasets\crop_disease\test\Healthy\test_002194.jpg,Healthy,1,1.000000,ACCEPT,0.000000,1.000000,0.000000,0.000000,0.000000,
datasets\crop_disease\test\Healthy\test_002195.jpg,Healthy,1,1.000000,ACCEPT,0.000000,1.000000,0.000000,0.000000,0.000000,
datasets\crop_disease\test\Healthy\test_002196.jpg,Healthy,1,1.000000,ACCEPT,0.000000,1.000000,0.000000,0.000000,0.000000,
datasets\crop_disease\test\Healthy\test_002197.jpg,Healthy,1,0.999135,ACCEPT,0.000751,0.999135,0.000030,0.000084,0.000000,
datasets\crop_disease\test\Healthy\test_002198.jpg,Healthy,1,1.000000,ACCEPT,0.000000,1.000000,0.000000,0.000000,0.000000,
datasets\crop_disease\test\Healthy\test_002199.jpg,Healthy,1,0.999977,ACCEPT,0.000023,0.999977,0.000000,0.000001,0.000000,
datasets\crop_disease\test\Healthy\test_002200.jpg,Healthy,1,0.999970,ACCEPT,0.000029,0.999970,0.000001,0.000000,0.000000,
datasets\crop_disease\test\Healthy\test_002201.jpg,Healthy,1,0.999902,ACCEPT,0.000089,0.999902,0.000009,0.000000,0.000000,
datasets\crop_disease\test\Healthy\test_002202.jpg,Healthy,1,1.000000,ACCEPT,0.000000,1.000000,0.000000,0.000000,0.000000,
datasets\crop_disease\test\Healthy\test_002203.jpg,Healthy,1,0.999999,ACCEPT,0.000001,0.999999,0.000000,0.000000,0.000000,
datasets\crop_disease\test\Healthy\test_002204.jpg,Healthy,1,1.000000,ACCEPT,0.000000,1.000000,0.000000,0.000000,0.000000,
datasets\crop_disease\test\Healthy\test_002205.jpg,Healthy,1,1.000000,ACCEPT,0.000000,1.000000,0.000000,0.000000,0.000000,
datasets\crop_disease\test\Healthy\test_002206.jpg,Healthy,1,1.000000,ACCEPT,0.000000,1.000000,0.000000,0.000000,0.000000,
datasets\crop_disease\test\Healthy\test_002207.jpg,Healthy,1,1.000000,ACCEPT,0.000000,1.000000,0.000000,0.000000,0.000000,
datasets\crop_disease\test\Healthy\test_002208.jpg,Healthy,1,1.000000,ACCEPT,0.000000,1.000000,0.000000,0.000000,0.000000,
datasets\crop_disease\test\Healthy\test_002209.jpg,Healthy,1,1.000000,ACCEPT,0.000000,1.000000,0.000000,0.000000,0.000000,
datasets\crop_disease\test\Healthy\test_002210.jpg,Healthy,1,1.000000,ACCEPT,0.000000,1.000000,0.000000,0.000000,0.000000,
datasets\crop_disease\test\Healthy\test_002211.jpg,Healthy,1,1.000000,ACCEPT,0.000000,1.000000,0.000000,0.000000,0.000000,
datasets\crop_disease\test\Healthy\test_002212.jpg,Healthy,1,1.000000,ACCEPT,0.000000,1.000000,0.000000,0.000000,0.000000,
datasets\crop_disease\test\Healthy\test_002213.jpg,Healthy,1,0.999993,ACCEPT,0.000003,0.999993,0.000000,0.000004,0.000000,
datasets\crop_disease\test\Healthy\test_002214.jpg,Healthy,1,1.000000,ACCEPT,0.000000,1.000000,0.000000,0.000000,0.000000,
datasets\crop_disease\test\Healthy\test_002215.jpg,Healthy,1,1.000000,ACCEPT,0.000000,1.000000,0.000000,0.000000,0.000000,
datasets\crop_disease\test\Healthy\test_002216.jpg,Healthy,1,1.000000,ACCEPT,0.000000,1.000000,0.000000,0.000000,0.000000,
datasets\crop_disease\test\Healthy\test_002217.jpg,Healthy,1,1.000000,ACCEPT,0.000000,1.000000,0.000000,0.000000,0.000000,
datasets\crop_disease\test\Healthy\test_002218.jpg,Healthy,1,0.999977,ACCEPT,0.000022,0.999977,0.000001,0.000000,0.000000,
datasets\crop_disease\test\Healthy\test_002219.jpg,Healthy,1,0.999999,ACCEPT,0.000000,0.999999,0.000001,0.000000,0.000000,
datasets\crop_disease\test\Healthy\test_002220.jpg,Healthy,1,1.000000,ACCEPT,0.000000,1.000000,0.000000,0.000000,0.000000,
datasets\crop_disease\test\Healthy\test_002221.jpg,Healthy,1,0.999995,ACCEPT,0.000005,0.999995,0.000000,0.000000,0.000000,
datasets\crop_disease\test\Healthy\test_002222.jpg,Healthy,1,0.999999,ACCEPT,0.000000,0.999999,0.000000,0.000000,0.000000,
datasets\crop_disease\test\Healthy\test_002223.jpg,Healthy,1,1.000000,ACCEPT,0.000000,1.000000,0.000000,0.000000,0.000000,
datasets\crop_disease\test\Healthy\test_002224.jpg,Healthy,1,1.000000,ACCEPT,0.000000,1.000000,0.000000,0.000000,0.000000,
datasets\crop_disease\test\Healthy\test_002225.jpg,Healthy,1,1.000000,ACCEPT,0.000000,1.000000,0.000000,0.000000,0.000000,
datasets\crop_disease\test\Healthy\test_002226.jpg,Healthy,1,1.000000,ACCEPT,0.000000,1.000000,0.000000,0.000000,0.000000,
datasets\crop_disease\test\Healthy\test_002227.jpg,Healthy,1,1.000000,ACCEPT,0.000000,1.000000,0.000000,0.000000,0.000000,
datasets\crop_disease\test\Healthy\test_002228.jpg,Healthy,1,1.000000,ACCEPT,0.000000,1.000000,0.000000,0.000000,0.000000,
datasets\crop_disease\test\Healthy\test_002229.jpg,Healthy,1,1.000000,ACCEPT,0.000000,1.000000,0.000000,0.000000,0.000000,
datasets\crop_disease\test\Healthy\test_002230.jpg,Healthy,1,1.000000,ACCEPT,0.000000,1.000000,0.000000,0.000000,0.000000,
datasets\crop_disease\test\Healthy\test_002231.jpg,Healthy,1,1.000000,ACCEPT,0.000000,1.000000,0.000000,0.000000,0.000000,
datasets\crop_disease\test\Healthy\test_002232.jpg,Healthy,1,1.000000,ACCEPT,0.000000,1.000000,0.000000,0.000000,0.000000,
datasets\crop_disease\test\Healthy\test_002233.jpg,Healthy,1,0.999987,ACCEPT,0.000014,0.999987,0.000000,0.000000,0.000000,
datasets\crop_disease\test\Healthy\test_002234.jpg,Healthy,1,0.999968,ACCEPT,0.000031,0.999968,0.000000,0.000000,0.000000,
datasets\crop_disease\test\Healthy\test_002235.jpg,Healthy,1,1.000000,ACCEPT,0.000000,1.000000,0.000000,0.000000,0.000000,
datasets\crop_disease\test\Healthy\test_002236.jpg,Healthy,1,1.000000,ACCEPT,0.000000,1.000000,0.000000,0.000000,0.000000,
datasets\crop_disease\test\Healthy\test_002237.jpg,Healthy,1,0.999987,ACCEPT,0.000012,0.999987,0.000001,0.000000,0.000000,
datasets\crop_disease\test\Healthy\test_002238.jpg,Healthy,1,1.000000,ACCEPT,0.000000,1.000000,0.000000,0.000000,0.000000,
datasets\crop_disease\test\Healthy\test_002239.jpg,Healthy,1,0.999999,ACCEPT,0.000000,0.999999,0.000000,0.000000,0.000000,
datasets\crop_disease\test\Healthy\test_002240.jpg,Healthy,1,1.000000,ACCEPT,0.000000,1.000000,0.000000,0.000000,0.000000,
datasets\crop_disease\test\Healthy\test_002241.jpg,Healthy,1,1.000000,ACCEPT,0.000000,1.000000,0.000000,0.000000,0.000000,
datasets\crop_disease\test\Healthy\test_002242.jpg,Healthy,1,1.000000,ACCEPT,0.000000,1.000000,0.000000,0.000000,0.000000,
datasets\crop_disease\test\Healthy\test_002243.jpg,Healthy,1,1.000000,ACCEPT,0.000000,1.000000,0.000000,0.000000,0.000000,
datasets\crop_disease\test\Healthy\test_002244.jpg,Healthy,1,1.000000,ACCEPT,0.000000,1.000000,0.000000,0.000000,0.000000,
datasets\crop_disease\test\Healthy\test_002245.jpg,Healthy,1,0.999907,ACCEPT,0.000047,0.999907,0.000026,0.000020,0.000000,
datasets\crop_disease\test\Healthy\test_002246.jpg,Healthy,1,1.000000,ACCEPT,0.000000,1.000000,0.000000,0.000000,0.000000,
datasets\crop_disease\test\Healthy\test_002247.jpg,Healthy,1,1.000000,ACCEPT,0.000000,1.000000,0.000000,0.000000,0.000000,
datasets\crop_disease\test\Healthy\test_002248.jpg,Healthy,1,0.999999,ACCEPT,0.000001,0.999999,0.000000,0.000000,0.000000,
datasets\crop_disease\test\Healthy\test_002249.jpg,Healthy,1,1.000000,ACCEPT,0.000000,1.000000,0.000000,0.000000,0.000000,
datasets\crop_disease\test\Healthy\test_002250.jpg,Healthy,1,1.000000,ACCEPT,0.000000,1.000000,0.000000,0.000000,0.000000,
datasets\crop_disease\test\Healthy\test_002251.jpg,Healthy,1,1.000000,ACCEPT,0.000000,1.000000,0.000000,0.000000,0.000000,
datasets\crop_disease\test\Healthy\test_002252.jpg,Healthy,1,0.999923,ACCEPT,0.000075,0.999923,0.000001,0.000000,0.000000,
datasets\crop_disease\test\Healthy\test_002253.jpg,Healthy,1,1.000000,ACCEPT,0.000000,1.000000,0.000000,0.000000,0.000000,
datasets\crop_disease\test\Healthy\test_002254.jpg,Healthy,1,1.000000,ACCEPT,0.000000,1.000000,0.000000,0.000000,0.000000,
datasets\crop_disease\test\Healthy\test_002255.jpg,Healthy,1,0.999999,ACCEPT,0.000001,0.999999,0.000000,0.000000,0.000000,
datasets\crop_disease\test\Healthy\test_002256.jpg,Healthy,1,0.999987,ACCEPT,0.000002,0.999987,0.000000,0.000011,0.000000,
datasets\crop_disease\test\Healthy\test_002257.jpg,Healthy,1,0.999999,ACCEPT,0.000001,0.999999,0.000000,0.000000,0.000000,
datasets\crop_disease\test\Healthy\test_002258.jpg,Healthy,1,1.000000,ACCEPT,0.000000,1.000000,0.000000,0.000000,0.000000,
datasets\crop_disease\test\Healthy\test_002259.jpg,Healthy,1,1.000000,ACCEPT,0.000000,1.000000,0.000000,0.000000,0.000000,
datasets\crop_disease\test\Healthy\test_002260.jpg,Healthy,1,0.999997,ACCEPT,0.000002,0.999997,0.000000,0.000000,0.000000,
datasets\crop_disease\test\Healthy\test_002261.jpg,Healthy,1,1.000000,ACCEPT,0.000000,1.000000,0.000000,0.000000,0.000000,
datasets\crop_disease\test\Healthy\test_002262.jpg,Healthy,1,1.000000,ACCEPT,0.000000,1.000000,0.000000,0.000000,0.000000,
datasets\crop_disease\test\Healthy\test_002263.jpg,Healthy,1,1.000000,ACCEPT,0.000000,1.000000,0.000000,0.000000,0.000000,
datasets\crop_disease\test\Healthy\test_002264.jpg,Healthy,1,1.000000,ACCEPT,0.000000,1.000000,0.000000,0.000000,0.000000,
datasets\crop_disease\test\Healthy\test_002265.jpg,Healthy,1,1.000000,ACCEPT,0.000000,1.000000,0.000000,0.000000,0.000000,
datasets\crop_disease\test\Healthy\test_002266.jpg,Healthy,1,1.000000,ACCEPT,0.000000,1.000000,0.000000,0.000000,0.000000,
datasets\crop_disease\test\Healthy\test_002267.jpg,Healthy,1,0.999961,ACCEPT,0.000006,0.999961,0.000001,0.000026,0.000006,
datasets\crop_disease\test\Healthy\test_002268.jpg,Healthy,1,0.999999,ACCEPT,0.000001,0.999999,0.000000,0.000000,0.000000,
datasets\crop_disease\test\Healthy\test_002269.jpg,Healthy,1,1.000000,ACCEPT,0.000000,1.000000,0.000000,0.000000,0.000000,
datasets\crop_disease\test\Healthy\test_002270.jpg,Healthy,1,1.000000,ACCEPT,0.000000,1.000000,0.000000,0.000000,0.000000,
datasets\crop_disease\test\Healthy\test_002271.jpg,Healthy,1,1.000000,ACCEPT,0.000000,1.000000,0.000000,0.000000,0.000000,
datasets\crop_disease\test\Healthy\test_002272.jpg,Healthy,1,1.000000,ACCEPT,0.000000,1.000000,0.000000,0.000000,0.000000,
datasets\crop_disease\test\Healthy\test_002273.jpg,Healthy,1,1.000000,ACCEPT,0.000000,1.000000,0.000000,0.000000,0.000000,
datasets\crop_disease\test\Healthy\test_002274.jpg,Healthy,1,1.000000,ACCEPT,0.000000,1.000000,0.000000,0.000000,0.000000,
datasets\crop_disease\test\Healthy\test_002275.jpg,Healthy,1,1.000000,ACCEPT,0.000000,1.000000,0.000000,0.000000,0.000000,
datasets\crop_disease\test\Healthy\test_002276.jpg,Healthy,1,0.999965,ACCEPT,0.000005,0.999965,0.000000,0.000030,0.000000,
datasets\crop_disease\test\Healthy\test_002277.jpg,Healthy,1,0.999996,ACCEPT,0.000002,0.999996,0.000000,0.000001,0.000000,
datasets\crop_disease\test\Healthy\test_002278.jpg,Healthy,1,1.000000,ACCEPT,0.000000,1.000000,0.000000,0.000000,0.000000,
datasets\crop_disease\test\Healthy\test_002279.jpg,Healthy,1,1.000000,ACCEPT,0.000000,1.000000,0.000000,0.000000,0.000000,
datasets\crop_disease\test\Healthy\test_002280.jpg,Healthy,1,0.999767,ACCEPT,0.000114,0.999767,0.000117,0.000001,0.000000,
datasets\crop_disease\test\Healthy\test_002281.jpg,Healthy,1,1.000000,ACCEPT,0.000000,1.000000,0.000000,0.000000,0.000000,
datasets\crop_disease\test\Healthy\test_002282.jpg,Healthy,1,0.999990,ACCEPT,0.000000,0.999990,0.000010,0.000000,0.000000,
datasets\crop_disease\test\Healthy\test_002283.jpg,Healthy,1,1.000000,ACCEPT,0.000000,1.000000,0.000000,0.000000,0.000000,
datasets\crop_disease\test\Healthy\test_002284.jpg,Healthy,1,0.999999,ACCEPT,0.000001,0.999999,0.000000,0.000000,0.000000,
datasets\crop_disease\test\Healthy\test_002285.jpg,Healthy,1,1.000000,ACCEPT,0.000000,1.000000,0.000000,0.000000,0.000000,
datasets\crop_disease\test\Healthy\test_002286.jpg,Healthy,1,1.000000,ACCEPT,0.000000,1.000000,0.000000,0.000000,0.000000,
datasets\crop_disease\test\Healthy\test_002287.jpg,Healthy,1,1.000000,ACCEPT,0.000000,1.000000,0.000000,0.000000,0.000000,
datasets\crop_disease\test\Healthy\test_002288.jpg,Healthy,1,0.999997,ACCEPT,0.000002,0.999997,0.000001,0.000000,0.000000,
datasets\crop_disease\test\Healthy\test_002289.jpg,Healthy,1,1.000000,ACCEPT,0.000000,1.000000,0.000000,0.000000,0.000000,
datasets\crop_disease\test\Healthy\test_002290.jpg,Healthy,1,1.000000,ACCEPT,0.000000,1.000000,0.000000,0.000000,0.000000,
datasets\crop_disease\test\Healthy\test_002291.jpg,Healthy,1,1.000000,ACCEPT,0.000000,1.000000,0.000000,0.000000,0.000000,
datasets\crop_disease\test\Healthy\test_002292.jpg,Healthy,1,1.000000,ACCEPT,0.000000,1.000000,0.000000,0.000000,0.000000,
datasets\crop_disease\test\Healthy\test_002293.jpg,Healthy,1,0.999961,ACCEPT,0.000038,0.999961,0.000000,0.000001,0.000000,
datasets\crop_disease\test\Healthy\test_002294.jpg,Healthy,1,0.999999,ACCEPT,0.000000,0.999999,0.000001,0.000000,0.000000,
datasets\crop_disease\test\Healthy\test_002295.jpg,Healthy,1,1.000000,ACCEPT,0.000000,1.000000,0.000000,0.000000,0.000000,
datasets\crop_disease\test\Healthy\test_002296.jpg,Healthy,1,1.000000,ACCEPT,0.000000,1.000000,0.000000,0.000000,0.000000,
datasets\crop_disease\test\Healthy\test_002297.jpg,Healthy,1,1.000000,ACCEPT,0.000000,1.000000,0.000000,0.000000,0.000000,
datasets\crop_disease\test\Healthy\test_002298.jpg,Healthy,1,1.000000,ACCEPT,0.000000,1.000000,0.000000,0.000000,0.000000,
datasets\crop_disease\test\Healthy\test_002299.jpg,Healthy,1,1.000000,ACCEPT,0.000000,1.000000,0.000000,0.000000,0.000000,
datasets\crop_disease\test\Healthy\test_002300.jpg,Healthy,1,0.999992,ACCEPT,0.000005,0.999992,0.000001,0.000002,0.000000,
datasets\crop_disease\test\Healthy\test_002301.jpg,Healthy,1,1.000000,ACCEPT,0.000000,1.000000,0.000000,0.000000,0.000000,
datasets\crop_disease\test\Healthy\test_002302.jpg,Healthy,1,0.999999,ACCEPT,0.000001,0.999999,0.000000,0.000000,0.000000,
datasets\crop_disease\test\Healthy\test_002303.jpg,Healthy,1,0.994640,ACCEPT,0.004980,0.994640,0.000375,0.000006,0.000000,
datasets\crop_disease\test\Healthy\test_002304.jpg,Healthy,1,0.999986,ACCEPT,0.000014,0.999986,0.000000,0.000000,0.000000,
datasets\crop_disease\test\Healthy\test_002305.jpg,Healthy,1,1.000000,ACCEPT,0.000000,1.000000,0.000000,0.000000,0.000000,
datasets\crop_disease\test\Healthy\test_002306.jpg,Healthy,1,1.000000,ACCEPT,0.000000,1.000000,0.000000,0.000000,0.000000,
datasets\crop_disease\test\Healthy\test_002307.jpg,Healthy,1,0.999998,ACCEPT,0.000001,0.999998,0.000001,0.000000,0.000000,
datasets\crop_disease\test\Healthy\test_002308.jpg,Healthy,1,1.000000,ACCEPT,0.000000,1.000000,0.000000,0.000000,0.000000,
datasets\crop_disease\test\Healthy\test_002309.jpg,Healthy,1,0.999982,ACCEPT,0.000005,0.999982,0.000000,0.000013,0.000000,
datasets\crop_disease\test\Healthy\test_002310.jpg,Healthy,1,1.000000,ACCEPT,0.000000,1.000000,0.000000,0.000000,0.000000,
datasets\crop_disease\test\Healthy\test_002311.jpg,Healthy,1,1.000000,ACCEPT,0.000000,1.000000,0.000000,0.000000,0.000000,
datasets\crop_disease\test\Healthy\test_002312.jpg,Healthy,1,1.000000,ACCEPT,0.000000,1.000000,0.000000,0.000000,0.000000,
datasets\crop_disease\test\Healthy\test_002313.jpg,Healthy,1,1.000000,ACCEPT,0.000000,1.000000,0.000000,0.000000,0.000000,
datasets\crop_disease\test\Healthy\test_002314.jpg,Healthy,1,1.000000,ACCEPT,0.000000,1.000000,0.000000,0.000000,0.000000,
datasets\crop_disease\test\Healthy\test_002315.jpg,Healthy,1,0.999997,ACCEPT,0.000003,0.999997,0.000000,0.000000,0.000000,
datasets\crop_disease\test\Healthy\test_002316.jpg,Healthy,1,0.999991,ACCEPT,0.000008,0.999991,0.000000,0.000000,0.000000,
datasets\crop_disease\test\Healthy\test_002317.jpg,Healthy,1,1.000000,ACCEPT,0.000000,1.000000,0.000000,0.000000,0.000000,
datasets\crop_disease\test\Healthy\test_002318.jpg,Healthy,1,0.999999,ACCEPT,0.000000,0.999999,0.000000,0.000001,0.000000,
datasets\crop_disease\test\Healthy\test_002319.jpg,Healthy,1,1.000000,ACCEPT,0.000000,1.000000,0.000000,0.000000,0.000000,
datasets\crop_disease\test\Healthy\test_002320.jpg,Healthy,1,1.000000,ACCEPT,0.000000,1.000000,0.000000,0.000000,0.000000,
datasets\crop_disease\test\Healthy\test_002321.jpg,Healthy,1,0.999999,ACCEPT,0.000001,0.999999,0.000000,0.000000,0.000000,
datasets\crop_disease\test\Healthy\test_002322.jpg,Healthy,1,0.999989,ACCEPT,0.000007,0.999989,0.000000,0.000004,0.000000,
datasets\crop_disease\test\Healthy\test_002323.jpg,Healthy,1,1.000000,ACCEPT,0.000000,1.000000,0.000000,0.000000,0.000000,
datasets\crop_disease\test\Healthy\test_002324.jpg,Healthy,1,0.999999,ACCEPT,0.000001,0.999999,0.000000,0.000000,0.000000,
datasets\crop_disease\test\Healthy\test_002325.jpg,Healthy,1,0.999998,ACCEPT,0.000002,0.999998,0.000000,0.000000,0.000000,
datasets\crop_disease\test\Healthy\test_002326.jpg,Healthy,1,1.000000,ACCEPT,0.000001,1.000000,0.000000,0.000000,0.000000,
datasets\crop_disease\test\Healthy\test_002327.jpg,Healthy,1,0.999999,ACCEPT,0.000001,0.999999,0.000000,0.000000,0.000000,
datasets\crop_disease\test\Healthy\test_002328.jpg,Healthy,1,0.999998,ACCEPT,0.000002,0.999998,0.000000,0.000000,0.000000,
datasets\crop_disease\test\Healthy\test_002329.jpg,Healthy,1,0.999996,ACCEPT,0.000004,0.999996,0.000000,0.000000,0.000000,
datasets\crop_disease\test\Healthy\test_002330.jpg,Healthy,1,1.000000,ACCEPT,0.000000,1.000000,0.000000,0.000000,0.000000,
datasets\crop_disease\test\Healthy\test_002331.jpg,Healthy,1,1.000000,ACCEPT,0.000000,1.000000,0.000000,0.000000,0.000000,
datasets\crop_disease\test\Healthy\test_002332.jpg,Healthy,1,0.999878,ACCEPT,0.000119,0.999878,0.000001,0.000001,0.000000,
datasets\crop_disease\test\Healthy\test_002333.jpg,Healthy,1,1.000000,ACCEPT,0.000000,1.000000,0.000000,0.000000,0.000000,
datasets\crop_disease\test\Healthy\test_002334.jpg,Healthy,1,0.999977,ACCEPT,0.000022,0.999977,0.000000,0.000000,0.000000,
datasets\crop_disease\test\Healthy\test_002335.jpg,Healthy,1,1.000000,ACCEPT,0.000000,1.000000,0.000000,0.000000,0.000000,
datasets\crop_disease\test\Healthy\test_002336.jpg,Healthy,1,0.999045,ACCEPT,0.000487,0.999045,0.000000,0.000467,0.000000,
datasets\crop_disease\test\Healthy\test_002337.jpg,Healthy,1,1.000000,ACCEPT,0.000000,1.000000,0.000000,0.000000,0.000000,
datasets\crop_disease\test\Healthy\test_002338.jpg,Healthy,1,1.000000,ACCEPT,0.000000,1.000000,0.000000,0.000000,0.000000,
datasets\crop_disease\test\Healthy\test_002339.jpg,Healthy,1,0.997229,ACCEPT,0.000080,0.997229,0.000024,0.002667,0.000000,
datasets\crop_disease\test\Healthy\test_002340.jpg,Healthy,1,0.999989,ACCEPT,0.000008,0.999989,0.000002,0.000002,0.000000,
datasets\crop_disease\test\Healthy\test_002341.jpg,Healthy,1,0.999999,ACCEPT,0.000001,0.999999,0.000000,0.000000,0.000000,
datasets\crop_disease\test\Healthy\test_002342.jpg,Healthy,1,0.999998,ACCEPT,0.000002,0.999998,0.000000,0.000000,0.000000,
datasets\crop_disease\test\Healthy\test_002343.jpg,Healthy,1,1.000000,ACCEPT,0.000000,1.000000,0.000000,0.000000,0.000000,
datasets\crop_disease\test\Healthy\test_002344.jpg,Healthy,1,1.000000,ACCEPT,0.000000,1.000000,0.000000,0.000000,0.000000,
datasets\crop_disease\test\Healthy\test_002345.jpg,Healthy,1,1.000000,ACCEPT,0.000000,1.000000,0.000000,0.000000,0.000000,
datasets\crop_disease\test\Healthy\test_002346.jpg,Healthy,1,0.999999,ACCEPT,0.000001,0.999999,0.000000,0.000000,0.000000,
datasets\crop_disease\test\Healthy\test_002347.jpg,Healthy,1,0.999999,ACCEPT,0.000001,0.999999,0.000000,0.000000,0.000000,
datasets\crop_disease\test\Healthy\test_002348.jpg,Healthy,1,1.000000,ACCEPT,0.000000,1.000000,0.000000,0.000000,0.000000,
datasets\crop_disease\test\Healthy\test_002349.jpg,Healthy,1,1.000000,ACCEPT,0.000000,1.000000,0.000000,0.000000,0.000000,
datasets\crop_disease\test\Healthy\test_002350.jpg,Healthy,1,1.000000,ACCEPT,0.000000,1.000000,0.000000,0.000000,0.000000,
datasets\crop_disease\test\Healthy\test_002351.jpg,Healthy,1,0.999972,ACCEPT,0.000019,0.999972,0.000000,0.000009,0.000000,
datasets\crop_disease\test\Healthy\test_002352.jpg,Healthy,1,1.000000,ACCEPT,0.000000,1.000000,0.000000,0.000000,0.000000,
datasets\crop_disease\test\Healthy\test_002353.jpg,Healthy,1,0.999821,ACCEPT,0.000083,0.999821,0.000094,0.000002,0.000000,
datasets\crop_disease\test\Healthy\test_002354.jpg,Healthy,1,0.999992,ACCEPT,0.000008,0.999992,0.000000,0.000000,0.000000,
datasets\crop_disease\test\Healthy\test_002355.jpg,Healthy,1,0.999999,ACCEPT,0.000001,0.999999,0.000000,0.000000,0.000000,
datasets\crop_disease\test\Healthy\test_002356.jpg,Healthy,1,1.000000,ACCEPT,0.000000,1.000000,0.000000,0.000000,0.000000,
datasets\crop_disease\test\Healthy\test_002357.jpg,Healthy,1,1.000000,ACCEPT,0.000000,1.000000,0.000000,0.000000,0.000000,
datasets\crop_disease\test\Healthy\test_002358.jpg,Healthy,1,0.999999,ACCEPT,0.000000,0.999999,0.000000,0.000000,0.000000,
datasets\crop_disease\test\Healthy\test_002359.jpg,Healthy,1,0.999631,ACCEPT,0.000356,0.999631,0.000012,0.000001,0.000000,
datasets\crop_disease\test\Healthy\test_002360.jpg,Healthy,1,1.000000,ACCEPT,0.000000,1.000000,0.000000,0.000000,0.000000,
datasets\crop_disease\test\Healthy\test_002361.jpg,Healthy,1,0.999959,ACCEPT,0.000040,0.999959,0.000000,0.000000,0.000000,
datasets\crop_disease\test\Healthy\test_002362.jpg,Healthy,1,0.999999,ACCEPT,0.000000,0.999999,0.000000,0.000001,0.000000,
datasets\crop_disease\test\Healthy\test_002363.jpg,Healthy,1,0.999999,ACCEPT,0.000001,0.999999,0.000000,0.000000,0.000000,
datasets\crop_disease\test\Healthy\test_002364.jpg,Healthy,1,0.999406,ACCEPT,0.000351,0.999406,0.000000,0.000237,0.000006,
datasets\crop_disease\test\Healthy\test_002365.jpg,Healthy,1,1.000000,ACCEPT,0.000000,1.000000,0.000000,0.000000,0.000000,
datasets\crop_disease\test\Healthy\test_002366.jpg,Healthy,1,1.000000,ACCEPT,0.000000,1.000000,0.000000,0.000000,0.000000,
datasets\crop_disease\test\Healthy\test_002367.jpg,Healthy,1,1.000000,ACCEPT,0.000000,1.000000,0.000000,0.000000,0.000000,
datasets\crop_disease\test\Healthy\test_002368.jpg,Healthy,1,0.999997,ACCEPT,0.000000,0.999997,0.000000,0.000003,0.000000,
datasets\crop_disease\test\Healthy\test_002369.jpg,Healthy,1,1.000000,ACCEPT,0.000000,1.000000,0.000000,0.000000,0.000000,
datasets\crop_disease\test\Healthy\test_002370.jpg,Healthy,1,1.000000,ACCEPT,0.000000,1.000000,0.000000,0.000000,0.000000,
datasets\crop_disease\test\Healthy\test_002371.jpg,Healthy,1,0.999999,ACCEPT,0.000001,0.999999,0.000000,0.000000,0.000000,
datasets\crop_disease\test\Healthy\test_002372.jpg,Healthy,1,1.000000,ACCEPT,0.000000,1.000000,0.000000,0.000000,0.000000,
datasets\crop_disease\test\Healthy\test_002373.jpg,Healthy,1,0.999787,ACCEPT,0.000210,0.999787,0.000003,0.000000,0.000000,
datasets\crop_disease\test\Healthy\test_002374.jpg,Healthy,1,0.999993,ACCEPT,0.000001,0.999993,0.000000,0.000006,0.000000,
datasets\crop_disease\test\Healthy\test_002375.jpg,Healthy,1,0.999998,ACCEPT,0.000002,0.999998,0.000000,0.000000,0.000000,
datasets\crop_disease\test\Healthy\test_002376.jpg,Healthy,1,0.999995,ACCEPT,0.000000,0.999995,0.000000,0.000005,0.000000,
datasets\crop_disease\test\Healthy\test_002377.jpg,Healthy,1,0.999991,ACCEPT,0.000007,0.999991,0.000001,0.000000,0.000000,
datasets\crop_disease\test\Healthy\test_002378.jpg,Healthy,1,1.000000,ACCEPT,0.000000,1.000000,0.000000,0.000000,0.000000,
datasets\crop_disease\test\Healthy\test_002379.jpg,Healthy,1,1.000000,ACCEPT,0.000000,1.000000,0.000000,0.000000,0.000000,
datasets\crop_disease\test\Healthy\test_002380.jpg,Healthy,1,1.000000,ACCEPT,0.000000,1.000000,0.000000,0.000000,0.000000,
datasets\crop_disease\test\Healthy\test_002381.jpg,Healthy,1,1.000000,ACCEPT,0.000000,1.000000,0.000000,0.000000,0.000000,
datasets\crop_disease\test\Healthy\test_002382.jpg,Healthy,1,1.000000,ACCEPT,0.000000,1.000000,0.000000,0.000000,0.000000,
datasets\crop_disease\test\Healthy\test_002383.jpg,Healthy,1,1.000000,ACCEPT,0.000000,1.000000,0.000000,0.000000,0.000000,
datasets\crop_disease\test\Healthy\test_002384.jpg,Healthy,1,1.000000,ACCEPT,0.000000,1.000000,0.000000,0.000000,0.000000,
datasets\crop_disease\test\Healthy\test_002385.jpg,Healthy,1,1.000000,ACCEPT,0.000000,1.000000,0.000000,0.000000,0.000000,
datasets\crop_disease\test\Healthy\test_002386.jpg,Healthy,1,1.000000,ACCEPT,0.000000,1.000000,0.000000,0.000000,0.000000,
datasets\crop_disease\test\Healthy\test_002387.jpg,Healthy,1,1.000000,ACCEPT,0.000000,1.000000,0.000000,0.000000,0.000000,
datasets\crop_disease\test\Healthy\test_002388.jpg,Healthy,1,0.999992,ACCEPT,0.000002,0.999992,0.000001,0.000005,0.000000,
datasets\crop_disease\test\Healthy\test_002389.jpg,Healthy,1,1.000000,ACCEPT,0.000000,1.000000,0.000000,0.000000,0.000000,
datasets\crop_disease\test\Healthy\test_002390.jpg,Healthy,1,0.999999,ACCEPT,0.000001,0.999999,0.000000,0.000000,0.000000,
datasets\crop_disease\test\Healthy\test_002391.jpg,Healthy,1,1.000000,ACCEPT,0.000000,1.000000,0.000000,0.000000,0.000000,
datasets\crop_disease\test\Healthy\test_002392.jpg,Healthy,1,0.999995,ACCEPT,0.000002,0.999995,0.000000,0.000003,0.000000,
datasets\crop_disease\test\Healthy\test_002393.jpg,Healthy,1,1.000000,ACCEPT,0.000000,1.000000,0.000000,0.000000,0.000000,
datasets\crop_disease\test\Healthy\test_002394.jpg,Healthy,1,0.999999,ACCEPT,0.000001,0.999999,0.000000,0.000000,0.000000,
datasets\crop_disease\test\Healthy\test_002395.jpg,Healthy,1,0.999998,ACCEPT,0.000001,0.999998,0.000000,0.000000,0.000000,
datasets\crop_disease\test\Healthy\test_002396.jpg,Healthy,1,1.000000,ACCEPT,0.000000,1.000000,0.000000,0.000000,0.000000,
datasets\crop_disease\test\Healthy\test_002397.jpg,Healthy,1,1.000000,ACCEPT,0.000000,1.000000,0.000000,0.000000,0.000000,
datasets\crop_disease\test\Healthy\test_002398.jpg,Healthy,1,1.000000,ACCEPT,0.000000,1.000000,0.000000,0.000000,0.000000,
datasets\crop_disease\test\Healthy\test_002399.jpg,Healthy,1,0.999996,ACCEPT,0.000000,0.999996,0.000000,0.000004,0.000000,
datasets\crop_disease\test\Healthy\test_002400.jpg,Healthy,1,0.999987,ACCEPT,0.000001,0.999987,0.000012,0.000000,0.000000,
datasets\crop_disease\test\Healthy\test_002401.jpg,Healthy,1,0.999985,ACCEPT,0.000015,0.999985,0.000000,0.000000,0.000000,
datasets\crop_disease\test\Healthy\test_002402.jpg,Healthy,1,1.000000,ACCEPT,0.000000,1.000000,0.000000,0.000000,0.000000,
datasets\crop_disease\test\Healthy\test_002403.jpg,Healthy,1,1.000000,ACCEPT,0.000000,1.000000,0.000000,0.000000,0.000000,
datasets\crop_disease\test\Healthy\test_002404.jpg,Healthy,1,1.000000,ACCEPT,0.000000,1.000000,0.000000,0.000000,0.000000,
datasets\crop_disease\test\Healthy\test_002405.jpg,Healthy,1,0.999963,ACCEPT,0.000031,0.999963,0.000000,0.000006,0.000000,
datasets\crop_disease\test\Healthy\test_002406.jpg,Healthy,1,1.000000,ACCEPT,0.000000,1.000000,0.000000,0.000000,0.000000,
datasets\crop_disease\test\Healthy\test_002407.jpg,Healthy,1,0.999995,ACCEPT,0.000005,0.999995,0.000000,0.000000,0.000000,
datasets\crop_disease\test\Healthy\test_002408.jpg,Healthy,1,0.999998,ACCEPT,0.000002,0.999998,0.000000,0.000000,0.000000,
datasets\crop_disease\test\Healthy\test_002409.jpg,Healthy,1,0.999912,ACCEPT,0.000011,0.999912,0.000001,0.000076,0.000000,
datasets\crop_disease\test\Healthy\test_002410.jpg,Healthy,1,1.000000,ACCEPT,0.000000,1.000000,0.000000,0.000000,0.000000,
datasets\crop_disease\test\Healthy\test_002411.jpg,Healthy,1,1.000000,ACCEPT,0.000000,1.000000,0.000000,0.000000,0.000000,
datasets\crop_disease\test\Healthy\test_002412.jpg,Healthy,1,1.000000,ACCEPT,0.000000,1.000000,0.000000,0.000000,0.000000,
datasets\crop_disease\test\Healthy\test_002413.jpg,Healthy,1,1.000000,ACCEPT,0.000000,1.000000,0.000000,0.000000,0.000000,
datasets\crop_disease\test\Healthy\test_002414.jpg,Healthy,1,1.000000,ACCEPT,0.000000,1.000000,0.000000,0.000000,0.000000,
datasets\crop_disease\test\Healthy\test_002415.jpg,Healthy,1,1.000000,ACCEPT,0.000000,1.000000,0.000000,0.000000,0.000000,
datasets\crop_disease\test\Healthy\test_002416.jpg,Healthy,1,1.000000,ACCEPT,0.000000,1.000000,0.000000,0.000000,0.000000,
datasets\crop_disease\test\Healthy\test_002417.jpg,Healthy,1,0.999563,ACCEPT,0.000303,0.999563,0.000075,0.000060,0.000000,
datasets\crop_disease\test\Healthy\test_002418.jpg,Healthy,1,1.000000,ACCEPT,0.000000,1.000000,0.000000,0.000000,0.000000,
datasets\crop_disease\test\Healthy\test_002419.jpg,Healthy,1,0.999999,ACCEPT,0.000000,0.999999,0.000000,0.000001,0.000000,
datasets\crop_disease\test\Healthy\test_002420.jpg,Healthy,1,0.999959,ACCEPT,0.000041,0.999959,0.000000,0.000000,0.000000,
datasets\crop_disease\test\Healthy\test_002421.jpg,Healthy,1,1.000000,ACCEPT,0.000000,1.000000,0.000000,0.000000,0.000000,
datasets\crop_disease\test\Healthy\test_002422.jpg,Healthy,1,0.999999,ACCEPT,0.000001,0.999999,0.000000,0.000000,0.000000,
datasets\crop_disease\test\Healthy\test_002423.jpg,Healthy,1,1.000000,ACCEPT,0.000000,1.000000,0.000000,0.000000,0.000000,
datasets\crop_disease\test\Healthy\test_002424.jpg,Healthy,1,0.999986,ACCEPT,0.000013,0.999986,0.000001,0.000000,0.000000,
datasets\crop_disease\test\Healthy\test_002425.jpg,Healthy,1,1.000000,ACCEPT,0.000000,1.000000,0.000000,0.000000,0.000000,
datasets\crop_disease\test\Healthy\test_002426.jpg,Healthy,1,1.000000,ACCEPT,0.000000,1.000000,0.000000,0.000000,0.000000,
datasets\crop_disease\test\Healthy\test_002427.jpg,Healthy,1,1.000000,ACCEPT,0.000000,1.000000,0.000000,0.000000,0.000000,
datasets\crop_disease\test\Healthy\test_002428.jpg,Healthy,1,0.999979,ACCEPT,0.000020,0.999979,0.000000,0.000001,0.000000,
datasets\crop_disease\test\Healthy\test_002429.jpg,Healthy,1,1.000000,ACCEPT,0.000000,1.000000,0.000000,0.000000,0.000000,
datasets\crop_disease\test\Healthy\test_002430.jpg,Healthy,1,0.999989,ACCEPT,0.000005,0.999989,0.000000,0.000006,0.000000,
datasets\crop_disease\test\Healthy\test_002431.jpg,Healthy,1,1.000000,ACCEPT,0.000000,1.000000,0.000000,0.000000,0.000000,
datasets\crop_disease\test\Healthy\test_002432.jpg,Healthy,1,1.000000,ACCEPT,0.000000,1.000000,0.000000,0.000000,0.000000,
datasets\crop_disease\test\Healthy\test_002433.jpg,Healthy,1,1.000000,ACCEPT,0.000000,1.000000,0.000000,0.000000,0.000000,
datasets\crop_disease\test\Healthy\test_002434.jpg,Healthy,1,0.999998,ACCEPT,0.000002,0.999998,0.000000,0.000000,0.000000,
datasets\crop_disease\test\Healthy\test_002435.jpg,Healthy,1,1.000000,ACCEPT,0.000000,1.000000,0.000000,0.000000,0.000000,
datasets\crop_disease\test\Healthy\test_002436.jpg,Healthy,1,1.000000,ACCEPT,0.000000,1.000000,0.000000,0.000000,0.000000,
datasets\crop_disease\test\Healthy\test_002437.jpg,Healthy,1,1.000000,ACCEPT,0.000000,1.000000,0.000000,0.000000,0.000000,
datasets\crop_disease\test\Healthy\test_002438.jpg,Healthy,1,1.000000,ACCEPT,0.000000,1.000000,0.000000,0.000000,0.000000,
datasets\crop_disease\test\Healthy\test_002439.jpg,Healthy,1,1.000000,ACCEPT,0.000000,1.000000,0.000000,0.000000,0.000000,
datasets\crop_disease\test\Healthy\test_002440.jpg,Healthy,1,1.000000,ACCEPT,0.000001,1.000000,0.000000,0.000000,0.000000,
datasets\crop_disease\test\Healthy\test_002441.jpg,Healthy,1,1.000000,ACCEPT,0.000000,1.000000,0.000000,0.000000,0.000000,
datasets\crop_disease\test\Healthy\test_002442.jpg,Healthy,1,0.999991,ACCEPT,0.000008,0.999991,0.000000,0.000000,0.000000,
datasets\crop_disease\test\Healthy\test_002443.jpg,Healthy,1,0.999999,ACCEPT,0.000001,0.999999,0.000000,0.000000,0.000000,
datasets\crop_disease\test\Healthy\test_002444.jpg,Healthy,1,1.000000,ACCEPT,0.000000,1.000000,0.000000,0.000000,0.000000,
datasets\crop_disease\test\Healthy\test_002445.jpg,Healthy,1,0.999963,ACCEPT,0.000036,0.999963,0.000000,0.000001,0.000000,
datasets\crop_disease\test\Healthy\test_002446.jpg,Healthy,1,0.999982,ACCEPT,0.000015,0.999982,0.000000,0.000002,0.000000,
datasets\crop_disease\test\Healthy\test_002447.jpg,Healthy,1,1.000000,ACCEPT,0.000000,1.000000,0.000000,0.000000,0.000000,
datasets\crop_disease\test\Healthy\test_002448.jpg,Healthy,1,1.000000,ACCEPT,0.000000,1.000000,0.000000,0.000000,0.000000,
datasets\crop_disease\test\Healthy\test_002449.jpg,Healthy,1,1.000000,ACCEPT,0.000000,1.000000,0.000000,0.000000,0.000000,
datasets\crop_disease\test\Healthy\test_002450.jpg,Healthy,1,1.000000,ACCEPT,0.000000,1.000000,0.000000,0.000000,0.000000,
datasets\crop_disease\test\Healthy\test_002451.jpg,Healthy,1,0.999240,ACCEPT,0.000428,0.999240,0.000314,0.000017,0.000000,
datasets\crop_disease\test\Healthy\test_002452.jpg,Healthy,1,1.000000,ACCEPT,0.000000,1.000000,0.000000,0.000000,0.000000,
datasets\crop_disease\test\Healthy\test_002453.jpg,Healthy,1,0.999987,ACCEPT,0.000013,0.999987,0.000000,0.000000,0.000000,
datasets\crop_disease\test\Healthy\test_002454.jpg,Healthy,1,0.999310,ACCEPT,0.000684,0.999310,0.000004,0.000002,0.000000,
datasets\crop_disease\test\Healthy\test_002455.jpg,Healthy,1,0.999999,ACCEPT,0.000000,0.999999,0.000001,0.000000,0.000000,
datasets\crop_disease\test\Healthy\test_002456.jpg,Healthy,1,0.999998,ACCEPT,0.000002,0.999998,0.000000,0.000000,0.000000,
datasets\crop_disease\test\Healthy\test_002457.jpg,Healthy,1,1.000000,ACCEPT,0.000000,1.000000,0.000000,0.000000,0.000000,
datasets\crop_disease\test\Healthy\test_002458.jpg,Healthy,1,0.999550,ACCEPT,0.000151,0.999550,0.000214,0.000085,0.000000,
datasets\crop_disease\test\Healthy\test_002459.jpg,Healthy,1,1.000000,ACCEPT,0.000000,1.000000,0.000000,0.000000,0.000000,
datasets\crop_disease\test\Healthy\test_002460.jpg,Healthy,1,1.000000,ACCEPT,0.000000,1.000000,0.000000,0.000000,0.000000,
datasets\crop_disease\test\Healthy\test_002461.jpg,Healthy,1,1.000000,ACCEPT,0.000000,1.000000,0.000000,0.000000,0.000000,
datasets\crop_disease\test\Healthy\test_002462.jpg,Healthy,1,1.000000,ACCEPT,0.000000,1.000000,0.000000,0.000000,0.000000,
datasets\crop_disease\test\Healthy\test_002463.jpg,Healthy,1,1.000000,ACCEPT,0.000000,1.000000,0.000000,0.000000,0.000000,
datasets\crop_disease\test\Healthy\test_002464.jpg,Healthy,1,1.000000,ACCEPT,0.000000,1.000000,0.000000,0.000000,0.000000,
datasets\crop_disease\test\Healthy\test_002465.jpg,Healthy,1,0.999991,ACCEPT,0.000008,0.999991,0.000000,0.000000,0.000000,
datasets\crop_disease\test\Healthy\test_002466.jpg,Healthy,1,1.000000,ACCEPT,0.000000,1.000000,0.000000,0.000000,0.000000,
datasets\crop_disease\test\Healthy\test_002467.jpg,Healthy,1,1.000000,ACCEPT,0.000000,1.000000,0.000000,0.000000,0.000000,
datasets\crop_disease\test\Healthy\test_002468.jpg,Healthy,1,1.000000,ACCEPT,0.000000,1.000000,0.000000,0.000000,0.000000,
datasets\crop_disease\test\Healthy\test_002469.jpg,Healthy,1,1.000000,ACCEPT,0.000000,1.000000,0.000000,0.000000,0.000000,
datasets\crop_disease\test\Healthy\test_002470.jpg,Healthy,1,1.000000,ACCEPT,0.000000,1.000000,0.000000,0.000000,0.000000,
datasets\crop_disease\test\Healthy\test_002471.jpg,Healthy,1,0.999996,ACCEPT,0.000004,0.999996,0.000000,0.000000,0.000000,
datasets\crop_disease\test\Healthy\test_002472.jpg,Healthy,1,0.999964,ACCEPT,0.000002,0.999964,0.000000,0.000000,0.000034,
datasets\crop_disease\test\Healthy\test_002473.jpg,Healthy,1,1.000000,ACCEPT,0.000000,1.000000,0.000000,0.000000,0.000000,
datasets\crop_disease\test\Healthy\test_002474.jpg,Healthy,1,1.000000,ACCEPT,0.000000,1.000000,0.000000,0.000000,0.000000,
datasets\crop_disease\test\Healthy\test_002475.jpg,Healthy,1,1.000000,ACCEPT,0.000000,1.000000,0.000000,0.000000,0.000000,
datasets\crop_disease\test\Healthy\test_002476.jpg,Healthy,1,1.000000,ACCEPT,0.000000,1.000000,0.000000,0.000000,0.000000,
datasets\crop_disease\test\Healthy\test_002477.jpg,Healthy,1,1.000000,ACCEPT,0.000000,1.000000,0.000000,0.000000,0.000000,
datasets\crop_disease\test\Healthy\test_002478.jpg,Healthy,1,0.999097,ACCEPT,0.000191,0.999097,0.000712,0.000000,0.000000,
datasets\crop_disease\test\Healthy\test_002479.jpg,Healthy,1,1.000000,ACCEPT,0.000000,1.000000,0.000000,0.000000,0.000000,
datasets\crop_disease\test\Healthy\test_002480.jpg,Healthy,1,1.000000,ACCEPT,0.000000,1.000000,0.000000,0.000000,0.000000,
datasets\crop_disease\test\Healthy\test_002481.jpg,Healthy,1,0.999986,ACCEPT,0.000000,0.999986,0.000000,0.000013,0.000000,
datasets\crop_disease\test\Healthy\test_002482.jpg,Healthy,1,1.000000,ACCEPT,0.000000,1.000000,0.000000,0.000000,0.000000,
datasets\crop_disease\test\Healthy\test_002483.jpg,Healthy,1,1.000000,ACCEPT,0.000000,1.000000,0.000000,0.000000,0.000000,
datasets\crop_disease\test\Healthy\test_002484.jpg,Healthy,1,1.000000,ACCEPT,0.000000,1.000000,0.000000,0.000000,0.000000,
datasets\crop_disease\test\Healthy\test_002485.jpg,Healthy,1,1.000000,ACCEPT,0.000000,1.000000,0.000000,0.000000,0.000000,
datasets\crop_disease\test\Healthy\test_002486.jpg,Healthy,1,0.999991,ACCEPT,0.000008,0.999991,0.000001,0.000000,0.000000,
datasets\crop_disease\test\Healthy\test_002487.jpg,Healthy,1,1.000000,ACCEPT,0.000000,1.000000,0.000000,0.000000,0.000000,
datasets\crop_disease\test\Healthy\test_002488.jpg,Healthy,1,0.999779,ACCEPT,0.000035,0.999779,0.000182,0.000004,0.000000,
datasets\crop_disease\test\Healthy\test_002489.jpg,Healthy,1,1.000000,ACCEPT,0.000000,1.000000,0.000000,0.000000,0.000000,
datasets\crop_disease\test\Healthy\test_002490.jpg,Healthy,1,1.000000,ACCEPT,0.000000,1.000000,0.000000,0.000000,0.000000,
datasets\crop_disease\test\Healthy\test_002491.jpg,Healthy,1,1.000000,ACCEPT,0.000000,1.000000,0.000000,0.000000,0.000000,
datasets\crop_disease\test\Healthy\test_002492.jpg,Healthy,1,0.999998,ACCEPT,0.000001,0.999998,0.000000,0.000001,0.000000,
datasets\crop_disease\test\Healthy\test_002493.jpg,Healthy,1,1.000000,ACCEPT,0.000000,1.000000,0.000000,0.000000,0.000000,
datasets\crop_disease\test\Healthy\test_002494.jpg,Healthy,1,0.999993,ACCEPT,0.000005,0.999993,0.000001,0.000000,0.000000,
datasets\crop_disease\test\Healthy\test_002495.jpg,Healthy,1,1.000000,ACCEPT,0.000000,1.000000,0.000000,0.000000,0.000000,
datasets\crop_disease\test\Healthy\test_002496.jpg,Healthy,1,1.000000,ACCEPT,0.000000,1.000000,0.000000,0.000000,0.000000,
datasets\crop_disease\test\Healthy\test_002497.jpg,Healthy,1,0.999904,ACCEPT,0.000093,0.999904,0.000001,0.000002,0.000000,
datasets\crop_disease\test\Healthy\test_002498.jpg,Healthy,1,1.000000,ACCEPT,0.000000,1.000000,0.000000,0.000000,0.000000,
datasets\crop_disease\test\Healthy\test_002499.jpg,Healthy,1,1.000000,ACCEPT,0.000000,1.000000,0.000000,0.000000,0.000000,
datasets\crop_disease\test\Healthy\test_002500.jpg,Healthy,1,0.999995,ACCEPT,0.000000,0.999995,0.000003,0.000003,0.000000,
datasets\crop_disease\test\Healthy\test_002501.jpg,Healthy,1,0.999999,ACCEPT,0.000001,0.999999,0.000000,0.000000,0.000000,
datasets\crop_disease\test\Healthy\test_002502.jpg,Healthy,1,1.000000,ACCEPT,0.000000,1.000000,0.000000,0.000000,0.000000,
datasets\crop_disease\test\Healthy\test_002503.jpg,Healthy,1,1.000000,ACCEPT,0.000000,1.000000,0.000000,0.000000,0.000000,
datasets\crop_disease\test\Healthy\test_002504.jpg,Healthy,1,0.999988,ACCEPT,0.000011,0.999988,0.000000,0.000000,0.000000,
datasets\crop_disease\test\Healthy\test_002505.jpg,Healthy,1,0.999997,ACCEPT,0.000002,0.999997,0.000000,0.000000,0.000000,
datasets\crop_disease\test\Healthy\test_002506.jpg,Healthy,1,1.000000,ACCEPT,0.000000,1.000000,0.000000,0.000000,0.000000,
datasets\crop_disease\test\Healthy\test_002507.jpg,Healthy,1,1.000000,ACCEPT,0.000000,1.000000,0.000000,0.000000,0.000000,
datasets\crop_disease\test\Healthy\test_002508.jpg,Healthy,1,1.000000,ACCEPT,0.000000,1.000000,0.000000,0.000000,0.000000,
datasets\crop_disease\test\Healthy\test_002509.jpg,Healthy,1,1.000000,ACCEPT,0.000000,1.000000,0.000000,0.000000,0.000000,
datasets\crop_disease\test\Healthy\test_002510.jpg,Healthy,1,0.999866,ACCEPT,0.000131,0.999866,0.000000,0.000003,0.000000,
datasets\crop_disease\test\Healthy\test_002511.jpg,Healthy,1,0.999979,ACCEPT,0.000008,0.999979,0.000007,0.000006,0.000000,
datasets\crop_disease\test\Healthy\test_002512.jpg,Healthy,1,0.999789,ACCEPT,0.000031,0.999789,0.000007,0.000174,0.000000,
datasets\crop_disease\test\Healthy\test_002513.jpg,Healthy,1,1.000000,ACCEPT,0.000000,1.000000,0.000000,0.000000,0.000000,
datasets\crop_disease\test\Healthy\test_002514.jpg,Healthy,1,0.971693,ACCEPT,0.000051,0.971693,0.025800,0.002455,0.000000,
datasets\crop_disease\test\Healthy\test_002515.jpg,Healthy,1,0.999999,ACCEPT,0.000000,0.999999,0.000000,0.000001,0.000000,
datasets\crop_disease\test\Healthy\test_002516.jpg,Healthy,1,1.000000,ACCEPT,0.000000,1.000000,0.000000,0.000000,0.000000,
datasets\crop_disease\test\Healthy\test_002517.jpg,Healthy,1,1.000000,ACCEPT,0.000000,1.000000,0.000000,0.000000,0.000000,
datasets\crop_disease\test\Healthy\test_002518.jpg,Healthy,1,1.000000,ACCEPT,0.000000,1.000000,0.000000,0.000000,0.000000,
datasets\crop_disease\test\Healthy\test_002519.jpg,Healthy,1,0.999998,ACCEPT,0.000002,0.999998,0.000000,0.000000,0.000000,
datasets\crop_disease\test\Healthy\test_002520.jpg,Healthy,1,1.000000,ACCEPT,0.000000,1.000000,0.000000,0.000000,0.000000,
datasets\crop_disease\test\Healthy\test_002521.jpg,Healthy,1,1.000000,ACCEPT,0.000000,1.000000,0.000000,0.000000,0.000000,
datasets\crop_disease\test\Healthy\test_002522.jpg,Healthy,1,1.000000,ACCEPT,0.000000,1.000000,0.000000,0.000000,0.000000,
datasets\crop_disease\test\Healthy\test_002523.jpg,Healthy,1,1.000000,ACCEPT,0.000000,1.000000,0.000000,0.000000,0.000000,
datasets\crop_disease\test\Healthy\test_002524.jpg,Healthy,1,1.000000,ACCEPT,0.000000,1.000000,0.000000,0.000000,0.000000,
datasets\crop_disease\test\Healthy\test_002525.jpg,Healthy,1,1.000000,ACCEPT,0.000000,1.000000,0.000000,0.000000,0.000000,
datasets\crop_disease\test\Healthy\test_002526.jpg,Healthy,1,1.000000,ACCEPT,0.000000,1.000000,0.000000,0.000000,0.000000,
datasets\crop_disease\test\Healthy\test_002527.jpg,Healthy,1,1.000000,ACCEPT,0.000000,1.000000,0.000000,0.000000,0.000000,
datasets\crop_disease\test\Healthy\test_002528.jpg,Healthy,1,0.999997,ACCEPT,0.000000,0.999997,0.000000,0.000003,0.000000,
datasets\crop_disease\test\Healthy\test_002529.jpg,Healthy,1,1.000000,ACCEPT,0.000000,1.000000,0.000000,0.000000,0.000000,
datasets\crop_disease\test\Healthy\test_002530.jpg,Healthy,1,1.000000,ACCEPT,0.000000,1.000000,0.000000,0.000000,0.000000,
datasets\crop_disease\test\Healthy\test_002531.jpg,Healthy,1,0.999999,ACCEPT,0.000001,0.999999,0.000000,0.000000,0.000000,
datasets\crop_disease\test\Healthy\test_002532.jpg,Healthy,1,0.999999,ACCEPT,0.000000,0.999999,0.000000,0.000000,0.000000,
datasets\crop_disease\test\Healthy\test_002533.jpg,Healthy,1,1.000000,ACCEPT,0.000000,1.000000,0.000000,0.000000,0.000000,
datasets\crop_disease\test\Healthy\test_002534.jpg,Healthy,1,1.000000,ACCEPT,0.000000,1.000000,0.000000,0.000000,0.000000,
datasets\crop_disease\test\Healthy\test_002535.jpg,Healthy,1,0.999986,ACCEPT,0.000013,0.999986,0.000000,0.000000,0.000000,
datasets\crop_disease\test\Healthy\test_002536.jpg,Healthy,1,0.999986,ACCEPT,0.000009,0.999986,0.000001,0.000004,0.000000,
datasets\crop_disease\test\Healthy\test_002537.jpg,Healthy,1,0.999999,ACCEPT,0.000001,0.999999,0.000000,0.000000,0.000000,
datasets\crop_disease\test\Healthy\test_002538.jpg,Healthy,1,0.999999,ACCEPT,0.000001,0.999999,0.000000,0.000000,0.000000,
datasets\crop_disease\test\Healthy\test_002539.jpg,Healthy,1,0.999988,ACCEPT,0.000000,0.999988,0.000011,0.000001,0.000000,
datasets\crop_disease\test\Healthy\test_002540.jpg,Healthy,1,1.000000,ACCEPT,0.000000,1.000000,0.000000,0.000000,0.000000,
datasets\crop_disease\test\Healthy\test_002541.jpg,Healthy,1,1.000000,ACCEPT,0.000000,1.000000,0.000000,0.000000,0.000000,
datasets\crop_disease\test\Healthy\test_002542.jpg,Healthy,1,0.999994,ACCEPT,0.000006,0.999994,0.000000,0.000001,0.000000,
datasets\crop_disease\test\Healthy\test_002543.jpg,Healthy,1,0.999999,ACCEPT,0.000000,0.999999,0.000000,0.000000,0.000000,
datasets\crop_disease\test\Healthy\test_002544.jpg,Healthy,1,0.999998,ACCEPT,0.000000,0.999998,0.000001,0.000001,0.000000,
datasets\crop_disease\test\Healthy\test_002545.jpg,Healthy,1,1.000000,ACCEPT,0.000000,1.000000,0.000000,0.000000,0.000000,
datasets\crop_disease\test\Healthy\test_002546.jpg,Healthy,1,1.000000,ACCEPT,0.000000,1.000000,0.000000,0.000000,0.000000,
datasets\crop_disease\test\Healthy\test_002547.jpg,Healthy,1,0.999998,ACCEPT,0.000002,0.999998,0.000000,0.000000,0.000000,
datasets\crop_disease\test\Healthy\test_002548.jpg,Healthy,1,1.000000,ACCEPT,0.000000,1.000000,0.000000,0.000000,0.000000,
datasets\crop_disease\test\Healthy\test_002549.jpg,Healthy,1,0.999969,ACCEPT,0.000031,0.999969,0.000000,0.000000,0.000000,
datasets\crop_disease\test\Healthy\test_002550.jpg,Healthy,1,0.999986,ACCEPT,0.000013,0.999986,0.000001,0.000000,0.000000,
datasets\crop_disease\test\Healthy\test_002551.jpg,Healthy,1,0.999998,ACCEPT,0.000002,0.999998,0.000000,0.000000,0.000000,
datasets\crop_disease\test\Healthy\test_002552.jpg,Healthy,1,1.000000,ACCEPT,0.000000,1.000000,0.000000,0.000000,0.000000,
datasets\crop_disease\test\Healthy\test_002553.jpg,Healthy,1,0.999996,ACCEPT,0.000001,0.999996,0.000000,0.000003,0.000000,
datasets\crop_disease\test\Healthy\test_002554.jpg,Healthy,1,1.000000,ACCEPT,0.000000,1.000000,0.000000,0.000000,0.000000,
datasets\crop_disease\test\Healthy\test_002555.jpg,Healthy,1,0.999934,ACCEPT,0.000030,0.999934,0.000032,0.000000,0.000004,
datasets\crop_disease\test\Healthy\test_002556.jpg,Healthy,1,0.999999,ACCEPT,0.000001,0.999999,0.000001,0.000000,0.000000,
datasets\crop_disease\test\Healthy\test_002557.jpg,Healthy,1,0.999999,ACCEPT,0.000001,0.999999,0.000000,0.000000,0.000000,
datasets\crop_disease\test\Healthy\test_002558.jpg,Healthy,1,1.000000,ACCEPT,0.000000,1.000000,0.000000,0.000000,0.000000,
datasets\crop_disease\test\Healthy\test_002559.jpg,Healthy,1,0.999999,ACCEPT,0.000001,0.999999,0.000000,0.000000,0.000000,
datasets\crop_disease\test\Healthy\test_002560.jpg,Healthy,1,1.000000,ACCEPT,0.000000,1.000000,0.000000,0.000000,0.000000,
datasets\crop_disease\test\Healthy\test_002561.jpg,Healthy,1,0.999891,ACCEPT,0.000109,0.999891,0.000000,0.000000,0.000000,
datasets\crop_disease\test\Healthy\test_002562.jpg,Healthy,1,1.000000,ACCEPT,0.000000,1.000000,0.000000,0.000000,0.000000,
datasets\crop_disease\test\Healthy\test_002563.jpg,Healthy,1,0.999991,ACCEPT,0.000009,0.999991,0.000000,0.000000,0.000000,
datasets\crop_disease\test\Healthy\test_002564.jpg,Healthy,1,1.000000,ACCEPT,0.000000,1.000000,0.000000,0.000000,0.000000,
datasets\crop_disease\test\Healthy\test_002565.jpg,Healthy,1,0.999998,ACCEPT,0.000002,0.999998,0.000000,0.000000,0.000000,
datasets\crop_disease\test\Healthy\test_002566.jpg,Healthy,1,1.000000,ACCEPT,0.000000,1.000000,0.000000,0.000000,0.000000,
datasets\crop_disease\test\Healthy\test_002567.jpg,Healthy,1,1.000000,ACCEPT,0.000000,1.000000,0.000000,0.000000,0.000000,
datasets\crop_disease\test\Healthy\test_002568.jpg,Healthy,1,1.000000,ACCEPT,0.000000,1.000000,0.000000,0.000000,0.000000,
datasets\crop_disease\test\Healthy\test_002569.jpg,Healthy,1,0.999945,ACCEPT,0.000055,0.999945,0.000000,0.000000,0.000000,
datasets\crop_disease\test\Healthy\test_002570.jpg,Healthy,1,0.999999,ACCEPT,0.000000,0.999999,0.000000,0.000001,0.000000,
datasets\crop_disease\test\Healthy\test_002571.jpg,Healthy,1,1.000000,ACCEPT,0.000000,1.000000,0.000000,0.000000,0.000000,
datasets\crop_disease\test\Healthy\test_002572.jpg,Healthy,1,0.999985,ACCEPT,0.000007,0.999985,0.000008,0.000000,0.000000,
datasets\crop_disease\test\Healthy\test_002573.jpg,Healthy,1,1.000000,ACCEPT,0.000000,1.000000,0.000000,0.000000,0.000000,
datasets\crop_disease\test\Healthy\test_002574.jpg,Healthy,1,0.999999,ACCEPT,0.000001,0.999999,0.000000,0.000000,0.000000,
datasets\crop_disease\test\Healthy\test_002575.jpg,Healthy,1,0.999999,ACCEPT,0.000001,0.999999,0.000000,0.000000,0.000000,
datasets\crop_disease\test\Healthy\test_002576.jpg,Healthy,1,1.000000,ACCEPT,0.000000,1.000000,0.000000,0.000000,0.000000,
datasets\crop_disease\test\Healthy\test_002577.jpg,Healthy,1,0.999995,ACCEPT,0.000003,0.999995,0.000001,0.000000,0.000000,
datasets\crop_disease\test\Healthy\test_002578.jpg,Healthy,1,1.000000,ACCEPT,0.000000,1.000000,0.000000,0.000000,0.000000,
datasets\crop_disease\test\Healthy\test_002579.jpg,Healthy,1,1.000000,ACCEPT,0.000000,1.000000,0.000000,0.000000,0.000000,
datasets\crop_disease\test\Healthy\test_002580.jpg,Healthy,1,1.000000,ACCEPT,0.000000,1.000000,0.000000,0.000000,0.000000,
datasets\crop_disease\test\Healthy\test_002581.jpg,Healthy,1,1.000000,ACCEPT,0.000000,1.000000,0.000000,0.000000,0.000000,
datasets\crop_disease\test\Healthy\test_002582.jpg,Healthy,1,1.000000,ACCEPT,0.000000,1.000000,0.000000,0.000000,0.000000,
datasets\crop_disease\test\Healthy\test_002583.jpg,Healthy,1,0.999997,ACCEPT,0.000002,0.999997,0.000000,0.000001,0.000000,
datasets\crop_disease\test\Healthy\test_002584.jpg,Healthy,1,0.999990,ACCEPT,0.000007,0.999990,0.000003,0.000000,0.000000,
datasets\crop_disease\test\Healthy\test_002585.jpg,Healthy,1,1.000000,ACCEPT,0.000000,1.000000,0.000000,0.000000,0.000000,
datasets\crop_disease\test\Healthy\test_002586.jpg,Healthy,1,1.000000,ACCEPT,0.000000,1.000000,0.000000,0.000000,0.000000,
datasets\crop_disease\test\Healthy\test_002587.jpg,Healthy,1,1.000000,ACCEPT,0.000000,1.000000,0.000000,0.000000,0.000000,
datasets\crop_disease\test\Healthy\test_002588.jpg,Healthy,1,1.000000,ACCEPT,0.000000,1.000000,0.000000,0.000000,0.000000,
datasets\crop_disease\test\Healthy\test_002589.jpg,Healthy,1,1.000000,ACCEPT,0.000000,1.000000,0.000000,0.000000,0.000000,
datasets\crop_disease\test\Healthy\test_002590.jpg,Healthy,1,1.000000,ACCEPT,0.000000,1.000000,0.000000,0.000000,0.000000,
datasets\crop_disease\test\Healthy\test_002591.jpg,Healthy,1,1.000000,ACCEPT,0.000000,1.000000,0.000000,0.000000,0.000000,
datasets\crop_disease\test\Healthy\test_002592.jpg,Healthy,1,0.999986,ACCEPT,0.000013,0.999986,0.000000,0.000000,0.000000,
datasets\crop_disease\test\Healthy\test_002593.jpg,Healthy,1,1.000000,ACCEPT,0.000000,1.000000,0.000000,0.000000,0.000000,
datasets\crop_disease\test\Healthy\test_002594.jpg,Healthy,1,1.000000,ACCEPT,0.000000,1.000000,0.000000,0.000000,0.000000,
datasets\crop_disease\test\Healthy\test_002595.jpg,Healthy,1,1.000000,ACCEPT,0.000000,1.000000,0.000000,0.000000,0.000000,
datasets\crop_disease\test\Healthy\test_002596.jpg,Healthy,1,1.000000,ACCEPT,0.000000,1.000000,0.000000,0.000000,0.000000,
datasets\crop_disease\test\Healthy\test_002597.jpg,Healthy,1,0.999997,ACCEPT,0.000001,0.999997,0.000001,0.000002,0.000000,
datasets\crop_disease\test\Healthy\test_002598.jpg,Healthy,1,0.999722,ACCEPT,0.000275,0.999722,0.000003,0.000000,0.000000,
datasets\crop_disease\test\Healthy\test_002599.jpg,Healthy,1,1.000000,ACCEPT,0.000000,1.000000,0.000000,0.000000,0.000000,
datasets\crop_disease\test\Healthy\test_002600.jpg,Healthy,1,1.000000,ACCEPT,0.000000,1.000000,0.000000,0.000000,0.000000,
datasets\crop_disease\test\Healthy\test_002601.jpg,Healthy,1,1.000000,ACCEPT,0.000000,1.000000,0.000000,0.000000,0.000000,
datasets\crop_disease\test\Healthy\test_002602.jpg,Healthy,1,0.999939,ACCEPT,0.000006,0.999939,0.000000,0.000055,0.000000,
datasets\crop_disease\test\Healthy\test_002603.jpg,Healthy,1,1.000000,ACCEPT,0.000000,1.000000,0.000000,0.000000,0.000000,
datasets\crop_disease\test\Healthy\test_002604.jpg,Healthy,1,0.999997,ACCEPT,0.000002,0.999997,0.000000,0.000000,0.000000,
datasets\crop_disease\test\Healthy\test_002605.jpg,Healthy,1,1.000000,ACCEPT,0.000000,1.000000,0.000000,0.000000,0.000000,
datasets\crop_disease\test\Healthy\test_002606.jpg,Healthy,1,0.999996,ACCEPT,0.000002,0.999996,0.000002,0.000000,0.000000,
datasets\crop_disease\test\Healthy\test_002607.jpg,Healthy,1,1.000000,ACCEPT,0.000000,1.000000,0.000000,0.000000,0.000000,
datasets\crop_disease\test\Healthy\test_002608.jpg,Healthy,1,0.999999,ACCEPT,0.000001,0.999999,0.000000,0.000000,0.000000,
datasets\crop_disease\test\Healthy\test_002609.jpg,Healthy,1,1.000000,ACCEPT,0.000000,1.000000,0.000000,0.000000,0.000000,
datasets\crop_disease\test\Healthy\test_002610.jpg,Healthy,1,0.999999,ACCEPT,0.000001,0.999999,0.000000,0.000000,0.000000,
datasets\crop_disease\test\Healthy\test_002611.jpg,Healthy,1,1.000000,ACCEPT,0.000000,1.000000,0.000000,0.000000,0.000000,
datasets\crop_disease\test\Healthy\test_002612.jpg,Healthy,1,1.000000,ACCEPT,0.000000,1.000000,0.000000,0.000000,0.000000,
datasets\crop_disease\test\Healthy\test_002613.jpg,Healthy,1,0.999997,ACCEPT,0.000003,0.999997,0.000000,0.000000,0.000000,
datasets\crop_disease\test\Healthy\test_002614.jpg,Healthy,1,1.000000,ACCEPT,0.000000,1.000000,0.000000,0.000000,0.000000,
datasets\crop_disease\test\Healthy\test_002615.jpg,Healthy,1,0.999986,ACCEPT,0.000014,0.999986,0.000000,0.000000,0.000000,
datasets\crop_disease\test\Healthy\test_002616.jpg,Healthy,1,1.000000,ACCEPT,0.000000,1.000000,0.000000,0.000000,0.000000,
datasets\crop_disease\test\Healthy\test_002617.jpg,Healthy,1,1.000000,ACCEPT,0.000000,1.000000,0.000000,0.000000,0.000000,
datasets\crop_disease\test\Healthy\test_002618.jpg,Healthy,1,0.999692,ACCEPT,0.000291,0.999692,0.000000,0.000017,0.000000,
datasets\crop_disease\test\Healthy\test_002619.jpg,Healthy,1,0.999999,ACCEPT,0.000000,0.999999,0.000000,0.000001,0.000000,
datasets\crop_disease\test\Healthy\test_002620.jpg,Healthy,1,0.999176,ACCEPT,0.000019,0.999176,0.000771,0.000034,0.000000,
datasets\crop_disease\test\Healthy\test_002621.jpg,Healthy,1,1.000000,ACCEPT,0.000000,1.000000,0.000000,0.000000,0.000000,
datasets\crop_disease\test\Healthy\test_002622.jpg,Healthy,1,0.999990,ACCEPT,0.000007,0.999990,0.000002,0.000001,0.000000,
datasets\crop_disease\test\Healthy\test_002623.jpg,Healthy,1,0.999998,ACCEPT,0.000000,0.999998,0.000000,0.000002,0.000000,
datasets\crop_disease\test\Healthy\test_002624.jpg,Healthy,1,0.999569,ACCEPT,0.000020,0.999569,0.000032,0.000379,0.000000,
datasets\crop_disease\test\Healthy\test_002625.jpg,Healthy,1,1.000000,ACCEPT,0.000000,1.000000,0.000000,0.000000,0.000000,
datasets\crop_disease\test\Healthy\test_002626.jpg,Healthy,1,1.000000,ACCEPT,0.000000,1.000000,0.000000,0.000000,0.000000,
datasets\crop_disease\test\Healthy\test_002627.jpg,Healthy,1,0.999687,ACCEPT,0.000002,0.999687,0.000004,0.000307,0.000000,
datasets\crop_disease\test\Healthy\test_002628.jpg,Healthy,1,0.991187,ACCEPT,0.004765,0.991187,0.001453,0.002593,0.000002,
datasets\crop_disease\test\Healthy\test_002629.jpg,Healthy,1,0.999835,ACCEPT,0.000050,0.999835,0.000005,0.000110,0.000000,
datasets\crop_disease\test\Healthy\test_002630.jpg,Healthy,1,1.000000,ACCEPT,0.000000,1.000000,0.000000,0.000000,0.000000,
datasets\crop_disease\test\Healthy\test_002631.jpg,Healthy,1,1.000000,ACCEPT,0.000000,1.000000,0.000000,0.000000,0.000000,
datasets\crop_disease\test\Healthy\test_002632.jpg,Healthy,1,0.996433,ACCEPT,0.000040,0.996433,0.003515,0.000013,0.000000,
datasets\crop_disease\test\Healthy\test_002633.jpg,Healthy,1,0.999968,ACCEPT,0.000032,0.999968,0.000001,0.000000,0.000000,
datasets\crop_disease\test\Healthy\test_002634.jpg,Healthy,1,0.999928,ACCEPT,0.000001,0.999928,0.000047,0.000025,0.000000,
datasets\crop_disease\test\Healthy\test_002635.jpg,Healthy,1,0.999999,ACCEPT,0.000000,0.999999,0.000000,0.000001,0.000000,
datasets\crop_disease\test\Healthy\test_002636.jpg,Healthy,1,0.999998,ACCEPT,0.000000,0.999998,0.000001,0.000000,0.000000,
datasets\crop_disease\test\Healthy\test_002637.jpg,Healthy,1,0.999983,ACCEPT,0.000001,0.999983,0.000001,0.000015,0.000000,
datasets\crop_disease\test\Healthy\test_002638.jpg,Healthy,1,0.999997,ACCEPT,0.000002,0.999997,0.000001,0.000000,0.000000,
datasets\crop_disease\test\Healthy\test_002639.jpg,Healthy,1,0.999769,ACCEPT,0.000003,0.999769,0.000092,0.000136,0.000000,
datasets\crop_disease\test\Healthy\test_002640.jpg,Healthy,1,0.999911,ACCEPT,0.000004,0.999911,0.000015,0.000070,0.000000,
datasets\crop_disease\test\Healthy\test_002641.jpg,Healthy,1,0.999993,ACCEPT,0.000001,0.999993,0.000000,0.000006,0.000000,
datasets\crop_disease\test\Healthy\test_002642.jpg,Healthy,1,0.999822,ACCEPT,0.000011,0.999822,0.000163,0.000004,0.000000,
datasets\crop_disease\test\Healthy\test_002643.jpg,Healthy,1,0.999993,ACCEPT,0.000005,0.999993,0.000001,0.000001,0.000000,
datasets\crop_disease\test\Healthy\test_002644.jpg,Healthy,1,0.999988,ACCEPT,0.000001,0.999988,0.000011,0.000001,0.000000,
datasets\crop_disease\test\Healthy\test_002645.jpg,Healthy,1,0.999956,ACCEPT,0.000001,0.999956,0.000043,0.000000,0.000000,
datasets\crop_disease\test\Healthy\test_002646.jpg,Healthy,1,0.999998,ACCEPT,0.000000,0.999998,0.000000,0.000002,0.000000,
datasets\crop_disease\test\Healthy\test_002647.jpg,Healthy,1,0.999998,ACCEPT,0.000000,0.999998,0.000001,0.000001,0.000000,
datasets\crop_disease\test\Healthy\test_002648.jpg,Healthy,1,0.999038,ACCEPT,0.000015,0.999038,0.000931,0.000016,0.000000,
datasets\crop_disease\test\Healthy\test_002649.jpg,Healthy,1,1.000000,ACCEPT,0.000001,1.000000,0.000000,0.000000,0.000000,
datasets\crop_disease\test\Healthy\test_002650.jpg,Healthy,1,0.999997,ACCEPT,0.000001,0.999997,0.000002,0.000000,0.000000,
datasets\crop_disease\test\Healthy\test_002651.jpg,Healthy,1,0.995721,ACCEPT,0.000398,0.995721,0.003225,0.000656,0.000000,
datasets\crop_disease\test\Healthy\test_002652.jpg,Healthy,1,0.999834,ACCEPT,0.000141,0.999834,0.000023,0.000003,0.000000,
datasets\crop_disease\test\Healthy\test_002653.jpg,Healthy,1,0.999977,ACCEPT,0.000002,0.999977,0.000001,0.000020,0.000000,
datasets\crop_disease\test\Healthy\test_002654.jpg,Healthy,1,0.999985,ACCEPT,0.000008,0.999985,0.000002,0.000005,0.000000,
datasets\crop_disease\test\Healthy\test_002655.jpg,Healthy,1,0.999921,ACCEPT,0.000001,0.999921,0.000077,0.000001,0.000000,
datasets\crop_disease\test\Healthy\test_002656.jpg,Healthy,1,0.999991,ACCEPT,0.000005,0.999991,0.000000,0.000003,0.000000,
datasets\crop_disease\test\Healthy\test_002657.jpg,Healthy,1,0.997675,ACCEPT,0.000018,0.997675,0.002108,0.000187,0.000012,
datasets\crop_disease\test\Healthy\test_002658.jpg,Healthy,1,0.999898,ACCEPT,0.000081,0.999898,0.000009,0.000011,0.000000,
datasets\crop_disease\test\Healthy\test_002659.jpg,Healthy,1,0.999996,ACCEPT,0.000001,0.999996,0.000000,0.000003,0.000000,
datasets\crop_disease\test\Healthy\test_002660.jpg,Healthy,1,0.999996,ACCEPT,0.000002,0.999996,0.000002,0.000000,0.000000,
datasets\crop_disease\test\Healthy\test_002661.jpg,Healthy,1,0.999965,ACCEPT,0.000003,0.999965,0.000005,0.000027,0.000000,
datasets\crop_disease\test\Healthy\test_002662.jpg,Healthy,1,0.999922,ACCEPT,0.000063,0.999922,0.000015,0.000000,0.000000,
datasets\crop_disease\test\Healthy\test_002663.jpg,Healthy,1,1.000000,ACCEPT,0.000000,1.000000,0.000000,0.000000,0.000000,
datasets\crop_disease\test\Healthy\test_002664.jpg,Healthy,1,0.999925,ACCEPT,0.000002,0.999925,0.000000,0.000074,0.000000,
datasets\crop_disease\test\Healthy\test_002665.jpg,Healthy,1,0.999952,ACCEPT,0.000010,0.999952,0.000030,0.000008,0.000000,
datasets\crop_disease\test\Healthy\test_002666.jpg,Healthy,1,1.000000,ACCEPT,0.000000,1.000000,0.000000,0.000000,0.000000,
datasets\crop_disease\test\Healthy\test_002667.jpg,Healthy,1,0.999999,ACCEPT,0.000000,0.999999,0.000000,0.000001,0.000000,
datasets\crop_disease\test\Healthy\test_002668.jpg,Healthy,1,0.999903,ACCEPT,0.000051,0.999903,0.000043,0.000002,0.000000,
datasets\crop_disease\test\Healthy\test_002669.jpg,Healthy,1,0.999978,ACCEPT,0.000001,0.999978,0.000021,0.000000,0.000000,
datasets\crop_disease\test\Healthy\test_002670.jpg,Healthy,1,0.999986,ACCEPT,0.000005,0.999986,0.000001,0.000008,0.000000,
datasets\crop_disease\test\Healthy\test_002671.jpg,Healthy,1,0.999999,ACCEPT,0.000000,0.999999,0.000000,0.000000,0.000000,
datasets\crop_disease\test\Healthy\test_002672.jpg,Healthy,1,0.999802,ACCEPT,0.000050,0.999802,0.000040,0.000107,0.000000,
datasets\crop_disease\test\Healthy\test_002673.jpg,Healthy,1,0.999977,ACCEPT,0.000000,0.999977,0.000000,0.000023,0.000000,
datasets\crop_disease\test\Healthy\test_002674.jpg,Healthy,1,0.999996,ACCEPT,0.000003,0.999996,0.000001,0.000000,0.000000,
datasets\crop_disease\test\Healthy\test_002675.jpg,Healthy,1,0.633152,NEEDS-REVIEW,0.001881,0.633152,0.364173,0.000775,0.000019,
datasets\crop_disease\test\Healthy\test_002676.jpg,Healthy,1,0.998656,ACCEPT,0.000554,0.998656,0.000031,0.000758,0.000000,
datasets\crop_disease\test\Healthy\test_002677.jpg,Healthy,1,0.999998,ACCEPT,0.000000,0.999998,0.000002,0.000000,0.000000,
datasets\crop_disease\test\Healthy\test_002678.jpg,Healthy,1,1.000000,ACCEPT,0.000000,1.000000,0.000000,0.000000,0.000000,
datasets\crop_disease\test\Healthy\test_002679.jpg,Healthy,1,0.984687,ACCEPT,0.000003,0.984687,0.015079,0.000231,0.000000,
datasets\crop_disease\test\Healthy\test_002680.jpg,Healthy,1,0.999990,ACCEPT,0.000004,0.999990,0.000000,0.000006,0.000000,
datasets\crop_disease\test\Healthy\test_002681.jpg,Healthy,1,0.999999,ACCEPT,0.000000,0.999999,0.000000,0.000001,0.000000,
datasets\crop_disease\test\Healthy\test_002682.jpg,Healthy,1,0.999610,ACCEPT,0.000018,0.999610,0.000043,0.000329,0.000000,
datasets\crop_disease\test\Healthy\test_002683.jpg,Healthy,1,0.999840,ACCEPT,0.000002,0.999840,0.000144,0.000014,0.000000,
datasets\crop_disease\test\Healthy\test_002684.jpg,Healthy,1,0.999992,ACCEPT,0.000000,0.999992,0.000001,0.000007,0.000000,
datasets\crop_disease\test\Healthy\test_002685.jpg,Healthy,1,0.997514,ACCEPT,0.000025,0.997514,0.002360,0.000101,0.000000,
datasets\crop_disease\test\Healthy\test_002686.jpg,Healthy,1,0.999999,ACCEPT,0.000000,0.999999,0.000001,0.000000,0.000000,
datasets\crop_disease\test\Healthy\test_002687.jpg,Healthy,1,1.000000,ACCEPT,0.000000,1.000000,0.000000,0.000000,0.000000,
datasets\crop_disease\test\Healthy\test_002688.jpg,LeafSpot,2,0.865642,ACCEPT,0.003663,0.124784,0.865642,0.005813,0.000098,
datasets\crop_disease\test\Healthy\test_002689.jpg,Healthy,1,0.999931,ACCEPT,0.000005,0.999931,0.000054,0.000011,0.000000,
datasets\crop_disease\test\Healthy\test_002690.jpg,Healthy,1,0.999474,ACCEPT,0.000302,0.999474,0.000135,0.000089,0.000000,
datasets\crop_disease\test\Healthy\test_002691.jpg,Healthy,1,0.999979,ACCEPT,0.000008,0.999979,0.000012,0.000001,0.000000,
datasets\crop_disease\test\Healthy\test_002692.jpg,Healthy,1,0.999983,ACCEPT,0.000001,0.999983,0.000013,0.000003,0.000000,
datasets\crop_disease\test\Healthy\test_002693.jpg,Healthy,1,1.000000,ACCEPT,0.000000,1.000000,0.000000,0.000000,0.000000,
datasets\crop_disease\test\Healthy\test_002694.jpg,Healthy,1,0.999998,ACCEPT,0.000001,0.999998,0.000000,0.000002,0.000000,
datasets\crop_disease\test\Healthy\test_002695.jpg,Healthy,1,0.999992,ACCEPT,0.000000,0.999992,0.000000,0.000008,0.000000,
datasets\crop_disease\test\Healthy\test_002696.jpg,Healthy,1,1.000000,ACCEPT,0.000000,1.000000,0.000000,0.000000,0.000000,
datasets\crop_disease\test\Healthy\test_002697.jpg,Healthy,1,0.999968,ACCEPT,0.000000,0.999968,0.000000,0.000031,0.000000,
datasets\crop_disease\test\Healthy\test_002698.jpg,Healthy,1,0.999967,ACCEPT,0.000000,0.999967,0.000007,0.000026,0.000000,
datasets\crop_disease\test\Healthy\test_002699.jpg,Healthy,1,0.999986,ACCEPT,0.000000,0.999986,0.000001,0.000013,0.000000,
datasets\crop_disease\test\Healthy\test_002700.jpg,Healthy,1,1.000000,ACCEPT,0.000000,1.000000,0.000000,0.000000,0.000000,
datasets\crop_disease\test\Healthy\test_002701.jpg,Healthy,1,0.999997,ACCEPT,0.000000,0.999997,0.000003,0.000000,0.000000,
datasets\crop_disease\test\Healthy\test_002702.jpg,Healthy,1,0.999907,ACCEPT,0.000001,0.999907,0.000057,0.000036,0.000000,
datasets\crop_disease\test\Healthy\test_002703.jpg,Healthy,1,1.000000,ACCEPT,0.000000,1.000000,0.000000,0.000000,0.000000,
datasets\crop_disease\test\Healthy\test_002704.jpg,Healthy,1,0.999923,ACCEPT,0.000001,0.999923,0.000026,0.000051,0.000000,
datasets\crop_disease\test\Healthy\test_002705.jpg,Healthy,1,0.999941,ACCEPT,0.000001,0.999941,0.000058,0.000001,0.000000,
datasets\crop_disease\test\Healthy\test_002706.jpg,Healthy,1,0.999946,ACCEPT,0.000002,0.999946,0.000008,0.000044,0.000000,
datasets\crop_disease\test\Healthy\test_002707.jpg,Healthy,1,1.000000,ACCEPT,0.000000,1.000000,0.000000,0.000000,0.000000,
datasets\crop_disease\test\Healthy\test_002708.jpg,Healthy,1,0.999999,ACCEPT,0.000000,0.999999,0.000000,0.000001,0.000000,
datasets\crop_disease\test\Healthy\test_002709.jpg,Healthy,1,0.999998,ACCEPT,0.000001,0.999998,0.000000,0.000001,0.000000,
datasets\crop_disease\test\Healthy\test_002710.jpg,Healthy,1,0.999994,ACCEPT,0.000001,0.999994,0.000005,0.000001,0.000000,
datasets\crop_disease\test\Healthy\test_002711.jpg,Healthy,1,0.999989,ACCEPT,0.000011,0.999989,0.000000,0.000000,0.000000,
datasets\crop_disease\test\Healthy\test_002712.jpg,Healthy,1,0.999992,ACCEPT,0.000007,0.999992,0.000001,0.000000,0.000000,
datasets\crop_disease\test\Healthy\test_002713.jpg,Healthy,1,0.990638,ACCEPT,0.001792,0.990638,0.007481,0.000089,0.000000,
datasets\crop_disease\test\Healthy\test_002714.jpg,Healthy,1,0.999894,ACCEPT,0.000104,0.999894,0.000001,0.000001,0.000000,
datasets\crop_disease\test\Healthy\test_002715.jpg,Healthy,1,0.998899,ACCEPT,0.001038,0.998899,0.000058,0.000004,0.000000,
datasets\crop_disease\test\Healthy\test_002716.jpg,Healthy,1,0.999949,ACCEPT,0.000046,0.999949,0.000004,0.000001,0.000000,
datasets\crop_disease\test\Healthy\test_002717.jpg,Healthy,1,0.999949,ACCEPT,0.000001,0.999949,0.000049,0.000001,0.000000,
datasets\crop_disease\test\Healthy\test_002718.jpg,Healthy,1,0.999873,ACCEPT,0.000008,0.999873,0.000015,0.000104,0.000000,
datasets\crop_disease\test\Healthy\test_002719.jpg,Healthy,1,0.999954,ACCEPT,0.000008,0.999954,0.000002,0.000036,0.000000,
datasets\crop_disease\test\Healthy\test_002720.jpg,Healthy,1,0.999148,ACCEPT,0.000066,0.999148,0.000784,0.000001,0.000000,
datasets\crop_disease\test\Healthy\test_002721.jpg,Healthy,1,0.999659,ACCEPT,0.000001,0.999659,0.000000,0.000340,0.000000,
datasets\crop_disease\test\Healthy\test_002722.jpg,Healthy,1,0.999996,ACCEPT,0.000002,0.999996,0.000001,0.000000,0.000000,
datasets\crop_disease\test\Healthy\test_002723.jpg,Healthy,1,0.996166,ACCEPT,0.003379,0.996166,0.000208,0.000246,0.000000,
datasets\crop_disease\test\Healthy\test_002724.jpg,Healthy,1,0.999998,ACCEPT,0.000001,0.999998,0.000000,0.000000,0.000000,
datasets\crop_disease\test\Healthy\test_002725.jpg,Healthy,1,0.999998,ACCEPT,0.000001,0.999998,0.000000,0.000001,0.000000,
datasets\crop_disease\test\Healthy\test_002726.jpg,Healthy,1,0.999768,ACCEPT,0.000232,0.999768,0.000001,0.000000,0.000000,
datasets\crop_disease\test\Healthy\test_002727.jpg,Healthy,1,0.999960,ACCEPT,0.000033,0.999960,0.000008,0.000000,0.000000,
datasets\crop_disease\test\Healthy\test_002728.jpg,Healthy,1,0.999957,ACCEPT,0.000004,0.999957,0.000027,0.000011,0.000000,
datasets\crop_disease\test\Healthy\test_002729.jpg,Healthy,1,0.999843,ACCEPT,0.000155,0.999843,0.000000,0.000001,0.000000,
datasets\crop_disease\test\Healthy\test_002730.jpg,Healthy,1,0.999974,ACCEPT,0.000012,0.999974,0.000014,0.000000,0.000000,
datasets\crop_disease\test\Healthy\test_002731.jpg,Healthy,1,0.999612,ACCEPT,0.000164,0.999612,0.000220,0.000003,0.000002,
datasets\crop_disease\test\Healthy\test_002732.jpg,Healthy,1,0.999969,ACCEPT,0.000011,0.999969,0.000020,0.000000,0.000000,
datasets\crop_disease\test\Healthy\test_002733.jpg,Healthy,1,0.999740,ACCEPT,0.000260,0.999740,0.000000,0.000000,0.000000,
datasets\crop_disease\test\Healthy\test_002734.jpg,Healthy,1,0.998208,ACCEPT,0.000310,0.998208,0.001478,0.000004,0.000001,
datasets\crop_disease\test\Healthy\test_002735.jpg,Healthy,1,0.999999,ACCEPT,0.000000,0.999999,0.000000,0.000000,0.000000,
datasets\crop_disease\test\Healthy\test_002736.jpg,Healthy,1,0.995718,ACCEPT,0.001456,0.995718,0.002794,0.000032,0.000000,
datasets\crop_disease\test\Healthy\test_002737.jpg,Healthy,1,0.999990,ACCEPT,0.000009,0.999990,0.000000,0.000000,0.000000,
datasets\crop_disease\test\Healthy\test_002738.jpg,Healthy,1,0.734415,ACCEPT,0.265038,0.734415,0.000544,0.000003,0.000001,
datasets\crop_disease\test\Healthy\test_002739.jpg,Healthy,1,0.999929,ACCEPT,0.000037,0.999929,0.000034,0.000000,0.000000,
datasets\crop_disease\test\Healthy\test_002740.jpg,Healthy,1,0.999978,ACCEPT,0.000000,0.999978,0.000001,0.000020,0.000000,
datasets\crop_disease\test\Healthy\test_002741.jpg,Healthy,1,0.999978,ACCEPT,0.000018,0.999978,0.000000,0.000004,0.000000,
datasets\crop_disease\test\Healthy\test_002742.jpg,Healthy,1,0.999995,ACCEPT,0.000004,0.999995,0.000000,0.000001,0.000000,
datasets\crop_disease\test\Healthy\test_002743.jpg,Healthy,1,0.999813,ACCEPT,0.000186,0.999813,0.000000,0.000000,0.000000,
datasets\crop_disease\test\Healthy\test_002744.jpg,Healthy,1,0.999595,ACCEPT,0.000375,0.999595,0.000021,0.000009,0.000000,
datasets\crop_disease\test\Healthy\test_002745.jpg,Healthy,1,0.999987,ACCEPT,0.000008,0.999987,0.000005,0.000000,0.000000,
datasets\crop_disease\test\Healthy\test_002746.jpg,Healthy,1,0.999989,ACCEPT,0.000002,0.999989,0.000009,0.000000,0.000000,
datasets\crop_disease\test\Healthy\test_002747.jpg,Healthy,1,0.999957,ACCEPT,0.000035,0.999957,0.000008,0.000001,0.000000,
datasets\crop_disease\test\Healthy\test_002748.jpg,Healthy,1,0.999991,ACCEPT,0.000003,0.999991,0.000000,0.000006,0.000000,
datasets\crop_disease\test\Healthy\test_002749.jpg,Healthy,1,0.999703,ACCEPT,0.000090,0.999703,0.000204,0.000003,0.000000,
datasets\crop_disease\test\Healthy\test_002750.jpg,Healthy,1,0.999908,ACCEPT,0.000074,0.999908,0.000001,0.000017,0.000000,
datasets\crop_disease\test\Healthy\test_002751.jpg,Healthy,1,0.999793,ACCEPT,0.000009,0.999793,0.000195,0.000004,0.000000,
datasets\crop_disease\test\Healthy\test_002752.jpg,Healthy,1,0.999358,ACCEPT,0.000585,0.999358,0.000025,0.000032,0.000000,
datasets\crop_disease\test\Healthy\test_002753.jpg,Healthy,1,0.999972,ACCEPT,0.000027,0.999972,0.000001,0.000000,0.000000,
datasets\crop_disease\test\Healthy\test_002754.jpg,Healthy,1,0.999930,ACCEPT,0.000066,0.999930,0.000004,0.000000,0.000000,
datasets\crop_disease\test\Healthy\test_002755.jpg,Healthy,1,0.999912,ACCEPT,0.000058,0.999912,0.000030,0.000000,0.000000,
datasets\crop_disease\test\Healthy\test_002756.jpg,Healthy,1,0.999915,ACCEPT,0.000019,0.999915,0.000016,0.000048,0.000000,
datasets\crop_disease\test\Healthy\test_002757.jpg,Healthy,1,0.999967,ACCEPT,0.000032,0.999967,0.000000,0.000000,0.000000,
datasets\crop_disease\test\Healthy\test_002758.jpg,Healthy,1,0.999655,ACCEPT,0.000241,0.999655,0.000103,0.000001,0.000000,
datasets\crop_disease\test\Healthy\test_002759.jpg,Healthy,1,0.999886,ACCEPT,0.000014,0.999886,0.000012,0.000089,0.000000,
datasets\crop_disease\test\Healthy\test_002760.jpg,Healthy,1,0.998744,ACCEPT,0.001166,0.998744,0.000006,0.000084,0.000000,
datasets\crop_disease\test\Healthy\test_002761.jpg,Healthy,1,0.999946,ACCEPT,0.000054,0.999946,0.000000,0.000000,0.000000,
datasets\crop_disease\test\Healthy\test_002762.jpg,Healthy,1,0.996670,ACCEPT,0.001906,0.996670,0.001166,0.000254,0.000003,
datasets\crop_disease\test\Healthy\test_002763.jpg,Healthy,1,0.999989,ACCEPT,0.000000,0.999989,0.000000,0.000010,0.000000,
datasets\crop_disease\test\Healthy\test_002764.jpg,Healthy,1,0.999587,ACCEPT,0.000412,0.999587,0.000002,0.000000,0.000000,
datasets\crop_disease\test\Healthy\test_002765.jpg,Healthy,1,0.999981,ACCEPT,0.000006,0.999981,0.000007,0.000006,0.000000,
datasets\crop_disease\test\Healthy\test_002766.jpg,Healthy,1,0.999997,ACCEPT,0.000002,0.999997,0.000000,0.000000,0.000000,
datasets\crop_disease\test\Healthy\test_002767.jpg,Healthy,1,0.999962,ACCEPT,0.000008,0.999962,0.000030,0.000000,0.000000,
datasets\crop_disease\test\Healthy\test_002768.jpg,Healthy,1,0.999977,ACCEPT,0.000023,0.999977,0.000000,0.000000,0.000000,
datasets\crop_disease\test\Healthy\test_002769.jpg,Healthy,1,0.998923,ACCEPT,0.000616,0.998923,0.000118,0.000341,0.000002,
datasets\crop_disease\test\Healthy\test_002770.jpg,Healthy,1,0.999994,ACCEPT,0.000002,0.999994,0.000003,0.000002,0.000000,
datasets\crop_disease\test\Healthy\test_002771.jpg,Healthy,1,0.999988,ACCEPT,0.000000,0.999988,0.000001,0.000011,0.000000,
datasets\crop_disease\test\Healthy\test_002772.jpg,Healthy,1,0.999739,ACCEPT,0.000073,0.999739,0.000188,0.000001,0.000000,
datasets\crop_disease\test\Healthy\test_002773.jpg,Healthy,1,0.999355,ACCEPT,0.000644,0.999355,0.000000,0.000001,0.000000,
datasets\crop_disease\test\Healthy\test_002774.jpg,Healthy,1,0.999799,ACCEPT,0.000188,0.999799,0.000007,0.000006,0.000000,
datasets\crop_disease\test\Healthy\test_002775.jpg,Healthy,1,0.999961,ACCEPT,0.000008,0.999961,0.000024,0.000006,0.000000,
datasets\crop_disease\test\Healthy\test_002776.jpg,Healthy,1,0.999963,ACCEPT,0.000036,0.999963,0.000001,0.000000,0.000000,
datasets\crop_disease\test\Healthy\test_002777.jpg,Healthy,1,0.999953,ACCEPT,0.000044,0.999953,0.000000,0.000002,0.000000,
datasets\crop_disease\test\Healthy\test_002778.jpg,Healthy,1,0.999998,ACCEPT,0.000001,0.999998,0.000001,0.000000,0.000000,
datasets\crop_disease\test\Healthy\test_002779.jpg,Healthy,1,0.999933,ACCEPT,0.000067,0.999933,0.000000,0.000000,0.000000,
datasets\crop_disease\test\Healthy\test_002780.jpg,Healthy,1,0.999993,ACCEPT,0.000003,0.999993,0.000002,0.000002,0.000000,
datasets\crop_disease\test\Healthy\test_002781.jpg,Healthy,1,0.997629,ACCEPT,0.000092,0.997629,0.002274,0.000005,0.000000,
datasets\crop_disease\test\Healthy\test_002782.jpg,Healthy,1,0.999972,ACCEPT,0.000026,0.999972,0.000000,0.000002,0.000000,
datasets\crop_disease\test\Healthy\test_002783.jpg,Healthy,1,0.999867,ACCEPT,0.000059,0.999867,0.000073,0.000000,0.000000,
datasets\crop_disease\test\Healthy\test_002784.jpg,Healthy,1,0.999924,ACCEPT,0.000075,0.999924,0.000001,0.000000,0.000000,
datasets\crop_disease\test\Healthy\test_002785.jpg,Healthy,1,0.999158,ACCEPT,0.000352,0.999158,0.000258,0.000228,0.000004,
datasets\crop_disease\test\Healthy\test_002786.jpg,Healthy,1,0.999982,ACCEPT,0.000018,0.999982,0.000000,0.000000,0.000000,
datasets\crop_disease\test\Healthy\test_002787.jpg,Healthy,1,0.998437,ACCEPT,0.000004,0.998437,0.000007,0.001552,0.000000,
datasets\crop_disease\test\Healthy\test_002788.jpg,Healthy,1,0.999994,ACCEPT,0.000003,0.999994,0.000000,0.000003,0.000000,
datasets\crop_disease\test\Healthy\test_002789.jpg,Healthy,1,0.999887,ACCEPT,0.000008,0.999887,0.000004,0.000100,0.000000,
datasets\crop_disease\test\Healthy\test_002790.jpg,Healthy,1,0.999626,ACCEPT,0.000258,0.999626,0.000027,0.000088,0.000000,
datasets\crop_disease\test\Healthy\test_002791.jpg,Healthy,1,0.999998,ACCEPT,0.000001,0.999998,0.000000,0.000001,0.000000,
datasets\crop_disease\test\Healthy\test_002792.jpg,Healthy,1,0.999961,ACCEPT,0.000038,0.999961,0.000000,0.000000,0.000000,
datasets\crop_disease\test\Healthy\test_002793.jpg,Healthy,1,0.998869,ACCEPT,0.000303,0.998869,0.000636,0.000190,0.000002,
datasets\crop_disease\test\Healthy\test_002794.jpg,Healthy,1,0.999988,ACCEPT,0.000008,0.999988,0.000004,0.000000,0.000000,
datasets\crop_disease\test\Healthy\test_002795.jpg,Healthy,1,0.999988,ACCEPT,0.000009,0.999988,0.000003,0.000000,0.000000,
datasets\crop_disease\test\Healthy\test_002796.jpg,Healthy,1,0.999433,ACCEPT,0.000494,0.999433,0.000066,0.000007,0.000000,
datasets\crop_disease\test\Healthy\test_002797.jpg,Healthy,1,0.999815,ACCEPT,0.000044,0.999815,0.000136,0.000003,0.000001,
datasets\crop_disease\test\Healthy\test_002798.jpg,Healthy,1,0.978866,ACCEPT,0.014701,0.978866,0.006421,0.000007,0.000005,
datasets\crop_disease\test\Healthy\test_002799.jpg,Healthy,1,0.999663,ACCEPT,0.000333,0.999663,0.000002,0.000002,0.000000,
datasets\crop_disease\test\Healthy\test_002800.jpg,Healthy,1,0.999807,ACCEPT,0.000177,0.999807,0.000015,0.000000,0.000000,
datasets\crop_disease\test\Healthy\test_002801.jpg,Healthy,1,0.999812,ACCEPT,0.000033,0.999812,0.000154,0.000001,0.000000,
datasets\crop_disease\test\Healthy\test_002802.jpg,Healthy,1,0.999039,ACCEPT,0.000007,0.999039,0.000883,0.000067,0.000004,
datasets\crop_disease\test\Healthy\test_002803.jpg,Healthy,1,0.999935,ACCEPT,0.000065,0.999935,0.000000,0.000001,0.000000,
datasets\crop_disease\test\Healthy\test_002804.jpg,Healthy,1,0.999735,ACCEPT,0.000010,0.999735,0.000255,0.000000,0.000000,
datasets\crop_disease\test\Healthy\test_002805.jpg,Healthy,1,0.999998,ACCEPT,0.000001,0.999998,0.000000,0.000001,0.000000,
datasets\crop_disease\test\Healthy\test_002806.jpg,Healthy,1,0.999975,ACCEPT,0.000013,0.999975,0.000012,0.000000,0.000000,
datasets\crop_disease\test\Healthy\test_002807.jpg,Healthy,1,0.717979,ACCEPT,0.220361,0.717979,0.060302,0.000124,0.001233,
datasets\crop_disease\test\Healthy\test_002808.jpg,Healthy,1,0.999803,ACCEPT,0.000184,0.999803,0.000013,0.000000,0.000000,
datasets\crop_disease\test\Healthy\test_002809.jpg,Healthy,1,0.999967,ACCEPT,0.000032,0.999967,0.000001,0.000001,0.000000,
datasets\crop_disease\test\Healthy\test_002810.jpg,Healthy,1,0.999950,ACCEPT,0.000034,0.999950,0.000002,0.000014,0.000000,
datasets\crop_disease\test\Healthy\test_002811.jpg,Healthy,1,0.999971,ACCEPT,0.000015,0.999971,0.000002,0.000013,0.000000,
datasets\crop_disease\test\Healthy\test_002812.jpg,Healthy,1,0.995925,ACCEPT,0.003789,0.995925,0.000158,0.000127,0.000002,
datasets\crop_disease\test\Healthy\test_002813.jpg,Healthy,1,0.999995,ACCEPT,0.000005,0.999995,0.000000,0.000000,0.000000,
datasets\crop_disease\test\Healthy\test_002814.jpg,Healthy,1,0.999999,ACCEPT,0.000000,0.999999,0.000000,0.000000,0.000000,
datasets\crop_disease\test\Healthy\test_002815.jpg,Healthy,1,0.999957,ACCEPT,0.000040,0.999957,0.000003,0.000001,0.000000,
datasets\crop_disease\test\Healthy\test_002816.jpg,Healthy,1,0.999993,ACCEPT,0.000001,0.999993,0.000005,0.000001,0.000000,
datasets\crop_disease\test\Healthy\test_002817.jpg,Healthy,1,0.999772,ACCEPT,0.000014,0.999772,0.000158,0.000056,0.000000,
datasets\crop_disease\test\Healthy\test_002818.jpg,Healthy,1,0.999989,ACCEPT,0.000004,0.999989,0.000001,0.000005,0.000000,
datasets\crop_disease\test\Healthy\test_002819.jpg,Healthy,1,0.979759,ACCEPT,0.020241,0.979759,0.000000,0.000000,0.000000,
datasets\crop_disease\test\Healthy\test_002820.jpg,Healthy,1,1.000000,ACCEPT,0.000000,1.000000,0.000000,0.000000,0.000000,
datasets\crop_disease\test\Healthy\test_002821.jpg,Healthy,1,0.997449,ACCEPT,0.000146,0.997449,0.002399,0.000006,0.000000,
datasets\crop_disease\test\Healthy\test_002822.jpg,Healthy,1,0.999705,ACCEPT,0.000274,0.999705,0.000004,0.000016,0.000000,
datasets\crop_disease\test\Healthy\test_002823.jpg,Healthy,1,0.999905,ACCEPT,0.000023,0.999905,0.000067,0.000006,0.000000,
datasets\crop_disease\test\Healthy\test_002824.jpg,Healthy,1,0.999955,ACCEPT,0.000041,0.999955,0.000001,0.000003,0.000000,
datasets\crop_disease\test\Healthy\test_002825.jpg,Healthy,1,0.999999,ACCEPT,0.000001,0.999999,0.000000,0.000000,0.000000,
datasets\crop_disease\test\Healthy\test_002826.jpg,Healthy,1,0.999983,ACCEPT,0.000011,0.999983,0.000004,0.000002,0.000000,
datasets\crop_disease\test\Healthy\test_002827.jpg,Healthy,1,0.999976,ACCEPT,0.000007,0.999976,0.000001,0.000016,0.000000,
datasets\crop_disease\test\Healthy\test_002828.jpg,Healthy,1,0.999921,ACCEPT,0.000056,0.999921,0.000022,0.000001,0.000000,
datasets\crop_disease\test\Healthy\test_002829.jpg,Healthy,1,0.999998,ACCEPT,0.000002,0.999998,0.000000,0.000000,0.000000,
datasets\crop_disease\test\Healthy\test_002830.jpg,Healthy,1,0.999999,ACCEPT,0.000001,0.999999,0.000000,0.000000,0.000000,
datasets\crop_disease\test\Healthy\test_002831.jpg,Healthy,1,0.999942,ACCEPT,0.000058,0.999942,0.000000,0.000000,0.000000,
datasets\crop_disease\test\Healthy\test_002832.jpg,Healthy,1,0.999898,ACCEPT,0.000011,0.999898,0.000089,0.000001,0.000000,
datasets\crop_disease\test\Healthy\test_002833.jpg,Healthy,1,0.999905,ACCEPT,0.000090,0.999905,0.000002,0.000003,0.000000,
datasets\crop_disease\test\Healthy\test_002834.jpg,Healthy,1,0.999901,ACCEPT,0.000069,0.999901,0.000008,0.000022,0.000000,
datasets\crop_disease\test\Healthy\test_002835.jpg,Healthy,1,0.999765,ACCEPT,0.000228,0.999765,0.000006,0.000000,0.000000,
datasets\crop_disease\test\Healthy\test_002836.jpg,Healthy,1,0.999525,ACCEPT,0.000008,0.999525,0.000070,0.000397,0.000001,
datasets\crop_disease\test\Healthy\test_002837.jpg,Healthy,1,0.999958,ACCEPT,0.000037,0.999958,0.000001,0.000004,0.000000,
datasets\crop_disease\test\Healthy\test_002838.jpg,Healthy,1,0.999995,ACCEPT,0.000002,0.999995,0.000003,0.000000,0.000000,
datasets\crop_disease\test\Healthy\test_002839.jpg,Healthy,1,0.999993,ACCEPT,0.000003,0.999993,0.000002,0.000002,0.000000,
datasets\crop_disease\test\Healthy\test_002840.jpg,Healthy,1,0.999995,ACCEPT,0.000005,0.999995,0.000000,0.000000,0.000000,
datasets\crop_disease\test\Healthy\test_002841.jpg,Healthy,1,0.999448,ACCEPT,0.000421,0.999448,0.000114,0.000016,0.000000,
datasets\crop_disease\test\Healthy\test_002842.jpg,Healthy,1,0.870199,ACCEPT,0.000029,0.870199,0.128536,0.001234,0.000002,
datasets\crop_disease\test\Healthy\test_002843.jpg,Healthy,1,0.999987,ACCEPT,0.000009,0.999987,0.000001,0.000003,0.000000,
datasets\crop_disease\test\Healthy\test_002844.jpg,Healthy,1,0.999977,ACCEPT,0.000009,0.999977,0.000013,0.000001,0.000000,
datasets\crop_disease\test\Healthy\test_002845.jpg,Healthy,1,0.999994,ACCEPT,0.000005,0.999994,0.000000,0.000000,0.000000,
datasets\crop_disease\test\Healthy\test_002846.jpg,Healthy,1,0.999968,ACCEPT,0.000022,0.999968,0.000008,0.000002,0.000000,
datasets\crop_disease\test\Healthy\test_002847.jpg,Healthy,1,0.999986,ACCEPT,0.000014,0.999986,0.000001,0.000000,0.000000,
datasets\crop_disease\test\Healthy\test_002848.jpg,Healthy,1,0.999955,ACCEPT,0.000033,0.999955,0.000011,0.000001,0.000000,
datasets\crop_disease\test\Healthy\test_002849.jpg,Healthy,1,0.999918,ACCEPT,0.000031,0.999918,0.000051,0.000000,0.000000,
datasets\crop_disease\test\Healthy\test_002850.jpg,Healthy,1,0.999990,ACCEPT,0.000009,0.999990,0.000000,0.000001,0.000000,
datasets\crop_disease\test\Healthy\test_002851.jpg,Healthy,1,0.999791,ACCEPT,0.000200,0.999791,0.000004,0.000004,0.000000,
datasets\crop_disease\test\Healthy\test_002852.jpg,Healthy,1,0.999897,ACCEPT,0.000097,0.999897,0.000005,0.000001,0.000000,
datasets\crop_disease\test\Healthy\test_002853.jpg,Healthy,1,0.999950,ACCEPT,0.000049,0.999950,0.000000,0.000000,0.000000,
datasets\crop_disease\test\Healthy\test_002854.jpg,Healthy,1,0.995789,ACCEPT,0.003115,0.995789,0.001094,0.000002,0.000000,
datasets\crop_disease\test\Healthy\test_002855.jpg,Healthy,1,0.999996,ACCEPT,0.000004,0.999996,0.000000,0.000000,0.000000,
datasets\crop_disease\test\Healthy\test_002856.jpg,Healthy,1,0.999937,ACCEPT,0.000062,0.999937,0.000001,0.000000,0.000000,
datasets\crop_disease\test\Healthy\test_002857.jpg,Healthy,1,0.985645,ACCEPT,0.004157,0.985645,0.010194,0.000003,0.000000,
datasets\crop_disease\test\Healthy\test_002858.jpg,Healthy,1,0.999985,ACCEPT,0.000003,0.999985,0.000000,0.000012,0.000000,
datasets\crop_disease\test\Healthy\test_002859.jpg,Healthy,1,0.999986,ACCEPT,0.000004,0.999986,0.000009,0.000001,0.000000,
datasets\crop_disease\test\Healthy\test_002860.jpg,Healthy,1,0.999890,ACCEPT,0.000073,0.999890,0.000035,0.000003,0.000000,
datasets\crop_disease\test\Healthy\test_002861.jpg,Healthy,1,0.991972,ACCEPT,0.008025,0.991972,0.000003,0.000000,0.000000,
datasets\crop_disease\test\Healthy\test_002862.jpg,Healthy,1,0.999995,ACCEPT,0.000005,0.999995,0.000000,0.000000,0.000000,
datasets\crop_disease\test\Healthy\test_002863.jpg,Healthy,1,0.999905,ACCEPT,0.000094,0.999905,0.000001,0.000000,0.000000,
datasets\crop_disease\test\Healthy\test_002864.jpg,Healthy,1,0.999848,ACCEPT,0.000015,0.999848,0.000129,0.000007,0.000001,
datasets\crop_disease\test\Healthy\test_002865.jpg,Healthy,1,0.990016,ACCEPT,0.009666,0.990016,0.000285,0.000032,0.000001,
datasets\crop_disease\test\Healthy\test_002866.jpg,Healthy,1,0.999991,ACCEPT,0.000009,0.999991,0.000000,0.000000,0.000000,
datasets\crop_disease\test\Healthy\test_002867.jpg,Healthy,1,0.999963,ACCEPT,0.000036,0.999963,0.000000,0.000000,0.000000,
datasets\crop_disease\test\Healthy\test_002868.jpg,Healthy,1,0.999949,ACCEPT,0.000022,0.999949,0.000024,0.000005,0.000000,
datasets\crop_disease\test\Healthy\test_002869.jpg,Healthy,1,0.999821,ACCEPT,0.000179,0.999821,0.000001,0.000000,0.000000,
datasets\crop_disease\test\Healthy\test_002870.jpg,Healthy,1,0.999635,ACCEPT,0.000352,0.999635,0.000012,0.000000,0.000000,
datasets\crop_disease\test\Healthy\test_002871.jpg,Healthy,1,0.999886,ACCEPT,0.000113,0.999886,0.000001,0.000000,0.000000,
datasets\crop_disease\test\Healthy\test_002872.jpg,Healthy,1,0.962326,ACCEPT,0.037506,0.962326,0.000154,0.000007,0.000006,
datasets\crop_disease\test\Healthy\test_002873.jpg,Healthy,1,0.999934,ACCEPT,0.000065,0.999934,0.000000,0.000001,0.000000,
datasets\crop_disease\test\Healthy\test_002874.jpg,Healthy,1,0.999993,ACCEPT,0.000003,0.999993,0.000003,0.000002,0.000000,
datasets\crop_disease\test\Healthy\test_002875.jpg,Healthy,1,0.996842,ACCEPT,0.002746,0.996842,0.000408,0.000003,0.000001,
datasets\crop_disease\test\Healthy\test_002876.jpg,Healthy,1,0.996467,ACCEPT,0.003525,0.996467,0.000007,0.000001,0.000000,
datasets\crop_disease\test\Healthy\test_002877.jpg,Healthy,1,0.999971,ACCEPT,0.000028,0.999971,0.000001,0.000000,0.000000,
datasets\crop_disease\test\Healthy\test_002878.jpg,Healthy,1,0.999999,ACCEPT,0.000000,0.999999,0.000000,0.000000,0.000000,
datasets\crop_disease\test\Healthy\test_002879.jpg,Healthy,1,0.999995,ACCEPT,0.000004,0.999995,0.000000,0.000000,0.000000,
datasets\crop_disease\test\Healthy\test_002880.jpg,Healthy,1,1.000000,ACCEPT,0.000000,1.000000,0.000000,0.000000,0.000000,
datasets\crop_disease\test\Healthy\test_002881.jpg,Healthy,1,0.999938,ACCEPT,0.000061,0.999938,0.000001,0.000000,0.000000,
datasets\crop_disease\test\Healthy\test_002882.jpg,Healthy,1,0.999931,ACCEPT,0.000063,0.999931,0.000001,0.000006,0.000000,
datasets\crop_disease\test\Healthy\test_002883.jpg,Healthy,1,0.999711,ACCEPT,0.000095,0.999711,0.000188,0.000006,0.000000,
datasets\crop_disease\test\Healthy\test_002884.jpg,Healthy,1,0.999540,ACCEPT,0.000390,0.999540,0.000068,0.000001,0.000000,
datasets\crop_disease\test\Healthy\test_002885.jpg,Healthy,1,0.999994,ACCEPT,0.000006,0.999994,0.000000,0.000000,0.000000,
datasets\crop_disease\test\Healthy\test_002886.jpg,Healthy,1,0.999770,ACCEPT,0.000221,0.999770,0.000007,0.000002,0.000000,
datasets\crop_disease\test\Healthy\test_002887.jpg,Healthy,1,0.999741,ACCEPT,0.000234,0.999741,0.000006,0.000019,0.000000,
datasets\crop_disease\test\Healthy\test_002888.jpg,Healthy,1,0.995791,ACCEPT,0.004202,0.995791,0.000006,0.000000,0.000000,
datasets\crop_disease\test\Healthy\test_002889.jpg,Healthy,1,0.999514,ACCEPT,0.000470,0.999514,0.000014,0.000002,0.000000,
datasets\crop_disease\test\Healthy\test_002890.jpg,Healthy,1,0.999993,ACCEPT,0.000003,0.999993,0.000003,0.000000,0.000000,
datasets\crop_disease\test\Healthy\test_002891.jpg,Healthy,1,0.999999,ACCEPT,0.000001,0.999999,0.000000,0.000000,0.000000,
datasets\crop_disease\test\Healthy\test_002892.jpg,Healthy,1,0.999934,ACCEPT,0.000056,0.999934,0.000000,0.000010,0.000000,
datasets\crop_disease\test\Healthy\test_002893.jpg,Healthy,1,0.999864,ACCEPT,0.000136,0.999864,0.000000,0.000000,0.000000,
datasets\crop_disease\test\Healthy\test_002894.jpg,Healthy,1,0.999945,ACCEPT,0.000029,0.999945,0.000021,0.000005,0.000000,
datasets\crop_disease\test\Healthy\test_002895.jpg,Healthy,1,0.999884,ACCEPT,0.000064,0.999884,0.000036,0.000016,0.000000,
datasets\crop_disease\test\Healthy\test_002896.jpg,Healthy,1,0.999482,ACCEPT,0.000003,0.999482,0.000022,0.000493,0.000000,
datasets\crop_disease\test\Healthy\test_002897.jpg,Healthy,1,0.999459,ACCEPT,0.000368,0.999459,0.000169,0.000003,0.000000,
datasets\crop_disease\test\Healthy\test_002898.jpg,Healthy,1,0.998045,ACCEPT,0.000048,0.998045,0.001691,0.000213,0.000002,
datasets\crop_disease\test\Healthy\test_002899.jpg,Healthy,1,0.999986,ACCEPT,0.000006,0.999986,0.000007,0.000001,0.000000,
datasets\crop_disease\test\Healthy\test_002900.jpg,Healthy,1,0.999982,ACCEPT,0.000018,0.999982,0.000000,0.000000,0.000000,
datasets\crop_disease\test\Healthy\test_002901.jpg,Healthy,1,0.999966,ACCEPT,0.000007,0.999966,0.000026,0.000001,0.000000,
datasets\crop_disease\test\Healthy\test_002902.jpg,Healthy,1,0.999824,ACCEPT,0.000176,0.999824,0.000000,0.000000,0.000000,
datasets\crop_disease\test\Healthy\test_002903.jpg,Healthy,1,0.999998,ACCEPT,0.000002,0.999998,0.000000,0.000000,0.000000,
datasets\crop_disease\test\Healthy\test_002904.jpg,Healthy,1,0.997961,ACCEPT,0.000657,0.997961,0.001378,0.000003,0.000000,
datasets\crop_disease\test\Healthy\test_002905.jpg,Healthy,1,0.999824,ACCEPT,0.000172,0.999824,0.000001,0.000004,0.000000,
datasets\crop_disease\test\Healthy\test_002906.jpg,Healthy,1,0.999960,ACCEPT,0.000033,0.999960,0.000001,0.000007,0.000000,
datasets\crop_disease\test\Healthy\test_002907.jpg,Healthy,1,0.999993,ACCEPT,0.000004,0.999993,0.000002,0.000000,0.000000,
datasets\crop_disease\test\Healthy\test_002908.jpg,Blight,0,0.866946,ACCEPT,0.866946,0.132879,0.000175,0.000000,0.000000,
datasets\crop_disease\test\Healthy\test_002909.jpg,Healthy,1,0.999984,ACCEPT,0.000014,0.999984,0.000002,0.000001,0.000000,
datasets\crop_disease\test\Healthy\test_002910.jpg,Healthy,1,0.999999,ACCEPT,0.000000,0.999999,0.000000,0.000000,0.000000,
datasets\crop_disease\test\Healthy\test_002911.jpg,Healthy,1,0.999992,ACCEPT,0.000008,0.999992,0.000000,0.000000,0.000000,
datasets\crop_disease\test\Healthy\test_002912.jpg,Healthy,1,0.998990,ACCEPT,0.000022,0.998990,0.000985,0.000003,0.000001,
datasets\crop_disease\test\Healthy\test_002913.jpg,Healthy,1,0.999165,ACCEPT,0.000792,0.999165,0.000042,0.000000,0.000000,
datasets\crop_disease\test\Healthy\test_002914.jpg,Healthy,1,0.999834,ACCEPT,0.000001,0.999834,0.000158,0.000006,0.000000,
datasets\crop_disease\test\Healthy\test_002915.jpg,Healthy,1,0.999999,ACCEPT,0.000001,0.999999,0.000000,0.000000,0.000000,
datasets\crop_disease\test\Healthy\test_002916.jpg,Healthy,1,0.999988,ACCEPT,0.000008,0.999988,0.000003,0.000001,0.000000,
datasets\crop_disease\test\Healthy\test_002917.jpg,Healthy,1,0.999952,ACCEPT,0.000036,0.999952,0.000005,0.000007,0.000000,
datasets\crop_disease\test\Healthy\test_002918.jpg,Healthy,1,1.000000,ACCEPT,0.000000,1.000000,0.000000,0.000000,0.000000,
datasets\crop_disease\test\Healthy\test_002919.jpg,Healthy,1,0.999631,ACCEPT,0.000352,0.999631,0.000016,0.000001,0.000000,
datasets\crop_disease\test\Healthy\test_002920.jpg,Healthy,1,0.999984,ACCEPT,0.000010,0.999984,0.000005,0.000000,0.000000,
datasets\crop_disease\test\Healthy\test_002921.jpg,Healthy,1,0.999995,ACCEPT,0.000001,0.999995,0.000000,0.000004,0.000000,
datasets\crop_disease\test\Healthy\test_002922.jpg,Healthy,1,0.999948,ACCEPT,0.000049,0.999948,0.000003,0.000000,0.000000,
datasets\crop_disease\test\Healthy\test_002923.jpg,Healthy,1,0.999241,ACCEPT,0.000749,0.999241,0.000006,0.000004,0.000000,
datasets\crop_disease\test\Healthy\test_002924.jpg,Healthy,1,0.999989,ACCEPT,0.000005,0.999989,0.000000,0.000006,0.000000,
datasets\crop_disease\test\Healthy\test_002925.jpg,Healthy,1,0.999597,ACCEPT,0.000403,0.999597,0.000001,0.000000,0.000000,
datasets\crop_disease\test\Healthy\test_002926.jpg,Healthy,1,0.999943,ACCEPT,0.000054,0.999943,0.000001,0.000001,0.000000,
datasets\crop_disease\test\Healthy\test_002927.jpg,Healthy,1,0.999841,ACCEPT,0.000147,0.999841,0.000000,0.000012,0.000000,
datasets\crop_disease\test\Healthy\test_002928.jpg,Healthy,1,0.999741,ACCEPT,0.000029,0.999741,0.000230,0.000000,0.000000,
datasets\crop_disease\test\Healthy\test_002929.jpg,Healthy,1,0.998287,ACCEPT,0.001612,0.998287,0.000025,0.000075,0.000001,
datasets\crop_disease\test\Healthy\test_002930.jpg,Healthy,1,0.999858,ACCEPT,0.000103,0.999858,0.000029,0.000010,0.000000,
datasets\crop_disease\test\Healthy\test_002931.jpg,Healthy,1,0.999934,ACCEPT,0.000058,0.999934,0.000008,0.000001,0.000000,
datasets\crop_disease\test\Healthy\test_002932.jpg,Healthy,1,0.999896,ACCEPT,0.000090,0.999896,0.000014,0.000000,0.000000,
datasets\crop_disease\test\Healthy\test_002933.jpg,Healthy,1,0.999999,ACCEPT,0.000000,0.999999,0.000000,0.000001,0.000000,
datasets\crop_disease\test\Healthy\test_002934.jpg,Healthy,1,0.999998,ACCEPT,0.000002,0.999998,0.000000,0.000000,0.000000,
datasets\crop_disease\test\Healthy\test_002935.jpg,Healthy,1,0.999999,ACCEPT,0.000001,0.999999,0.000000,0.000000,0.000000,
datasets\crop_disease\test\Healthy\test_002936.jpg,Healthy,1,0.999992,ACCEPT,0.000003,0.999992,0.000001,0.000004,0.000000,
datasets\crop_disease\test\Healthy\test_002937.jpg,Healthy,1,0.999986,ACCEPT,0.000005,0.999986,0.000001,0.000007,0.000000,
datasets\crop_disease\test\Healthy\test_002938.jpg,Healthy,1,0.999951,ACCEPT,0.000046,0.999951,0.000003,0.000000,0.000000,
datasets\crop_disease\test\Healthy\test_002939.jpg,Healthy,1,0.999952,ACCEPT,0.000048,0.999952,0.000000,0.000000,0.000000,
datasets\crop_disease\test\Healthy\test_002940.jpg,Healthy,1,0.999979,ACCEPT,0.000003,0.999979,0.000006,0.000013,0.000000,
datasets\crop_disease\test\Healthy\test_002941.jpg,Healthy,1,0.999811,ACCEPT,0.000185,0.999811,0.000001,0.000004,0.000000,
datasets\crop_disease\test\Healthy\test_002942.jpg,Healthy,1,0.999907,ACCEPT,0.000090,0.999907,0.000001,0.000002,0.000000,
datasets\crop_disease\test\Healthy\test_002943.jpg,Healthy,1,0.999983,ACCEPT,0.000000,0.999983,0.000000,0.000017,0.000000,
datasets\crop_disease\test\Healthy\test_002944.jpg,Healthy,1,0.999483,ACCEPT,0.000406,0.999483,0.000110,0.000001,0.000000,
datasets\crop_disease\test\Healthy\test_002945.jpg,Healthy,1,0.996946,ACCEPT,0.002919,0.996946,0.000051,0.000084,0.000000,
datasets\crop_disease\test\Healthy\test_002946.jpg,Healthy,1,0.985451,ACCEPT,0.011004,0.985451,0.003423,0.000034,0.000087,
datasets\crop_disease\test\Healthy\test_002947.jpg,Healthy,1,0.999991,ACCEPT,0.000009,0.999991,0.000000,0.000001,0.000000,
datasets\crop_disease\test\Healthy\test_002948.jpg,Healthy,1,0.999968,ACCEPT,0.000011,0.999968,0.000020,0.000001,0.000000,
datasets\crop_disease\test\Healthy\test_002949.jpg,Healthy,1,0.994258,ACCEPT,0.005701,0.994258,0.000037,0.000004,0.000000,
datasets\crop_disease\test\Healthy\test_002950.jpg,Healthy,1,0.999382,ACCEPT,0.000008,0.999382,0.000048,0.000562,0.000000,
datasets\crop_disease\test\Healthy\test_002951.jpg,Healthy,1,0.995037,ACCEPT,0.000302,0.995037,0.000012,0.004650,0.000000,
datasets\crop_disease\test\Healthy\test_002952.jpg,Healthy,1,0.999256,ACCEPT,0.000179,0.999256,0.000290,0.000275,0.000000,
datasets\crop_disease\test\Healthy\test_002953.jpg,Healthy,1,0.999985,ACCEPT,0.000014,0.999985,0.000000,0.000000,0.000000,
datasets\crop_disease\test\Healthy\test_002954.jpg,Healthy,1,0.999943,ACCEPT,0.000047,0.999943,0.000010,0.000000,0.000000,
datasets\crop_disease\test\Healthy\test_002955.jpg,Healthy,1,0.999990,ACCEPT,0.000005,0.999990,0.000003,0.000001,0.000000,
datasets\crop_disease\test\Healthy\test_002956.jpg,Healthy,1,0.999742,ACCEPT,0.000246,0.999742,0.000013,0.000000,0.000000,
datasets\crop_disease\test\Healthy\test_002957.jpg,Healthy,1,0.996049,ACCEPT,0.003871,0.996049,0.000079,0.000000,0.000000,
datasets\crop_disease\test\Healthy\test_002958.jpg,Healthy,1,0.999984,ACCEPT,0.000014,0.999984,0.000002,0.000001,0.000000,
datasets\crop_disease\test\Healthy\test_002959.jpg,Healthy,1,0.999977,ACCEPT,0.000021,0.999977,0.000002,0.000000,0.000000,
datasets\crop_disease\test\Healthy\test_002960.jpg,Healthy,1,0.999973,ACCEPT,0.000019,0.999973,0.000000,0.000008,0.000000,
datasets\crop_disease\test\Healthy\test_002961.jpg,Healthy,1,0.999823,ACCEPT,0.000097,0.999823,0.000076,0.000002,0.000001,
datasets\crop_disease\test\Healthy\test_002962.jpg,Healthy,1,0.999999,ACCEPT,0.000001,0.999999,0.000000,0.000000,0.000000,
datasets\crop_disease\test\Healthy\test_002963.jpg,Healthy,1,0.956458,ACCEPT,0.010630,0.956458,0.031939,0.000970,0.000003,
datasets\crop_disease\test\Healthy\test_002964.jpg,Healthy,1,0.999998,ACCEPT,0.000002,0.999998,0.000000,0.000000,0.000000,
datasets\crop_disease\test\Healthy\test_002965.jpg,Healthy,1,0.999992,ACCEPT,0.000003,0.999992,0.000003,0.000002,0.000000,
datasets\crop_disease\test\Healthy\test_002966.jpg,Healthy,1,0.999704,ACCEPT,0.000001,0.999704,0.000002,0.000292,0.000000,
datasets\crop_disease\test\Healthy\test_002967.jpg,Healthy,1,0.999663,ACCEPT,0.000150,0.999663,0.000175,0.000011,0.000001,
datasets\crop_disease\test\Healthy\test_002968.jpg,Healthy,1,0.999874,ACCEPT,0.000008,0.999874,0.000118,0.000000,0.000000,
datasets\crop_disease\test\Healthy\test_002969.jpg,Healthy,1,1.000000,ACCEPT,0.000000,1.000000,0.000000,0.000000,0.000000,
datasets\crop_disease\test\Healthy\test_002970.jpg,Healthy,1,0.999733,ACCEPT,0.000023,0.999733,0.000242,0.000002,0.000000,
datasets\crop_disease\test\Healthy\test_002971.jpg,Healthy,1,0.999925,ACCEPT,0.000006,0.999925,0.000064,0.000006,0.000000,
datasets\crop_disease\test\Healthy\test_002972.jpg,Healthy,1,0.999925,ACCEPT,0.000044,0.999925,0.000022,0.000009,0.000000,
datasets\crop_disease\test\Healthy\test_002973.jpg,Healthy,1,0.998861,ACCEPT,0.001139,0.998861,0.000000,0.000000,0.000000,
datasets\crop_disease\test\Healthy\test_002974.jpg,Healthy,1,0.994202,ACCEPT,0.000239,0.994202,0.005537,0.000022,0.000000,
datasets\crop_disease\test\Healthy\test_002975.jpg,Healthy,1,0.999993,ACCEPT,0.000007,0.999993,0.000000,0.000000,0.000000,
datasets\crop_disease\test\Healthy\test_002976.jpg,Healthy,1,0.997381,ACCEPT,0.002466,0.997381,0.000150,0.000003,0.000000,
datasets\crop_disease\test\Healthy\test_002977.jpg,Healthy,1,0.999978,ACCEPT,0.000000,0.999978,0.000021,0.000000,0.000000,
datasets\crop_disease\test\Healthy\test_002978.jpg,Healthy,1,0.999750,ACCEPT,0.000249,0.999750,0.000000,0.000001,0.000000,
datasets\crop_disease\test\Healthy\test_002979.jpg,Healthy,1,0.999993,ACCEPT,0.000005,0.999993,0.000002,0.000001,0.000000,
datasets\crop_disease\test\Healthy\test_002980.jpg,Healthy,1,0.999855,ACCEPT,0.000117,0.999855,0.000028,0.000000,0.000000,
datasets\crop_disease\test\Healthy\test_002981.jpg,Healthy,1,0.999998,ACCEPT,0.000000,0.999998,0.000000,0.000002,0.000000,
datasets\crop_disease\test\Healthy\test_002982.jpg,Healthy,1,0.999998,ACCEPT,0.000001,0.999998,0.000001,0.000000,0.000000,
datasets\crop_disease\test\Healthy\test_002983.jpg,Healthy,1,0.999992,ACCEPT,0.000005,0.999992,0.000000,0.000003,0.000000,
datasets\crop_disease\test\Healthy\test_002984.jpg,Healthy,1,0.999858,ACCEPT,0.000138,0.999858,0.000003,0.000000,0.000000,
datasets\crop_disease\test\Healthy\test_002985.jpg,Healthy,1,0.999997,ACCEPT,0.000001,0.999997,0.000002,0.000000,0.000000,
datasets\crop_disease\test\Healthy\test_002986.jpg,Healthy,1,0.999938,ACCEPT,0.000016,0.999938,0.000025,0.000018,0.000004,
datasets\crop_disease\test\Healthy\test_002987.jpg,Healthy,1,0.999997,ACCEPT,0.000002,0.999997,0.000000,0.000001,0.000000,
datasets\crop_disease\test\Healthy\test_002988.jpg,Healthy,1,0.999997,ACCEPT,0.000002,0.999997,0.000000,0.000000,0.000000,
datasets\crop_disease\test\Healthy\test_002989.jpg,Healthy,1,0.999990,ACCEPT,0.000010,0.999990,0.000000,0.000000,0.000000,
datasets\crop_disease\test\Healthy\test_002990.jpg,Healthy,1,0.999455,ACCEPT,0.000062,0.999455,0.000479,0.000003,0.000001,
datasets\crop_disease\test\Healthy\test_002991.jpg,Healthy,1,1.000000,ACCEPT,0.000000,1.000000,0.000000,0.000000,0.000000,
datasets\crop_disease\test\Healthy\test_002992.jpg,Healthy,1,0.999941,ACCEPT,0.000037,0.999941,0.000006,0.000016,0.000000,
datasets\crop_disease\test\Healthy\test_002993.jpg,Healthy,1,0.999910,ACCEPT,0.000006,0.999910,0.000007,0.000076,0.000000,
datasets\crop_disease\test\Healthy\test_002994.jpg,Healthy,1,0.999997,ACCEPT,0.000003,0.999997,0.000000,0.000000,0.000000,
datasets\crop_disease\test\Healthy\test_002995.jpg,Healthy,1,0.999997,ACCEPT,0.000003,0.999997,0.000000,0.000000,0.000000,
datasets\crop_disease\test\Healthy\test_002996.jpg,Healthy,1,0.998030,ACCEPT,0.001970,0.998030,0.000000,0.000000,0.000000,
datasets\crop_disease\test\Healthy\test_002997.jpg,Healthy,1,0.999930,ACCEPT,0.000059,0.999930,0.000009,0.000001,0.000000,
datasets\crop_disease\test\Healthy\test_002998.jpg,Healthy,1,0.998577,ACCEPT,0.001410,0.998577,0.000013,0.000000,0.000000,
datasets\crop_disease\test\Healthy\test_002999.jpg,Healthy,1,0.999997,ACCEPT,0.000003,0.999997,0.000000,0.000000,0.000000,
datasets\crop_disease\test\Healthy\test_003000.jpg,Healthy,1,0.998641,ACCEPT,0.001209,0.998641,0.000148,0.000001,0.000000,
datasets\crop_disease\test\Healthy\test_003001.jpg,Healthy,1,0.999835,ACCEPT,0.000158,0.999835,0.000006,0.000000,0.000000,
datasets\crop_disease\test\Healthy\test_003002.jpg,Healthy,1,0.999979,ACCEPT,0.000014,0.999979,0.000005,0.000001,0.000000,
datasets\crop_disease\test\Healthy\test_003003.jpg,Healthy,1,0.998845,ACCEPT,0.000700,0.998845,0.000422,0.000030,0.000003,
datasets\crop_disease\test\Healthy\test_003004.jpg,Healthy,1,0.999970,ACCEPT,0.000029,0.999970,0.000001,0.000000,0.000000,
datasets\crop_disease\test\Healthy\test_003005.jpg,Healthy,1,0.999966,ACCEPT,0.000034,0.999966,0.000000,0.000000,0.000000,
datasets\crop_disease\test\Healthy\test_003006.jpg,Healthy,1,0.999972,ACCEPT,0.000027,0.999972,0.000001,0.000000,0.000000,
datasets\crop_disease\test\Healthy\test_003007.jpg,Healthy,1,0.998706,ACCEPT,0.001254,0.998706,0.000024,0.000015,0.000000,
datasets\crop_disease\test\Healthy\test_003008.jpg,Healthy,1,0.999935,ACCEPT,0.000003,0.999935,0.000061,0.000001,0.000000,
datasets\crop_disease\test\Healthy\test_003009.jpg,Healthy,1,0.999987,ACCEPT,0.000004,0.999987,0.000004,0.000006,0.000000,
datasets\crop_disease\test\Healthy\test_003010.jpg,Healthy,1,0.999990,ACCEPT,0.000010,0.999990,0.000000,0.000000,0.000000,
datasets\crop_disease\test\Healthy\test_003011.jpg,Healthy,1,0.999983,ACCEPT,0.000011,0.999983,0.000006,0.000000,0.000000,
datasets\crop_disease\test\Healthy\test_003012.jpg,Healthy,1,0.999986,ACCEPT,0.000008,0.999986,0.000001,0.000005,0.000000,
datasets\crop_disease\test\Healthy\test_003013.jpg,Healthy,1,0.999626,ACCEPT,0.000245,0.999626,0.000125,0.000003,0.000001,
datasets\crop_disease\test\Healthy\test_003014.jpg,Healthy,1,0.999980,ACCEPT,0.000017,0.999980,0.000000,0.000002,0.000000,
datasets\crop_disease\test\Healthy\test_003015.jpg,Healthy,1,0.999926,ACCEPT,0.000009,0.999926,0.000022,0.000042,0.000000,
datasets\crop_disease\test\Healthy\test_003016.jpg,Healthy,1,0.999975,ACCEPT,0.000023,0.999975,0.000001,0.000000,0.000000,
datasets\crop_disease\test\Healthy\test_003017.jpg,Healthy,1,0.999991,ACCEPT,0.000006,0.999991,0.000001,0.000002,0.000000,
datasets\crop_disease\test\Healthy\test_003018.jpg,Healthy,1,0.999999,ACCEPT,0.000001,0.999999,0.000000,0.000000,0.000000,
datasets\crop_disease\test\Healthy\test_003019.jpg,Healthy,1,0.999941,ACCEPT,0.000020,0.999941,0.000035,0.000004,0.000000,
datasets\crop_disease\test\Healthy\test_003020.jpg,Healthy,1,0.999993,ACCEPT,0.000005,0.999993,0.000001,0.000001,0.000000,
datasets\crop_disease\test\Healthy\test_003021.jpg,Healthy,1,0.999923,ACCEPT,0.000036,0.999923,0.000036,0.000005,0.000000,
datasets\crop_disease\test\Healthy\test_003022.jpg,Healthy,1,0.999990,ACCEPT,0.000009,0.999990,0.000000,0.000001,0.000000,
datasets\crop_disease\test\Healthy\test_003023.jpg,Healthy,1,0.999945,ACCEPT,0.000055,0.999945,0.000000,0.000000,0.000000,
datasets\crop_disease\test\Healthy\test_003024.jpg,Healthy,1,0.999866,ACCEPT,0.000132,0.999866,0.000001,0.000001,0.000000,
datasets\crop_disease\test\Healthy\test_003025.jpg,Healthy,1,0.999845,ACCEPT,0.000135,0.999845,0.000013,0.000008,0.000000,
datasets\crop_disease\test\Healthy\test_003026.jpg,Healthy,1,0.999991,ACCEPT,0.000009,0.999991,0.000000,0.000000,0.000000,
datasets\crop_disease\test\Healthy\test_003027.jpg,Healthy,1,0.999998,ACCEPT,0.000002,0.999998,0.000000,0.000000,0.000000,
datasets\crop_disease\test\Healthy\test_003028.jpg,Healthy,1,0.879629,ACCEPT,0.120369,0.879629,0.000002,0.000000,0.000000,
datasets\crop_disease\test\LeafSpot\test_000000.jpg,LeafSpot,2,0.992317,ACCEPT,0.007682,0.000000,0.992317,0.000000,0.000001,
datasets\crop_disease\test\LeafSpot\test_000001.jpg,LeafSpot,2,0.999580,ACCEPT,0.000373,0.000042,0.999580,0.000002,0.000002,
datasets\crop_disease\test\LeafSpot\test_000002.jpg,LeafSpot,2,0.867481,ACCEPT,0.132516,0.000004,0.867481,0.000000,0.000000,
datasets\crop_disease\test\LeafSpot\test_000003.jpg,LeafSpot,2,0.998321,ACCEPT,0.001652,0.000027,0.998321,0.000000,0.000001,
datasets\crop_disease\test\LeafSpot\test_000004.jpg,LeafSpot,2,0.987842,ACCEPT,0.012147,0.000005,0.987842,0.000000,0.000006,
datasets\crop_disease\test\LeafSpot\test_000005.jpg,LeafSpot,2,0.991526,ACCEPT,0.008450,0.000023,0.991526,0.000000,0.000000,
datasets\crop_disease\test\LeafSpot\test_000006.jpg,LeafSpot,2,0.993615,ACCEPT,0.006374,0.000010,0.993615,0.000000,0.000001,
datasets\crop_disease\test\LeafSpot\test_000007.jpg,LeafSpot,2,0.881214,ACCEPT,0.118762,0.000014,0.881214,0.000000,0.000009,
datasets\crop_disease\test\LeafSpot\test_000008.jpg,LeafSpot,2,0.663309,ACCEPT,0.336054,0.000518,0.663309,0.000011,0.000108,
datasets\crop_disease\test\LeafSpot\test_000009.jpg,LeafSpot,2,0.970959,ACCEPT,0.028927,0.000082,0.970959,0.000002,0.000030,
datasets\crop_disease\test\LeafSpot\test_000010.jpg,LeafSpot,2,0.997441,ACCEPT,0.002536,0.000022,0.997441,0.000000,0.000000,
datasets\crop_disease\test\LeafSpot\test_000011.jpg,LeafSpot,2,0.984686,ACCEPT,0.015264,0.000003,0.984686,0.000001,0.000046,
datasets\crop_disease\test\LeafSpot\test_000012.jpg,LeafSpot,2,0.735454,ACCEPT,0.203694,0.059678,0.735454,0.000034,0.001140,
datasets\crop_disease\test\LeafSpot\test_000013.jpg,LeafSpot,2,0.921123,ACCEPT,0.078423,0.000051,0.921123,0.000001,0.000403,
datasets\crop_disease\test\LeafSpot\test_000014.jpg,LeafSpot,2,0.998787,ACCEPT,0.001155,0.000032,0.998787,0.000000,0.000025,
datasets\crop_disease\test\LeafSpot\test_000015.jpg,LeafSpot,2,0.995053,ACCEPT,0.004917,0.000009,0.995053,0.000000,0.000020,
datasets\crop_disease\test\LeafSpot\test_000016.jpg,LeafSpot,2,0.856747,ACCEPT,0.142965,0.000002,0.856747,0.000000,0.000286,
datasets\crop_disease\test\LeafSpot\test_000017.jpg,LeafSpot,2,0.992007,ACCEPT,0.007988,0.000005,0.992007,0.000000,0.000001,
datasets\crop_disease\test\LeafSpot\test_000018.jpg,LeafSpot,2,0.983143,ACCEPT,0.016838,0.000017,0.983143,0.000000,0.000002,
datasets\crop_disease\test\LeafSpot\test_000019.jpg,LeafSpot,2,0.990038,ACCEPT,0.009903,0.000059,0.990038,0.000000,0.000000,
datasets\crop_disease\test\LeafSpot\test_000020.jpg,LeafSpot,2,0.781218,ACCEPT,0.217422,0.000147,0.781218,0.000012,0.001201,
datasets\crop_disease\test\LeafSpot\test_000021.jpg,LeafSpot,2,0.963350,ACCEPT,0.036117,0.000037,0.963350,0.000000,0.000497,
datasets\crop_disease\test\LeafSpot\test_000022.jpg,LeafSpot,2,0.994875,ACCEPT,0.005111,0.000014,0.994875,0.000000,0.000000,
datasets\crop_disease\test\LeafSpot\test_000023.jpg,LeafSpot,2,0.997767,ACCEPT,0.002231,0.000001,0.997767,0.000000,0.000000,
datasets\crop_disease\test\LeafSpot\test_000024.jpg,LeafSpot,2,0.999377,ACCEPT,0.000605,0.000016,0.999377,0.000002,0.000000,
datasets\crop_disease\test\LeafSpot\test_000025.jpg,LeafSpot,2,0.980300,ACCEPT,0.019688,0.000010,0.980300,0.000000,0.000003,
datasets\crop_disease\test\LeafSpot\test_000026.jpg,LeafSpot,2,0.999110,ACCEPT,0.000890,0.000000,0.999110,0.000000,0.000000,
datasets\crop_disease\test\LeafSpot\test_000027.jpg,LeafSpot,2,0.644098,NEEDS-REVIEW,0.354827,0.000405,0.644098,0.000380,0.000291,
datasets\crop_disease\test\LeafSpot\test_000028.jpg,LeafSpot,2,0.988045,ACCEPT,0.010943,0.001007,0.988045,0.000005,0.000000,
datasets\crop_disease\test\LeafSpot\test_000029.jpg,LeafSpot,2,0.997558,ACCEPT,0.001859,0.000579,0.997558,0.000003,0.000000,
datasets\crop_disease\test\LeafSpot\test_000030.jpg,LeafSpot,2,0.484969,NEEDS-REVIEW,0.061230,0.452165,0.484969,0.000024,0.001611,
datasets\crop_disease\test\LeafSpot\test_000031.jpg,LeafSpot,2,0.953500,ACCEPT,0.045864,0.000270,0.953500,0.000001,0.000365,
datasets\crop_disease\test\LeafSpot\test_000032.jpg,LeafSpot,2,0.880917,ACCEPT,0.119055,0.000027,0.880917,0.000000,0.000000,
datasets\crop_disease\test\LeafSpot\test_000033.jpg,LeafSpot,2,0.999004,ACCEPT,0.000989,0.000004,0.999004,0.000000,0.000004,
datasets\crop_disease\test\LeafSpot\test_000034.jpg,LeafSpot,2,0.993300,ACCEPT,0.006347,0.000044,0.993300,0.000051,0.000258,
datasets\crop_disease\test\LeafSpot\test_000035.jpg,Blight,0,0.772917,ACCEPT,0.772917,0.000002,0.227081,0.000000,0.000000,
datasets\crop_disease\test\LeafSpot\test_000036.jpg,LeafSpot,2,0.935583,ACCEPT,0.064417,0.000000,0.935583,0.000000,0.000000,
datasets\crop_disease\test\LeafSpot\test_000037.jpg,LeafSpot,2,0.997532,ACCEPT,0.002455,0.000012,0.997532,0.000000,0.000001,
datasets\crop_disease\test\LeafSpot\test_000038.jpg,LeafSpot,2,0.992139,ACCEPT,0.007860,0.000001,0.992139,0.000000,0.000001,
datasets\crop_disease\test\LeafSpot\test_000039.jpg,LeafSpot,2,0.906023,ACCEPT,0.093960,0.000015,0.906023,0.000000,0.000002,
datasets\crop_disease\test\LeafSpot\test_000040.jpg,LeafSpot,2,0.931588,ACCEPT,0.067534,0.000774,0.931588,0.000006,0.000098,
datasets\crop_disease\test\LeafSpot\test_000041.jpg,LeafSpot,2,0.597119,NEEDS-REVIEW,0.402839,0.000040,0.597119,0.000000,0.000002,
datasets\crop_disease\test\LeafSpot\test_000042.jpg,LeafSpot,2,0.961366,ACCEPT,0.038493,0.000011,0.961366,0.000001,0.000130,
datasets\crop_disease\test\LeafSpot\test_000043.jpg,LeafSpot,2,0.998621,ACCEPT,0.001319,0.000060,0.998621,0.000000,0.000000,
datasets\crop_disease\test\LeafSpot\test_000044.jpg,LeafSpot,2,0.956332,ACCEPT,0.043663,0.000003,0.956332,0.000000,0.000002,
datasets\crop_disease\test\LeafSpot\test_000045.jpg,LeafSpot,2,0.836457,ACCEPT,0.163475,0.000067,0.836457,0.000000,0.000001,
datasets\crop_disease\test\LeafSpot\test_000046.jpg,LeafSpot,2,0.974768,ACCEPT,0.025137,0.000081,0.974768,0.000001,0.000014,
datasets\crop_disease\test\LeafSpot\test_000047.jpg,LeafSpot,2,0.996576,ACCEPT,0.003366,0.000057,0.996576,0.000001,0.000001,
datasets\crop_disease\test\LeafSpot\test_000048.jpg,LeafSpot,2,0.983354,ACCEPT,0.016572,0.000069,0.983354,0.000004,0.000001,
datasets\crop_disease\test\LeafSpot\test_000049.jpg,LeafSpot,2,0.931233,ACCEPT,0.068170,0.000094,0.931233,0.000014,0.000489,
datasets\crop_disease\test\LeafSpot\test_000050.jpg,LeafSpot,2,0.989724,ACCEPT,0.010272,0.000005,0.989724,0.000000,0.000000,
datasets\crop_disease\test\LeafSpot\test_000051.jpg,LeafSpot,2,0.988774,ACCEPT,0.008536,0.001555,0.988774,0.000315,0.000821,
datasets\crop_disease\test\LeafSpot\test_000052.jpg,LeafSpot,2,0.949460,ACCEPT,0.050477,0.000006,0.949460,0.000000,0.000058,
datasets\crop_disease\test\LeafSpot\test_000053.jpg,LeafSpot,2,0.995484,ACCEPT,0.004515,0.000001,0.995484,0.000000,0.000000,
datasets\crop_disease\test\LeafSpot\test_000054.jpg,Blight,0,0.588802,NEEDS-REVIEW,0.588802,0.000001,0.411196,0.000000,0.000000,
datasets\crop_disease\test\LeafSpot\test_000055.jpg,LeafSpot,2,0.997289,ACCEPT,0.002710,0.000001,0.997289,0.000000,0.000000,
datasets\crop_disease\test\LeafSpot\test_000056.jpg,LeafSpot,2,0.990671,ACCEPT,0.009311,0.000018,0.990671,0.000000,0.000000,
datasets\crop_disease\test\LeafSpot\test_000057.jpg,LeafSpot,2,0.905867,ACCEPT,0.094131,0.000001,0.905867,0.000000,0.000001,
datasets\crop_disease\test\LeafSpot\test_000058.jpg,LeafSpot,2,0.981273,ACCEPT,0.018726,0.000002,0.981273,0.000000,0.000000,
datasets\crop_disease\test\LeafSpot\test_000059.jpg,LeafSpot,2,0.974396,ACCEPT,0.025399,0.000041,0.974396,0.000135,0.000028,
datasets\crop_disease\test\LeafSpot\test_000060.jpg,LeafSpot,2,0.985633,ACCEPT,0.014327,0.000035,0.985633,0.000001,0.000004,
datasets\crop_disease\test\LeafSpot\test_000061.jpg,LeafSpot,2,0.982350,ACCEPT,0.001991,0.000005,0.982350,0.000000,0.015654,
datasets\crop_disease\test\LeafSpot\test_000062.jpg,LeafSpot,2,0.991295,ACCEPT,0.008704,0.000000,0.991295,0.000000,0.000000,
datasets\crop_disease\test\LeafSpot\test_000063.jpg,LeafSpot,2,0.562019,NEEDS-REVIEW,0.437967,0.000002,0.562019,0.000000,0.000011,
datasets\crop_disease\test\LeafSpot\test_000064.jpg,LeafSpot,2,0.996525,ACCEPT,0.003398,0.000069,0.996525,0.000000,0.000007,
datasets\crop_disease\test\LeafSpot\test_000065.jpg,LeafSpot,2,0.535667,NEEDS-REVIEW,0.464329,0.000002,0.535667,0.000000,0.000002,
datasets\crop_disease\test\LeafSpot\test_000066.jpg,LeafSpot,2,0.998839,ACCEPT,0.001031,0.000129,0.998839,0.000000,0.000001,
datasets\crop_disease\test\LeafSpot\test_000067.jpg,LeafSpot,2,0.988312,ACCEPT,0.008363,0.000482,0.988312,0.000004,0.002839,
datasets\crop_disease\test\LeafSpot\test_000068.jpg,LeafSpot,2,0.996687,ACCEPT,0.003313,0.000000,0.996687,0.000000,0.000000,
datasets\crop_disease\test\LeafSpot\test_000069.jpg,LeafSpot,2,0.990996,ACCEPT,0.009003,0.000000,0.990996,0.000000,0.000000,
datasets\crop_disease\test\LeafSpot\test_000070.jpg,LeafSpot,2,0.988775,ACCEPT,0.011219,0.000006,0.988775,0.000000,0.000000,
datasets\crop_disease\test\LeafSpot\test_000071.jpg,LeafSpot,2,0.980433,ACCEPT,0.019503,0.000016,0.980433,0.000001,0.000047,
datasets\crop_disease\test\LeafSpot\test_000072.jpg,LeafSpot,2,0.982021,ACCEPT,0.017976,0.000003,0.982021,0.000000,0.000000,
datasets\crop_disease\test\LeafSpot\test_000073.jpg,LeafSpot,2,0.992148,ACCEPT,0.007812,0.000023,0.992148,0.000011,0.000005,
datasets\crop_disease\test\LeafSpot\test_000074.jpg,LeafSpot,2,0.950524,ACCEPT,0.049463,0.000011,0.950524,0.000000,0.000002,
datasets\crop_disease\test\LeafSpot\test_000075.jpg,LeafSpot,2,0.979101,ACCEPT,0.020876,0.000008,0.979101,0.000001,0.000014,
datasets\crop_disease\test\LeafSpot\test_000076.jpg,Blight,0,0.975645,ACCEPT,0.975645,0.000001,0.024340,0.000000,0.000015,
datasets\crop_disease\test\LeafSpot\test_000077.jpg,LeafSpot,2,0.999084,ACCEPT,0.000915,0.000001,0.999084,0.000000,0.000000,
datasets\crop_disease\test\LeafSpot\test_000078.jpg,LeafSpot,2,0.740478,ACCEPT,0.259506,0.000016,0.740478,0.000000,0.000000,
datasets\crop_disease\test\LeafSpot\test_000079.jpg,LeafSpot,2,0.999151,ACCEPT,0.000848,0.000001,0.999151,0.000000,0.000000,
datasets\crop_disease\test\LeafSpot\test_000080.jpg,Blight,0,0.558930,NEEDS-REVIEW,0.558930,0.000568,0.440453,0.000013,0.000036,
datasets\crop_disease\test\LeafSpot\test_000081.jpg,LeafSpot,2,0.992069,ACCEPT,0.007910,0.000021,0.992069,0.000000,0.000000,
datasets\crop_disease\test\LeafSpot\test_000082.jpg,LeafSpot,2,0.565454,NEEDS-REVIEW,0.432786,0.000015,0.565454,0.000010,0.001735,
datasets\crop_disease\test\LeafSpot\test_000083.jpg,LeafSpot,2,0.998394,ACCEPT,0.001588,0.000018,0.998394,0.000000,0.000000,
datasets\crop_disease\test\LeafSpot\test_000084.jpg,LeafSpot,2,0.676093,ACCEPT,0.323853,0.000001,0.676093,0.000001,0.000052,
datasets\crop_disease\test\LeafSpot\test_000085.jpg,LeafSpot,2,0.697521,ACCEPT,0.272761,0.029145,0.697521,0.000187,0.000386,
datasets\crop_disease\test\LeafSpot\test_000086.jpg,LeafSpot,2,0.981648,ACCEPT,0.018349,0.000003,0.981648,0.000000,0.000000,
datasets\crop_disease\test\LeafSpot\test_000087.jpg,LeafSpot,2,0.998166,ACCEPT,0.001829,0.000005,0.998166,0.000000,0.000000,
datasets\crop_disease\test\LeafSpot\test_000088.jpg,LeafSpot,2,0.996455,ACCEPT,0.003367,0.000171,0.996455,0.000006,0.000001,
datasets\crop_disease\test\LeafSpot\test_000089.jpg,LeafSpot,2,0.896588,ACCEPT,0.103292,0.000116,0.896588,0.000003,0.000001,
datasets\crop_disease\test\LeafSpot\test_000090.jpg,LeafSpot,2,0.993214,ACCEPT,0.006741,0.000044,0.993214,0.000000,0.000000,
datasets\crop_disease\test\LeafSpot\test_000091.jpg,LeafSpot,2,0.988067,ACCEPT,0.011932,0.000000,0.988067,0.000000,0.000001,
datasets\crop_disease\test\LeafSpot\test_000092.jpg,LeafSpot,2,0.940431,ACCEPT,0.059560,0.000008,0.940431,0.000000,0.000001,
datasets\crop_disease\test\LeafSpot\test_000093.jpg,LeafSpot,2,0.960706,ACCEPT,0.039284,0.000010,0.960706,0.000000,0.000000,
datasets\crop_disease\test\LeafSpot\test_000094.jpg,LeafSpot,2,0.879855,ACCEPT,0.120142,0.000003,0.879855,0.000000,0.000000,
datasets\crop_disease\test\LeafSpot\test_000095.jpg,LeafSpot,2,0.967063,ACCEPT,0.032843,0.000032,0.967063,0.000000,0.000061,
datasets\crop_disease\test\LeafSpot\test_000096.jpg,LeafSpot,2,0.948939,ACCEPT,0.050506,0.000021,0.948939,0.000000,0.000533,
datasets\crop_disease\test\LeafSpot\test_000097.jpg,LeafSpot,2,0.998157,ACCEPT,0.001841,0.000002,0.998157,0.000000,0.000000,
datasets\crop_disease\test\LeafSpot\test_000098.jpg,Blight,0,0.933496,ACCEPT,0.933496,0.000006,0.066498,0.000000,0.000000,
datasets\crop_disease\test\LeafSpot\test_000099.jpg,LeafSpot,2,0.984973,ACCEPT,0.015016,0.000011,0.984973,0.000000,0.000000,
datasets\crop_disease\test\LeafSpot\test_000100.jpg,LeafSpot,2,0.995034,ACCEPT,0.004943,0.000023,0.995034,0.000000,0.000000,
datasets\crop_disease\test\LeafSpot\test_000101.jpg,Blight,0,0.913770,ACCEPT,0.913770,0.000058,0.086059,0.000000,0.000112,
datasets\crop_disease\test\LeafSpot\test_000102.jpg,LeafSpot,2,0.954887,ACCEPT,0.045075,0.000037,0.954887,0.000000,0.000001,
datasets\crop_disease\test\LeafSpot\test_000103.jpg,LeafSpot,2,0.999983,ACCEPT,0.000004,0.000000,0.999983,0.000000,0.000013,
datasets\crop_disease\test\LeafSpot\test_000104.jpg,LeafSpot,2,0.999997,ACCEPT,0.000001,0.000001,0.999997,0.000000,0.000001,
datasets\crop_disease\test\LeafSpot\test_000105.jpg,LeafSpot,2,0.933808,ACCEPT,0.059915,0.005027,0.933808,0.000007,0.001243,
datasets\crop_disease\test\LeafSpot\test_000106.jpg,LeafSpot,2,0.999986,ACCEPT,0.000008,0.000004,0.999986,0.000000,0.000002,
datasets\crop_disease\test\LeafSpot\test_000107.jpg,LeafSpot,2,0.999997,ACCEPT,0.000002,0.000000,0.999997,0.000000,0.000000,
datasets\crop_disease\test\LeafSpot\test_000108.jpg,LeafSpot,2,0.999997,ACCEPT,0.000002,0.000000,0.999997,0.000000,0.000001,
datasets\crop_disease\test\LeafSpot\test_000109.jpg,LeafSpot,2,0.999998,ACCEPT,0.000000,0.000002,0.999998,0.000000,0.000000,
datasets\crop_disease\test\LeafSpot\test_000110.jpg,LeafSpot,2,0.999995,ACCEPT,0.000005,0.000000,0.999995,0.000000,0.000000,
datasets\crop_disease\test\LeafSpot\test_000111.jpg,LeafSpot,2,0.999989,ACCEPT,0.000003,0.000007,0.999989,0.000000,0.000001,
datasets\crop_disease\test\LeafSpot\test_000112.jpg,LeafSpot,2,0.999949,ACCEPT,0.000046,0.000005,0.999949,0.000000,0.000000,
datasets\crop_disease\test\LeafSpot\test_000113.jpg,LeafSpot,2,0.999235,ACCEPT,0.000756,0.000006,0.999235,0.000001,0.000002,
datasets\crop_disease\test\LeafSpot\test_000114.jpg,LeafSpot,2,0.999980,ACCEPT,0.000014,0.000006,0.999980,0.000000,0.000001,
datasets\crop_disease\test\LeafSpot\test_000115.jpg,LeafSpot,2,0.988817,ACCEPT,0.002918,0.008215,0.988817,0.000000,0.000050,
datasets\crop_disease\test\LeafSpot\test_000116.jpg,LeafSpot,2,0.997631,ACCEPT,0.002362,0.000006,0.997631,0.000001,0.000001,
datasets\crop_disease\test\LeafSpot\test_000117.jpg,LeafSpot,2,0.999993,ACCEPT,0.000004,0.000003,0.999993,0.000000,0.000000,
datasets\crop_disease\test\LeafSpot\test_000118.jpg,LeafSpot,2,0.999984,ACCEPT,0.000010,0.000005,0.999984,0.000000,0.000000,
datasets\crop_disease\test\LeafSpot\test_000119.jpg,LeafSpot,2,0.999997,ACCEPT,0.000003,0.000000,0.999997,0.000000,0.000000,
datasets\crop_disease\test\LeafSpot\test_000120.jpg,LeafSpot,2,1.000000,ACCEPT,0.000000,0.000000,1.000000,0.000000,0.000000,
datasets\crop_disease\test\LeafSpot\test_000121.jpg,LeafSpot,2,0.999997,ACCEPT,0.000002,0.000000,0.999997,0.000000,0.000000,
datasets\crop_disease\test\LeafSpot\test_000122.jpg,LeafSpot,2,0.999998,ACCEPT,0.000001,0.000000,0.999998,0.000000,0.000001,
datasets\crop_disease\test\LeafSpot\test_000123.jpg,LeafSpot,2,0.999673,ACCEPT,0.000327,0.000000,0.999673,0.000000,0.000000,
datasets\crop_disease\test\LeafSpot\test_000124.jpg,LeafSpot,2,0.999999,ACCEPT,0.000001,0.000000,0.999999,0.000000,0.000000,
datasets\crop_disease\test\LeafSpot\test_000125.jpg,LeafSpot,2,0.999978,ACCEPT,0.000012,0.000001,0.999978,0.000000,0.000009,
datasets\crop_disease\test\LeafSpot\test_000126.jpg,LeafSpot,2,0.999999,ACCEPT,0.000001,0.000000,0.999999,0.000000,0.000000,
datasets\crop_disease\test\LeafSpot\test_000127.jpg,LeafSpot,2,0.998773,ACCEPT,0.000002,0.001195,0.998773,0.000020,0.000010,
datasets\crop_disease\test\LeafSpot\test_000128.jpg,LeafSpot,2,0.999955,ACCEPT,0.000045,0.000000,0.999955,0.000000,0.000000,
datasets\crop_disease\test\LeafSpot\test_000129.jpg,LeafSpot,2,1.000000,ACCEPT,0.000000,0.000000,1.000000,0.000000,0.000000,
datasets\crop_disease\test\LeafSpot\test_000130.jpg,LeafSpot,2,0.999960,ACCEPT,0.000039,0.000001,0.999960,0.000000,0.000000,
datasets\crop_disease\test\LeafSpot\test_000131.jpg,LeafSpot,2,0.999999,ACCEPT,0.000001,0.000000,0.999999,0.000000,0.000000,
datasets\crop_disease\test\LeafSpot\test_000132.jpg,LeafSpot,2,0.999985,ACCEPT,0.000014,0.000000,0.999985,0.000000,0.000000,
datasets\crop_disease\test\LeafSpot\test_000133.jpg,LeafSpot,2,0.998324,ACCEPT,0.001665,0.000004,0.998324,0.000005,0.000002,
datasets\crop_disease\test\LeafSpot\test_000134.jpg,LeafSpot,2,0.999767,ACCEPT,0.000200,0.000026,0.999767,0.000006,0.000000,
datasets\crop_disease\test\LeafSpot\test_000135.jpg,LeafSpot,2,0.999953,ACCEPT,0.000039,0.000007,0.999953,0.000000,0.000001,
datasets\crop_disease\test\LeafSpot\test_000136.jpg,LeafSpot,2,1.000000,ACCEPT,0.000000,0.000000,1.000000,0.000000,0.000000,
datasets\crop_disease\test\LeafSpot\test_000137.jpg,LeafSpot,2,0.999389,ACCEPT,0.000038,0.000444,0.999389,0.000005,0.000124,
datasets\crop_disease\test\LeafSpot\test_000138.jpg,LeafSpot,2,0.999201,ACCEPT,0.000796,0.000002,0.999201,0.000000,0.000001,
datasets\crop_disease\test\LeafSpot\test_000139.jpg,LeafSpot,2,0.999999,ACCEPT,0.000001,0.000000,0.999999,0.000000,0.000000,
datasets\crop_disease\test\LeafSpot\test_000140.jpg,LeafSpot,2,0.999998,ACCEPT,0.000002,0.000000,0.999998,0.000000,0.000000,
datasets\crop_disease\test\LeafSpot\test_000141.jpg,LeafSpot,2,0.999999,ACCEPT,0.000000,0.000000,0.999999,0.000000,0.000001,
datasets\crop_disease\test\LeafSpot\test_000142.jpg,LeafSpot,2,1.000000,ACCEPT,0.000000,0.000000,1.000000,0.000000,0.000000,
datasets\crop_disease\test\LeafSpot\test_000143.jpg,LeafSpot,2,0.999981,ACCEPT,0.000012,0.000002,0.999981,0.000005,0.000000,
datasets\crop_disease\test\LeafSpot\test_000144.jpg,LeafSpot,2,0.999999,ACCEPT,0.000000,0.000000,0.999999,0.000000,0.000000,
datasets\crop_disease\test\LeafSpot\test_000145.jpg,LeafSpot,2,0.999969,ACCEPT,0.000020,0.000010,0.999969,0.000000,0.000001,
datasets\crop_disease\test\LeafSpot\test_000146.jpg,LeafSpot,2,0.999887,ACCEPT,0.000026,0.000004,0.999887,0.000000,0.000083,
datasets\crop_disease\test\LeafSpot\test_000147.jpg,LeafSpot,2,0.999999,ACCEPT,0.000001,0.000000,0.999999,0.000000,0.000001,
datasets\crop_disease\test\LeafSpot\test_000148.jpg,LeafSpot,2,0.999997,ACCEPT,0.000002,0.000000,0.999997,0.000000,0.000000,
datasets\crop_disease\test\LeafSpot\test_000149.jpg,LeafSpot,2,0.999985,ACCEPT,0.000011,0.000000,0.999985,0.000001,0.000004,
datasets\crop_disease\test\LeafSpot\test_000150.jpg,LeafSpot,2,0.999777,ACCEPT,0.000222,0.000001,0.999777,0.000000,0.000000,
datasets\crop_disease\test\LeafSpot\test_000151.jpg,LeafSpot,2,0.999982,ACCEPT,0.000015,0.000003,0.999982,0.000000,0.000000,
datasets\crop_disease\test\LeafSpot\test_000152.jpg,LeafSpot,2,0.999981,ACCEPT,0.000008,0.000010,0.999981,0.000000,0.000001,
datasets\crop_disease\test\LeafSpot\test_000153.jpg,LeafSpot,2,1.000000,ACCEPT,0.000000,0.000000,1.000000,0.000000,0.000000,
datasets\crop_disease\test\LeafSpot\test_000154.jpg,LeafSpot,2,0.999992,ACCEPT,0.000004,0.000000,0.999992,0.000004,0.000001,
datasets\crop_disease\test\LeafSpot\test_000155.jpg,LeafSpot,2,0.999998,ACCEPT,0.000000,0.000000,0.999998,0.000000,0.000001,
datasets\crop_disease\test\LeafSpot\test_000156.jpg,LeafSpot,2,0.999973,ACCEPT,0.000027,0.000000,0.999973,0.000000,0.000000,
datasets\crop_disease\test\LeafSpot\test_000157.jpg,LeafSpot,2,1.000000,ACCEPT,0.000000,0.000000,1.000000,0.000000,0.000000,
datasets\crop_disease\test\LeafSpot\test_000158.jpg,LeafSpot,2,0.999971,ACCEPT,0.000028,0.000001,0.999971,0.000000,0.000000,
datasets\crop_disease\test\LeafSpot\test_000159.jpg,LeafSpot,2,0.999631,ACCEPT,0.000333,0.000031,0.999631,0.000001,0.000004,
datasets\crop_disease\test\LeafSpot\test_000160.jpg,LeafSpot,2,0.999996,ACCEPT,0.000004,0.000000,0.999996,0.000000,0.000000,
datasets\crop_disease\test\LeafSpot\test_000161.jpg,LeafSpot,2,0.999993,ACCEPT,0.000000,0.000006,0.999993,0.000000,0.000000,
datasets\crop_disease\test\LeafSpot\test_000162.jpg,LeafSpot,2,0.998352,ACCEPT,0.001625,0.000022,0.998352,0.000000,0.000000,
datasets\crop_disease\test\LeafSpot\test_000163.jpg,LeafSpot,2,0.999954,ACCEPT,0.000032,0.000014,0.999954,0.000000,0.000000,
datasets\crop_disease\test\LeafSpot\test_000164.jpg,LeafSpot,2,0.999990,ACCEPT,0.000001,0.000008,0.999990,0.000000,0.000000,
datasets\crop_disease\test\LeafSpot\test_000165.jpg,LeafSpot,2,0.999981,ACCEPT,0.000001,0.000018,0.999981,0.000000,0.000000,
datasets\crop_disease\test\LeafSpot\test_000166.jpg,LeafSpot,2,0.805947,ACCEPT,0.194015,0.000019,0.805947,0.000011,0.000006,
datasets\crop_disease\test\LeafSpot\test_000167.jpg,LeafSpot,2,0.999981,ACCEPT,0.000008,0.000009,0.999981,0.000000,0.000002,
datasets\crop_disease\test\LeafSpot\test_000168.jpg,LeafSpot,2,0.999994,ACCEPT,0.000005,0.000000,0.999994,0.000000,0.000000,
datasets\crop_disease\test\LeafSpot\test_000169.jpg,LeafSpot,2,0.999992,ACCEPT,0.000006,0.000000,0.999992,0.000000,0.000001,
datasets\crop_disease\test\LeafSpot\test_000170.jpg,LeafSpot,2,0.999992,ACCEPT,0.000008,0.000000,0.999992,0.000000,0.000000,
datasets\crop_disease\test\LeafSpot\test_000171.jpg,LeafSpot,2,0.999978,ACCEPT,0.000021,0.000001,0.999978,0.000001,0.000000,
datasets\crop_disease\test\LeafSpot\test_000172.jpg,LeafSpot,2,1.000000,ACCEPT,0.000000,0.000000,1.000000,0.000000,0.000000,
datasets\crop_disease\test\LeafSpot\test_000173.jpg,LeafSpot,2,0.999930,ACCEPT,0.000070,0.000000,0.999930,0.000000,0.000000,
datasets\crop_disease\test\LeafSpot\test_000174.jpg,LeafSpot,2,0.999999,ACCEPT,0.000000,0.000000,0.999999,0.000000,0.000001,
datasets\crop_disease\test\LeafSpot\test_000175.jpg,LeafSpot,2,0.999762,ACCEPT,0.000099,0.000074,0.999762,0.000027,0.000038,
datasets\crop_disease\test\LeafSpot\test_000176.jpg,LeafSpot,2,1.000000,ACCEPT,0.000000,0.000000,1.000000,0.000000,0.000000,
datasets\crop_disease\test\LeafSpot\test_000177.jpg,LeafSpot,2,0.999442,ACCEPT,0.000002,0.000555,0.999442,0.000000,0.000001,
datasets\crop_disease\test\LeafSpot\test_000178.jpg,LeafSpot,2,0.999987,ACCEPT,0.000000,0.000012,0.999987,0.000000,0.000000,
datasets\crop_disease\test\LeafSpot\test_000179.jpg,LeafSpot,2,0.999999,ACCEPT,0.000000,0.000000,0.999999,0.000000,0.000001,
datasets\crop_disease\test\LeafSpot\test_000180.jpg,LeafSpot,2,0.999802,ACCEPT,0.000032,0.000158,0.999802,0.000003,0.000006,
datasets\crop_disease\test\LeafSpot\test_000181.jpg,LeafSpot,2,0.999464,ACCEPT,0.000054,0.000479,0.999464,0.000002,0.000000,
datasets\crop_disease\test\LeafSpot\test_000182.jpg,LeafSpot,2,0.999995,ACCEPT,0.000003,0.000000,0.999995,0.000000,0.000002,
datasets\crop_disease\test\LeafSpot\test_000183.jpg,LeafSpot,2,0.999839,ACCEPT,0.000003,0.000156,0.999839,0.000000,0.000002,
datasets\crop_disease\test\LeafSpot\test_000184.jpg,LeafSpot,2,0.999955,ACCEPT,0.000030,0.000013,0.999955,0.000002,0.000000,
datasets\crop_disease\test\LeafSpot\test_000185.jpg,LeafSpot,2,0.999997,ACCEPT,0.000003,0.000000,0.999997,0.000000,0.000000,
datasets\crop_disease\test\LeafSpot\test_000186.jpg,LeafSpot,2,0.999994,ACCEPT,0.000005,0.000000,0.999994,0.000000,0.000001,
datasets\crop_disease\test\LeafSpot\test_000187.jpg,LeafSpot,2,1.000000,ACCEPT,0.000000,0.000000,1.000000,0.000000,0.000000,
datasets\crop_disease\test\LeafSpot\test_000188.jpg,LeafSpot,2,0.999999,ACCEPT,0.000001,0.000000,0.999999,0.000000,0.000000,
datasets\crop_disease\test\LeafSpot\test_000189.jpg,LeafSpot,2,0.999936,ACCEPT,0.000005,0.000059,0.999936,0.000000,0.000000,
datasets\crop_disease\test\LeafSpot\test_000190.jpg,LeafSpot,2,0.999937,ACCEPT,0.000059,0.000001,0.999937,0.000000,0.000002,
datasets\crop_disease\test\LeafSpot\test_000191.jpg,LeafSpot,2,0.999998,ACCEPT,0.000001,0.000001,0.999998,0.000000,0.000000,
datasets\crop_disease\test\LeafSpot\test_000192.jpg,LeafSpot,2,0.999356,ACCEPT,0.000625,0.000019,0.999356,0.000000,0.000000,
datasets\crop_disease\test\LeafSpot\test_000193.jpg,LeafSpot,2,0.999999,ACCEPT,0.000000,0.000000,0.999999,0.000000,0.000000,
datasets\crop_disease\test\LeafSpot\test_000194.jpg,LeafSpot,2,0.999921,ACCEPT,0.000078,0.000000,0.999921,0.000000,0.000001,
datasets\crop_disease\test\LeafSpot\test_000195.jpg,LeafSpot,2,0.999839,ACCEPT,0.000099,0.000062,0.999839,0.000000,0.000000,
datasets\crop_disease\test\LeafSpot\test_000196.jpg,LeafSpot,2,0.999992,ACCEPT,0.000008,0.000000,0.999992,0.000000,0.000000,
datasets\crop_disease\test\LeafSpot\test_000197.jpg,LeafSpot,2,0.999995,ACCEPT,0.000005,0.000000,0.999995,0.000000,0.000000,
datasets\crop_disease\test\LeafSpot\test_000198.jpg,LeafSpot,2,0.999997,ACCEPT,0.000002,0.000000,0.999997,0.000000,0.000000,
datasets\crop_disease\test\LeafSpot\test_000199.jpg,LeafSpot,2,0.999741,ACCEPT,0.000255,0.000001,0.999741,0.000002,0.000000,
datasets\crop_disease\test\LeafSpot\test_000200.jpg,LeafSpot,2,0.999994,ACCEPT,0.000005,0.000000,0.999994,0.000000,0.000000,
datasets\crop_disease\test\LeafSpot\test_000201.jpg,LeafSpot,2,1.000000,ACCEPT,0.000000,0.000000,1.000000,0.000000,0.000000,
datasets\crop_disease\test\LeafSpot\test_000202.jpg,LeafSpot,2,0.998218,ACCEPT,0.001732,0.000043,0.998218,0.000006,0.000001,
datasets\crop_disease\test\LeafSpot\test_000203.jpg,LeafSpot,2,1.000000,ACCEPT,0.000000,0.000000,1.000000,0.000000,0.000000,
datasets\crop_disease\test\LeafSpot\test_000204.jpg,LeafSpot,2,1.000000,ACCEPT,0.000001,0.000000,1.000000,0.000000,0.000000,
datasets\crop_disease\test\LeafSpot\test_000205.jpg,LeafSpot,2,0.999482,ACCEPT,0.000015,0.000475,0.999482,0.000021,0.000008,
datasets\crop_disease\test\LeafSpot\test_000206.jpg,LeafSpot,2,0.999529,ACCEPT,0.000003,0.000463,0.999529,0.000000,0.000005,
datasets\crop_disease\test\LeafSpot\test_000207.jpg,LeafSpot,2,0.999917,ACCEPT,0.000068,0.000013,0.999917,0.000000,0.000002,
datasets\crop_disease\test\LeafSpot\test_000208.jpg,LeafSpot,2,0.999989,ACCEPT,0.000008,0.000003,0.999989,0.000000,0.000001,
datasets\crop_disease\test\LeafSpot\test_000209.jpg,LeafSpot,2,0.999929,ACCEPT,0.000068,0.000002,0.999929,0.000000,0.000000,
datasets\crop_disease\test\LeafSpot\test_000210.jpg,LeafSpot,2,0.999879,ACCEPT,0.000119,0.000000,0.999879,0.000000,0.000001,
datasets\crop_disease\test\LeafSpot\test_000211.jpg,LeafSpot,2,0.995294,ACCEPT,0.004705,0.000001,0.995294,0.000000,0.000000,
datasets\crop_disease\test\LeafSpot\test_000212.jpg,LeafSpot,2,0.999997,ACCEPT,0.000003,0.000000,0.999997,0.000000,0.000000,
datasets\crop_disease\test\LeafSpot\test_000213.jpg,LeafSpot,2,0.999243,ACCEPT,0.000756,0.000000,0.999243,0.000000,0.000000,
datasets\crop_disease\test\LeafSpot\test_000214.jpg,LeafSpot,2,0.985521,ACCEPT,0.013398,0.000405,0.985521,0.000653,0.000024,
datasets\crop_disease\test\LeafSpot\test_000215.jpg,LeafSpot,2,0.999975,ACCEPT,0.000024,0.000000,0.999975,0.000000,0.000000,
datasets\crop_disease\test\LeafSpot\test_000216.jpg,LeafSpot,2,0.999998,ACCEPT,0.000002,0.000000,0.999998,0.000000,0.000000,
datasets\crop_disease\test\LeafSpot\test_000217.jpg,LeafSpot,2,0.999921,ACCEPT,0.000073,0.000006,0.999921,0.000000,0.000000,
datasets\crop_disease\test\LeafSpot\test_000218.jpg,LeafSpot,2,0.999999,ACCEPT,0.000001,0.000000,0.999999,0.000000,0.000000,
datasets\crop_disease\test\LeafSpot\test_000219.jpg,LeafSpot,2,0.999688,ACCEPT,0.000002,0.000301,0.999688,0.000000,0.000009,
datasets\crop_disease\test\LeafSpot\test_000220.jpg,LeafSpot,2,0.999927,ACCEPT,0.000033,0.000034,0.999927,0.000001,0.000005,
datasets\crop_disease\test\LeafSpot\test_000221.jpg,LeafSpot,2,1.000000,ACCEPT,0.000000,0.000000,1.000000,0.000000,0.000000,
datasets\crop_disease\test\LeafSpot\test_000222.jpg,LeafSpot,2,0.999996,ACCEPT,0.000003,0.000001,0.999996,0.000000,0.000000,
datasets\crop_disease\test\LeafSpot\test_000223.jpg,LeafSpot,2,0.999964,ACCEPT,0.000035,0.000000,0.999964,0.000000,0.000000,
datasets\crop_disease\test\LeafSpot\test_000224.jpg,LeafSpot,2,0.999995,ACCEPT,0.000003,0.000001,0.999995,0.000000,0.000001,
datasets\crop_disease\test\LeafSpot\test_000225.jpg,LeafSpot,2,0.999934,ACCEPT,0.000060,0.000004,0.999934,0.000001,0.000001,
datasets\crop_disease\test\LeafSpot\test_000226.jpg,LeafSpot,2,0.999994,ACCEPT,0.000005,0.000001,0.999994,0.000000,0.000000,
datasets\crop_disease\test\LeafSpot\test_000227.jpg,LeafSpot,2,0.972407,ACCEPT,0.000457,0.027121,0.972407,0.000009,0.000006,
datasets\crop_disease\test\LeafSpot\test_000228.jpg,LeafSpot,2,1.000000,ACCEPT,0.000000,0.000000,1.000000,0.000000,0.000000,
datasets\crop_disease\test\LeafSpot\test_000229.jpg,LeafSpot,2,0.999944,ACCEPT,0.000002,0.000043,0.999944,0.000000,0.000011,
datasets\crop_disease\test\LeafSpot\test_000230.jpg,LeafSpot,2,0.999987,ACCEPT,0.000013,0.000000,0.999987,0.000000,0.000000,
datasets\crop_disease\test\LeafSpot\test_000231.jpg,LeafSpot,2,0.999999,ACCEPT,0.000000,0.000001,0.999999,0.000000,0.000000,
datasets\crop_disease\test\LeafSpot\test_000232.jpg,LeafSpot,2,0.995311,ACCEPT,0.000248,0.002230,0.995311,0.001909,0.000302,
datasets\crop_disease\test\LeafSpot\test_000233.jpg,LeafSpot,2,0.999996,ACCEPT,0.000001,0.000003,0.999996,0.000000,0.000000,
datasets\crop_disease\test\LeafSpot\test_000234.jpg,LeafSpot,2,0.999444,ACCEPT,0.000551,0.000004,0.999444,0.000001,0.000000,
datasets\crop_disease\test\LeafSpot\test_000235.jpg,LeafSpot,2,0.999121,ACCEPT,0.000872,0.000001,0.999121,0.000004,0.000002,
datasets\crop_disease\test\LeafSpot\test_000236.jpg,LeafSpot,2,0.999708,ACCEPT,0.000010,0.000279,0.999708,0.000000,0.000003,
datasets\crop_disease\test\LeafSpot\test_000237.jpg,LeafSpot,2,0.999756,ACCEPT,0.000022,0.000198,0.999756,0.000000,0.000024,
datasets\crop_disease\test\LeafSpot\test_000238.jpg,LeafSpot,2,0.999779,ACCEPT,0.000050,0.000164,0.999779,0.000000,0.000007,
datasets\crop_disease\test\LeafSpot\test_000239.jpg,LeafSpot,2,0.999997,ACCEPT,0.000003,0.000000,0.999997,0.000000,0.000000,
datasets\crop_disease\test\LeafSpot\test_000240.jpg,LeafSpot,2,0.999964,ACCEPT,0.000034,0.000002,0.999964,0.000000,0.000001,
datasets\crop_disease\test\LeafSpot\test_000241.jpg,LeafSpot,2,1.000000,ACCEPT,0.000000,0.000000,1.000000,0.000000,0.000000,
datasets\crop_disease\test\LeafSpot\test_000242.jpg,LeafSpot,2,0.999823,ACCEPT,0.000157,0.000018,0.999823,0.000002,0.000000,
datasets\crop_disease\test\LeafSpot\test_000243.jpg,LeafSpot,2,0.998950,ACCEPT,0.000824,0.000205,0.998950,0.000002,0.000018,
datasets\crop_disease\test\LeafSpot\test_000244.jpg,LeafSpot,2,0.999995,ACCEPT,0.000000,0.000004,0.999995,0.000000,0.000000,
datasets\crop_disease\test\LeafSpot\test_000245.jpg,LeafSpot,2,0.999849,ACCEPT,0.000151,0.000000,0.999849,0.000000,0.000000,
datasets\crop_disease\test\LeafSpot\test_000246.jpg,LeafSpot,2,0.999996,ACCEPT,0.000001,0.000000,0.999996,0.000000,0.000003,
datasets\crop_disease\test\LeafSpot\test_000247.jpg,LeafSpot,2,0.999999,ACCEPT,0.000001,0.000000,0.999999,0.000000,0.000000,
datasets\crop_disease\test\LeafSpot\test_000248.jpg,LeafSpot,2,0.999999,ACCEPT,0.000001,0.000000,0.999999,0.000000,0.000000,
datasets\crop_disease\test\LeafSpot\test_000249.jpg,LeafSpot,2,0.999994,ACCEPT,0.000006,0.000000,0.999994,0.000000,0.000000,
datasets\crop_disease\test\LeafSpot\test_000250.jpg,LeafSpot,2,0.999998,ACCEPT,0.000001,0.000000,0.999998,0.000000,0.000001,
datasets\crop_disease\test\LeafSpot\test_000251.jpg,LeafSpot,2,0.999950,ACCEPT,0.000036,0.000010,0.999950,0.000002,0.000002,
datasets\crop_disease\test\LeafSpot\test_000252.jpg,LeafSpot,2,0.999989,ACCEPT,0.000009,0.000000,0.999989,0.000000,0.000002,
datasets\crop_disease\test\LeafSpot\test_000253.jpg,LeafSpot,2,1.000000,ACCEPT,0.000000,0.000000,1.000000,0.000000,0.000000,
datasets\crop_disease\test\LeafSpot\test_000254.jpg,LeafSpot,2,0.999987,ACCEPT,0.000006,0.000003,0.999987,0.000001,0.000004,
datasets\crop_disease\test\LeafSpot\test_000255.jpg,LeafSpot,2,0.999993,ACCEPT,0.000002,0.000002,0.999993,0.000002,0.000001,
datasets\crop_disease\test\LeafSpot\test_000256.jpg,LeafSpot,2,0.999992,ACCEPT,0.000002,0.000005,0.999992,0.000000,0.000001,
datasets\crop_disease\test\LeafSpot\test_000257.jpg,LeafSpot,2,0.999990,ACCEPT,0.000002,0.000008,0.999990,0.000000,0.000000,
datasets\crop_disease\test\LeafSpot\test_000258.jpg,LeafSpot,2,0.999173,ACCEPT,0.000807,0.000016,0.999173,0.000003,0.000000,
datasets\crop_disease\test\LeafSpot\test_000259.jpg,LeafSpot,2,0.999879,ACCEPT,0.000012,0.000108,0.999879,0.000000,0.000000,
datasets\crop_disease\test\LeafSpot\test_000260.jpg,LeafSpot,2,0.999892,ACCEPT,0.000000,0.000106,0.999892,0.000000,0.000001,
datasets\crop_disease\test\LeafSpot\test_000261.jpg,LeafSpot,2,0.999981,ACCEPT,0.000018,0.000000,0.999981,0.000000,0.000001,
datasets\crop_disease\test\LeafSpot\test_000262.jpg,LeafSpot,2,1.000000,ACCEPT,0.000000,0.000000,1.000000,0.000000,0.000000,
datasets\crop_disease\test\LeafSpot\test_000263.jpg,LeafSpot,2,0.999950,ACCEPT,0.000041,0.000006,0.999950,0.000003,0.000000,
datasets\crop_disease\test\LeafSpot\test_000264.jpg,LeafSpot,2,0.999995,ACCEPT,0.000005,0.000000,0.999995,0.000000,0.000000,
datasets\crop_disease\test\LeafSpot\test_000265.jpg,LeafSpot,2,0.999999,ACCEPT,0.000000,0.000000,0.999999,0.000000,0.000000,
datasets\crop_disease\test\LeafSpot\test_000266.jpg,LeafSpot,2,0.998852,ACCEPT,0.001071,0.000066,0.998852,0.000005,0.000006,
datasets\crop_disease\test\LeafSpot\test_000267.jpg,LeafSpot,2,0.993764,ACCEPT,0.006235,0.000000,0.993764,0.000001,0.000000,
datasets\crop_disease\test\LeafSpot\test_000268.jpg,LeafSpot,2,0.999982,ACCEPT,0.000017,0.000000,0.999982,0.000000,0.000000,
datasets\crop_disease\test\LeafSpot\test_000269.jpg,LeafSpot,2,0.999993,ACCEPT,0.000000,0.000006,0.999993,0.000000,0.000000,
datasets\crop_disease\test\LeafSpot\test_000270.jpg,LeafSpot,2,0.999981,ACCEPT,0.000004,0.000000,0.999981,0.000002,0.000014,
datasets\crop_disease\test\LeafSpot\test_000271.jpg,LeafSpot,2,0.999969,ACCEPT,0.000030,0.000000,0.999969,0.000000,0.000000,
datasets\crop_disease\test\LeafSpot\test_000272.jpg,LeafSpot,2,0.999999,ACCEPT,0.000001,0.000000,0.999999,0.000000,0.000000,
datasets\crop_disease\test\LeafSpot\test_000273.jpg,LeafSpot,2,0.998152,ACCEPT,0.001476,0.000370,0.998152,0.000000,0.000001,
datasets\crop_disease\test\LeafSpot\test_000274.jpg,LeafSpot,2,0.999975,ACCEPT,0.000010,0.000009,0.999975,0.000000,0.000006,
datasets\crop_disease\test\LeafSpot\test_000275.jpg,LeafSpot,2,0.999969,ACCEPT,0.000031,0.000000,0.999969,0.000000,0.000000,
datasets\crop_disease\test\LeafSpot\test_000276.jpg,LeafSpot,2,0.999995,ACCEPT,0.000001,0.000000,0.999995,0.000000,0.000004,
datasets\crop_disease\test\LeafSpot\test_000277.jpg,LeafSpot,2,0.999999,ACCEPT,0.000000,0.000000,0.999999,0.000000,0.000001,
datasets\crop_disease\test\LeafSpot\test_000278.jpg,LeafSpot,2,0.999951,ACCEPT,0.000000,0.000004,0.999951,0.000000,0.000045,
datasets\crop_disease\test\LeafSpot\test_000279.jpg,LeafSpot,2,0.999873,ACCEPT,0.000083,0.000043,0.999873,0.000001,0.000000,
datasets\crop_disease\test\LeafSpot\test_000280.jpg,LeafSpot,2,0.999967,ACCEPT,0.000032,0.000001,0.999967,0.000000,0.000000,
datasets\crop_disease\test\LeafSpot\test_000281.jpg,LeafSpot,2,0.789521,ACCEPT,0.032105,0.176901,0.789521,0.001417,0.000057,
datasets\crop_disease\test\LeafSpot\test_000282.jpg,LeafSpot,2,1.000000,ACCEPT,0.000000,0.000000,1.000000,0.000000,0.000000,
datasets\crop_disease\test\LeafSpot\test_000283.jpg,LeafSpot,2,0.547994,NEEDS-REVIEW,0.451395,0.000211,0.547994,0.000393,0.000007,
datasets\crop_disease\test\LeafSpot\test_000284.jpg,LeafSpot,2,0.999999,ACCEPT,0.000001,0.000000,0.999999,0.000000,0.000000,
datasets\crop_disease\test\LeafSpot\test_000285.jpg,LeafSpot,2,1.000000,ACCEPT,0.000000,0.000000,1.000000,0.000000,0.000000,
datasets\crop_disease\test\LeafSpot\test_000286.jpg,LeafSpot,2,0.959762,ACCEPT,0.000008,0.040191,0.959762,0.000038,0.000002,
datasets\crop_disease\test\LeafSpot\test_000287.jpg,LeafSpot,2,1.000000,ACCEPT,0.000000,0.000000,1.000000,0.000000,0.000000,
datasets\crop_disease\test\LeafSpot\test_000288.jpg,LeafSpot,2,0.999640,ACCEPT,0.000043,0.000101,0.999640,0.000215,0.000002,
datasets\crop_disease\test\LeafSpot\test_000289.jpg,LeafSpot,2,0.999890,ACCEPT,0.000037,0.000066,0.999890,0.000007,0.000001,
datasets\crop_disease\test\LeafSpot\test_000290.jpg,LeafSpot,2,0.999934,ACCEPT,0.000064,0.000002,0.999934,0.000000,0.000000,
datasets\crop_disease\test\LeafSpot\test_000291.jpg,LeafSpot,2,0.999764,ACCEPT,0.000230,0.000004,0.999764,0.000000,0.000002,
datasets\crop_disease\test\LeafSpot\test_000292.jpg,LeafSpot,2,0.999881,ACCEPT,0.000116,0.000002,0.999881,0.000000,0.000001,
datasets\crop_disease\test\LeafSpot\test_000293.jpg,LeafSpot,2,0.999987,ACCEPT,0.000007,0.000005,0.999987,0.000000,0.000001,
datasets\crop_disease\test\LeafSpot\test_000294.jpg,LeafSpot,2,0.999994,ACCEPT,0.000004,0.000002,0.999994,0.000000,0.000000,
datasets\crop_disease\test\LeafSpot\test_000295.jpg,LeafSpot,2,0.999975,ACCEPT,0.000009,0.000002,0.999975,0.000000,0.000013,
datasets\crop_disease\test\LeafSpot\test_000296.jpg,LeafSpot,2,0.999998,ACCEPT,0.000001,0.000001,0.999998,0.000000,0.000000,
datasets\crop_disease\test\LeafSpot\test_000297.jpg,LeafSpot,2,1.000000,ACCEPT,0.000000,0.000000,1.000000,0.000000,0.000000,
datasets\crop_disease\test\LeafSpot\test_000298.jpg,LeafSpot,2,0.999947,ACCEPT,0.000033,0.000013,0.999947,0.000000,0.000006,
datasets\crop_disease\test\LeafSpot\test_000299.jpg,LeafSpot,2,0.999999,ACCEPT,0.000001,0.000000,0.999999,0.000000,0.000000,
datasets\crop_disease\test\LeafSpot\test_000300.jpg,LeafSpot,2,0.999998,ACCEPT,0.000001,0.000001,0.999998,0.000000,0.000000,
datasets\crop_disease\test\LeafSpot\test_000301.jpg,LeafSpot,2,0.998683,ACCEPT,0.000401,0.000910,0.998683,0.000006,0.000001,
datasets\crop_disease\test\LeafSpot\test_000302.jpg,LeafSpot,2,0.999957,ACCEPT,0.000036,0.000000,0.999957,0.000003,0.000004,
datasets\crop_disease\test\LeafSpot\test_000303.jpg,LeafSpot,2,0.999814,ACCEPT,0.000001,0.000185,0.999814,0.000000,0.000000,
datasets\crop_disease\test\LeafSpot\test_000304.jpg,LeafSpot,2,0.998635,ACCEPT,0.001363,0.000000,0.998635,0.000000,0.000002,
datasets\crop_disease\test\LeafSpot\test_000305.jpg,LeafSpot,2,0.999998,ACCEPT,0.000000,0.000001,0.999998,0.000000,0.000000,
datasets\crop_disease\test\LeafSpot\test_000306.jpg,LeafSpot,2,0.999998,ACCEPT,0.000000,0.000000,0.999998,0.000000,0.000002,
datasets\crop_disease\test\LeafSpot\test_000307.jpg,LeafSpot,2,0.999997,ACCEPT,0.000001,0.000001,0.999997,0.000000,0.000001,
datasets\crop_disease\test\LeafSpot\test_000308.jpg,LeafSpot,2,0.999997,ACCEPT,0.000001,0.000001,0.999997,0.000000,0.000000,
datasets\crop_disease\test\LeafSpot\test_000309.jpg,LeafSpot,2,0.999552,ACCEPT,0.000438,0.000006,0.999552,0.000003,0.000000,
datasets\crop_disease\test\LeafSpot\test_000310.jpg,LeafSpot,2,0.999999,ACCEPT,0.000000,0.000001,0.999999,0.000000,0.000000,
datasets\crop_disease\test\LeafSpot\test_000311.jpg,LeafSpot,2,1.000000,ACCEPT,0.000000,0.000000,1.000000,0.000000,0.000000,
datasets\crop_disease\test\LeafSpot\test_000312.jpg,LeafSpot,2,0.999996,ACCEPT,0.000004,0.000000,0.999996,0.000000,0.000000,
datasets\crop_disease\test\LeafSpot\test_000313.jpg,LeafSpot,2,1.000000,ACCEPT,0.000000,0.000000,1.000000,0.000000,0.000000,
datasets\crop_disease\test\LeafSpot\test_000314.jpg,LeafSpot,2,1.000000,ACCEPT,0.000000,0.000000,1.000000,0.000000,0.000000,
datasets\crop_disease\test\LeafSpot\test_000315.jpg,LeafSpot,2,0.999955,ACCEPT,0.000004,0.000038,0.999955,0.000002,0.000000,
datasets\crop_disease\test\LeafSpot\test_000316.jpg,LeafSpot,2,0.999998,ACCEPT,0.000002,0.000000,0.999998,0.000000,0.000000,
datasets\crop_disease\test\LeafSpot\test_000317.jpg,LeafSpot,2,0.998963,ACCEPT,0.000081,0.000953,0.998963,0.000000,0.000003,
datasets\crop_disease\test\LeafSpot\test_000318.jpg,LeafSpot,2,0.999736,ACCEPT,0.000258,0.000003,0.999736,0.000003,0.000000,
datasets\crop_disease\test\LeafSpot\test_000319.jpg,LeafSpot,2,0.999930,ACCEPT,0.000069,0.000000,0.999930,0.000000,0.000000,
datasets\crop_disease\test\LeafSpot\test_000320.jpg,LeafSpot,2,0.999631,ACCEPT,0.000368,0.000002,0.999631,0.000000,0.000000,
datasets\crop_disease\test\LeafSpot\test_000321.jpg,LeafSpot,2,0.997642,ACCEPT,0.002358,0.000000,0.997642,0.000000,0.000000,
datasets\crop_disease\test\LeafSpot\test_000322.jpg,LeafSpot,2,0.999589,ACCEPT,0.000408,0.000002,0.999589,0.000000,0.000002,
datasets\crop_disease\test\LeafSpot\test_000323.jpg,LeafSpot,2,0.996114,ACCEPT,0.003300,0.000513,0.996114,0.000042,0.000031,
datasets\crop_disease\test\LeafSpot\test_000324.jpg,LeafSpot,2,0.989021,ACCEPT,0.008597,0.000441,0.989021,0.001940,0.000001,
datasets\crop_disease\test\LeafSpot\test_000325.jpg,LeafSpot,2,0.998020,ACCEPT,0.001959,0.000019,0.998020,0.000000,0.000002,
datasets\crop_disease\test\LeafSpot\test_000326.jpg,LeafSpot,2,0.998165,ACCEPT,0.001833,0.000000,0.998165,0.000000,0.000002,
datasets\crop_disease\test\LeafSpot\test_000327.jpg,LeafSpot,2,0.890313,ACCEPT,0.103251,0.006424,0.890313,0.000001,0.000011,
datasets\crop_disease\test\LeafSpot\test_000328.jpg,LeafSpot,2,0.999631,ACCEPT,0.000369,0.000000,0.999631,0.000000,0.000000,
datasets\crop_disease\test\LeafSpot\test_000329.jpg,LeafSpot,2,0.993736,ACCEPT,0.002659,0.003556,0.993736,0.000048,0.000001,
datasets\crop_disease\test\LeafSpot\test_000330.jpg,LeafSpot,2,0.999998,ACCEPT,0.000001,0.000000,0.999998,0.000000,0.000000,
datasets\crop_disease\test\LeafSpot\test_000331.jpg,LeafSpot,2,0.991533,ACCEPT,0.008460,0.000007,0.991533,0.000000,0.000000,
datasets\crop_disease\test\LeafSpot\test_000332.jpg,LeafSpot,2,0.994641,ACCEPT,0.005359,0.000000,0.994641,0.000000,0.000000,
datasets\crop_disease\test\LeafSpot\test_000333.jpg,LeafSpot,2,0.993581,ACCEPT,0.005997,0.000422,0.993581,0.000000,0.000001,
datasets\crop_disease\test\LeafSpot\test_000334.jpg,LeafSpot,2,0.999107,ACCEPT,0.000893,0.000000,0.999107,0.000000,0.000000,
datasets\crop_disease\test\LeafSpot\test_000335.jpg,LeafSpot,2,0.999430,ACCEPT,0.000485,0.000066,0.999430,0.000016,0.000002,
datasets\crop_disease\test\LeafSpot\test_000336.jpg,LeafSpot,2,0.999970,ACCEPT,0.000024,0.000006,0.999970,0.000000,0.000000,
datasets\crop_disease\test\LeafSpot\test_000337.jpg,LeafSpot,2,0.999245,ACCEPT,0.000755,0.000000,0.999245,0.000000,0.000000,
datasets\crop_disease\test\LeafSpot\test_000338.jpg,LeafSpot,2,0.999282,ACCEPT,0.000717,0.000000,0.999282,0.000000,0.000000,
datasets\crop_disease\test\LeafSpot\test_000339.jpg,LeafSpot,2,1.000000,ACCEPT,0.000000,0.000000,1.000000,0.000000,0.000000,
datasets\crop_disease\test\LeafSpot\test_000340.jpg,LeafSpot,2,0.999899,ACCEPT,0.000097,0.000004,0.999899,0.000000,0.000000,
datasets\crop_disease\test\LeafSpot\test_000341.jpg,LeafSpot,2,0.918450,ACCEPT,0.080774,0.000503,0.918450,0.000006,0.000267,
datasets\crop_disease\test\LeafSpot\test_000342.jpg,LeafSpot,2,0.999498,ACCEPT,0.000501,0.000000,0.999498,0.000000,0.000000,
datasets\crop_disease\test\LeafSpot\test_000343.jpg,LeafSpot,2,0.999889,ACCEPT,0.000108,0.000003,0.999889,0.000000,0.000000,
datasets\crop_disease\test\LeafSpot\test_000344.jpg,Blight,0,0.933221,ACCEPT,0.933221,0.000128,0.066633,0.000000,0.000018,
datasets\crop_disease\test\LeafSpot\test_000345.jpg,LeafSpot,2,0.999796,ACCEPT,0.000204,0.000001,0.999796,0.000000,0.000000,
datasets\crop_disease\test\LeafSpot\test_000346.jpg,LeafSpot,2,0.998320,ACCEPT,0.001678,0.000001,0.998320,0.000000,0.000001,
datasets\crop_disease\test\LeafSpot\test_000347.jpg,LeafSpot,2,0.977400,ACCEPT,0.022380,0.000219,0.977400,0.000000,0.000000,
datasets\crop_disease\test\LeafSpot\test_000348.jpg,LeafSpot,2,0.980785,ACCEPT,0.019055,0.000155,0.980785,0.000001,0.000005,
datasets\crop_disease\test\LeafSpot\test_000349.jpg,LeafSpot,2,0.999971,ACCEPT,0.000029,0.000000,0.999971,0.000000,0.000000,
datasets\crop_disease\test\LeafSpot\test_000350.jpg,Blight,0,0.662896,ACCEPT,0.662896,0.000821,0.336256,0.000021,0.000007,
datasets\crop_disease\test\LeafSpot\test_000351.jpg,LeafSpot,2,0.999853,ACCEPT,0.000129,0.000017,0.999853,0.000000,0.000001,
datasets\crop_disease\test\LeafSpot\test_000352.jpg,LeafSpot,2,0.999913,ACCEPT,0.000087,0.000000,0.999913,0.000000,0.000000,
datasets\crop_disease\test\LeafSpot\test_000353.jpg,LeafSpot,2,0.991637,ACCEPT,0.008356,0.000007,0.991637,0.000000,0.000000,
datasets\crop_disease\test\LeafSpot\test_000354.jpg,LeafSpot,2,0.999968,ACCEPT,0.000032,0.000000,0.999968,0.000000,0.000000,
datasets\crop_disease\test\LeafSpot\test_000355.jpg,LeafSpot,2,0.999993,ACCEPT,0.000007,0.000000,0.999993,0.000000,0.000000,
datasets\crop_disease\test\LeafSpot\test_000356.jpg,LeafSpot,2,0.957554,ACCEPT,0.041925,0.000514,0.957554,0.000006,0.000001,
datasets\crop_disease\test\LeafSpot\test_000357.jpg,LeafSpot,2,0.768748,ACCEPT,0.231083,0.000162,0.768748,0.000007,0.000000,
datasets\crop_disease\test\LeafSpot\test_000358.jpg,LeafSpot,2,0.999747,ACCEPT,0.000172,0.000080,0.999747,0.000001,0.000000,
datasets\crop_disease\test\LeafSpot\test_000359.jpg,LeafSpot,2,0.999934,ACCEPT,0.000066,0.000000,0.999934,0.000000,0.000000,
datasets\crop_disease\test\LeafSpot\test_000360.jpg,LeafSpot,2,0.999986,ACCEPT,0.000013,0.000001,0.999986,0.000000,0.000001,
datasets\crop_disease\test\LeafSpot\test_000361.jpg,LeafSpot,2,0.999979,ACCEPT,0.000021,0.000000,0.999979,0.000000,0.000000,
datasets\crop_disease\test\LeafSpot\test_000362.jpg,LeafSpot,2,0.890790,ACCEPT,0.109207,0.000003,0.890790,0.000000,0.000000,
datasets\crop_disease\test\LeafSpot\test_000363.jpg,LeafSpot,2,0.999743,ACCEPT,0.000256,0.000001,0.999743,0.000000,0.000000,
datasets\crop_disease\test\LeafSpot\test_000364.jpg,LeafSpot,2,0.999956,ACCEPT,0.000041,0.000003,0.999956,0.000000,0.000000,
datasets\crop_disease\test\LeafSpot\test_000365.jpg,LeafSpot,2,0.999727,ACCEPT,0.000272,0.000001,0.999727,0.000000,0.000000,
datasets\crop_disease\test\LeafSpot\test_000366.jpg,LeafSpot,2,0.999852,ACCEPT,0.000145,0.000003,0.999852,0.000000,0.000000,
datasets\crop_disease\test\LeafSpot\test_000367.jpg,LeafSpot,2,0.999999,ACCEPT,0.000001,0.000000,0.999999,0.000000,0.000000,
datasets\crop_disease\test\LeafSpot\test_000368.jpg,LeafSpot,2,0.998041,ACCEPT,0.001953,0.000002,0.998041,0.000000,0.000004,
datasets\crop_disease\test\LeafSpot\test_000369.jpg,LeafSpot,2,0.952776,ACCEPT,0.046188,0.001035,0.952776,0.000000,0.000000,
datasets\crop_disease\test\LeafSpot\test_000370.jpg,Blight,0,0.523760,NEEDS-REVIEW,0.523760,0.001014,0.475222,0.000000,0.000004,
datasets\crop_disease\test\LeafSpot\test_000371.jpg,Blight,0,0.531066,NEEDS-REVIEW,0.531066,0.003848,0.465076,0.000005,0.000005,
datasets\crop_disease\test\LeafSpot\test_000372.jpg,LeafSpot,2,0.999807,ACCEPT,0.000192,0.000000,0.999807,0.000000,0.000000,
datasets\crop_disease\test\LeafSpot\test_000373.jpg,LeafSpot,2,0.999987,ACCEPT,0.000013,0.000001,0.999987,0.000000,0.000000,
datasets\crop_disease\test\LeafSpot\test_000374.jpg,LeafSpot,2,0.999998,ACCEPT,0.000002,0.000000,0.999998,0.000000,0.000000,
datasets\crop_disease\test\LeafSpot\test_000375.jpg,LeafSpot,2,0.998107,ACCEPT,0.001854,0.000033,0.998107,0.000005,0.000000,
datasets\crop_disease\test\LeafSpot\test_000376.jpg,LeafSpot,2,0.998206,ACCEPT,0.001704,0.000078,0.998206,0.000000,0.000012,
datasets\crop_disease\test\LeafSpot\test_000377.jpg,LeafSpot,2,0.644908,NEEDS-REVIEW,0.354277,0.000803,0.644908,0.000001,0.000011,
datasets\crop_disease\test\LeafSpot\test_000378.jpg,LeafSpot,2,0.999874,ACCEPT,0.000009,0.000116,0.999874,0.000001,0.000001,
datasets\crop_disease\test\LeafSpot\test_000379.jpg,LeafSpot,2,0.999933,ACCEPT,0.000064,0.000003,0.999933,0.000000,0.000000,
datasets\crop_disease\test\LeafSpot\test_000380.jpg,LeafSpot,2,0.999838,ACCEPT,0.000155,0.000005,0.999838,0.000001,0.000001,
datasets\crop_disease\test\LeafSpot\test_000381.jpg,LeafSpot,2,0.999924,ACCEPT,0.000076,0.000000,0.999924,0.000000,0.000000,
datasets\crop_disease\test\LeafSpot\test_000382.jpg,LeafSpot,2,0.986079,ACCEPT,0.013784,0.000047,0.986079,0.000002,0.000088,
datasets\crop_disease\test\LeafSpot\test_000383.jpg,LeafSpot,2,0.998771,ACCEPT,0.001115,0.000113,0.998771,0.000000,0.000000,
datasets\crop_disease\test\LeafSpot\test_000384.jpg,LeafSpot,2,0.997622,ACCEPT,0.002377,0.000001,0.997622,0.000000,0.000001,
datasets\crop_disease\test\LeafSpot\test_000385.jpg,LeafSpot,2,0.937639,ACCEPT,0.062349,0.000011,0.937639,0.000000,0.000001,
datasets\crop_disease\test\LeafSpot\test_000386.jpg,LeafSpot,2,0.992114,ACCEPT,0.007879,0.000007,0.992114,0.000000,0.000000,
datasets\crop_disease\test\LeafSpot\test_000387.jpg,LeafSpot,2,0.996168,ACCEPT,0.003825,0.000006,0.996168,0.000000,0.000000,
datasets\crop_disease\test\LeafSpot\test_000388.jpg,LeafSpot,2,0.999745,ACCEPT,0.000246,0.000009,0.999745,0.000000,0.000000,
datasets\crop_disease\test\LeafSpot\test_000389.jpg,LeafSpot,2,0.993531,ACCEPT,0.006128,0.000333,0.993531,0.000007,0.000001,
datasets\crop_disease\test\LeafSpot\test_000390.jpg,LeafSpot,2,0.997090,ACCEPT,0.002481,0.000430,0.997090,0.000000,0.000000,
datasets\crop_disease\test\LeafSpot\test_000391.jpg,LeafSpot,2,0.999866,ACCEPT,0.000121,0.000013,0.999866,0.000000,0.000000,
datasets\crop_disease\test\LeafSpot\test_000392.jpg,LeafSpot,2,0.997073,ACCEPT,0.002835,0.000023,0.997073,0.000000,0.000069,
datasets\crop_disease\test\LeafSpot\test_000393.jpg,LeafSpot,2,0.999780,ACCEPT,0.000220,0.000000,0.999780,0.000000,0.000000,
datasets\crop_disease\test\LeafSpot\test_000394.jpg,LeafSpot,2,0.999884,ACCEPT,0.000115,0.000001,0.999884,0.000000,0.000000,
datasets\crop_disease\test\LeafSpot\test_000395.jpg,LeafSpot,2,0.999845,ACCEPT,0.000155,0.000000,0.999845,0.000000,0.000000,
datasets\crop_disease\test\LeafSpot\test_000396.jpg,LeafSpot,2,0.998836,ACCEPT,0.000012,0.001152,0.998836,0.000000,0.000000,
datasets\crop_disease\test\LeafSpot\test_000397.jpg,LeafSpot,2,0.989220,ACCEPT,0.010780,0.000000,0.989220,0.000000,0.000000,
datasets\crop_disease\test\LeafSpot\test_000398.jpg,LeafSpot,2,0.977760,ACCEPT,0.021727,0.000438,0.977760,0.000074,0.000001,
datasets\crop_disease\test\LeafSpot\test_000399.jpg,LeafSpot,2,0.999965,ACCEPT,0.000027,0.000008,0.999965,0.000000,0.000000,
datasets\crop_disease\test\LeafSpot\test_000400.jpg,LeafSpot,2,0.991627,ACCEPT,0.008365,0.000008,0.991627,0.000000,0.000000,
datasets\crop_disease\test\LeafSpot\test_000401.jpg,LeafSpot,2,0.999985,ACCEPT,0.000015,0.000000,0.999985,0.000000,0.000000,
datasets\crop_disease\test\LeafSpot\test_000402.jpg,LeafSpot,2,0.999944,ACCEPT,0.000054,0.000001,0.999944,0.000000,0.000000,
datasets\crop_disease\test\LeafSpot\test_000403.jpg,LeafSpot,2,0.986361,ACCEPT,0.013335,0.000303,0.986361,0.000001,0.000000,
datasets\crop_disease\test\LeafSpot\test_000404.jpg,LeafSpot,2,0.683598,ACCEPT,0.315415,0.000985,0.683598,0.000001,0.000001,
datasets\crop_disease\test\LeafSpot\test_000405.jpg,LeafSpot,2,0.999940,ACCEPT,0.000060,0.000000,0.999940,0.000000,0.000000,
datasets\crop_disease\test\LeafSpot\test_000406.jpg,LeafSpot,2,0.999883,ACCEPT,0.000112,0.000005,0.999883,0.000000,0.000000,
datasets\crop_disease\test\LeafSpot\test_000407.jpg,LeafSpot,2,0.999716,ACCEPT,0.000266,0.000018,0.999716,0.000000,0.000001,
datasets\crop_disease\test\LeafSpot\test_000408.jpg,LeafSpot,2,0.957326,ACCEPT,0.042670,0.000003,0.957326,0.000000,0.000001,
datasets\crop_disease\test\LeafSpot\test_000409.jpg,LeafSpot,2,0.999993,ACCEPT,0.000007,0.000000,0.999993,0.000000,0.000000,
datasets\crop_disease\test\LeafSpot\test_000410.jpg,LeafSpot,2,0.999914,ACCEPT,0.000078,0.000008,0.999914,0.000000,0.000000,
datasets\crop_disease\test\LeafSpot\test_000411.jpg,LeafSpot,2,0.995291,ACCEPT,0.004702,0.000005,0.995291,0.000000,0.000003,
datasets\crop_disease\test\LeafSpot\test_000412.jpg,LeafSpot,2,0.999722,ACCEPT,0.000233,0.000043,0.999722,0.000000,0.000002,
datasets\crop_disease\test\LeafSpot\test_000413.jpg,LeafSpot,2,0.640147,NEEDS-REVIEW,0.358018,0.001828,0.640147,0.000000,0.000007,
datasets\crop_disease\test\LeafSpot\test_000414.jpg,LeafSpot,2,0.969526,ACCEPT,0.030417,0.000055,0.969526,0.000001,0.000001,
datasets\crop_disease\test\LeafSpot\test_000415.jpg,LeafSpot,2,0.998637,ACCEPT,0.000367,0.000996,0.998637,0.000000,0.000000,
datasets\crop_disease\test\LeafSpot\test_000416.jpg,LeafSpot,2,0.999727,ACCEPT,0.000273,0.000000,0.999727,0.000000,0.000000,
datasets\crop_disease\test\LeafSpot\test_000417.jpg,LeafSpot,2,0.999474,ACCEPT,0.000494,0.000030,0.999474,0.000002,0.000000,
datasets\crop_disease\test\LeafSpot\test_000418.jpg,LeafSpot,2,0.999584,ACCEPT,0.000413,0.000003,0.999584,0.000001,0.000000,
datasets\crop_disease\test\LeafSpot\test_000419.jpg,LeafSpot,2,0.999915,ACCEPT,0.000084,0.000001,0.999915,0.000000,0.000001,
datasets\crop_disease\test\LeafSpot\test_000420.jpg,LeafSpot,2,0.999979,ACCEPT,0.000020,0.000001,0.999979,0.000000,0.000000,
datasets\crop_disease\test\LeafSpot\test_000421.jpg,LeafSpot,2,0.732859,ACCEPT,0.266202,0.000878,0.732859,0.000000,0.000061,
datasets\crop_disease\test\LeafSpot\test_000422.jpg,LeafSpot,2,0.999982,ACCEPT,0.000015,0.000003,0.999982,0.000000,0.000000,
datasets\crop_disease\test\LeafSpot\test_000423.jpg,LeafSpot,2,0.999875,ACCEPT,0.000090,0.000034,0.999875,0.000001,0.000001,
datasets\crop_disease\test\LeafSpot\test_000424.jpg,LeafSpot,2,0.999983,ACCEPT,0.000017,0.000000,0.999983,0.000000,0.000000,
datasets\crop_disease\test\LeafSpot\test_000425.jpg,LeafSpot,2,0.999740,ACCEPT,0.000260,0.000000,0.999740,0.000000,0.000000,
datasets\crop_disease\test\LeafSpot\test_000426.jpg,LeafSpot,2,0.999974,ACCEPT,0.000021,0.000006,0.999974,0.000000,0.000000,
datasets\crop_disease\test\LeafSpot\test_000427.jpg,LeafSpot,2,0.999988,ACCEPT,0.000012,0.000000,0.999988,0.000000,0.000000,
datasets\crop_disease\test\LeafSpot\test_000428.jpg,LeafSpot,2,0.999758,ACCEPT,0.000241,0.000001,0.999758,0.000000,0.000000,
datasets\crop_disease\test\LeafSpot\test_000429.jpg,LeafSpot,2,0.999978,ACCEPT,0.000022,0.000000,0.999978,0.000000,0.000000,
datasets\crop_disease\test\LeafSpot\test_000430.jpg,LeafSpot,2,0.998633,ACCEPT,0.001367,0.000000,0.998633,0.000000,0.000000,
datasets\crop_disease\test\LeafSpot\test_000431.jpg,LeafSpot,2,0.999993,ACCEPT,0.000005,0.000002,0.999993,0.000000,0.000000,
datasets\crop_disease\test\LeafSpot\test_000432.jpg,LeafSpot,2,0.998720,ACCEPT,0.001270,0.000010,0.998720,0.000000,0.000000,
datasets\crop_disease\test\LeafSpot\test_000433.jpg,LeafSpot,2,0.991865,ACCEPT,0.000018,0.008115,0.991865,0.000000,0.000001,
datasets\crop_disease\test\LeafSpot\test_000434.jpg,LeafSpot,2,0.999995,ACCEPT,0.000005,0.000000,0.999995,0.000000,0.000000,
datasets\crop_disease\test\LeafSpot\test_000435.jpg,LeafSpot,2,0.999742,ACCEPT,0.000135,0.000122,0.999742,0.000000,0.000000,
datasets\crop_disease\test\LeafSpot\test_000436.jpg,LeafSpot,2,0.999978,ACCEPT,0.000012,0.000010,0.999978,0.000000,0.000000,
datasets\crop_disease\test\LeafSpot\test_000437.jpg,LeafSpot,2,0.999941,ACCEPT,0.000058,0.000001,0.999941,0.000000,0.000000,
datasets\crop_disease\test\LeafSpot\test_000438.jpg,LeafSpot,2,0.999694,ACCEPT,0.000303,0.000003,0.999694,0.000000,0.000000,
datasets\crop_disease\test\LeafSpot\test_000439.jpg,LeafSpot,2,0.999977,ACCEPT,0.000023,0.000000,0.999977,0.000000,0.000000,
datasets\crop_disease\test\LeafSpot\test_000440.jpg,LeafSpot,2,0.999966,ACCEPT,0.000031,0.000003,0.999966,0.000000,0.000000,
datasets\crop_disease\test\LeafSpot\test_000441.jpg,LeafSpot,2,0.843806,ACCEPT,0.000266,0.155893,0.843806,0.000020,0.000014,
datasets\crop_disease\test\LeafSpot\test_000442.jpg,LeafSpot,2,0.969150,ACCEPT,0.030677,0.000173,0.969150,0.000000,0.000000,
datasets\crop_disease\test\LeafSpot\test_000443.jpg,LeafSpot,2,0.998891,ACCEPT,0.001108,0.000000,0.998891,0.000000,0.000000,
datasets\crop_disease\test\LeafSpot\test_000444.jpg,LeafSpot,2,0.995327,ACCEPT,0.004618,0.000055,0.995327,0.000000,0.000000,
datasets\crop_disease\test\LeafSpot\test_000445.jpg,LeafSpot,2,0.999957,ACCEPT,0.000041,0.000001,0.999957,0.000000,0.000001,
datasets\crop_disease\test\LeafSpot\test_000446.jpg,LeafSpot,2,0.999370,ACCEPT,0.000630,0.000000,0.999370,0.000000,0.000000,
datasets\crop_disease\test\LeafSpot\test_000447.jpg,LeafSpot,2,0.999699,ACCEPT,0.000299,0.000003,0.999699,0.000000,0.000000,
datasets\crop_disease\test\LeafSpot\test_000448.jpg,LeafSpot,2,0.999958,ACCEPT,0.000042,0.000000,0.999958,0.000000,0.000000,
datasets\crop_disease\test\LeafSpot\test_000449.jpg,LeafSpot,2,0.998882,ACCEPT,0.001054,0.000063,0.998882,0.000000,0.000001,
datasets\crop_disease\test\LeafSpot\test_000450.jpg,LeafSpot,2,0.995121,ACCEPT,0.004829,0.000046,0.995121,0.000004,0.000001,
datasets\crop_disease\test\LeafSpot\test_000451.jpg,LeafSpot,2,0.999080,ACCEPT,0.000919,0.000000,0.999080,0.000000,0.000000,
datasets\crop_disease\test\LeafSpot\test_000452.jpg,LeafSpot,2,0.997807,ACCEPT,0.002180,0.000011,0.997807,0.000000,0.000002,
datasets\crop_disease\test\LeafSpot\test_000453.jpg,LeafSpot,2,0.623165,NEEDS-REVIEW,0.376749,0.000085,0.623165,0.000000,0.000000,
datasets\crop_disease\test\LeafSpot\test_000454.jpg,LeafSpot,2,0.999961,ACCEPT,0.000039,0.000000,0.999961,0.000000,0.000000,
datasets\crop_disease\test\LeafSpot\test_000455.jpg,LeafSpot,2,0.985647,ACCEPT,0.014328,0.000025,0.985647,0.000000,0.000000,
datasets\crop_disease\test\LeafSpot\test_000456.jpg,LeafSpot,2,0.990873,ACCEPT,0.008930,0.000196,0.990873,0.000000,0.000002,
datasets\crop_disease\test\LeafSpot\test_000457.jpg,LeafSpot,2,0.957500,ACCEPT,0.026095,0.016396,0.957500,0.000007,0.000001,
datasets\crop_disease\test\LeafSpot\test_000458.jpg,LeafSpot,2,0.997715,ACCEPT,0.002275,0.000010,0.997715,0.000000,0.000000,
datasets\crop_disease\test\LeafSpot\test_000459.jpg,LeafSpot,2,0.999992,ACCEPT,0.000006,0.000001,0.999992,0.000000,0.000000,
datasets\crop_disease\test\LeafSpot\test_000460.jpg,LeafSpot,2,0.994491,ACCEPT,0.005191,0.000318,0.994491,0.000000,0.000000,
datasets\crop_disease\test\LeafSpot\test_000461.jpg,LeafSpot,2,0.999231,ACCEPT,0.000739,0.000030,0.999231,0.000000,0.000000,
datasets\crop_disease\test\LeafSpot\test_000462.jpg,LeafSpot,2,0.997239,ACCEPT,0.000104,0.002656,0.997239,0.000000,0.000001,
datasets\crop_disease\test\LeafSpot\test_000463.jpg,LeafSpot,2,0.707110,ACCEPT,0.292705,0.000122,0.707110,0.000000,0.000062,
datasets\crop_disease\test\LeafSpot\test_000464.jpg,LeafSpot,2,0.999915,ACCEPT,0.000084,0.000000,0.999915,0.000000,0.000000,
datasets\crop_disease\test\LeafSpot\test_000465.jpg,LeafSpot,2,0.999835,ACCEPT,0.000072,0.000092,0.999835,0.000000,0.000000,
datasets\crop_disease\test\LeafSpot\test_000466.jpg,LeafSpot,2,0.999214,ACCEPT,0.000785,0.000001,0.999214,0.000000,0.000000,
datasets\crop_disease\test\LeafSpot\test_000467.jpg,LeafSpot,2,0.999608,ACCEPT,0.000329,0.000063,0.999608,0.000000,0.000000,
datasets\crop_disease\test\LeafSpot\test_000468.jpg,LeafSpot,2,0.999979,ACCEPT,0.000018,0.000003,0.999979,0.000000,0.000000,
datasets\crop_disease\test\LeafSpot\test_000469.jpg,LeafSpot,2,0.999162,ACCEPT,0.000554,0.000284,0.999162,0.000000,0.000000,
datasets\crop_disease\test\LeafSpot\test_000470.jpg,LeafSpot,2,0.998299,ACCEPT,0.001693,0.000008,0.998299,0.000000,0.000000,
datasets\crop_disease\test\LeafSpot\test_000471.jpg,LeafSpot,2,0.996931,ACCEPT,0.003059,0.000010,0.996931,0.000000,0.000000,
datasets\crop_disease\test\LeafSpot\test_000472.jpg,LeafSpot,2,0.999998,ACCEPT,0.000002,0.000000,0.999998,0.000000,0.000000,
datasets\crop_disease\test\LeafSpot\test_000473.jpg,LeafSpot,2,0.980626,ACCEPT,0.006172,0.013202,0.980626,0.000000,0.000000,
datasets\crop_disease\test\LeafSpot\test_000474.jpg,LeafSpot,2,0.977966,ACCEPT,0.022033,0.000000,0.977966,0.000001,0.000000,
datasets\crop_disease\test\LeafSpot\test_000475.jpg,LeafSpot,2,0.999996,ACCEPT,0.000003,0.000000,0.999996,0.000000,0.000000,
datasets\crop_disease\test\LeafSpot\test_000476.jpg,LeafSpot,2,0.999985,ACCEPT,0.000014,0.000001,0.999985,0.000000,0.000000,
datasets\crop_disease\test\LeafSpot\test_000477.jpg,LeafSpot,2,0.999985,ACCEPT,0.000015,0.000000,0.999985,0.000000,0.000000,
datasets\crop_disease\test\LeafSpot\test_000478.jpg,LeafSpot,2,0.946914,ACCEPT,0.053056,0.000029,0.946914,0.000000,0.000001,
datasets\crop_disease\test\LeafSpot\test_000479.jpg,LeafSpot,2,0.999991,ACCEPT,0.000007,0.000002,0.999991,0.000000,0.000000,
datasets\crop_disease\test\LeafSpot\test_000480.jpg,LeafSpot,2,0.999973,ACCEPT,0.000026,0.000001,0.999973,0.000000,0.000000,
datasets\crop_disease\test\LeafSpot\test_000481.jpg,LeafSpot,2,0.999918,ACCEPT,0.000081,0.000000,0.999918,0.000000,0.000000,
datasets\crop_disease\test\LeafSpot\test_000482.jpg,LeafSpot,2,0.999409,ACCEPT,0.000591,0.000000,0.999409,0.000000,0.000000,
datasets\crop_disease\test\LeafSpot\test_000483.jpg,LeafSpot,2,0.999439,ACCEPT,0.000561,0.000000,0.999439,0.000000,0.000000,
datasets\crop_disease\test\LeafSpot\test_000484.jpg,LeafSpot,2,0.999902,ACCEPT,0.000098,0.000000,0.999902,0.000000,0.000000,
datasets\crop_disease\test\LeafSpot\test_000485.jpg,LeafSpot,2,0.999545,ACCEPT,0.000437,0.000017,0.999545,0.000000,0.000000,
datasets\crop_disease\test\LeafSpot\test_000486.jpg,LeafSpot,2,0.999620,ACCEPT,0.000380,0.000000,0.999620,0.000000,0.000000,
datasets\crop_disease\test\LeafSpot\test_000487.jpg,LeafSpot,2,0.998923,ACCEPT,0.001071,0.000006,0.998923,0.000000,0.000001,
datasets\crop_disease\test\LeafSpot\test_000488.jpg,LeafSpot,2,0.999981,ACCEPT,0.000018,0.000001,0.999981,0.000000,0.000000,
datasets\crop_disease\test\LeafSpot\test_000489.jpg,LeafSpot,2,0.991437,ACCEPT,0.008494,0.000069,0.991437,0.000000,0.000000,
datasets\crop_disease\test\LeafSpot\test_000490.jpg,LeafSpot,2,0.992993,ACCEPT,0.007005,0.000002,0.992993,0.000000,0.000000,
datasets\crop_disease\test\LeafSpot\test_000491.jpg,LeafSpot,2,0.999986,ACCEPT,0.000014,0.000001,0.999986,0.000000,0.000000,
datasets\crop_disease\test\LeafSpot\test_000492.jpg,LeafSpot,2,0.999909,ACCEPT,0.000091,0.000000,0.999909,0.000000,0.000000,
datasets\crop_disease\test\LeafSpot\test_000493.jpg,LeafSpot,2,0.999947,ACCEPT,0.000053,0.000000,0.999947,0.000000,0.000000,
datasets\crop_disease\test\LeafSpot\test_000494.jpg,LeafSpot,2,0.999246,ACCEPT,0.000489,0.000257,0.999246,0.000008,0.000000,
datasets\crop_disease\test\LeafSpot\test_000495.jpg,LeafSpot,2,0.999950,ACCEPT,0.000050,0.000000,0.999950,0.000000,0.000000,
datasets\crop_disease\test\LeafSpot\test_000496.jpg,LeafSpot,2,0.999389,ACCEPT,0.000552,0.000059,0.999389,0.000000,0.000000,
datasets\crop_disease\test\LeafSpot\test_000497.jpg,LeafSpot,2,0.999998,ACCEPT,0.000002,0.000000,0.999998,0.000000,0.000000,
datasets\crop_disease\test\LeafSpot\test_000498.jpg,LeafSpot,2,0.999992,ACCEPT,0.000007,0.000000,0.999992,0.000000,0.000000,
datasets\crop_disease\test\LeafSpot\test_000499.jpg,LeafSpot,2,0.984608,ACCEPT,0.015284,0.000109,0.984608,0.000000,0.000000,
datasets\crop_disease\test\LeafSpot\test_000500.jpg,LeafSpot,2,0.999923,ACCEPT,0.000076,0.000001,0.999923,0.000000,0.000000,
datasets\crop_disease\test\LeafSpot\test_000501.jpg,LeafSpot,2,0.999584,ACCEPT,0.000412,0.000004,0.999584,0.000000,0.000000,
datasets\crop_disease\test\LeafSpot\test_000502.jpg,LeafSpot,2,0.999982,ACCEPT,0.000018,0.000001,0.999982,0.000000,0.000000,
datasets\crop_disease\test\LeafSpot\test_000503.jpg,LeafSpot,2,0.975964,ACCEPT,0.023307,0.000693,0.975964,0.000000,0.000036,
datasets\crop_disease\test\LeafSpot\test_000504.jpg,LeafSpot,2,0.998269,ACCEPT,0.001727,0.000002,0.998269,0.000001,0.000000,
datasets\crop_disease\test\LeafSpot\test_000505.jpg,LeafSpot,2,1.000000,ACCEPT,0.000000,0.000000,1.000000,0.000000,0.000000,
datasets\crop_disease\test\LeafSpot\test_000506.jpg,LeafSpot,2,0.999996,ACCEPT,0.000004,0.000000,0.999996,0.000000,0.000000,
datasets\crop_disease\test\LeafSpot\test_000507.jpg,LeafSpot,2,0.972206,ACCEPT,0.000666,0.027124,0.972206,0.000003,0.000000,
datasets\crop_disease\test\LeafSpot\test_000508.jpg,LeafSpot,2,0.999999,ACCEPT,0.000001,0.000000,0.999999,0.000000,0.000000,
datasets\crop_disease\test\LeafSpot\test_000509.jpg,LeafSpot,2,0.999851,ACCEPT,0.000147,0.000002,0.999851,0.000000,0.000000,
datasets\crop_disease\test\LeafSpot\test_000510.jpg,LeafSpot,2,0.999989,ACCEPT,0.000011,0.000000,0.999989,0.000000,0.000000,
datasets\crop_disease\test\LeafSpot\test_000511.jpg,LeafSpot,2,0.999500,ACCEPT,0.000465,0.000035,0.999500,0.000000,0.000000,
datasets\crop_disease\test\LeafSpot\test_000512.jpg,LeafSpot,2,0.999773,ACCEPT,0.000227,0.000000,0.999773,0.000000,0.000000,
datasets\crop_disease\test\LeafSpot\test_000513.jpg,LeafSpot,2,0.999942,ACCEPT,0.000058,0.000000,0.999942,0.000000,0.000000,
datasets\crop_disease\test\LeafSpot\test_000514.jpg,LeafSpot,2,0.996144,ACCEPT,0.003686,0.000169,0.996144,0.000000,0.000001,
datasets\crop_disease\test\LeafSpot\test_000515.jpg,LeafSpot,2,0.525544,NEEDS-REVIEW,0.474427,0.000028,0.525544,0.000000,0.000000,
datasets\crop_disease\test\LeafSpot\test_000516.jpg,LeafSpot,2,0.999930,ACCEPT,0.000061,0.000009,0.999930,0.000000,0.000000,
datasets\crop_disease\test\LeafSpot\test_000517.jpg,LeafSpot,2,0.999424,ACCEPT,0.000573,0.000001,0.999424,0.000002,0.000000,
datasets\crop_disease\test\LeafSpot\test_000518.jpg,LeafSpot,2,0.999967,ACCEPT,0.000029,0.000003,0.999967,0.000001,0.000000,
datasets\crop_disease\test\LeafSpot\test_000519.jpg,LeafSpot,2,0.999991,ACCEPT,0.000009,0.000000,0.999991,0.000000,0.000000,
datasets\crop_disease\test\LeafSpot\test_000520.jpg,LeafSpot,2,0.999802,ACCEPT,0.000197,0.000000,0.999802,0.000000,0.000001,
datasets\crop_disease\test\LeafSpot\test_000521.jpg,LeafSpot,2,0.999520,ACCEPT,0.000464,0.000016,0.999520,0.000000,0.000000,
datasets\crop_disease\test\LeafSpot\test_000522.jpg,LeafSpot,2,0.999982,ACCEPT,0.000018,0.000000,0.999982,0.000000,0.000000,
datasets\crop_disease\test\LeafSpot\test_000523.jpg,LeafSpot,2,0.999975,ACCEPT,0.000024,0.000001,0.999975,0.000000,0.000000,
datasets\crop_disease\test\LeafSpot\test_000524.jpg,LeafSpot,2,0.935224,ACCEPT,0.064759,0.000015,0.935224,0.000000,0.000002,
datasets\crop_disease\test\LeafSpot\test_000525.jpg,LeafSpot,2,0.999550,ACCEPT,0.000448,0.000001,0.999550,0.000000,0.000000,
datasets\crop_disease\test\LeafSpot\test_000526.jpg,LeafSpot,2,0.999966,ACCEPT,0.000034,0.000000,0.999966,0.000000,0.000000,
datasets\crop_disease\test\LeafSpot\test_000527.jpg,LeafSpot,2,0.999988,ACCEPT,0.000012,0.000000,0.999988,0.000000,0.000000,
datasets\crop_disease\test\LeafSpot\test_000528.jpg,LeafSpot,2,0.999850,ACCEPT,0.000148,0.000002,0.999850,0.000000,0.000000,
datasets\crop_disease\test\LeafSpot\test_000529.jpg,LeafSpot,2,0.969762,ACCEPT,0.028817,0.001392,0.969762,0.000000,0.000029,
datasets\crop_disease\test\LeafSpot\test_000530.jpg,LeafSpot,2,0.999810,ACCEPT,0.000190,0.000001,0.999810,0.000000,0.000000,
datasets\crop_disease\test\LeafSpot\test_000531.jpg,LeafSpot,2,0.999570,ACCEPT,0.000321,0.000107,0.999570,0.000000,0.000001,
datasets\crop_disease\test\LeafSpot\test_000532.jpg,LeafSpot,2,0.999653,ACCEPT,0.000343,0.000004,0.999653,0.000000,0.000000,
datasets\crop_disease\test\LeafSpot\test_000533.jpg,LeafSpot,2,0.946521,ACCEPT,0.006639,0.046838,0.946521,0.000000,0.000001,
datasets\crop_disease\test\LeafSpot\test_000534.jpg,LeafSpot,2,0.980504,ACCEPT,0.009265,0.010230,0.980504,0.000001,0.000001,
datasets\crop_disease\test\LeafSpot\test_000535.jpg,LeafSpot,2,0.999111,ACCEPT,0.000888,0.000001,0.999111,0.000000,0.000000,
datasets\crop_disease\test\LeafSpot\test_000536.jpg,LeafSpot,2,0.639486,NEEDS-REVIEW,0.259174,0.101338,0.639486,0.000001,0.000001,
datasets\crop_disease\test\LeafSpot\test_000537.jpg,LeafSpot,2,0.816299,ACCEPT,0.183648,0.000032,0.816299,0.000021,0.000001,
datasets\crop_disease\test\LeafSpot\test_000538.jpg,LeafSpot,2,0.977121,ACCEPT,0.020251,0.002610,0.977121,0.000004,0.000014,
datasets\crop_disease\test\LeafSpot\test_000539.jpg,LeafSpot,2,0.970608,ACCEPT,0.028679,0.000698,0.970608,0.000000,0.000015,
datasets\crop_disease\test\LeafSpot\test_000540.jpg,LeafSpot,2,0.999793,ACCEPT,0.000207,0.000000,0.999793,0.000000,0.000000,
datasets\crop_disease\test\LeafSpot\test_000541.jpg,LeafSpot,2,0.999994,ACCEPT,0.000006,0.000000,0.999994,0.000000,0.000000,
datasets\crop_disease\test\LeafSpot\test_000542.jpg,LeafSpot,2,0.999902,ACCEPT,0.000088,0.000005,0.999902,0.000005,0.000001,
datasets\crop_disease\test\LeafSpot\test_000543.jpg,LeafSpot,2,0.999995,ACCEPT,0.000004,0.000001,0.999995,0.000000,0.000000,
datasets\crop_disease\test\LeafSpot\test_000544.jpg,LeafSpot,2,0.999580,ACCEPT,0.000127,0.000289,0.999580,0.000001,0.000002,
datasets\crop_disease\test\LeafSpot\test_000545.jpg,LeafSpot,2,0.999312,ACCEPT,0.000664,0.000018,0.999312,0.000000,0.000006,
datasets\crop_disease\test\LeafSpot\test_000546.jpg,LeafSpot,2,0.999324,ACCEPT,0.000630,0.000028,0.999324,0.000000,0.000019,
datasets\crop_disease\test\LeafSpot\test_000547.jpg,LeafSpot,2,0.999994,ACCEPT,0.000004,0.000002,0.999994,0.000000,0.000000,
datasets\crop_disease\test\LeafSpot\test_000548.jpg,LeafSpot,2,0.999118,ACCEPT,0.000882,0.000000,0.999118,0.000000,0.000000,
datasets\crop_disease\test\LeafSpot\test_000549.jpg,LeafSpot,2,0.843560,ACCEPT,0.156425,0.000012,0.843560,0.000003,0.000000,
datasets\crop_disease\test\LeafSpot\test_000550.jpg,LeafSpot,2,0.999934,ACCEPT,0.000060,0.000006,0.999934,0.000000,0.000000,
datasets\crop_disease\test\LeafSpot\test_000551.jpg,LeafSpot,2,0.999792,ACCEPT,0.000197,0.000010,0.999792,0.000000,0.000000,
datasets\crop_disease\test\LeafSpot\test_000552.jpg,LeafSpot,2,0.999972,ACCEPT,0.000028,0.000000,0.999972,0.000000,0.000000,
datasets\crop_disease\test\LeafSpot\test_000553.jpg,LeafSpot,2,0.999619,ACCEPT,0.000380,0.000001,0.999619,0.000000,0.000000,
datasets\crop_disease\test\LeafSpot\test_000554.jpg,LeafSpot,2,0.960170,ACCEPT,0.001454,0.038375,0.960170,0.000001,0.000000,
datasets\crop_disease\test\LeafSpot\test_000555.jpg,LeafSpot,2,0.999787,ACCEPT,0.000213,0.000000,0.999787,0.000000,0.000000,
datasets\crop_disease\test\LeafSpot\test_000556.jpg,LeafSpot,2,0.999647,ACCEPT,0.000347,0.000004,0.999647,0.000001,0.000000,
datasets\crop_disease\test\LeafSpot\test_000557.jpg,LeafSpot,2,0.996312,ACCEPT,0.002826,0.000815,0.996312,0.000000,0.000047,
datasets\crop_disease\test\LeafSpot\test_000558.jpg,LeafSpot,2,0.983613,ACCEPT,0.016383,0.000003,0.983613,0.000000,0.000000,
datasets\crop_disease\test\LeafSpot\test_000559.jpg,LeafSpot,2,0.992626,ACCEPT,0.007349,0.000025,0.992626,0.000000,0.000000,
datasets\crop_disease\test\LeafSpot\test_000560.jpg,Blight,0,0.924078,ACCEPT,0.924078,0.009572,0.066328,0.000015,0.000008,
datasets\crop_disease\test\LeafSpot\test_000561.jpg,LeafSpot,2,0.998855,ACCEPT,0.001139,0.000006,0.998855,0.000000,0.000000,
datasets\crop_disease\test\LeafSpot\test_000562.jpg,LeafSpot,2,0.999906,ACCEPT,0.000094,0.000000,0.999906,0.000000,0.000000,
datasets\crop_disease\test\LeafSpot\test_000563.jpg,LeafSpot,2,0.938834,ACCEPT,0.053561,0.007559,0.938834,0.000004,0.000043,
datasets\crop_disease\test\LeafSpot\test_000564.jpg,LeafSpot,2,0.956515,ACCEPT,0.042439,0.001045,0.956515,0.000001,0.000001,
datasets\crop_disease\test\LeafSpot\test_000565.jpg,LeafSpot,2,0.997807,ACCEPT,0.002165,0.000027,0.997807,0.000000,0.000000,
datasets\crop_disease\test\LeafSpot\test_000566.jpg,LeafSpot,2,0.999600,ACCEPT,0.000400,0.000000,0.999600,0.000000,0.000000,
datasets\crop_disease\test\LeafSpot\test_000567.jpg,LeafSpot,2,0.999617,ACCEPT,0.000375,0.000008,0.999617,0.000000,0.000000,
datasets\crop_disease\test\LeafSpot\test_000568.jpg,LeafSpot,2,0.998881,ACCEPT,0.001061,0.000058,0.998881,0.000000,0.000001,
datasets\crop_disease\test\LeafSpot\test_000569.jpg,LeafSpot,2,0.999652,ACCEPT,0.000348,0.000000,0.999652,0.000000,0.000000,
datasets\crop_disease\test\LeafSpot\test_000570.jpg,LeafSpot,2,0.998065,ACCEPT,0.001323,0.000606,0.998065,0.000005,0.000002,
datasets\crop_disease\test\LeafSpot\test_000571.jpg,LeafSpot,2,0.999887,ACCEPT,0.000112,0.000001,0.999887,0.000000,0.000000,
datasets\crop_disease\test\LeafSpot\test_000572.jpg,LeafSpot,2,0.999579,ACCEPT,0.000413,0.000004,0.999579,0.000000,0.000004,
datasets\crop_disease\test\LeafSpot\test_000573.jpg,LeafSpot,2,0.997720,ACCEPT,0.002270,0.000008,0.997720,0.000002,0.000000,
datasets\crop_disease\test\LeafSpot\test_000574.jpg,LeafSpot,2,0.999722,ACCEPT,0.000260,0.000018,0.999722,0.000000,0.000000,
datasets\crop_disease\test\LeafSpot\test_000575.jpg,LeafSpot,2,0.987395,ACCEPT,0.007203,0.005395,0.987395,0.000006,0.000001,
datasets\crop_disease\test\LeafSpot\test_000576.jpg,LeafSpot,2,0.999817,ACCEPT,0.000151,0.000031,0.999817,0.000002,0.000000,
datasets\crop_disease\test\LeafSpot\test_000577.jpg,LeafSpot,2,0.999983,ACCEPT,0.000017,0.000000,0.999983,0.000000,0.000000,
datasets\crop_disease\test\LeafSpot\test_000578.jpg,LeafSpot,2,0.999998,ACCEPT,0.000002,0.000000,0.999998,0.000000,0.000000,
datasets\crop_disease\test\LeafSpot\test_000579.jpg,LeafSpot,2,0.999240,ACCEPT,0.000760,0.000000,0.999240,0.000000,0.000000,
datasets\crop_disease\test\LeafSpot\test_000580.jpg,LeafSpot,2,0.984981,ACCEPT,0.014637,0.000238,0.984981,0.000139,0.000005,
datasets\crop_disease\test\LeafSpot\test_000581.jpg,LeafSpot,2,0.999858,ACCEPT,0.000142,0.000000,0.999858,0.000000,0.000000,
datasets\crop_disease\test\LeafSpot\test_000582.jpg,LeafSpot,2,0.999886,ACCEPT,0.000114,0.000000,0.999886,0.000000,0.000000,
datasets\crop_disease\test\LeafSpot\test_000583.jpg,LeafSpot,2,0.995752,ACCEPT,0.001951,0.002201,0.995752,0.000095,0.000000,
datasets\crop_disease\test\LeafSpot\test_000584.jpg,LeafSpot,2,0.686955,ACCEPT,0.308625,0.004408,0.686955,0.000000,0.000011,
datasets\crop_disease\test\LeafSpot\test_000585.jpg,LeafSpot,2,0.999914,ACCEPT,0.000085,0.000001,0.999914,0.000000,0.000000,
datasets\crop_disease\test\LeafSpot\test_000586.jpg,LeafSpot,2,0.999935,ACCEPT,0.000064,0.000001,0.999935,0.000000,0.000000,
datasets\crop_disease\test\LeafSpot\test_000587.jpg,LeafSpot,2,0.995582,ACCEPT,0.004387,0.000031,0.995582,0.000000,0.000000,
datasets\crop_disease\test\LeafSpot\test_000588.jpg,LeafSpot,2,0.999998,ACCEPT,0.000002,0.000000,0.999998,0.000000,0.000000,
datasets\crop_disease\test\LeafSpot\test_000589.jpg,LeafSpot,2,0.999956,ACCEPT,0.000043,0.000001,0.999956,0.000000,0.000000,
datasets\crop_disease\test\LeafSpot\test_000590.jpg,LeafSpot,2,0.998230,ACCEPT,0.001770,0.000001,0.998230,0.000000,0.000000,
datasets\crop_disease\test\LeafSpot\test_000591.jpg,LeafSpot,2,0.999991,ACCEPT,0.000009,0.000000,0.999991,0.000000,0.000000,
datasets\crop_disease\test\LeafSpot\test_000592.jpg,LeafSpot,2,0.996359,ACCEPT,0.003604,0.000008,0.996359,0.000028,0.000001,
datasets\crop_disease\test\LeafSpot\test_000593.jpg,LeafSpot,2,0.999980,ACCEPT,0.000020,0.000000,0.999980,0.000000,0.000000,
datasets\crop_disease\test\LeafSpot\test_000594.jpg,LeafSpot,2,0.999957,ACCEPT,0.000041,0.000001,0.999957,0.000000,0.000000,
datasets\crop_disease\test\LeafSpot\test_000595.jpg,LeafSpot,2,0.925640,ACCEPT,0.071447,0.002912,0.925640,0.000000,0.000000,
datasets\crop_disease\test\LeafSpot\test_000596.jpg,LeafSpot,2,0.999755,ACCEPT,0.000242,0.000003,0.999755,0.000000,0.000000,
datasets\crop_disease\test\LeafSpot\test_000597.jpg,LeafSpot,2,0.997039,ACCEPT,0.001232,0.001729,0.997039,0.000000,0.000000,
datasets\crop_disease\test\LeafSpot\test_000598.jpg,LeafSpot,2,0.999953,ACCEPT,0.000030,0.000017,0.999953,0.000000,0.000000,
datasets\crop_disease\test\LeafSpot\test_000599.jpg,LeafSpot,2,0.999994,ACCEPT,0.000006,0.000001,0.999994,0.000000,0.000000,
datasets\crop_disease\test\LeafSpot\test_000600.jpg,LeafSpot,2,0.994916,ACCEPT,0.005052,0.000002,0.994916,0.000000,0.000030,
datasets\crop_disease\test\LeafSpot\test_000601.jpg,LeafSpot,2,0.999984,ACCEPT,0.000013,0.000003,0.999984,0.000000,0.000000,
datasets\crop_disease\test\LeafSpot\test_000602.jpg,LeafSpot,2,0.999959,ACCEPT,0.000040,0.000000,0.999959,0.000000,0.000000,
datasets\crop_disease\test\LeafSpot\test_000603.jpg,LeafSpot,2,0.999942,ACCEPT,0.000057,0.000000,0.999942,0.000000,0.000001,
datasets\crop_disease\test\LeafSpot\test_000604.jpg,LeafSpot,2,0.984459,ACCEPT,0.015536,0.000003,0.984459,0.000000,0.000001,
datasets\crop_disease\test\LeafSpot\test_000605.jpg,LeafSpot,2,0.999960,ACCEPT,0.000039,0.000001,0.999960,0.000000,0.000000,
datasets\crop_disease\test\LeafSpot\test_000606.jpg,LeafSpot,2,0.961850,ACCEPT,0.013452,0.024210,0.961850,0.000467,0.000021,
datasets\crop_disease\test\LeafSpot\test_000607.jpg,LeafSpot,2,0.996645,ACCEPT,0.003323,0.000031,0.996645,0.000000,0.000000,
datasets\crop_disease\test\LeafSpot\test_000608.jpg,LeafSpot,2,0.997589,ACCEPT,0.000262,0.002133,0.997589,0.000016,0.000000,
datasets\crop_disease\test\LeafSpot\test_000609.jpg,LeafSpot,2,0.920426,ACCEPT,0.079445,0.000128,0.920426,0.000000,0.000000,
datasets\crop_disease\test\LeafSpot\test_000610.jpg,LeafSpot,2,0.996522,ACCEPT,0.003263,0.000214,0.996522,0.000002,0.000000,
datasets\crop_disease\test\LeafSpot\test_000611.jpg,LeafSpot,2,0.999919,ACCEPT,0.000080,0.000001,0.999919,0.000000,0.000001,
datasets\crop_disease\test\LeafSpot\test_000612.jpg,LeafSpot,2,0.999997,ACCEPT,0.000002,0.000000,0.999997,0.000000,0.000000,
datasets\crop_disease\test\LeafSpot\test_000613.jpg,LeafSpot,2,0.994914,ACCEPT,0.000434,0.004647,0.994914,0.000004,0.000000,
datasets\crop_disease\test\LeafSpot\test_000614.jpg,LeafSpot,2,0.998170,ACCEPT,0.001790,0.000040,0.998170,0.000000,0.000000,
datasets\crop_disease\test\LeafSpot\test_000615.jpg,LeafSpot,2,0.999994,ACCEPT,0.000001,0.000005,0.999994,0.000000,0.000000,
datasets\crop_disease\test\LeafSpot\test_000616.jpg,LeafSpot,2,0.998238,ACCEPT,0.001638,0.000123,0.998238,0.000000,0.000000,
datasets\crop_disease\test\LeafSpot\test_000617.jpg,LeafSpot,2,0.999982,ACCEPT,0.000018,0.000000,0.999982,0.000000,0.000000,
datasets\crop_disease\test\LeafSpot\test_000618.jpg,LeafSpot,2,0.987464,ACCEPT,0.012525,0.000012,0.987464,0.000000,0.000000,
datasets\crop_disease\test\LeafSpot\test_000619.jpg,LeafSpot,2,0.999131,ACCEPT,0.000783,0.000053,0.999131,0.000032,0.000001,
datasets\crop_disease\test\LeafSpot\test_000620.jpg,LeafSpot,2,0.999779,ACCEPT,0.000209,0.000010,0.999779,0.000003,0.000000,
datasets\crop_disease\test\LeafSpot\test_000621.jpg,LeafSpot,2,0.999997,ACCEPT,0.000003,0.000000,0.999997,0.000000,0.000000,
datasets\crop_disease\test\LeafSpot\test_000622.jpg,LeafSpot,2,0.999393,ACCEPT,0.000604,0.000003,0.999393,0.000000,0.000000,
datasets\crop_disease\test\LeafSpot\test_000623.jpg,LeafSpot,2,0.998274,ACCEPT,0.001722,0.000003,0.998274,0.000000,0.000000,
datasets\crop_disease\test\LeafSpot\test_000624.jpg,LeafSpot,2,0.999977,ACCEPT,0.000023,0.000000,0.999977,0.000000,0.000000,
datasets\crop_disease\test\LeafSpot\test_000625.jpg,LeafSpot,2,0.999988,ACCEPT,0.000012,0.000000,0.999988,0.000000,0.000000,
datasets\crop_disease\test\LeafSpot\test_000626.jpg,LeafSpot,2,0.999997,ACCEPT,0.000003,0.000000,0.999997,0.000000,0.000000,
datasets\crop_disease\test\LeafSpot\test_000627.jpg,LeafSpot,2,0.997598,ACCEPT,0.002401,0.000001,0.997598,0.000000,0.000000,
datasets\crop_disease\test\LeafSpot\test_000628.jpg,LeafSpot,2,0.999989,ACCEPT,0.000011,0.000000,0.999989,0.000000,0.000000,
datasets\crop_disease\test\LeafSpot\test_000629.jpg,LeafSpot,2,0.999565,ACCEPT,0.000434,0.000001,0.999565,0.000000,0.000000,
datasets\crop_disease\test\LeafSpot\test_000630.jpg,LeafSpot,2,0.999980,ACCEPT,0.000018,0.000002,0.999980,0.000000,0.000000,
datasets\crop_disease\test\LeafSpot\test_000631.jpg,LeafSpot,2,0.999906,ACCEPT,0.000071,0.000024,0.999906,0.000000,0.000000,
datasets\crop_disease\test\LeafSpot\test_000632.jpg,LeafSpot,2,0.989234,ACCEPT,0.010459,0.000307,0.989234,0.000000,0.000000,
datasets\crop_disease\test\LeafSpot\test_000633.jpg,LeafSpot,2,0.995360,ACCEPT,0.004323,0.000318,0.995360,0.000000,0.000000,
datasets\crop_disease\test\LeafSpot\test_000634.jpg,LeafSpot,2,0.999211,ACCEPT,0.000789,0.000000,0.999211,0.000000,0.000000,
datasets\crop_disease\test\LeafSpot\test_000635.jpg,LeafSpot,2,0.999420,ACCEPT,0.000580,0.000000,0.999420,0.000000,0.000000,
datasets\crop_disease\test\LeafSpot\test_000636.jpg,LeafSpot,2,0.999614,ACCEPT,0.000385,0.000000,0.999614,0.000000,0.000001,
datasets\crop_disease\test\LeafSpot\test_000637.jpg,LeafSpot,2,0.999158,ACCEPT,0.000714,0.000127,0.999158,0.000000,0.000000,
datasets\crop_disease\test\LeafSpot\test_000638.jpg,LeafSpot,2,0.999369,ACCEPT,0.000576,0.000054,0.999369,0.000000,0.000001,
datasets\crop_disease\test\LeafSpot\test_000639.jpg,LeafSpot,2,0.999855,ACCEPT,0.000038,0.000106,0.999855,0.000000,0.000000,
datasets\crop_disease\test\LeafSpot\test_000640.jpg,LeafSpot,2,0.999766,ACCEPT,0.000233,0.000001,0.999766,0.000000,0.000000,
datasets\crop_disease\test\LeafSpot\test_000641.jpg,LeafSpot,2,0.984871,ACCEPT,0.014597,0.000002,0.984871,0.000001,0.000528,
datasets\crop_disease\test\LeafSpot\test_000642.jpg,LeafSpot,2,0.999813,ACCEPT,0.000120,0.000067,0.999813,0.000000,0.000000,
datasets\crop_disease\test\LeafSpot\test_000643.jpg,LeafSpot,2,0.999853,ACCEPT,0.000147,0.000000,0.999853,0.000000,0.000000,
datasets\crop_disease\test\LeafSpot\test_000644.jpg,LeafSpot,2,0.997687,ACCEPT,0.000327,0.000194,0.997687,0.001788,0.000003,
datasets\crop_disease\test\LeafSpot\test_000645.jpg,LeafSpot,2,0.999895,ACCEPT,0.000105,0.000000,0.999895,0.000000,0.000000,
datasets\crop_disease\test\LeafSpot\test_000646.jpg,LeafSpot,2,0.998719,ACCEPT,0.001219,0.000062,0.998719,0.000000,0.000000,
datasets\crop_disease\test\LeafSpot\test_000647.jpg,LeafSpot,2,0.993784,ACCEPT,0.006216,0.000000,0.993784,0.000000,0.000000,
datasets\crop_disease\test\LeafSpot\test_000648.jpg,LeafSpot,2,0.963091,ACCEPT,0.036665,0.000243,0.963091,0.000000,0.000000,
datasets\crop_disease\test\LeafSpot\test_000649.jpg,LeafSpot,2,0.886477,ACCEPT,0.113473,0.000049,0.886477,0.000000,0.000000,
datasets\crop_disease\test\LeafSpot\test_000650.jpg,LeafSpot,2,0.999965,ACCEPT,0.000030,0.000003,0.999965,0.000000,0.000002,
datasets\crop_disease\test\LeafSpot\test_000651.jpg,LeafSpot,2,0.999990,ACCEPT,0.000010,0.000000,0.999990,0.000000,0.000000,
datasets\crop_disease\test\LeafSpot\test_000652.jpg,LeafSpot,2,0.998978,ACCEPT,0.001018,0.000001,0.998978,0.000000,0.000003,
datasets\crop_disease\test\LeafSpot\test_000653.jpg,LeafSpot,2,0.999588,ACCEPT,0.000411,0.000000,0.999588,0.000000,0.000000,
datasets\crop_disease\test\LeafSpot\test_000654.jpg,LeafSpot,2,0.997255,ACCEPT,0.002739,0.000001,0.997255,0.000000,0.000006,
datasets\crop_disease\test\LeafSpot\test_000655.jpg,LeafSpot,2,0.999956,ACCEPT,0.000033,0.000011,0.999956,0.000000,0.000000,
datasets\crop_disease\test\LeafSpot\test_000656.jpg,LeafSpot,2,0.999747,ACCEPT,0.000250,0.000001,0.999747,0.000000,0.000002,
datasets\crop_disease\test\LeafSpot\test_000657.jpg,LeafSpot,2,0.999988,ACCEPT,0.000012,0.000000,0.999988,0.000000,0.000000,
datasets\crop_disease\test\LeafSpot\test_000658.jpg,LeafSpot,2,0.979342,ACCEPT,0.020634,0.000023,0.979342,0.000000,0.000002,
datasets\crop_disease\test\LeafSpot\test_000659.jpg,LeafSpot,2,0.926268,ACCEPT,0.014870,0.058767,0.926268,0.000075,0.000021,
datasets\crop_disease\test\LeafSpot\test_000660.jpg,LeafSpot,2,0.999725,ACCEPT,0.000274,0.000000,0.999725,0.000000,0.000000,
datasets\crop_disease\test\LeafSpot\test_000661.jpg,LeafSpot,2,0.971388,ACCEPT,0.004884,0.023726,0.971388,0.000002,0.000000,
datasets\crop_disease\test\LeafSpot\test_000662.jpg,LeafSpot,2,0.999906,ACCEPT,0.000094,0.000000,0.999906,0.000000,0.000000,
datasets\crop_disease\test\LeafSpot\test_000663.jpg,LeafSpot,2,0.997686,ACCEPT,0.002314,0.000000,0.997686,0.000000,0.000000,
datasets\crop_disease\test\LeafSpot\test_000664.jpg,LeafSpot,2,0.999843,ACCEPT,0.000123,0.000033,0.999843,0.000000,0.000001,
datasets\crop_disease\test\LeafSpot\test_000665.jpg,LeafSpot,2,0.995435,ACCEPT,0.000067,0.004495,0.995435,0.000000,0.000003,
datasets\crop_disease\test\LeafSpot\test_000666.jpg,LeafSpot,2,0.999998,ACCEPT,0.000002,0.000000,0.999998,0.000000,0.000000,
datasets\crop_disease\test\LeafSpot\test_000667.jpg,LeafSpot,2,0.987806,ACCEPT,0.011699,0.000494,0.987806,0.000000,0.000001,
datasets\crop_disease\test\LeafSpot\test_000668.jpg,LeafSpot,2,0.999633,ACCEPT,0.000307,0.000060,0.999633,0.000000,0.000000,
datasets\crop_disease\test\LeafSpot\test_000669.jpg,LeafSpot,2,0.784466,ACCEPT,0.204390,0.011133,0.784466,0.000000,0.000011,
datasets\crop_disease\test\LeafSpot\test_000670.jpg,LeafSpot,2,0.999200,ACCEPT,0.000769,0.000031,0.999200,0.000000,0.000000,
datasets\crop_disease\test\LeafSpot\test_000671.jpg,LeafSpot,2,0.841487,ACCEPT,0.158510,0.000003,0.841487,0.000000,0.000000,
datasets\crop_disease\test\Mildew\test_000000.jpg,Mildew,3,0.999848,ACCEPT,0.000038,0.000112,0.000002,0.999848,0.000000,
datasets\crop_disease\test\Mildew\test_000001.jpg,Mildew,3,0.998386,ACCEPT,0.001161,0.000404,0.000050,0.998386,0.000000,
datasets\crop_disease\test\Mildew\test_000002.jpg,Mildew,3,0.999899,ACCEPT,0.000098,0.000001,0.000002,0.999899,0.000000,
datasets\crop_disease\test\Mildew\test_000003.jpg,Mildew,3,0.999994,ACCEPT,0.000004,0.000002,0.000000,0.999994,0.000000,
datasets\crop_disease\test\Mildew\test_000004.jpg,Mildew,3,0.999988,ACCEPT,0.000000,0.000012,0.000000,0.999988,0.000000,
datasets\crop_disease\test\Mildew\test_000005.jpg,Mildew,3,1.000000,ACCEPT,0.000000,0.000000,0.000000,1.000000,0.000000,
datasets\crop_disease\test\Mildew\test_000006.jpg,Mildew,3,1.000000,ACCEPT,0.000000,0.000000,0.000000,1.000000,0.000000,
datasets\crop_disease\test\Mildew\test_000007.jpg,Mildew,3,0.999824,ACCEPT,0.000003,0.000173,0.000000,0.999824,0.000000,
datasets\crop_disease\test\Mildew\test_000008.jpg,Mildew,3,1.000000,ACCEPT,0.000000,0.000000,0.000000,1.000000,0.000000,
datasets\crop_disease\test\Mildew\test_000009.jpg,Mildew,3,0.999999,ACCEPT,0.000000,0.000001,0.000000,0.999999,0.000000,
datasets\crop_disease\test\Mildew\test_000010.jpg,Mildew,3,0.999958,ACCEPT,0.000001,0.000042,0.000000,0.999958,0.000000,
datasets\crop_disease\test\Mildew\test_000011.jpg,Mildew,3,0.999990,ACCEPT,0.000002,0.000008,0.000000,0.999990,0.000000,
datasets\crop_disease\test\Mildew\test_000012.jpg,Mildew,3,1.000000,ACCEPT,0.000000,0.000000,0.000000,1.000000,0.000000,
datasets\crop_disease\test\Mildew\test_000013.jpg,Mildew,3,0.999998,ACCEPT,0.000000,0.000002,0.000000,0.999998,0.000000,
datasets\crop_disease\test\Mildew\test_000014.jpg,Mildew,3,0.999984,ACCEPT,0.000010,0.000006,0.000000,0.999984,0.000000,
datasets\crop_disease\test\Mildew\test_000015.jpg,Mildew,3,0.999846,ACCEPT,0.000001,0.000152,0.000000,0.999846,0.000000,
datasets\crop_disease\test\Mildew\test_000016.jpg,Mildew,3,0.999882,ACCEPT,0.000022,0.000085,0.000012,0.999882,0.000000,
datasets\crop_disease\test\Mildew\test_000017.jpg,Mildew,3,0.999987,ACCEPT,0.000001,0.000012,0.000000,0.999987,0.000000,
datasets\crop_disease\test\Mildew\test_000018.jpg,Mildew,3,0.999531,ACCEPT,0.000286,0.000159,0.000024,0.999531,0.000000,
datasets\crop_disease\test\Mildew\test_000019.jpg,Mildew,3,0.999448,ACCEPT,0.000507,0.000022,0.000022,0.999448,0.000001,
datasets\crop_disease\test\Mildew\test_000020.jpg,Mildew,3,0.999996,ACCEPT,0.000000,0.000004,0.000000,0.999996,0.000000,
datasets\crop_disease\test\Mildew\test_000021.jpg,Mildew,3,0.999973,ACCEPT,0.000001,0.000027,0.000000,0.999973,0.000000,
datasets\crop_disease\test\Mildew\test_000022.jpg,Mildew,3,0.999658,ACCEPT,0.000079,0.000224,0.000040,0.999658,0.000000,
datasets\crop_disease\test\Mildew\test_000023.jpg,Healthy,1,0.569504,NEEDS-REVIEW,0.000672,0.569504,0.000160,0.429638,0.000026,
datasets\crop_disease\test\Mildew\test_000024.jpg,Mildew,3,0.999866,ACCEPT,0.000000,0.000134,0.000000,0.999866,0.000000,
datasets\crop_disease\test\Mildew\test_000025.jpg,Mildew,3,1.000000,ACCEPT,0.000000,0.000000,0.000000,1.000000,0.000000,
datasets\crop_disease\test\Mildew\test_000026.jpg,Mildew,3,0.999852,ACCEPT,0.000000,0.000148,0.000000,0.999852,0.000000,
datasets\crop_disease\test\Mildew\test_000027.jpg,Mildew,3,0.995432,ACCEPT,0.000541,0.003730,0.000297,0.995432,0.000001,
datasets\crop_disease\test\Mildew\test_000028.jpg,Mildew,3,0.999991,ACCEPT,0.000000,0.000008,0.000000,0.999991,0.000000,
datasets\crop_disease\test\Mildew\test_000029.jpg,Mildew,3,0.999789,ACCEPT,0.000071,0.000011,0.000128,0.999789,0.000000,
datasets\crop_disease\test\Mildew\test_000030.jpg,Mildew,3,0.999963,ACCEPT,0.000001,0.000035,0.000000,0.999963,0.000000,
datasets\crop_disease\test\Mildew\test_000031.jpg,Mildew,3,0.999998,ACCEPT,0.000000,0.000002,0.000000,0.999998,0.000000,
datasets\crop_disease\test\Mildew\test_000032.jpg,Mildew,3,0.999999,ACCEPT,0.000000,0.000001,0.000000,0.999999,0.000000,
datasets\crop_disease\test\Mildew\test_000033.jpg,Mildew,3,0.999902,ACCEPT,0.000066,0.000021,0.000011,0.999902,0.000000,
datasets\crop_disease\test\Mildew\test_000034.jpg,Mildew,3,0.999953,ACCEPT,0.000000,0.000047,0.000000,0.999953,0.000000,
datasets\crop_disease\test\Mildew\test_000035.jpg,Mildew,3,1.000000,ACCEPT,0.000000,0.000000,0.000000,1.000000,0.000000,
datasets\crop_disease\test\Mildew\test_000036.jpg,Mildew,3,0.999999,ACCEPT,0.000000,0.000000,0.000000,0.999999,0.000000,
datasets\crop_disease\test\Mildew\test_000037.jpg,Mildew,3,0.999957,ACCEPT,0.000030,0.000010,0.000002,0.999957,0.000000,
datasets\crop_disease\test\Mildew\test_000038.jpg,Mildew,3,0.995114,ACCEPT,0.000557,0.004314,0.000013,0.995114,0.000002,
datasets\crop_disease\test\Mildew\test_000039.jpg,Mildew,3,0.999999,ACCEPT,0.000000,0.000001,0.000000,0.999999,0.000000,
datasets\crop_disease\test\Mildew\test_000040.jpg,Mildew,3,0.999985,ACCEPT,0.000000,0.000015,0.000000,0.999985,0.000000,
datasets\crop_disease\test\Mildew\test_000041.jpg,Mildew,3,0.999941,ACCEPT,0.000002,0.000056,0.000000,0.999941,0.000000,
datasets\crop_disease\test\Mildew\test_000042.jpg,Mildew,3,0.999998,ACCEPT,0.000001,0.000002,0.000000,0.999998,0.000000,
datasets\crop_disease\test\Mildew\test_000043.jpg,Mildew,3,0.999895,ACCEPT,0.000001,0.000103,0.000000,0.999895,0.000000,
datasets\crop_disease\test\Mildew\test_000044.jpg,Mildew,3,1.000000,ACCEPT,0.000000,0.000000,0.000000,1.000000,0.000000,
datasets\crop_disease\test\Mildew\test_000045.jpg,Mildew,3,0.999959,ACCEPT,0.000000,0.000041,0.000000,0.999959,0.000000,
datasets\crop_disease\test\Mildew\test_000046.jpg,Mildew,3,1.000000,ACCEPT,0.000000,0.000000,0.000000,1.000000,0.000000,
datasets\crop_disease\test\Mildew\test_000047.jpg,Mildew,3,0.999994,ACCEPT,0.000000,0.000006,0.000000,0.999994,0.000000,
datasets\crop_disease\test\Mildew\test_000048.jpg,Mildew,3,0.999967,ACCEPT,0.000003,0.000031,0.000000,0.999967,0.000000,
datasets\crop_disease\test\Mildew\test_000049.jpg,Mildew,3,0.999990,ACCEPT,0.000002,0.000008,0.000000,0.999990,0.000000,
datasets\crop_disease\test\Mildew\test_000050.jpg,Mildew,3,0.999735,ACCEPT,0.000002,0.000261,0.000002,0.999735,0.000000,
datasets\crop_disease\test\Mildew\test_000051.jpg,Mildew,3,0.999963,ACCEPT,0.000001,0.000036,0.000000,0.999963,0.000000,
datasets\crop_disease\test\Mildew\test_000052.jpg,Mildew,3,1.000000,ACCEPT,0.000000,0.000000,0.000000,1.000000,0.000000,
datasets\crop_disease\test\Mildew\test_000053.jpg,Mildew,3,0.999963,ACCEPT,0.000027,0.000003,0.000007,0.999963,0.000000,
datasets\crop_disease\test\Mildew\test_000054.jpg,Mildew,3,1.000000,ACCEPT,0.000000,0.000000,0.000000,1.000000,0.000000,
datasets\crop_disease\test\Mildew\test_000055.jpg,Mildew,3,0.999994,ACCEPT,0.000000,0.000006,0.000000,0.999994,0.000000,
datasets\crop_disease\test\Mildew\test_000056.jpg,Mildew,3,0.999999,ACCEPT,0.000000,0.000001,0.000000,0.999999,0.000000,
datasets\crop_disease\test\Mildew\test_000057.jpg,Mildew,3,0.999999,ACCEPT,0.000000,0.000001,0.000000,0.999999,0.000000,
datasets\crop_disease\test\Mildew\test_000058.jpg,Mildew,3,0.999997,ACCEPT,0.000000,0.000003,0.000000,0.999997,0.000000,
datasets\crop_disease\test\Mildew\test_000059.jpg,Mildew,3,0.999977,ACCEPT,0.000000,0.000023,0.000000,0.999977,0.000000,
datasets\crop_disease\test\Mildew\test_000060.jpg,Mildew,3,1.000000,ACCEPT,0.000000,0.000000,0.000000,1.000000,0.000000,
datasets\crop_disease\test\Mildew\test_000061.jpg,Mildew,3,1.000000,ACCEPT,0.000000,0.000000,0.000000,1.000000,0.000000,
datasets\crop_disease\test\Mildew\test_000062.jpg,Mildew,3,1.000000,ACCEPT,0.000000,0.000000,0.000000,1.000000,0.000000,
datasets\crop_disease\test\Mildew\test_000063.jpg,Mildew,3,1.000000,ACCEPT,0.000000,0.000000,0.000000,1.000000,0.000000,
datasets\crop_disease\test\Mildew\test_000064.jpg,Mildew,3,0.999934,ACCEPT,0.000001,0.000065,0.000000,0.999934,0.000000,
datasets\crop_disease\test\Mildew\test_000065.jpg,Mildew,3,0.999994,ACCEPT,0.000000,0.000006,0.000000,0.999994,0.000000,
datasets\crop_disease\test\Mildew\test_000066.jpg,Mildew,3,0.998296,ACCEPT,0.001357,0.000301,0.000039,0.998296,0.000008,
datasets\crop_disease\test\Mildew\test_000067.jpg,Mildew,3,1.000000,ACCEPT,0.000000,0.000000,0.000000,1.000000,0.000000,
datasets\crop_disease\test\Mildew\test_000068.jpg,Mildew,3,0.999982,ACCEPT,0.000002,0.000017,0.000000,0.999982,0.000000,
datasets\crop_disease\test\Mildew\test_000069.jpg,Mildew,3,1.000000,ACCEPT,0.000000,0.000000,0.000000,1.000000,0.000000,
datasets\crop_disease\test\Mildew\test_000070.jpg,Mildew,3,0.999972,ACCEPT,0.000000,0.000028,0.000000,0.999972,0.000000,
datasets\crop_disease\test\Mildew\test_000071.jpg,Mildew,3,1.000000,ACCEPT,0.000000,0.000000,0.000000,1.000000,0.000000,
datasets\crop_disease\test\Mildew\test_000072.jpg,Mildew,3,0.999997,ACCEPT,0.000000,0.000003,0.000000,0.999997,0.000000,
datasets\crop_disease\test\Mildew\test_000073.jpg,Mildew,3,1.000000,ACCEPT,0.000000,0.000000,0.000000,1.000000,0.000000,
datasets\crop_disease\test\Mildew\test_000074.jpg,Mildew,3,0.999992,ACCEPT,0.000000,0.000008,0.000000,0.999992,0.000000,
datasets\crop_disease\test\Mildew\test_000075.jpg,Mildew,3,1.000000,ACCEPT,0.000000,0.000000,0.000000,1.000000,0.000000,
datasets\crop_disease\test\Mildew\test_000076.jpg,Mildew,3,0.999975,ACCEPT,0.000000,0.000025,0.000000,0.999975,0.000000,
datasets\crop_disease\test\Mildew\test_000077.jpg,Mildew,3,0.999999,ACCEPT,0.000000,0.000001,0.000000,0.999999,0.000000,
datasets\crop_disease\test\Mildew\test_000078.jpg,Mildew,3,1.000000,ACCEPT,0.000000,0.000000,0.000000,1.000000,0.000000,
datasets\crop_disease\test\Mildew\test_000079.jpg,Mildew,3,0.999989,ACCEPT,0.000000,0.000011,0.000000,0.999989,0.000000,
datasets\crop_disease\test\Mildew\test_000080.jpg,Mildew,3,0.999941,ACCEPT,0.000027,0.000026,0.000005,0.999941,0.000000,
datasets\crop_disease\test\Mildew\test_000081.jpg,Mildew,3,0.999999,ACCEPT,0.000000,0.000001,0.000000,0.999999,0.000000,
datasets\crop_disease\test\Mildew\test_000082.jpg,Mildew,3,0.996911,ACCEPT,0.000059,0.002726,0.000302,0.996911,0.000003,
datasets\crop_disease\test\Mildew\test_000083.jpg,Mildew,3,0.999748,ACCEPT,0.000019,0.000233,0.000001,0.999748,0.000000,
datasets\crop_disease\test\Mildew\test_000084.jpg,Mildew,3,0.999999,ACCEPT,0.000000,0.000001,0.000000,0.999999,0.000000,
datasets\crop_disease\test\Mildew\test_000085.jpg,Mildew,3,0.999982,ACCEPT,0.000003,0.000015,0.000000,0.999982,0.000000,
datasets\crop_disease\test\Mildew\test_000086.jpg,Mildew,3,0.999982,ACCEPT,0.000002,0.000017,0.000000,0.999982,0.000000,
datasets\crop_disease\test\Mildew\test_000087.jpg,Mildew,3,0.995220,ACCEPT,0.000000,0.004780,0.000000,0.995220,0.000000,
datasets\crop_disease\test\Mildew\test_000088.jpg,Mildew,3,0.999914,ACCEPT,0.000007,0.000080,0.000000,0.999914,0.000000,
datasets\crop_disease\test\Mildew\test_000089.jpg,Mildew,3,0.999743,ACCEPT,0.000001,0.000255,0.000001,0.999743,0.000000,
datasets\crop_disease\test\Mildew\test_000090.jpg,Mildew,3,1.000000,ACCEPT,0.000000,0.000000,0.000000,1.000000,0.000000,
datasets\crop_disease\test\Mildew\test_000091.jpg,Mildew,3,0.999935,ACCEPT,0.000000,0.000065,0.000000,0.999935,0.000000,
datasets\crop_disease\test\Mildew\test_000092.jpg,Mildew,3,0.998981,ACCEPT,0.000000,0.001019,0.000000,0.998981,0.000000,
datasets\crop_disease\test\Mildew\test_000093.jpg,Mildew,3,1.000000,ACCEPT,0.000000,0.000000,0.000000,1.000000,0.000000,
datasets\crop_disease\test\Mildew\test_000094.jpg,Mildew,3,1.000000,ACCEPT,0.000000,0.000000,0.000000,1.000000,0.000000,
datasets\crop_disease\test\Mildew\test_000095.jpg,Mildew,3,1.000000,ACCEPT,0.000000,0.000000,0.000000,1.000000,0.000000,
datasets\crop_disease\test\Mildew\test_000096.jpg,Mildew,3,0.999822,ACCEPT,0.000004,0.000174,0.000001,0.999822,0.000000,
datasets\crop_disease\test\Mildew\test_000097.jpg,Mildew,3,0.999967,ACCEPT,0.000000,0.000033,0.000000,0.999967,0.000000,
datasets\crop_disease\test\Mildew\test_000098.jpg,Mildew,3,0.999997,ACCEPT,0.000000,0.000003,0.000000,0.999997,0.000000,
datasets\crop_disease\test\Mildew\test_000099.jpg,Mildew,3,0.999999,ACCEPT,0.000000,0.000001,0.000000,0.999999,0.000000,
datasets\crop_disease\test\Mildew\test_000100.jpg,Mildew,3,1.000000,ACCEPT,0.000000,0.000000,0.000000,1.000000,0.000000,
datasets\crop_disease\test\Mildew\test_000101.jpg,Mildew,3,0.999998,ACCEPT,0.000000,0.000002,0.000000,0.999998,0.000000,
datasets\crop_disease\test\Mildew\test_000102.jpg,Mildew,3,1.000000,ACCEPT,0.000000,0.000000,0.000000,1.000000,0.000000,
datasets\crop_disease\test\Mildew\test_000103.jpg,Mildew,3,0.999936,ACCEPT,0.000000,0.000064,0.000000,0.999936,0.000000,
datasets\crop_disease\test\Mildew\test_000104.jpg,Mildew,3,1.000000,ACCEPT,0.000000,0.000000,0.000000,1.000000,0.000000,
datasets\crop_disease\test\Mildew\test_000105.jpg,Mildew,3,0.999986,ACCEPT,0.000000,0.000014,0.000000,0.999986,0.000000,
datasets\crop_disease\test\Mildew\test_000106.jpg,Mildew,3,0.998988,ACCEPT,0.000952,0.000040,0.000020,0.998988,0.000000,
datasets\crop_disease\test\Mildew\test_000107.jpg,Mildew,3,1.000000,ACCEPT,0.000000,0.000000,0.000000,1.000000,0.000000,
datasets\crop_disease\test\Mildew\test_000108.jpg,Mildew,3,0.999999,ACCEPT,0.000000,0.000001,0.000000,0.999999,0.000000,
datasets\crop_disease\test\Mildew\test_000109.jpg,Mildew,3,1.000000,ACCEPT,0.000000,0.000000,0.000000,1.000000,0.000000,
datasets\crop_disease\test\Mildew\test_000110.jpg,Mildew,3,1.000000,ACCEPT,0.000000,0.000000,0.000000,1.000000,0.000000,
datasets\crop_disease\test\Mildew\test_000111.jpg,Mildew,3,0.996525,ACCEPT,0.000330,0.003090,0.000051,0.996525,0.000004,
datasets\crop_disease\test\Mildew\test_000112.jpg,Mildew,3,1.000000,ACCEPT,0.000000,0.000000,0.000000,1.000000,0.000000,
datasets\crop_disease\test\Mildew\test_000113.jpg,Mildew,3,0.999944,ACCEPT,0.000021,0.000033,0.000001,0.999944,0.000000,
datasets\crop_disease\test\Mildew\test_000114.jpg,Mildew,3,0.999999,ACCEPT,0.000000,0.000001,0.000000,0.999999,0.000000,
datasets\crop_disease\test\Mildew\test_000115.jpg,Mildew,3,0.999954,ACCEPT,0.000000,0.000046,0.000000,0.999954,0.000000,
datasets\crop_disease\test\Mildew\test_000116.jpg,Mildew,3,1.000000,ACCEPT,0.000000,0.000000,0.000000,1.000000,0.000000,
datasets\crop_disease\test\Mildew\test_000117.jpg,Mildew,3,1.000000,ACCEPT,0.000000,0.000000,0.000000,1.000000,0.000000,
datasets\crop_disease\test\Mildew\test_000118.jpg,Mildew,3,0.999999,ACCEPT,0.000000,0.000000,0.000000,0.999999,0.000000,
datasets\crop_disease\test\Mildew\test_000119.jpg,Mildew,3,1.000000,ACCEPT,0.000000,0.000000,0.000000,1.000000,0.000000,
datasets\crop_disease\test\Mildew\test_000120.jpg,Mildew,3,0.999679,ACCEPT,0.000016,0.000302,0.000002,0.999679,0.000000,
datasets\crop_disease\test\Mildew\test_000121.jpg,Mildew,3,0.999999,ACCEPT,0.000000,0.000001,0.000000,0.999999,0.000000,
datasets\crop_disease\test\Mildew\test_000122.jpg,Mildew,3,0.998686,ACCEPT,0.001280,0.000034,0.000000,0.998686,0.000000,
datasets\crop_disease\test\Mildew\test_000123.jpg,Mildew,3,0.999994,ACCEPT,0.000002,0.000004,0.000000,0.999994,0.000000,
datasets\crop_disease\test\Mildew\test_000124.jpg,Mildew,3,0.999857,ACCEPT,0.000000,0.000143,0.000000,0.999857,0.000000,
datasets\crop_disease\test\Mildew\test_000125.jpg,Mildew,3,0.922934,ACCEPT,0.000025,0.077000,0.000041,0.922934,0.000000,
datasets\crop_disease\test\Mildew\test_000126.jpg,Mildew,3,1.000000,ACCEPT,0.000000,0.000000,0.000000,1.000000,0.000000,
datasets\crop_disease\test\Mildew\test_000127.jpg,Mildew,3,1.000000,ACCEPT,0.000000,0.000000,0.000000,1.000000,0.000000,
datasets\crop_disease\test\Mildew\test_000128.jpg,Mildew,3,0.999607,ACCEPT,0.000002,0.000391,0.000001,0.999607,0.000000,
datasets\crop_disease\test\Mildew\test_000129.jpg,Mildew,3,0.999855,ACCEPT,0.000004,0.000141,0.000000,0.999855,0.000000,
datasets\crop_disease\test\Mildew\test_000130.jpg,Mildew,3,1.000000,ACCEPT,0.000000,0.000000,0.000000,1.000000,0.000000,
datasets\crop_disease\test\Mildew\test_000131.jpg,Mildew,3,0.999839,ACCEPT,0.000001,0.000160,0.000000,0.999839,0.000000,
datasets\crop_disease\test\Mildew\test_000132.jpg,Mildew,3,0.998609,ACCEPT,0.001377,0.000014,0.000000,0.998609,0.000000,
datasets\crop_disease\test\Mildew\test_000133.jpg,Mildew,3,0.999911,ACCEPT,0.000077,0.000002,0.000010,0.999911,0.000000,
datasets\crop_disease\test\Mildew\test_000134.jpg,Mildew,3,1.000000,ACCEPT,0.000000,0.000000,0.000000,1.000000,0.000000,
datasets\crop_disease\test\Mildew\test_000135.jpg,Mildew,3,0.999954,ACCEPT,0.000000,0.000046,0.000000,0.999954,0.000000,
datasets\crop_disease\test\Mildew\test_000136.jpg,Mildew,3,1.000000,ACCEPT,0.000000,0.000000,0.000000,1.000000,0.000000,
datasets\crop_disease\test\Mildew\test_000137.jpg,Mildew,3,0.999998,ACCEPT,0.000000,0.000002,0.000000,0.999998,0.000000,
datasets\crop_disease\test\Mildew\test_000138.jpg,Mildew,3,0.999411,ACCEPT,0.000266,0.000323,0.000000,0.999411,0.000000,
datasets\crop_disease\test\Mildew\test_000139.jpg,Mildew,3,1.000000,ACCEPT,0.000000,0.000000,0.000000,1.000000,0.000000,
datasets\crop_disease\test\Mildew\test_000140.jpg,Mildew,3,0.999996,ACCEPT,0.000000,0.000004,0.000000,0.999996,0.000000,
datasets\crop_disease\test\Mildew\test_000141.jpg,Mildew,3,0.999999,ACCEPT,0.000000,0.000001,0.000000,0.999999,0.000000,
datasets\crop_disease\test\Mildew\test_000142.jpg,Mildew,3,0.999998,ACCEPT,0.000001,0.000002,0.000000,0.999998,0.000000,
datasets\crop_disease\test\Mildew\test_000143.jpg,Mildew,3,1.000000,ACCEPT,0.000000,0.000000,0.000000,1.000000,0.000000,
datasets\crop_disease\test\Mildew\test_000144.jpg,Mildew,3,1.000000,ACCEPT,0.000000,0.000000,0.000000,1.000000,0.000000,
datasets\crop_disease\test\Mildew\test_000145.jpg,Mildew,3,1.000000,ACCEPT,0.000000,0.000000,0.000000,1.000000,0.000000,
datasets\crop_disease\test\Mildew\test_000146.jpg,Mildew,3,0.999875,ACCEPT,0.000006,0.000120,0.000000,0.999875,0.000000,
datasets\crop_disease\test\Mildew\test_000147.jpg,Mildew,3,1.000000,ACCEPT,0.000000,0.000000,0.000000,1.000000,0.000000,
datasets\crop_disease\test\Mildew\test_000148.jpg,Mildew,3,1.000000,ACCEPT,0.000000,0.000000,0.000000,1.000000,0.000000,
datasets\crop_disease\test\Mildew\test_000149.jpg,Mildew,3,1.000000,ACCEPT,0.000000,0.000000,0.000000,1.000000,0.000000,
datasets\crop_disease\test\Mildew\test_000150.jpg,Mildew,3,0.997460,ACCEPT,0.002421,0.000022,0.000097,0.997460,0.000000,
datasets\crop_disease\test\Mildew\test_000151.jpg,Mildew,3,0.999936,ACCEPT,0.000004,0.000060,0.000001,0.999936,0.000000,
datasets\crop_disease\test\Mildew\test_000152.jpg,Mildew,3,1.000000,ACCEPT,0.000000,0.000000,0.000000,1.000000,0.000000,
datasets\crop_disease\test\Mildew\test_000153.jpg,Mildew,3,0.999999,ACCEPT,0.000000,0.000001,0.000000,0.999999,0.000000,
datasets\crop_disease\test\Mildew\test_000154.jpg,Mildew,3,0.999991,ACCEPT,0.000000,0.000009,0.000000,0.999991,0.000000,
datasets\crop_disease\test\Mildew\test_000155.jpg,Mildew,3,0.999999,ACCEPT,0.000000,0.000001,0.000000,0.999999,0.000000,
datasets\crop_disease\test\Mildew\test_000156.jpg,Mildew,3,0.999416,ACCEPT,0.000032,0.000552,0.000000,0.999416,0.000000,
datasets\crop_disease\test\Mildew\test_000157.jpg,Mildew,3,0.999708,ACCEPT,0.000001,0.000287,0.000004,0.999708,0.000000,
datasets\crop_disease\test\Mildew\test_000158.jpg,Mildew,3,0.999998,ACCEPT,0.000000,0.000002,0.000000,0.999998,0.000000,
datasets\crop_disease\test\Mildew\test_000159.jpg,Mildew,3,0.996806,ACCEPT,0.000074,0.003117,0.000003,0.996806,0.000000,
datasets\crop_disease\test\Mildew\test_000160.jpg,Mildew,3,0.999705,ACCEPT,0.000006,0.000289,0.000000,0.999705,0.000000,
datasets\crop_disease\test\Mildew\test_000161.jpg,Mildew,3,1.000000,ACCEPT,0.000000,0.000000,0.000000,1.000000,0.000000,
datasets\crop_disease\test\Mildew\test_000162.jpg,Mildew,3,1.000000,ACCEPT,0.000000,0.000000,0.000000,1.000000,0.000000,
datasets\crop_disease\test\Mildew\test_000163.jpg,Mildew,3,1.000000,ACCEPT,0.000000,0.000000,0.000000,1.000000,0.000000,
datasets\crop_disease\test\Mildew\test_000164.jpg,Mildew,3,0.983546,ACCEPT,0.001153,0.015238,0.000062,0.983546,0.000002,
datasets\crop_disease\test\Mildew\test_000165.jpg,Mildew,3,0.999994,ACCEPT,0.000005,0.000001,0.000000,0.999994,0.000000,
datasets\crop_disease\test\Mildew\test_000166.jpg,Mildew,3,0.999984,ACCEPT,0.000001,0.000015,0.000000,0.999984,0.000000,
datasets\crop_disease\test\Mildew\test_000167.jpg,Mildew,3,0.999998,ACCEPT,0.000000,0.000002,0.000000,0.999998,0.000000,
datasets\crop_disease\test\Mildew\test_000168.jpg,Mildew,3,0.999601,ACCEPT,0.000393,0.000005,0.000000,0.999601,0.000000,
datasets\crop_disease\test\Mildew\test_000169.jpg,Mildew,3,0.998980,ACCEPT,0.000741,0.000279,0.000000,0.998980,0.000000,
datasets\crop_disease\test\Mildew\test_000170.jpg,Mildew,3,0.911064,ACCEPT,0.003261,0.085674,0.000001,0.911064,0.000000,
datasets\crop_disease\test\Mildew\test_000171.jpg,Mildew,3,0.999999,ACCEPT,0.000000,0.000001,0.000000,0.999999,0.000000,
datasets\crop_disease\test\Mildew\test_000172.jpg,Mildew,3,1.000000,ACCEPT,0.000000,0.000000,0.000000,1.000000,0.000000,
datasets\crop_disease\test\Mildew\test_000173.jpg,Mildew,3,1.000000,ACCEPT,0.000000,0.000000,0.000000,1.000000,0.000000,
datasets\crop_disease\test\Mildew\test_000174.jpg,Mildew,3,0.999972,ACCEPT,0.000000,0.000028,0.000000,0.999972,0.000000,
datasets\crop_disease\test\Mildew\test_000175.jpg,Mildew,3,1.000000,ACCEPT,0.000000,0.000000,0.000000,1.000000,0.000000,
datasets\crop_disease\test\Mildew\test_000176.jpg,Mildew,3,0.999977,ACCEPT,0.000000,0.000023,0.000000,0.999977,0.000000,
datasets\crop_disease\test\Mildew\test_000177.jpg,Mildew,3,0.974808,ACCEPT,0.000020,0.025153,0.000019,0.974808,0.000000,
datasets\crop_disease\test\Mildew\test_000178.jpg,Mildew,3,0.999977,ACCEPT,0.000000,0.000023,0.000000,0.999977,0.000000,
datasets\crop_disease\test\Mildew\test_000179.jpg,Mildew,3,0.999985,ACCEPT,0.000002,0.000013,0.000000,0.999985,0.000000,
datasets\crop_disease\test\Mildew\test_000180.jpg,Mildew,3,0.999765,ACCEPT,0.000120,0.000115,0.000000,0.999765,0.000000,
datasets\crop_disease\test\Mildew\test_000181.jpg,Mildew,3,0.999999,ACCEPT,0.000000,0.000000,0.000000,0.999999,0.000000,
datasets\crop_disease\test\Mildew\test_000182.jpg,Mildew,3,0.999991,ACCEPT,0.000000,0.000009,0.000000,0.999991,0.000000,
datasets\crop_disease\test\Mildew\test_000183.jpg,Mildew,3,1.000000,ACCEPT,0.000000,0.000000,0.000000,1.000000,0.000000,
datasets\crop_disease\test\Mildew\test_000184.jpg,Mildew,3,0.999896,ACCEPT,0.000000,0.000104,0.000000,0.999896,0.000000,
datasets\crop_disease\test\Mildew\test_000185.jpg,Mildew,3,0.999998,ACCEPT,0.000000,0.000002,0.000000,0.999998,0.000000,
datasets\crop_disease\test\Mildew\test_000186.jpg,Mildew,3,0.996968,ACCEPT,0.000115,0.002915,0.000002,0.996968,0.000000,
datasets\crop_disease\test\Mildew\test_000187.jpg,Mildew,3,0.999999,ACCEPT,0.000000,0.000001,0.000000,0.999999,0.000000,
datasets\crop_disease\test\Mildew\test_000188.jpg,Mildew,3,0.998779,ACCEPT,0.000236,0.000982,0.000003,0.998779,0.000000,
datasets\crop_disease\test\Mildew\test_000189.jpg,Mildew,3,1.000000,ACCEPT,0.000000,0.000000,0.000000,1.000000,0.000000,
datasets\crop_disease\test\Mildew\test_000190.jpg,Mildew,3,0.999961,ACCEPT,0.000000,0.000039,0.000000,0.999961,0.000000,
datasets\crop_disease\test\Mildew\test_000191.jpg,Mildew,3,0.999991,ACCEPT,0.000000,0.000009,0.000000,0.999991,0.000000,
datasets\crop_disease\test\Mildew\test_000192.jpg,Mildew,3,0.998140,ACCEPT,0.000002,0.001858,0.000000,0.998140,0.000000,
datasets\crop_disease\test\Mildew\test_000193.jpg,Mildew,3,1.000000,ACCEPT,0.000000,0.000000,0.000000,1.000000,0.000000,
datasets\crop_disease\test\Mildew\test_000194.jpg,Mildew,3,0.999993,ACCEPT,0.000000,0.000007,0.000000,0.999993,0.000000,
datasets\crop_disease\test\Mildew\test_000195.jpg,Mildew,3,0.999969,ACCEPT,0.000006,0.000025,0.000000,0.999969,0.000000,
datasets\crop_disease\test\Mildew\test_000196.jpg,Mildew,3,0.999946,ACCEPT,0.000041,0.000013,0.000000,0.999946,0.000000,
datasets\crop_disease\test\Mildew\test_000197.jpg,Mildew,3,0.999984,ACCEPT,0.000003,0.000012,0.000001,0.999984,0.000000,
datasets\crop_disease\test\Mildew\test_000198.jpg,Mildew,3,1.000000,ACCEPT,0.000000,0.000000,0.000000,1.000000,0.000000,
datasets\crop_disease\test\Mildew\test_000199.jpg,Mildew,3,0.999224,ACCEPT,0.000511,0.000207,0.000047,0.999224,0.000011,
datasets\crop_disease\test\Mildew\test_000200.jpg,Mildew,3,1.000000,ACCEPT,0.000000,0.000000,0.000000,1.000000,0.000000,
datasets\crop_disease\test\Mildew\test_000201.jpg,Mildew,3,0.999975,ACCEPT,0.000004,0.000020,0.000001,0.999975,0.000000,
datasets\crop_disease\test\Mildew\test_000202.jpg,Mildew,3,0.999980,ACCEPT,0.000007,0.000001,0.000013,0.999980,0.000000,
datasets\crop_disease\test\Mildew\test_000203.jpg,Mildew,3,0.999966,ACCEPT,0.000003,0.000031,0.000000,0.999966,0.000000,
datasets\crop_disease\test\Mildew\test_000204.jpg,Mildew,3,1.000000,ACCEPT,0.000000,0.000000,0.000000,1.000000,0.000000,
datasets\crop_disease\test\Mildew\test_000205.jpg,Mildew,3,0.999960,ACCEPT,0.000035,0.000003,0.000002,0.999960,0.000000,
datasets\crop_disease\test\Mildew\test_000206.jpg,Mildew,3,0.997495,ACCEPT,0.000029,0.002475,0.000002,0.997495,0.000000,
datasets\crop_disease\test\Mildew\test_000207.jpg,Mildew,3,0.999819,ACCEPT,0.000006,0.000175,0.000000,0.999819,0.000000,
datasets\crop_disease\test\Mildew\test_000208.jpg,Mildew,3,1.000000,ACCEPT,0.000000,0.000000,0.000000,1.000000,0.000000,
datasets\crop_disease\test\Mildew\test_000209.jpg,Mildew,3,0.999941,ACCEPT,0.000001,0.000058,0.000000,0.999941,0.000000,
datasets\crop_disease\test\Mildew\test_000210.jpg,Mildew,3,1.000000,ACCEPT,0.000000,0.000000,0.000000,1.000000,0.000000,
datasets\crop_disease\test\Mildew\test_000211.jpg,Mildew,3,1.000000,ACCEPT,0.000000,0.000000,0.000000,1.000000,0.000000,
datasets\crop_disease\test\Mildew\test_000212.jpg,Mildew,3,0.999995,ACCEPT,0.000001,0.000001,0.000004,0.999995,0.000000,
datasets\crop_disease\test\Mildew\test_000213.jpg,Mildew,3,1.000000,ACCEPT,0.000000,0.000000,0.000000,1.000000,0.000000,
datasets\crop_disease\test\Mildew\test_000214.jpg,Mildew,3,1.000000,ACCEPT,0.000000,0.000000,0.000000,1.000000,0.000000,
datasets\crop_disease\test\Mildew\test_000215.jpg,Mildew,3,1.000000,ACCEPT,0.000000,0.000000,0.000000,1.000000,0.000000,
datasets\crop_disease\test\Mildew\test_000216.jpg,Mildew,3,0.999962,ACCEPT,0.000001,0.000001,0.000036,0.999962,0.000000,
datasets\crop_disease\test\Mildew\test_000217.jpg,Mildew,3,0.999997,ACCEPT,0.000001,0.000002,0.000000,0.999997,0.000000,
datasets\crop_disease\test\Mildew\test_000218.jpg,Mildew,3,0.999999,ACCEPT,0.000000,0.000001,0.000000,0.999999,0.000000,
datasets\crop_disease\test\Mildew\test_000219.jpg,Mildew,3,0.999996,ACCEPT,0.000000,0.000003,0.000001,0.999996,0.000000,
datasets\crop_disease\test\Mildew\test_000220.jpg,Mildew,3,1.000000,ACCEPT,0.000000,0.000000,0.000000,1.000000,0.000000,
datasets\crop_disease\test\Mildew\test_000221.jpg,Mildew,3,0.999998,ACCEPT,0.000000,0.000000,0.000002,0.999998,0.000000,
datasets\crop_disease\test\Mildew\test_000222.jpg,Mildew,3,1.000000,ACCEPT,0.000000,0.000000,0.000000,1.000000,0.000000,
datasets\crop_disease\test\Mildew\test_000223.jpg,Mildew,3,1.000000,ACCEPT,0.000000,0.000000,0.000000,1.000000,0.000000,
datasets\crop_disease\test\Mildew\test_000224.jpg,Mildew,3,0.999999,ACCEPT,0.000000,0.000000,0.000000,0.999999,0.000000,
datasets\crop_disease\test\Mildew\test_000225.jpg,Mildew,3,0.999992,ACCEPT,0.000004,0.000004,0.000000,0.999992,0.000000,
datasets\crop_disease\test\Mildew\test_000226.jpg,Mildew,3,1.000000,ACCEPT,0.000000,0.000000,0.000000,1.000000,0.000000,
datasets\crop_disease\test\Mildew\test_000227.jpg,Mildew,3,0.999999,ACCEPT,0.000000,0.000001,0.000000,0.999999,0.000000,
datasets\crop_disease\test\Mildew\test_000228.jpg,Mildew,3,0.999999,ACCEPT,0.000000,0.000000,0.000001,0.999999,0.000000,
datasets\crop_disease\test\Mildew\test_000229.jpg,Mildew,3,0.999996,ACCEPT,0.000000,0.000002,0.000002,0.999996,0.000000,
datasets\crop_disease\test\Mildew\test_000230.jpg,Mildew,3,0.999974,ACCEPT,0.000003,0.000011,0.000012,0.999974,0.000000,
datasets\crop_disease\test\Mildew\test_000231.jpg,Mildew,3,1.000000,ACCEPT,0.000000,0.000000,0.000000,1.000000,0.000000,
datasets\crop_disease\test\Mildew\test_000232.jpg,Mildew,3,0.999996,ACCEPT,0.000000,0.000003,0.000000,0.999996,0.000000,
datasets\crop_disease\test\Mildew\test_000233.jpg,Mildew,3,0.999999,ACCEPT,0.000000,0.000001,0.000000,0.999999,0.000000,
datasets\crop_disease\test\Mildew\test_000234.jpg,Mildew,3,0.999691,ACCEPT,0.000014,0.000035,0.000253,0.999691,0.000007,
datasets\crop_disease\test\Mildew\test_000235.jpg,Mildew,3,0.999883,ACCEPT,0.000025,0.000004,0.000087,0.999883,0.000001,
datasets\crop_disease\test\Mildew\test_000236.jpg,Mildew,3,0.999991,ACCEPT,0.000000,0.000000,0.000005,0.999991,0.000004,
datasets\crop_disease\test\Mildew\test_000237.jpg,Mildew,3,1.000000,ACCEPT,0.000000,0.000000,0.000000,1.000000,0.000000,
datasets\crop_disease\test\Mildew\test_000238.jpg,Mildew,3,0.999997,ACCEPT,0.000001,0.000001,0.000000,0.999997,0.000000,
datasets\crop_disease\test\Mildew\test_000239.jpg,Mildew,3,1.000000,ACCEPT,0.000000,0.000000,0.000000,1.000000,0.000000,
datasets\crop_disease\test\Mildew\test_000240.jpg,Mildew,3,1.000000,ACCEPT,0.000000,0.000000,0.000000,1.000000,0.000000,
datasets\crop_disease\test\Mildew\test_000241.jpg,Mildew,3,1.000000,ACCEPT,0.000000,0.000000,0.000000,1.000000,0.000000,
datasets\crop_disease\test\Mildew\test_000242.jpg,Mildew,3,1.000000,ACCEPT,0.000000,0.000000,0.000000,1.000000,0.000000,
datasets\crop_disease\test\Mildew\test_000243.jpg,Mildew,3,0.999977,ACCEPT,0.000001,0.000023,0.000000,0.999977,0.000000,
datasets\crop_disease\test\Mildew\test_000244.jpg,Mildew,3,1.000000,ACCEPT,0.000000,0.000000,0.000000,1.000000,0.000000,
datasets\crop_disease\test\Mildew\test_000245.jpg,Mildew,3,0.999984,ACCEPT,0.000001,0.000006,0.000009,0.999984,0.000000,
datasets\crop_disease\test\Mildew\test_000246.jpg,Mildew,3,1.000000,ACCEPT,0.000000,0.000000,0.000000,1.000000,0.000000,
datasets\crop_disease\test\Mildew\test_000247.jpg,Mildew,3,1.000000,ACCEPT,0.000000,0.000000,0.000000,1.000000,0.000000,
datasets\crop_disease\test\Mildew\test_000248.jpg,Mildew,3,1.000000,ACCEPT,0.000000,0.000000,0.000000,1.000000,0.000000,
datasets\crop_disease\test\Mildew\test_000249.jpg,Mildew,3,0.999990,ACCEPT,0.000000,0.000009,0.000000,0.999990,0.000000,
datasets\crop_disease\test\Mildew\test_000250.jpg,Mildew,3,1.000000,ACCEPT,0.000000,0.000000,0.000000,1.000000,0.000000,
datasets\crop_disease\test\Mildew\test_000251.jpg,Mildew,3,1.000000,ACCEPT,0.000000,0.000000,0.000000,1.000000,0.000000,
datasets\crop_disease\test\Mildew\test_000252.jpg,Mildew,3,1.000000,ACCEPT,0.000000,0.000000,0.000000,1.000000,0.000000,
datasets\crop_disease\test\Mildew\test_000253.jpg,Mildew,3,0.998480,ACCEPT,0.000407,0.000072,0.001036,0.998480,0.000005,
datasets\crop_disease\test\Mildew\test_000254.jpg,Mildew,3,0.999972,ACCEPT,0.000001,0.000026,0.000001,0.999972,0.000000,
datasets\crop_disease\test\Mildew\test_000255.jpg,Mildew,3,0.918137,ACCEPT,0.005670,0.004770,0.071325,0.918137,0.000097,
datasets\crop_disease\test\Mildew\test_000256.jpg,Mildew,3,1.000000,ACCEPT,0.000000,0.000000,0.000000,1.000000,0.000000,
datasets\crop_disease\test\Mildew\test_000257.jpg,Mildew,3,0.999990,ACCEPT,0.000006,0.000004,0.000000,0.999990,0.000000,
datasets\crop_disease\test\Mildew\test_000258.jpg,Mildew,3,0.999996,ACCEPT,0.000000,0.000004,0.000000,0.999996,0.000000,
datasets\crop_disease\test\Mildew\test_000259.jpg,Mildew,3,0.999974,ACCEPT,0.000001,0.000003,0.000022,0.999974,0.000000,
datasets\crop_disease\test\Mildew\test_000260.jpg,Mildew,3,1.000000,ACCEPT,0.000000,0.000000,0.000000,1.000000,0.000000,
datasets\crop_disease\test\Mildew\test_000261.jpg,Mildew,3,1.000000,ACCEPT,0.000000,0.000000,0.000000,1.000000,0.000000,
datasets\crop_disease\test\Mildew\test_000262.jpg,Mildew,3,1.000000,ACCEPT,0.000000,0.000000,0.000000,1.000000,0.000000,
datasets\crop_disease\test\Mildew\test_000263.jpg,Mildew,3,0.999332,ACCEPT,0.000009,0.000645,0.000014,0.999332,0.000000,
datasets\crop_disease\test\Mildew\test_000264.jpg,Mildew,3,1.000000,ACCEPT,0.000000,0.000000,0.000000,1.000000,0.000000,
datasets\crop_disease\test\Mildew\test_000265.jpg,Mildew,3,1.000000,ACCEPT,0.000000,0.000000,0.000000,1.000000,0.000000,
datasets\crop_disease\test\Mildew\test_000266.jpg,Mildew,3,0.949486,ACCEPT,0.007084,0.001830,0.041556,0.949486,0.000044,
datasets\crop_disease\test\Mildew\test_000267.jpg,Mildew,3,1.000000,ACCEPT,0.000000,0.000000,0.000000,1.000000,0.000000,
datasets\crop_disease\test\Mildew\test_000268.jpg,Mildew,3,1.000000,ACCEPT,0.000000,0.000000,0.000000,1.000000,0.000000,
datasets\crop_disease\test\Mildew\test_000269.jpg,Mildew,3,0.995895,ACCEPT,0.001586,0.000861,0.001652,0.995895,0.000007,
datasets\crop_disease\test\Mildew\test_000270.jpg,Mildew,3,1.000000,ACCEPT,0.000000,0.000000,0.000000,1.000000,0.000000,
datasets\crop_disease\test\Mildew\test_000271.jpg,Mildew,3,0.999921,ACCEPT,0.000062,0.000004,0.000012,0.999921,0.000000,
datasets\crop_disease\test\Mildew\test_000272.jpg,Mildew,3,1.000000,ACCEPT,0.000000,0.000000,0.000000,1.000000,0.000000,
datasets\crop_disease\test\Mildew\test_000273.jpg,Mildew,3,0.999709,ACCEPT,0.000068,0.000040,0.000183,0.999709,0.000000,
datasets\crop_disease\test\Mildew\test_000274.jpg,Mildew,3,1.000000,ACCEPT,0.000000,0.000000,0.000000,1.000000,0.000000,
datasets\crop_disease\test\Mildew\test_000275.jpg,Mildew,3,1.000000,ACCEPT,0.000000,0.000000,0.000000,1.000000,0.000000,
datasets\crop_disease\test\Mildew\test_000276.jpg,Mildew,3,1.000000,ACCEPT,0.000000,0.000000,0.000000,1.000000,0.000000,
datasets\crop_disease\test\Mildew\test_000277.jpg,Mildew,3,1.000000,ACCEPT,0.000000,0.000000,0.000000,1.000000,0.000000,
datasets\crop_disease\test\Mildew\test_000278.jpg,Mildew,3,1.000000,ACCEPT,0.000000,0.000000,0.000000,1.000000,0.000000,
datasets\crop_disease\test\Mildew\test_000279.jpg,Mildew,3,1.000000,ACCEPT,0.000000,0.000000,0.000000,1.000000,0.000000,
datasets\crop_disease\test\Mildew\test_000280.jpg,Mildew,3,0.999984,ACCEPT,0.000001,0.000004,0.000012,0.999984,0.000000,
datasets\crop_disease\test\Mildew\test_000281.jpg,Mildew,3,1.000000,ACCEPT,0.000000,0.000000,0.000000,1.000000,0.000000,
datasets\crop_disease\test\Mildew\test_000282.jpg,Mildew,3,0.999993,ACCEPT,0.000001,0.000001,0.000005,0.999993,0.000000,
datasets\crop_disease\test\Mildew\test_000283.jpg,Mildew,3,0.998917,ACCEPT,0.000603,0.000051,0.000429,0.998917,0.000000,
datasets\crop_disease\test\Mildew\test_000284.jpg,Mildew,3,0.999999,ACCEPT,0.000000,0.000001,0.000000,0.999999,0.000000,
datasets\crop_disease\test\Mildew\test_000285.jpg,Mildew,3,1.000000,ACCEPT,0.000000,0.000000,0.000000,1.000000,0.000000,
datasets\crop_disease\test\Mildew\test_000286.jpg,Mildew,3,1.000000,ACCEPT,0.000000,0.000000,0.000000,1.000000,0.000000,
datasets\crop_disease\test\Mildew\test_000287.jpg,Mildew,3,0.999997,ACCEPT,0.000000,0.000003,0.000000,0.999997,0.000000,
datasets\crop_disease\test\Mildew\test_000288.jpg,Mildew,3,1.000000,ACCEPT,0.000000,0.000000,0.000000,1.000000,0.000000,
datasets\crop_disease\test\Mildew\test_000289.jpg,Mildew,3,1.000000,ACCEPT,0.000000,0.000000,0.000000,1.000000,0.000000,
datasets\crop_disease\test\Mildew\test_000290.jpg,Mildew,3,0.999998,ACCEPT,0.000000,0.000002,0.000000,0.999998,0.000000,
datasets\crop_disease\test\Mildew\test_000291.jpg,Mildew,3,1.000000,ACCEPT,0.000000,0.000000,0.000000,1.000000,0.000000,
datasets\crop_disease\test\Mildew\test_000292.jpg,Mildew,3,0.999995,ACCEPT,0.000000,0.000004,0.000000,0.999995,0.000000,
datasets\crop_disease\test\Mildew\test_000293.jpg,Mildew,3,1.000000,ACCEPT,0.000000,0.000000,0.000000,1.000000,0.000000,
datasets\crop_disease\test\Mildew\test_000294.jpg,Mildew,3,1.000000,ACCEPT,0.000000,0.000000,0.000000,1.000000,0.000000,
datasets\crop_disease\test\Mildew\test_000295.jpg,Mildew,3,0.999996,ACCEPT,0.000003,0.000000,0.000001,0.999996,0.000000,
datasets\crop_disease\test\Mildew\test_000296.jpg,Mildew,3,1.000000,ACCEPT,0.000000,0.000000,0.000000,1.000000,0.000000,
datasets\crop_disease\test\Mildew\test_000297.jpg,Mildew,3,1.000000,ACCEPT,0.000000,0.000000,0.000000,1.000000,0.000000,
datasets\crop_disease\test\Mildew\test_000298.jpg,Mildew,3,0.999997,ACCEPT,0.000002,0.000000,0.000001,0.999997,0.000000,
datasets\crop_disease\test\Mildew\test_000299.jpg,Mildew,3,1.000000,ACCEPT,0.000000,0.000000,0.000000,1.000000,0.000000,
datasets\crop_disease\test\Mildew\test_000300.jpg,Mildew,3,0.999999,ACCEPT,0.000000,0.000000,0.000000,0.999999,0.000000,
datasets\crop_disease\test\Mildew\test_000301.jpg,Mildew,3,1.000000,ACCEPT,0.000000,0.000000,0.000000,1.000000,0.000000,
datasets\crop_disease\test\Mildew\test_000302.jpg,Mildew,3,0.999997,ACCEPT,0.000000,0.000003,0.000000,0.999997,0.000000,
datasets\crop_disease\test\Mildew\test_000303.jpg,Mildew,3,0.999999,ACCEPT,0.000000,0.000000,0.000001,0.999999,0.000000,
datasets\crop_disease\test\Mildew\test_000304.jpg,Mildew,3,1.000000,ACCEPT,0.000000,0.000000,0.000000,1.000000,0.000000,
datasets\crop_disease\test\Mildew\test_000305.jpg,Mildew,3,1.000000,ACCEPT,0.000000,0.000000,0.000000,1.000000,0.000000,
datasets\crop_disease\test\Mildew\test_000306.jpg,Mildew,3,1.000000,ACCEPT,0.000000,0.000000,0.000000,1.000000,0.000000,
datasets\crop_disease\test\Mildew\test_000307.jpg,Mildew,3,1.000000,ACCEPT,0.000000,0.000000,0.000000,1.000000,0.000000,
datasets\crop_disease\test\Mildew\test_000308.jpg,Mildew,3,0.999986,ACCEPT,0.000003,0.000002,0.000009,0.999986,0.000000,
datasets\crop_disease\test\Mildew\test_000309.jpg,Mildew,3,0.999988,ACCEPT,0.000000,0.000001,0.000011,0.999988,0.000000,
datasets\crop_disease\test\Mildew\test_000310.jpg,Mildew,3,0.999978,ACCEPT,0.000000,0.000021,0.000000,0.999978,0.000000,
datasets\crop_disease\test\Mildew\test_000311.jpg,Mildew,3,0.999999,ACCEPT,0.000000,0.000001,0.000000,0.999999,0.000000,
datasets\crop_disease\test\Mildew\test_000312.jpg,Mildew,3,0.999999,ACCEPT,0.000000,0.000000,0.000001,0.999999,0.000000,
datasets\crop_disease\test\Mildew\test_000313.jpg,Mildew,3,1.000000,ACCEPT,0.000000,0.000000,0.000000,1.000000,0.000000,
datasets\crop_disease\test\Mildew\test_000314.jpg,Mildew,3,1.000000,ACCEPT,0.000000,0.000000,0.000000,1.000000,0.000000,
datasets\crop_disease\test\Mildew\test_000315.jpg,Mildew,3,0.999170,ACCEPT,0.000355,0.000116,0.000359,0.999170,0.000000,
datasets\crop_disease\test\Mildew\test_000316.jpg,Mildew,3,0.999922,ACCEPT,0.000005,0.000001,0.000070,0.999922,0.000002,
datasets\crop_disease\test\Mildew\test_000317.jpg,Mildew,3,1.000000,ACCEPT,0.000000,0.000000,0.000000,1.000000,0.000000,
datasets\crop_disease\test\Mildew\test_000318.jpg,Mildew,3,1.000000,ACCEPT,0.000000,0.000000,0.000000,1.000000,0.000000,
datasets\crop_disease\test\Mildew\test_000319.jpg,Mildew,3,1.000000,ACCEPT,0.000000,0.000000,0.000000,1.000000,0.000000,
datasets\crop_disease\test\Mildew\test_000320.jpg,Mildew,3,0.999995,ACCEPT,0.000003,0.000001,0.000001,0.999995,0.000000,
datasets\crop_disease\test\Mildew\test_000321.jpg,Mildew,3,1.000000,ACCEPT,0.000000,0.000000,0.000000,1.000000,0.000000,
datasets\crop_disease\test\Mildew\test_000322.jpg,Mildew,3,1.000000,ACCEPT,0.000000,0.000000,0.000000,1.000000,0.000000,
datasets\crop_disease\test\Mildew\test_000323.jpg,Mildew,3,0.999999,ACCEPT,0.000000,0.000000,0.000001,0.999999,0.000000,
datasets\crop_disease\test\Mildew\test_000324.jpg,Mildew,3,0.999995,ACCEPT,0.000000,0.000005,0.000000,0.999995,0.000000,
datasets\crop_disease\test\Mildew\test_000325.jpg,Mildew,3,1.000000,ACCEPT,0.000000,0.000000,0.000000,1.000000,0.000000,
datasets\crop_disease\test\Mildew\test_000326.jpg,Mildew,3,1.000000,ACCEPT,0.000000,0.000000,0.000000,1.000000,0.000000,
datasets\crop_disease\test\Mildew\test_000327.jpg,Mildew,3,0.999949,ACCEPT,0.000000,0.000001,0.000048,0.999949,0.000002,
datasets\crop_disease\test\Mildew\test_000328.jpg,Mildew,3,0.999998,ACCEPT,0.000000,0.000001,0.000001,0.999998,0.000000,
datasets\crop_disease\test\Mildew\test_000329.jpg,Mildew,3,1.000000,ACCEPT,0.000000,0.000000,0.000000,1.000000,0.000000,
datasets\crop_disease\test\Mildew\test_000330.jpg,Mildew,3,1.000000,ACCEPT,0.000000,0.000000,0.000000,1.000000,0.000000,
datasets\crop_disease\test\Mildew\test_000331.jpg,Mildew,3,1.000000,ACCEPT,0.000000,0.000000,0.000000,1.000000,0.000000,
datasets\crop_disease\test\Mildew\test_000332.jpg,Mildew,3,0.999998,ACCEPT,0.000000,0.000002,0.000000,0.999998,0.000000,
datasets\crop_disease\test\Mildew\test_000333.jpg,Mildew,3,1.000000,ACCEPT,0.000000,0.000000,0.000000,1.000000,0.000000,
datasets\crop_disease\test\Mildew\test_000334.jpg,Mildew,3,1.000000,ACCEPT,0.000000,0.000000,0.000000,1.000000,0.000000,
datasets\crop_disease\test\Mildew\test_000335.jpg,Mildew,3,1.000000,ACCEPT,0.000000,0.000000,0.000000,1.000000,0.000000,
datasets\crop_disease\test\Mildew\test_000336.jpg,Mildew,3,0.999989,ACCEPT,0.000001,0.000007,0.000003,0.999989,0.000000,
datasets\crop_disease\test\Mildew\test_000337.jpg,Mildew,3,0.999977,ACCEPT,0.000010,0.000010,0.000004,0.999977,0.000000,
datasets\crop_disease\test\Mildew\test_000338.jpg,Mildew,3,0.999910,ACCEPT,0.000034,0.000039,0.000017,0.999910,0.000000,
datasets\crop_disease\test\Mildew\test_000339.jpg,Mildew,3,1.000000,ACCEPT,0.000000,0.000000,0.000000,1.000000,0.000000,
datasets\crop_disease\test\Mildew\test_000340.jpg,Mildew,3,1.000000,ACCEPT,0.000000,0.000000,0.000000,1.000000,0.000000,
datasets\crop_disease\test\Mildew\test_000341.jpg,Mildew,3,0.999996,ACCEPT,0.000002,0.000002,0.000000,0.999996,0.000000,
datasets\crop_disease\test\Mildew\test_000342.jpg,Mildew,3,1.000000,ACCEPT,0.000000,0.000000,0.000000,1.000000,0.000000,
datasets\crop_disease\test\Mildew\test_000343.jpg,Mildew,3,1.000000,ACCEPT,0.000000,0.000000,0.000000,1.000000,0.000000,
datasets\crop_disease\test\Mildew\test_000344.jpg,Mildew,3,0.999999,ACCEPT,0.000000,0.000001,0.000000,0.999999,0.000000,
datasets\crop_disease\test\Mildew\test_000345.jpg,Mildew,3,1.000000,ACCEPT,0.000000,0.000000,0.000000,1.000000,0.000000,
datasets\crop_disease\test\Mildew\test_000346.jpg,Mildew,3,0.999989,ACCEPT,0.000002,0.000000,0.000009,0.999989,0.000000,
datasets\crop_disease\test\Mildew\test_000347.jpg,Mildew,3,1.000000,ACCEPT,0.000000,0.000000,0.000000,1.000000,0.000000,
datasets\crop_disease\test\Mildew\test_000348.jpg,Mildew,3,0.999996,ACCEPT,0.000000,0.000000,0.000004,0.999996,0.000000,
datasets\crop_disease\test\Mildew\test_000349.jpg,Mildew,3,0.999868,ACCEPT,0.000080,0.000051,0.000001,0.999868,0.000000,
datasets\crop_disease\test\Mildew\test_000350.jpg,Mildew,3,1.000000,ACCEPT,0.000000,0.000000,0.000000,1.000000,0.000000,
datasets\crop_disease\test\Mildew\test_000351.jpg,Mildew,3,1.000000,ACCEPT,0.000000,0.000000,0.000000,1.000000,0.000000,
datasets\crop_disease\test\Mildew\test_000352.jpg,Mildew,3,0.999998,ACCEPT,0.000000,0.000000,0.000002,0.999998,0.000000,
datasets\crop_disease\test\Mildew\test_000353.jpg,Mildew,3,0.999973,ACCEPT,0.000007,0.000019,0.000002,0.999973,0.000000,
datasets\crop_disease\test\Mildew\test_000354.jpg,Mildew,3,1.000000,ACCEPT,0.000000,0.000000,0.000000,1.000000,0.000000,
datasets\crop_disease\test\Mildew\test_000355.jpg,Mildew,3,1.000000,ACCEPT,0.000000,0.000000,0.000000,1.000000,0.000000,
datasets\crop_disease\test\Mildew\test_000356.jpg,Mildew,3,1.000000,ACCEPT,0.000000,0.000000,0.000000,1.000000,0.000000,
datasets\crop_disease\test\Mildew\test_000357.jpg,Mildew,3,0.999998,ACCEPT,0.000000,0.000002,0.000000,0.999998,0.000000,
datasets\crop_disease\test\Mildew\test_000358.jpg,Mildew,3,0.999999,ACCEPT,0.000000,0.000001,0.000000,0.999999,0.000000,
datasets\crop_disease\test\Mildew\test_000359.jpg,Mildew,3,1.000000,ACCEPT,0.000000,0.000000,0.000000,1.000000,0.000000,
datasets\crop_disease\test\Mildew\test_000360.jpg,Mildew,3,1.000000,ACCEPT,0.000000,0.000000,0.000000,1.000000,0.000000,
datasets\crop_disease\test\Mildew\test_000361.jpg,Mildew,3,1.000000,ACCEPT,0.000000,0.000000,0.000000,1.000000,0.000000,
datasets\crop_disease\test\Mildew\test_000362.jpg,Mildew,3,0.999993,ACCEPT,0.000000,0.000006,0.000001,0.999993,0.000000,
datasets\crop_disease\test\Mildew\test_000363.jpg,Mildew,3,0.999999,ACCEPT,0.000000,0.000000,0.000000,0.999999,0.000000,
datasets\crop_disease\test\Mildew\test_000364.jpg,Mildew,3,0.999747,ACCEPT,0.000008,0.000238,0.000007,0.999747,0.000000,
datasets\crop_disease\test\Mildew\test_000365.jpg,Mildew,3,0.999998,ACCEPT,0.000000,0.000002,0.000000,0.999998,0.000000,
datasets\crop_disease\test\Mildew\test_000366.jpg,Mildew,3,0.999970,ACCEPT,0.000002,0.000017,0.000012,0.999970,0.000000,
datasets\crop_disease\test\Mildew\test_000367.jpg,Mildew,3,1.000000,ACCEPT,0.000000,0.000000,0.000000,1.000000,0.000000,
datasets\crop_disease\test\Mildew\test_000368.jpg,Mildew,3,1.000000,ACCEPT,0.000000,0.000000,0.000000,1.000000,0.000000,
datasets\crop_disease\test\Mildew\test_000369.jpg,Mildew,3,1.000000,ACCEPT,0.000000,0.000000,0.000000,1.000000,0.000000,
datasets\crop_disease\test\Mildew\test_000370.jpg,Mildew,3,0.999948,ACCEPT,0.000000,0.000025,0.000027,0.999948,0.000000,
datasets\crop_disease\test\Mildew\test_000371.jpg,Mildew,3,1.000000,ACCEPT,0.000000,0.000000,0.000000,1.000000,0.000000,
datasets\crop_disease\test\Mildew\test_000372.jpg,Mildew,3,0.999996,ACCEPT,0.000003,0.000001,0.000000,0.999996,0.000000,
datasets\crop_disease\test\Mildew\test_000373.jpg,Mildew,3,0.999969,ACCEPT,0.000000,0.000022,0.000009,0.999969,0.000000,
datasets\crop_disease\test\Mildew\test_000374.jpg,Mildew,3,0.999981,ACCEPT,0.000009,0.000000,0.000009,0.999981,0.000000,
datasets\crop_disease\test\Mildew\test_000375.jpg,Mildew,3,0.999667,ACCEPT,0.000021,0.000010,0.000286,0.999667,0.000015,
datasets\crop_disease\test\Mildew\test_000376.jpg,Mildew,3,0.999967,ACCEPT,0.000004,0.000002,0.000027,0.999967,0.000001,
datasets\crop_disease\test\Mildew\test_000377.jpg,Mildew,3,1.000000,ACCEPT,0.000000,0.000000,0.000000,1.000000,0.000000,
datasets\crop_disease\test\Mildew\test_000378.jpg,Mildew,3,0.999998,ACCEPT,0.000000,0.000001,0.000000,0.999998,0.000000,
datasets\crop_disease\test\Mildew\test_000379.jpg,Mildew,3,1.000000,ACCEPT,0.000000,0.000000,0.000000,1.000000,0.000000,
datasets\crop_disease\test\Mildew\test_000380.jpg,Mildew,3,0.999962,ACCEPT,0.000010,0.000000,0.000026,0.999962,0.000002,
datasets\crop_disease\test\Mildew\test_000381.jpg,Mildew,3,0.999996,ACCEPT,0.000001,0.000002,0.000001,0.999996,0.000000,
datasets\crop_disease\test\Mildew\test_000382.jpg,Mildew,3,0.999982,ACCEPT,0.000001,0.000004,0.000013,0.999982,0.000000,
datasets\crop_disease\test\Mildew\test_000383.jpg,Mildew,3,1.000000,ACCEPT,0.000000,0.000000,0.000000,1.000000,0.000000,
datasets\crop_disease\test\Mildew\test_000384.jpg,Mildew,3,0.999839,ACCEPT,0.000121,0.000040,0.000000,0.999839,0.000000,
datasets\crop_disease\test\Mildew\test_000385.jpg,Mildew,3,0.999999,ACCEPT,0.000000,0.000001,0.000000,0.999999,0.000000,
datasets\crop_disease\test\Mildew\test_000386.jpg,Mildew,3,1.000000,ACCEPT,0.000000,0.000000,0.000000,1.000000,0.000000,
datasets\crop_disease\test\Mildew\test_000387.jpg,Mildew,3,1.000000,ACCEPT,0.000000,0.000000,0.000000,1.000000,0.000000,
datasets\crop_disease\test\Mildew\test_000388.jpg,Mildew,3,0.999998,ACCEPT,0.000000,0.000002,0.000000,0.999998,0.000000,
datasets\crop_disease\test\Mildew\test_000389.jpg,Mildew,3,1.000000,ACCEPT,0.000000,0.000000,0.000000,1.000000,0.000000,
datasets\crop_disease\test\Mildew\test_000390.jpg,Mildew,3,1.000000,ACCEPT,0.000000,0.000000,0.000000,1.000000,0.000000,
datasets\crop_disease\test\Mildew\test_000391.jpg,Mildew,3,0.999900,ACCEPT,0.000005,0.000000,0.000095,0.999900,0.000000,
datasets\crop_disease\test\Mildew\test_000392.jpg,Mildew,3,1.000000,ACCEPT,0.000000,0.000000,0.000000,1.000000,0.000000,
datasets\crop_disease\test\Mildew\test_000393.jpg,Mildew,3,0.999995,ACCEPT,0.000000,0.000004,0.000001,0.999995,0.000000,
datasets\crop_disease\test\Mildew\test_000394.jpg,Mildew,3,1.000000,ACCEPT,0.000000,0.000000,0.000000,1.000000,0.000000,
datasets\crop_disease\test\Mildew\test_000395.jpg,Mildew,3,1.000000,ACCEPT,0.000000,0.000000,0.000000,1.000000,0.000000,
datasets\crop_disease\test\Mildew\test_000396.jpg,Mildew,3,1.000000,ACCEPT,0.000000,0.000000,0.000000,1.000000,0.000000,
datasets\crop_disease\test\Mildew\test_000397.jpg,Mildew,3,0.999999,ACCEPT,0.000000,0.000000,0.000001,0.999999,0.000000,
datasets\crop_disease\test\Mildew\test_000398.jpg,Mildew,3,1.000000,ACCEPT,0.000000,0.000000,0.000000,1.000000,0.000000,
datasets\crop_disease\test\Mildew\test_000399.jpg,Mildew,3,0.999995,ACCEPT,0.000002,0.000001,0.000002,0.999995,0.000000,
datasets\crop_disease\test\Mildew\test_000400.jpg,Mildew,3,1.000000,ACCEPT,0.000000,0.000000,0.000000,1.000000,0.000000,
datasets\crop_disease\test\Mildew\test_000401.jpg,Mildew,3,0.999999,ACCEPT,0.000000,0.000001,0.000000,0.999999,0.000000,
datasets\crop_disease\test\Mildew\test_000402.jpg,Mildew,3,1.000000,ACCEPT,0.000000,0.000000,0.000000,1.000000,0.000000,
datasets\crop_disease\test\Mildew\test_000403.jpg,Mildew,3,1.000000,ACCEPT,0.000000,0.000000,0.000000,1.000000,0.000000,
datasets\crop_disease\test\Mildew\test_000404.jpg,Mildew,3,0.999998,ACCEPT,0.000000,0.000001,0.000001,0.999998,0.000000,
datasets\crop_disease\test\Mildew\test_000405.jpg,Mildew,3,1.000000,ACCEPT,0.000000,0.000000,0.000000,1.000000,0.000000,
datasets\crop_disease\test\Mildew\test_000406.jpg,Mildew,3,0.999997,ACCEPT,0.000000,0.000001,0.000002,0.999997,0.000000,
datasets\crop_disease\test\Mildew\test_000407.jpg,Mildew,3,1.000000,ACCEPT,0.000000,0.000000,0.000000,1.000000,0.000000,
datasets\crop_disease\test\Mildew\test_000408.jpg,Mildew,3,1.000000,ACCEPT,0.000000,0.000000,0.000000,1.000000,0.000000,
datasets\crop_disease\test\Mildew\test_000409.jpg,Mildew,3,1.000000,ACCEPT,0.000000,0.000000,0.000000,1.000000,0.000000,
datasets\crop_disease\test\Mildew\test_000410.jpg,Mildew,3,0.999987,ACCEPT,0.000009,0.000004,0.000001,0.999987,0.000000,
datasets\crop_disease\test\Mildew\test_000411.jpg,Mildew,3,0.999129,ACCEPT,0.000021,0.000001,0.000830,0.999129,0.000020,
datasets\crop_disease\test\Mildew\test_000412.jpg,Mildew,3,0.999996,ACCEPT,0.000002,0.000000,0.000000,0.999996,0.000001,
datasets\crop_disease\test\Mildew\test_000413.jpg,Mildew,3,0.999997,ACCEPT,0.000000,0.000001,0.000002,0.999997,0.000000,
datasets\crop_disease\test\Mildew\test_000414.jpg,Mildew,3,1.000000,ACCEPT,0.000000,0.000000,0.000000,1.000000,0.000000,
datasets\crop_disease\test\Mildew\test_000415.jpg,Mildew,3,0.999890,ACCEPT,0.000001,0.000000,0.000042,0.999890,0.000067,
datasets\crop_disease\test\Mildew\test_000416.jpg,Mildew,3,0.999999,ACCEPT,0.000001,0.000000,0.000000,0.999999,0.000000,
datasets\crop_disease\test\Mildew\test_000417.jpg,Mildew,3,0.999998,ACCEPT,0.000001,0.000001,0.000000,0.999998,0.000000,
datasets\crop_disease\test\Mildew\test_000418.jpg,Mildew,3,1.000000,ACCEPT,0.000000,0.000000,0.000000,1.000000,0.000000,
datasets\crop_disease\test\Mildew\test_000419.jpg,Mildew,3,1.000000,ACCEPT,0.000000,0.000000,0.000000,1.000000,0.000000,
datasets\crop_disease\test\Mildew\test_000420.jpg,Mildew,3,0.999998,ACCEPT,0.000000,0.000002,0.000000,0.999998,0.000000,
datasets\crop_disease\test\Mildew\test_000421.jpg,Mildew,3,0.999956,ACCEPT,0.000001,0.000001,0.000041,0.999956,0.000001,
datasets\crop_disease\test\Mildew\test_000422.jpg,Mildew,3,1.000000,ACCEPT,0.000000,0.000000,0.000000,1.000000,0.000000,
datasets\crop_disease\test\Mildew\test_000423.jpg,Mildew,3,0.999874,ACCEPT,0.000023,0.000103,0.000000,0.999874,0.000000,
datasets\crop_disease\test\Mildew\test_000424.jpg,Mildew,3,1.000000,ACCEPT,0.000000,0.000000,0.000000,1.000000,0.000000,
datasets\crop_disease\test\Mildew\test_000425.jpg,Mildew,3,1.000000,ACCEPT,0.000000,0.000000,0.000000,1.000000,0.000000,
datasets\crop_disease\test\Mildew\test_000426.jpg,Mildew,3,0.999982,ACCEPT,0.000001,0.000000,0.000017,0.999982,0.000000,
datasets\crop_disease\test\Mildew\test_000427.jpg,Mildew,3,0.999999,ACCEPT,0.000000,0.000000,0.000000,0.999999,0.000000,
datasets\crop_disease\test\Mildew\test_000428.jpg,Mildew,3,0.979886,ACCEPT,0.000350,0.000211,0.019259,0.979886,0.000294,
datasets\crop_disease\test\Mildew\test_000429.jpg,Mildew,3,0.999936,ACCEPT,0.000002,0.000003,0.000059,0.999936,0.000001,
datasets\crop_disease\test\Mildew\test_000430.jpg,Mildew,3,1.000000,ACCEPT,0.000000,0.000000,0.000000,1.000000,0.000000,
datasets\crop_disease\test\Mildew\test_000431.jpg,Mildew,3,1.000000,ACCEPT,0.000000,0.000000,0.000000,1.000000,0.000000,
datasets\crop_disease\test\Mildew\test_000432.jpg,Mildew,3,0.999932,ACCEPT,0.000002,0.000019,0.000047,0.999932,0.000000,
datasets\crop_disease\test\Mildew\test_000433.jpg,Mildew,3,0.999999,ACCEPT,0.000000,0.000000,0.000000,0.999999,0.000000,
datasets\crop_disease\test\Mildew\test_000434.jpg,Mildew,3,0.999945,ACCEPT,0.000000,0.000049,0.000006,0.999945,0.000000,
datasets\crop_disease\test\Mildew\test_000435.jpg,Mildew,3,1.000000,ACCEPT,0.000000,0.000000,0.000000,1.000000,0.000000,
datasets\crop_disease\test\Mildew\test_000436.jpg,Mildew,3,1.000000,ACCEPT,0.000000,0.000000,0.000000,1.000000,0.000000,
datasets\crop_disease\test\Mildew\test_000437.jpg,Mildew,3,1.000000,ACCEPT,0.000000,0.000000,0.000000,1.000000,0.000000,
datasets\crop_disease\test\Mildew\test_000438.jpg,Mildew,3,0.999090,ACCEPT,0.000013,0.000011,0.000884,0.999090,0.000002,
datasets\crop_disease\test\Mildew\test_000439.jpg,Mildew,3,1.000000,ACCEPT,0.000000,0.000000,0.000000,1.000000,0.000000,
datasets\crop_disease\test\Mildew\test_000440.jpg,Mildew,3,0.999997,ACCEPT,0.000001,0.000002,0.000000,0.999997,0.000000,
datasets\crop_disease\test\Mildew\test_000441.jpg,Mildew,3,0.999999,ACCEPT,0.000000,0.000001,0.000000,0.999999,0.000000,
datasets\crop_disease\test\Mildew\test_000442.jpg,Mildew,3,1.000000,ACCEPT,0.000000,0.000000,0.000000,1.000000,0.000000,
datasets\crop_disease\test\Mildew\test_000443.jpg,Mildew,3,0.999991,ACCEPT,0.000000,0.000009,0.000000,0.999991,0.000000,
datasets\crop_disease\test\Mildew\test_000444.jpg,Mildew,3,0.999995,ACCEPT,0.000000,0.000005,0.000000,0.999995,0.000000,
datasets\crop_disease\test\Mildew\test_000445.jpg,Mildew,3,1.000000,ACCEPT,0.000000,0.000000,0.000000,1.000000,0.000000,
datasets\crop_disease\test\Mildew\test_000446.jpg,Mildew,3,0.999989,ACCEPT,0.000001,0.000010,0.000001,0.999989,0.000000,
datasets\crop_disease\test\Mildew\test_000447.jpg,Mildew,3,0.999999,ACCEPT,0.000000,0.000001,0.000000,0.999999,0.000000,
datasets\crop_disease\test\Mildew\test_000448.jpg,Mildew,3,0.999999,ACCEPT,0.000000,0.000000,0.000000,0.999999,0.000000,
datasets\crop_disease\test\Mildew\test_000449.jpg,Mildew,3,1.000000,ACCEPT,0.000000,0.000000,0.000000,1.000000,0.000000,
datasets\crop_disease\test\Mildew\test_000450.jpg,Mildew,3,1.000000,ACCEPT,0.000000,0.000000,0.000000,1.000000,0.000000,
datasets\crop_disease\test\Mildew\test_000451.jpg,Mildew,3,0.999716,ACCEPT,0.000019,0.000258,0.000007,0.999716,0.000000,
datasets\crop_disease\test\Mildew\test_000452.jpg,Mildew,3,0.999999,ACCEPT,0.000000,0.000000,0.000001,0.999999,0.000000,
datasets\crop_disease\test\Mildew\test_000453.jpg,Mildew,3,0.998778,ACCEPT,0.000340,0.000001,0.000839,0.998778,0.000042,
datasets\crop_disease\test\Mildew\test_000454.jpg,Mildew,3,0.999984,ACCEPT,0.000000,0.000016,0.000000,0.999984,0.000000,
datasets\crop_disease\test\Mildew\test_000455.jpg,Mildew,3,1.000000,ACCEPT,0.000000,0.000000,0.000000,1.000000,0.000000,
datasets\crop_disease\test\Mildew\test_000456.jpg,Mildew,3,0.999972,ACCEPT,0.000003,0.000009,0.000016,0.999972,0.000000,
datasets\crop_disease\test\Mildew\test_000457.jpg,Mildew,3,1.000000,ACCEPT,0.000000,0.000000,0.000000,1.000000,0.000000,
datasets\crop_disease\test\Mildew\test_000458.jpg,Mildew,3,1.000000,ACCEPT,0.000000,0.000000,0.000000,1.000000,0.000000,
datasets\crop_disease\test\Mildew\test_000459.jpg,Mildew,3,1.000000,ACCEPT,0.000000,0.000000,0.000000,1.000000,0.000000,
datasets\crop_disease\test\Mildew\test_000460.jpg,Mildew,3,1.000000,ACCEPT,0.000000,0.000000,0.000000,1.000000,0.000000,
datasets\crop_disease\test\Mildew\test_000461.jpg,Mildew,3,1.000000,ACCEPT,0.000000,0.000000,0.000000,1.000000,0.000000,
datasets\crop_disease\test\Mildew\test_000462.jpg,Mildew,3,1.000000,ACCEPT,0.000000,0.000000,0.000000,1.000000,0.000000,
datasets\crop_disease\test\Mildew\test_000463.jpg,Mildew,3,0.999999,ACCEPT,0.000000,0.000001,0.000000,0.999999,0.000000,
datasets\crop_disease\test\Mildew\test_000464.jpg,Mildew,3,0.999395,ACCEPT,0.000002,0.000023,0.000566,0.999395,0.000014,
datasets\crop_disease\test\Mildew\test_000465.jpg,Mildew,3,1.000000,ACCEPT,0.000000,0.000000,0.000000,1.000000,0.000000,
datasets\crop_disease\test\Mildew\test_000466.jpg,Mildew,3,0.999915,ACCEPT,0.000046,0.000005,0.000034,0.999915,0.000001,
datasets\crop_disease\test\Mildew\test_000467.jpg,Mildew,3,0.999987,ACCEPT,0.000000,0.000000,0.000013,0.999987,0.000000,
datasets\crop_disease\test\Mildew\test_000468.jpg,Mildew,3,0.999936,ACCEPT,0.000000,0.000064,0.000000,0.999936,0.000000,
datasets\crop_disease\test\Mildew\test_000469.jpg,Mildew,3,0.999998,ACCEPT,0.000000,0.000001,0.000000,0.999998,0.000000,
datasets\crop_disease\test\Mildew\test_000470.jpg,Mildew,3,1.000000,ACCEPT,0.000000,0.000000,0.000000,1.000000,0.000000,
datasets\crop_disease\test\Mildew\test_000471.jpg,Mildew,3,0.999999,ACCEPT,0.000001,0.000000,0.000000,0.999999,0.000000,
datasets\crop_disease\test\Mildew\test_000472.jpg,Mildew,3,0.999998,ACCEPT,0.000000,0.000002,0.000000,0.999998,0.000000,
datasets\crop_disease\test\Mildew\test_000473.jpg,Mildew,3,1.000000,ACCEPT,0.000000,0.000000,0.000000,1.000000,0.000000,
datasets\crop_disease\test\Mildew\test_000474.jpg,Mildew,3,1.000000,ACCEPT,0.000000,0.000000,0.000000,1.000000,0.000000,
datasets\crop_disease\test\Mildew\test_000475.jpg,Mildew,3,1.000000,ACCEPT,0.000000,0.000000,0.000000,1.000000,0.000000,
datasets\crop_disease\test\Mildew\test_000476.jpg,Mildew,3,1.000000,ACCEPT,0.000000,0.000000,0.000000,1.000000,0.000000,
datasets\crop_disease\test\Mildew\test_000477.jpg,Mildew,3,1.000000,ACCEPT,0.000000,0.000000,0.000000,1.000000,0.000000,
datasets\crop_disease\test\Mildew\test_000478.jpg,Mildew,3,0.999999,ACCEPT,0.000001,0.000000,0.000000,0.999999,0.000000,
datasets\crop_disease\test\Mildew\test_000479.jpg,Mildew,3,1.000000,ACCEPT,0.000000,0.000000,0.000000,1.000000,0.000000,
datasets\crop_disease\test\Mildew\test_000480.jpg,Mildew,3,0.999997,ACCEPT,0.000001,0.000001,0.000001,0.999997,0.000000,
datasets\crop_disease\test\Mildew\test_000481.jpg,Mildew,3,1.000000,ACCEPT,0.000000,0.000000,0.000000,1.000000,0.000000,
datasets\crop_disease\test\Mildew\test_000482.jpg,Mildew,3,0.999998,ACCEPT,0.000000,0.000002,0.000000,0.999998,0.000000,
datasets\crop_disease\test\Mildew\test_000483.jpg,Mildew,3,0.997075,ACCEPT,0.000001,0.002886,0.000039,0.997075,0.000000,
datasets\crop_disease\test\Mildew\test_000484.jpg,Mildew,3,1.000000,ACCEPT,0.000000,0.000000,0.000000,1.000000,0.000000,
datasets\crop_disease\test\Mildew\test_000485.jpg,Mildew,3,0.999998,ACCEPT,0.000000,0.000002,0.000000,0.999998,0.000000,
datasets\crop_disease\test\Mildew\test_000486.jpg,Mildew,3,1.000000,ACCEPT,0.000000,0.000000,0.000000,1.000000,0.000000,
datasets\crop_disease\test\Mildew\test_000487.jpg,Mildew,3,0.997734,ACCEPT,0.000247,0.001349,0.000671,0.997734,0.000000,
datasets\crop_disease\test\Mildew\test_000488.jpg,Mildew,3,1.000000,ACCEPT,0.000000,0.000000,0.000000,1.000000,0.000000,
datasets\crop_disease\test\Mildew\test_000489.jpg,Mildew,3,0.999995,ACCEPT,0.000000,0.000004,0.000000,0.999995,0.000000,
datasets\crop_disease\test\Mildew\test_000490.jpg,Mildew,3,0.999821,ACCEPT,0.000016,0.000151,0.000012,0.999821,0.000000,
datasets\crop_disease\test\Mildew\test_000491.jpg,Mildew,3,1.000000,ACCEPT,0.000000,0.000000,0.000000,1.000000,0.000000,
datasets\crop_disease\test\Mildew\test_000492.jpg,Mildew,3,0.999998,ACCEPT,0.000001,0.000000,0.000000,0.999998,0.000000,
datasets\crop_disease\test\Mildew\test_000493.jpg,Mildew,3,0.999992,ACCEPT,0.000004,0.000001,0.000003,0.999992,0.000000,
datasets\crop_disease\test\Mildew\test_000494.jpg,Mildew,3,0.999999,ACCEPT,0.000000,0.000001,0.000000,0.999999,0.000000,
datasets\crop_disease\test\Mildew\test_000495.jpg,Mildew,3,1.000000,ACCEPT,0.000000,0.000000,0.000000,1.000000,0.000000,
datasets\crop_disease\test\Mildew\test_000496.jpg,Mildew,3,1.000000,ACCEPT,0.000000,0.000000,0.000000,1.000000,0.000000,
datasets\crop_disease\test\Mildew\test_000497.jpg,Mildew,3,0.999720,ACCEPT,0.000000,0.000050,0.000229,0.999720,0.000001,
datasets\crop_disease\test\Mildew\test_000498.jpg,Mildew,3,0.997105,ACCEPT,0.001185,0.000550,0.001044,0.997105,0.000116,
datasets\crop_disease\test\Mildew\test_000499.jpg,Mildew,3,1.000000,ACCEPT,0.000000,0.000000,0.000000,1.000000,0.000000,
datasets\crop_disease\test\Mildew\test_000500.jpg,Mildew,3,1.000000,ACCEPT,0.000000,0.000000,0.000000,1.000000,0.000000,
datasets\crop_disease\test\Mildew\test_000501.jpg,Mildew,3,1.000000,ACCEPT,0.000000,0.000000,0.000000,1.000000,0.000000,
datasets\crop_disease\test\Mildew\test_000502.jpg,Mildew,3,0.999705,ACCEPT,0.000017,0.000014,0.000258,0.999705,0.000005,
datasets\crop_disease\test\Mildew\test_000503.jpg,Mildew,3,1.000000,ACCEPT,0.000000,0.000000,0.000000,1.000000,0.000000,
datasets\crop_disease\test\Mildew\test_000504.jpg,Mildew,3,1.000000,ACCEPT,0.000000,0.000000,0.000000,1.000000,0.000000,
datasets\crop_disease\test\Mildew\test_000505.jpg,Mildew,3,1.000000,ACCEPT,0.000000,0.000000,0.000000,1.000000,0.000000,
datasets\crop_disease\test\Mildew\test_000506.jpg,Mildew,3,0.999998,ACCEPT,0.000000,0.000002,0.000000,0.999998,0.000000,
datasets\crop_disease\test\Mildew\test_000507.jpg,Mildew,3,1.000000,ACCEPT,0.000000,0.000000,0.000000,1.000000,0.000000,
datasets\crop_disease\test\Mildew\test_000508.jpg,Mildew,3,0.999994,ACCEPT,0.000002,0.000001,0.000003,0.999994,0.000001,
datasets\crop_disease\test\Mildew\test_000509.jpg,Mildew,3,0.999994,ACCEPT,0.000000,0.000005,0.000000,0.999994,0.000000,
datasets\crop_disease\test\Mildew\test_000510.jpg,Mildew,3,1.000000,ACCEPT,0.000000,0.000000,0.000000,1.000000,0.000000,
datasets\crop_disease\test\Mildew\test_000511.jpg,Mildew,3,1.000000,ACCEPT,0.000000,0.000000,0.000000,1.000000,0.000000,
datasets\crop_disease\test\Mildew\test_000512.jpg,Mildew,3,1.000000,ACCEPT,0.000000,0.000000,0.000000,1.000000,0.000000,
datasets\crop_disease\test\Mildew\test_000513.jpg,Mildew,3,0.999976,ACCEPT,0.000000,0.000000,0.000023,0.999976,0.000000,
datasets\crop_disease\test\Mildew\test_000514.jpg,Mildew,3,0.999999,ACCEPT,0.000000,0.000001,0.000000,0.999999,0.000000,
datasets\crop_disease\test\Mildew\test_000515.jpg,Mildew,3,1.000000,ACCEPT,0.000000,0.000000,0.000000,1.000000,0.000000,
datasets\crop_disease\test\Mildew\test_000516.jpg,Mildew,3,1.000000,ACCEPT,0.000000,0.000000,0.000000,1.000000,0.000000,
datasets\crop_disease\test\Mildew\test_000517.jpg,Mildew,3,1.000000,ACCEPT,0.000000,0.000000,0.000000,1.000000,0.000000,
datasets\crop_disease\test\Mildew\test_000518.jpg,Mildew,3,1.000000,ACCEPT,0.000000,0.000000,0.000000,1.000000,0.000000,
datasets\crop_disease\test\Mildew\test_000519.jpg,Mildew,3,1.000000,ACCEPT,0.000000,0.000000,0.000000,1.000000,0.000000,
datasets\crop_disease\test\Mildew\test_000520.jpg,Mildew,3,0.999949,ACCEPT,0.000014,0.000027,0.000010,0.999949,0.000000,
datasets\crop_disease\test\Mildew\test_000521.jpg,Mildew,3,1.000000,ACCEPT,0.000000,0.000000,0.000000,1.000000,0.000000,
datasets\crop_disease\test\Mildew\test_000522.jpg,Mildew,3,1.000000,ACCEPT,0.000000,0.000000,0.000000,1.000000,0.000000,
datasets\crop_disease\test\Mildew\test_000523.jpg,Mildew,3,1.000000,ACCEPT,0.000000,0.000000,0.000000,1.000000,0.000000,
datasets\crop_disease\test\Mildew\test_000524.jpg,Mildew,3,1.000000,ACCEPT,0.000000,0.000000,0.000000,1.000000,0.000000,
datasets\crop_disease\test\Mildew\test_000525.jpg,Mildew,3,0.999876,ACCEPT,0.000034,0.000002,0.000078,0.999876,0.000009,
datasets\crop_disease\test\Mildew\test_000526.jpg,Mildew,3,0.999999,ACCEPT,0.000000,0.000001,0.000000,0.999999,0.000000,
datasets\crop_disease\test\Mildew\test_000527.jpg,Mildew,3,0.999998,ACCEPT,0.000000,0.000002,0.000000,0.999998,0.000000,
datasets\crop_disease\test\Mildew\test_000528.jpg,Mildew,3,1.000000,ACCEPT,0.000000,0.000000,0.000000,1.000000,0.000000,
datasets\crop_disease\test\Mildew\test_000529.jpg,Mildew,3,0.999993,ACCEPT,0.000006,0.000000,0.000000,0.999993,0.000000,
datasets\crop_disease\test\Mildew\test_000530.jpg,Mildew,3,0.999999,ACCEPT,0.000000,0.000000,0.000001,0.999999,0.000000,
datasets\crop_disease\test\Mildew\test_000531.jpg,Mildew,3,1.000000,ACCEPT,0.000000,0.000000,0.000000,1.000000,0.000000,
datasets\crop_disease\test\Mildew\test_000532.jpg,Mildew,3,1.000000,ACCEPT,0.000000,0.000000,0.000000,1.000000,0.000000,
datasets\crop_disease\test\Mildew\test_000533.jpg,Mildew,3,0.999994,ACCEPT,0.000000,0.000006,0.000000,0.999994,0.000000,
datasets\crop_disease\test\Mildew\test_000534.jpg,Mildew,3,0.999996,ACCEPT,0.000000,0.000000,0.000004,0.999996,0.000000,
datasets\crop_disease\test\Mildew\test_000535.jpg,Mildew,3,0.993106,ACCEPT,0.003006,0.000258,0.003570,0.993106,0.000060,
datasets\crop_disease\test\Mildew\test_000536.jpg,Mildew,3,1.000000,ACCEPT,0.000000,0.000000,0.000000,1.000000,0.000000,
datasets\crop_disease\test\Mildew\test_000537.jpg,Mildew,3,1.000000,ACCEPT,0.000000,0.000000,0.000000,1.000000,0.000000,
datasets\crop_disease\test\Mildew\test_000538.jpg,Mildew,3,1.000000,ACCEPT,0.000000,0.000000,0.000000,1.000000,0.000000,
datasets\crop_disease\test\Mildew\test_000539.jpg,Mildew,3,1.000000,ACCEPT,0.000000,0.000000,0.000000,1.000000,0.000000,
datasets\crop_disease\test\Mildew\test_000540.jpg,Mildew,3,1.000000,ACCEPT,0.000000,0.000000,0.000000,1.000000,0.000000,
datasets\crop_disease\test\Mildew\test_000541.jpg,Mildew,3,1.000000,ACCEPT,0.000000,0.000000,0.000000,1.000000,0.000000,
datasets\crop_disease\test\Mildew\test_000542.jpg,Mildew,3,0.999974,ACCEPT,0.000002,0.000023,0.000001,0.999974,0.000000,
datasets\crop_disease\test\Mildew\test_000543.jpg,Mildew,3,1.000000,ACCEPT,0.000000,0.000000,0.000000,1.000000,0.000000,
datasets\crop_disease\test\Mildew\test_000544.jpg,Mildew,3,0.998268,ACCEPT,0.000131,0.001589,0.000012,0.998268,0.000000,
datasets\crop_disease\test\Mildew\test_000545.jpg,Mildew,3,1.000000,ACCEPT,0.000000,0.000000,0.000000,1.000000,0.000000,
datasets\crop_disease\test\Mildew\test_000546.jpg,Mildew,3,0.999936,ACCEPT,0.000006,0.000026,0.000032,0.999936,0.000000,
datasets\crop_disease\test\Mildew\test_000547.jpg,Mildew,3,0.999996,ACCEPT,0.000000,0.000004,0.000000,0.999996,0.000000,
datasets\crop_disease\test\Mildew\test_000548.jpg,Mildew,3,0.999998,ACCEPT,0.000001,0.000001,0.000000,0.999998,0.000000,
datasets\crop_disease\test\Mildew\test_000549.jpg,Mildew,3,1.000000,ACCEPT,0.000000,0.000000,0.000000,1.000000,0.000000,
datasets\crop_disease\test\Mildew\test_000550.jpg,Mildew,3,1.000000,ACCEPT,0.000000,0.000000,0.000000,1.000000,0.000000,
datasets\crop_disease\test\Mildew\test_000551.jpg,Mildew,3,1.000000,ACCEPT,0.000000,0.000000,0.000000,1.000000,0.000000,
datasets\crop_disease\test\Mildew\test_000552.jpg,Mildew,3,1.000000,ACCEPT,0.000000,0.000000,0.000000,1.000000,0.000000,
datasets\crop_disease\test\Mildew\test_000553.jpg,Mildew,3,1.000000,ACCEPT,0.000000,0.000000,0.000000,1.000000,0.000000,
datasets\crop_disease\test\Mildew\test_000554.jpg,Mildew,3,0.999902,ACCEPT,0.000000,0.000096,0.000001,0.999902,0.000001,
datasets\crop_disease\test\Mildew\test_000555.jpg,Mildew,3,0.993342,ACCEPT,0.004372,0.000093,0.002031,0.993342,0.000163,
datasets\crop_disease\test\Mildew\test_000556.jpg,Mildew,3,1.000000,ACCEPT,0.000000,0.000000,0.000000,1.000000,0.000000,
datasets\crop_disease\test\Mildew\test_000557.jpg,Mildew,3,1.000000,ACCEPT,0.000000,0.000000,0.000000,1.000000,0.000000,
datasets\crop_disease\test\Mildew\test_000558.jpg,Mildew,3,1.000000,ACCEPT,0.000000,0.000000,0.000000,1.000000,0.000000,
datasets\crop_disease\test\Mildew\test_000559.jpg,Mildew,3,0.999984,ACCEPT,0.000009,0.000001,0.000006,0.999984,0.000000,
datasets\crop_disease\test\Mildew\test_000560.jpg,Mildew,3,1.000000,ACCEPT,0.000000,0.000000,0.000000,1.000000,0.000000,
datasets\crop_disease\test\Mildew\test_000561.jpg,Mildew,3,0.999970,ACCEPT,0.000013,0.000000,0.000015,0.999970,0.000001,
datasets\crop_disease\test\Mildew\test_000562.jpg,Mildew,3,1.000000,ACCEPT,0.000000,0.000000,0.000000,1.000000,0.000000,
datasets\crop_disease\test\Mildew\test_000563.jpg,Mildew,3,0.999997,ACCEPT,0.000000,0.000000,0.000003,0.999997,0.000000,
datasets\crop_disease\test\Mildew\test_000564.jpg,Mildew,3,1.000000,ACCEPT,0.000000,0.000000,0.000000,1.000000,0.000000,
datasets\crop_disease\test\Mildew\test_000565.jpg,Mildew,3,0.999987,ACCEPT,0.000002,0.000000,0.000011,0.999987,0.000000,
datasets\crop_disease\test\Mildew\test_000566.jpg,Mildew,3,0.999974,ACCEPT,0.000001,0.000025,0.000000,0.999974,0.000000,
datasets\crop_disease\test\Mildew\test_000567.jpg,Mildew,3,1.000000,ACCEPT,0.000000,0.000000,0.000000,1.000000,0.000000,
datasets\crop_disease\test\Mildew\test_000568.jpg,Mildew,3,1.000000,ACCEPT,0.000000,0.000000,0.000000,1.000000,0.000000,
datasets\crop_disease\test\Mildew\test_000569.jpg,Mildew,3,0.999999,ACCEPT,0.000000,0.000001,0.000000,0.999999,0.000000,
datasets\crop_disease\test\Mildew\test_000570.jpg,Mildew,3,1.000000,ACCEPT,0.000000,0.000000,0.000000,1.000000,0.000000,
datasets\crop_disease\test\Mildew\test_000571.jpg,Mildew,3,1.000000,ACCEPT,0.000000,0.000000,0.000000,1.000000,0.000000,
datasets\crop_disease\test\Mildew\test_000572.jpg,Mildew,3,1.000000,ACCEPT,0.000000,0.000000,0.000000,1.000000,0.000000,
datasets\crop_disease\test\Mildew\test_000573.jpg,Mildew,3,0.999531,ACCEPT,0.000200,0.000011,0.000249,0.999531,0.000008,
datasets\crop_disease\test\Mildew\test_000574.jpg,Mildew,3,0.998745,ACCEPT,0.000052,0.000005,0.001196,0.998745,0.000001,
datasets\crop_disease\test\Mildew\test_000575.jpg,Mildew,3,0.999878,ACCEPT,0.000056,0.000024,0.000041,0.999878,0.000000,
datasets\crop_disease\test\Mildew\test_000576.jpg,Mildew,3,1.000000,ACCEPT,0.000000,0.000000,0.000000,1.000000,0.000000,
datasets\crop_disease\test\Rust\test_000000.jpg,Rust,4,0.999999,ACCEPT,0.000001,0.000000,0.000000,0.000000,0.999999,
datasets\crop_disease\test\Rust\test_000001.jpg,Rust,4,1.000000,ACCEPT,0.000000,0.000000,0.000000,0.000000,1.000000,
datasets\crop_disease\test\Rust\test_000002.jpg,Rust,4,1.000000,ACCEPT,0.000000,0.000000,0.000000,0.000000,1.000000,
datasets\crop_disease\test\Rust\test_000003.jpg,Rust,4,1.000000,ACCEPT,0.000000,0.000000,0.000000,0.000000,1.000000,
datasets\crop_disease\test\Rust\test_000004.jpg,Rust,4,1.000000,ACCEPT,0.000000,0.000000,0.000000,0.000000,1.000000,
datasets\crop_disease\test\Rust\test_000005.jpg,Rust,4,1.000000,ACCEPT,0.000000,0.000000,0.000000,0.000000,1.000000,
datasets\crop_disease\test\Rust\test_000006.jpg,Rust,4,1.000000,ACCEPT,0.000000,0.000000,0.000000,0.000000,1.000000,
datasets\crop_disease\test\Rust\test_000007.jpg,Rust,4,1.000000,ACCEPT,0.000000,0.000000,0.000000,0.000000,1.000000,
datasets\crop_disease\test\Rust\test_000008.jpg,Rust,4,0.994093,ACCEPT,0.000551,0.000002,0.005355,0.000000,0.994093,
datasets\crop_disease\test\Rust\test_000009.jpg,Rust,4,1.000000,ACCEPT,0.000000,0.000000,0.000000,0.000000,1.000000,
datasets\crop_disease\test\Rust\test_000010.jpg,Rust,4,1.000000,ACCEPT,0.000000,0.000000,0.000000,0.000000,1.000000,
datasets\crop_disease\test\Rust\test_000011.jpg,Rust,4,1.000000,ACCEPT,0.000000,0.000000,0.000000,0.000000,1.000000,
datasets\crop_disease\test\Rust\test_000012.jpg,Rust,4,1.000000,ACCEPT,0.000000,0.000000,0.000000,0.000000,1.000000,
datasets\crop_disease\test\Rust\test_000013.jpg,Rust,4,1.000000,ACCEPT,0.000000,0.000000,0.000000,0.000000,1.000000,
datasets\crop_disease\test\Rust\test_000014.jpg,Rust,4,1.000000,ACCEPT,0.000000,0.000000,0.000000,0.000000,1.000000,
datasets\crop_disease\test\Rust\test_000015.jpg,Rust,4,0.999990,ACCEPT,0.000004,0.000005,0.000001,0.000000,0.999990,
datasets\crop_disease\test\Rust\test_000016.jpg,Rust,4,1.000000,ACCEPT,0.000000,0.000000,0.000000,0.000000,1.000000,
datasets\crop_disease\test\Rust\test_000017.jpg,Rust,4,1.000000,ACCEPT,0.000000,0.000000,0.000000,0.000000,1.000000,
datasets\crop_disease\test\Rust\test_000018.jpg,Rust,4,0.999995,ACCEPT,0.000001,0.000000,0.000005,0.000000,0.999995,
datasets\crop_disease\test\Rust\test_000019.jpg,Rust,4,1.000000,ACCEPT,0.000000,0.000000,0.000000,0.000000,1.000000,
datasets\crop_disease\test\Rust\test_000020.jpg,Rust,4,1.000000,ACCEPT,0.000000,0.000000,0.000000,0.000000,1.000000,
datasets\crop_disease\test\Rust\test_000021.jpg,Rust,4,1.000000,ACCEPT,0.000000,0.000000,0.000000,0.000000,1.000000,
datasets\crop_disease\test\Rust\test_000022.jpg,Rust,4,1.000000,ACCEPT,0.000000,0.000000,0.000000,0.000000,1.000000,
datasets\crop_disease\test\Rust\test_000023.jpg,Rust,4,1.000000,ACCEPT,0.000000,0.000000,0.000000,0.000000,1.000000,
datasets\crop_disease\test\Rust\test_000024.jpg,Rust,4,1.000000,ACCEPT,0.000000,0.000000,0.000000,0.000000,1.000000,
datasets\crop_disease\test\Rust\test_000025.jpg,Rust,4,1.000000,ACCEPT,0.000000,0.000000,0.000000,0.000000,1.000000,
datasets\crop_disease\test\Rust\test_000026.jpg,Rust,4,1.000000,ACCEPT,0.000000,0.000000,0.000000,0.000000,1.000000,
datasets\crop_disease\test\Rust\test_000027.jpg,Rust,4,1.000000,ACCEPT,0.000000,0.000000,0.000000,0.000000,1.000000,
datasets\crop_disease\test\Rust\test_000028.jpg,Rust,4,1.000000,ACCEPT,0.000000,0.000000,0.000000,0.000000,1.000000,
datasets\crop_disease\test\Rust\test_000029.jpg,Rust,4,0.999999,ACCEPT,0.000001,0.000000,0.000000,0.000000,0.999999,
datasets\crop_disease\test\Rust\test_000030.jpg,Rust,4,1.000000,ACCEPT,0.000000,0.000000,0.000000,0.000000,1.000000,
datasets\crop_disease\test\Rust\test_000031.jpg,Rust,4,0.999995,ACCEPT,0.000001,0.000001,0.000003,0.000000,0.999995,
datasets\crop_disease\test\Rust\test_000032.jpg,Rust,4,0.988364,ACCEPT,0.000112,0.000004,0.011520,0.000000,0.988364,
datasets\crop_disease\test\Rust\test_000033.jpg,Rust,4,0.999946,ACCEPT,0.000047,0.000000,0.000007,0.000000,0.999946,
datasets\crop_disease\test\Rust\test_000034.jpg,Rust,4,0.986740,ACCEPT,0.006016,0.000008,0.007236,0.000000,0.986740,
datasets\crop_disease\test\Rust\test_000035.jpg,Rust,4,1.000000,ACCEPT,0.000000,0.000000,0.000000,0.000000,1.000000,
datasets\crop_disease\test\Rust\test_000036.jpg,Rust,4,1.000000,ACCEPT,0.000000,0.000000,0.000000,0.000000,1.000000,
datasets\crop_disease\test\Rust\test_000037.jpg,Rust,4,0.995955,ACCEPT,0.004043,0.000000,0.000002,0.000000,0.995955,
datasets\crop_disease\test\Rust\test_000038.jpg,Rust,4,0.999993,ACCEPT,0.000007,0.000000,0.000000,0.000000,0.999993,
datasets\crop_disease\test\Rust\test_000039.jpg,Rust,4,1.000000,ACCEPT,0.000000,0.000000,0.000000,0.000000,1.000000,
datasets\crop_disease\test\Rust\test_000040.jpg,Rust,4,1.000000,ACCEPT,0.000000,0.000000,0.000000,0.000000,1.000000,
datasets\crop_disease\test\Rust\test_000041.jpg,Rust,4,1.000000,ACCEPT,0.000000,0.000000,0.000000,0.000000,1.000000,
datasets\crop_disease\test\Rust\test_000042.jpg,Rust,4,0.999983,ACCEPT,0.000017,0.000000,0.000000,0.000000,0.999983,
datasets\crop_disease\test\Rust\test_000043.jpg,Rust,4,1.000000,ACCEPT,0.000000,0.000000,0.000000,0.000000,1.000000,
datasets\crop_disease\test\Rust\test_000044.jpg,Rust,4,0.999974,ACCEPT,0.000026,0.000000,0.000000,0.000000,0.999974,
datasets\crop_disease\test\Rust\test_000045.jpg,Rust,4,1.000000,ACCEPT,0.000000,0.000000,0.000000,0.000000,1.000000,
datasets\crop_disease\test\Rust\test_000046.jpg,Rust,4,0.999981,ACCEPT,0.000017,0.000000,0.000002,0.000000,0.999981,
datasets\crop_disease\test\Rust\test_000047.jpg,Rust,4,1.000000,ACCEPT,0.000000,0.000000,0.000000,0.000000,1.000000,
datasets\crop_disease\test\Rust\test_000048.jpg,Rust,4,1.000000,ACCEPT,0.000000,0.000000,0.000000,0.000000,1.000000,
datasets\crop_disease\test\Rust\test_000049.jpg,Rust,4,1.000000,ACCEPT,0.000000,0.000000,0.000000,0.000000,1.000000,
datasets\crop_disease\test\Rust\test_000050.jpg,Rust,4,0.999998,ACCEPT,0.000002,0.000000,0.000000,0.000000,0.999998,
datasets\crop_disease\test\Rust\test_000051.jpg,Rust,4,1.000000,ACCEPT,0.000000,0.000000,0.000000,0.000000,1.000000,
datasets\crop_disease\test\Rust\test_000052.jpg,Rust,4,1.000000,ACCEPT,0.000000,0.000000,0.000000,0.000000,1.000000,
datasets\crop_disease\test\Rust\test_000053.jpg,Rust,4,1.000000,ACCEPT,0.000000,0.000000,0.000000,0.000000,1.000000,
datasets\crop_disease\test\Rust\test_000054.jpg,Rust,4,1.000000,ACCEPT,0.000000,0.000000,0.000000,0.000000,1.000000,
datasets\crop_disease\test\Rust\test_000055.jpg,Rust,4,1.000000,ACCEPT,0.000000,0.000000,0.000000,0.000000,1.000000,
datasets\crop_disease\test\Rust\test_000056.jpg,Rust,4,1.000000,ACCEPT,0.000000,0.000000,0.000000,0.000000,1.000000,
datasets\crop_disease\test\Rust\test_000057.jpg,Rust,4,1.000000,ACCEPT,0.000000,0.000000,0.000000,0.000000,1.000000,
datasets\crop_disease\test\Rust\test_000058.jpg,Rust,4,0.999994,ACCEPT,0.000006,0.000000,0.000000,0.000000,0.999994,
datasets\crop_disease\test\Rust\test_000059.jpg,Rust,4,1.000000,ACCEPT,0.000000,0.000000,0.000000,0.000000,1.000000,
datasets\crop_disease\test\Rust\test_000060.jpg,Rust,4,0.999840,ACCEPT,0.000142,0.000001,0.000017,0.000000,0.999840,
datasets\crop_disease\test\Rust\test_000061.jpg,Rust,4,0.999996,ACCEPT,0.000001,0.000000,0.000003,0.000000,0.999996,
datasets\crop_disease\test\Rust\test_000062.jpg,Rust,4,1.000000,ACCEPT,0.000000,0.000000,0.000000,0.000000,1.000000,
datasets\crop_disease\test\Rust\test_000063.jpg,Rust,4,0.999675,ACCEPT,0.000324,0.000000,0.000002,0.000000,0.999675,
datasets\crop_disease\test\Rust\test_000064.jpg,Rust,4,1.000000,ACCEPT,0.000000,0.000000,0.000000,0.000000,1.000000,
datasets\crop_disease\test\Rust\test_000065.jpg,Rust,4,0.999999,ACCEPT,0.000001,0.000000,0.000000,0.000000,0.999999,
datasets\crop_disease\test\Rust\test_000066.jpg,Rust,4,1.000000,ACCEPT,0.000000,0.000000,0.000000,0.000000,1.000000,
datasets\crop_disease\test\Rust\test_000067.jpg,Rust,4,1.000000,ACCEPT,0.000000,0.000000,0.000000,0.000000,1.000000,
datasets\crop_disease\test\Rust\test_000068.jpg,Rust,4,1.000000,ACCEPT,0.000000,0.000000,0.000000,0.000000,1.000000,
datasets\crop_disease\test\Rust\test_000069.jpg,Rust,4,0.993079,ACCEPT,0.000146,0.000029,0.006747,0.000000,0.993079,
datasets\crop_disease\test\Rust\test_000070.jpg,Rust,4,0.999999,ACCEPT,0.000001,0.000000,0.000001,0.000000,0.999999,
datasets\crop_disease\test\Rust\test_000071.jpg,Rust,4,1.000000,ACCEPT,0.000000,0.000000,0.000000,0.000000,1.000000,
datasets\crop_disease\test\Rust\test_000072.jpg,Rust,4,1.000000,ACCEPT,0.000000,0.000000,0.000000,0.000000,1.000000,
datasets\crop_disease\test\Rust\test_000073.jpg,Rust,4,1.000000,ACCEPT,0.000000,0.000000,0.000000,0.000000,1.000000,
datasets\crop_disease\test\Rust\test_000074.jpg,Rust,4,1.000000,ACCEPT,0.000000,0.000000,0.000000,0.000000,1.000000,
datasets\crop_disease\test\Rust\test_000075.jpg,Rust,4,1.000000,ACCEPT,0.000000,0.000000,0.000000,0.000000,1.000000,
datasets\crop_disease\test\Rust\test_000076.jpg,Rust,4,1.000000,ACCEPT,0.000000,0.000000,0.000000,0.000000,1.000000,
datasets\crop_disease\test\Rust\test_000077.jpg,Rust,4,1.000000,ACCEPT,0.000000,0.000000,0.000000,0.000000,1.000000,
datasets\crop_disease\test\Rust\test_000078.jpg,Rust,4,1.000000,ACCEPT,0.000000,0.000000,0.000000,0.000000,1.000000,
datasets\crop_disease\test\Rust\test_000079.jpg,Rust,4,1.000000,ACCEPT,0.000000,0.000000,0.000000,0.000000,1.000000,
datasets\crop_disease\test\Rust\test_000080.jpg,Rust,4,1.000000,ACCEPT,0.000000,0.000000,0.000000,0.000000,1.000000,
datasets\crop_disease\test\Rust\test_000081.jpg,Rust,4,1.000000,ACCEPT,0.000000,0.000000,0.000000,0.000000,1.000000,
datasets\crop_disease\test\Rust\test_000082.jpg,Rust,4,1.000000,ACCEPT,0.000000,0.000000,0.000000,0.000000,1.000000,
datasets\crop_disease\test\Rust\test_000083.jpg,Rust,4,1.000000,ACCEPT,0.000000,0.000000,0.000000,0.000000,1.000000,
datasets\crop_disease\test\Rust\test_000084.jpg,Rust,4,1.000000,ACCEPT,0.000000,0.000000,0.000000,0.000000,1.000000,
datasets\crop_disease\test\Rust\test_000085.jpg,Rust,4,1.000000,ACCEPT,0.000000,0.000000,0.000000,0.000000,1.000000,
datasets\crop_disease\test\Rust\test_000086.jpg,Rust,4,1.000000,ACCEPT,0.000000,0.000000,0.000000,0.000000,1.000000,
datasets\crop_disease\test\Rust\test_000087.jpg,Rust,4,1.000000,ACCEPT,0.000000,0.000000,0.000000,0.000000,1.000000,
datasets\crop_disease\test\Rust\test_000088.jpg,Rust,4,1.000000,ACCEPT,0.000000,0.000000,0.000000,0.000000,1.000000,
datasets\crop_disease\test\Rust\test_000089.jpg,Rust,4,0.999996,ACCEPT,0.000003,0.000000,0.000000,0.000000,0.999996,
datasets\crop_disease\test\Rust\test_000090.jpg,Rust,4,1.000000,ACCEPT,0.000000,0.000000,0.000000,0.000000,1.000000,
datasets\crop_disease\test\Rust\test_000091.jpg,Rust,4,1.000000,ACCEPT,0.000000,0.000000,0.000000,0.000000,1.000000,
datasets\crop_disease\test\Rust\test_000092.jpg,Rust,4,0.999995,ACCEPT,0.000004,0.000000,0.000001,0.000000,0.999995,
datasets\crop_disease\test\Rust\test_000093.jpg,Rust,4,0.999974,ACCEPT,0.000026,0.000000,0.000000,0.000000,0.999974,
datasets\crop_disease\test\Rust\test_000094.jpg,Rust,4,0.999911,ACCEPT,0.000088,0.000000,0.000001,0.000000,0.999911,
datasets\crop_disease\test\Rust\test_000095.jpg,Rust,4,0.999999,ACCEPT,0.000001,0.000000,0.000000,0.000000,0.999999,
datasets\crop_disease\test\Rust\test_000096.jpg,Rust,4,0.999981,ACCEPT,0.000007,0.000001,0.000011,0.000000,0.999981,
datasets\crop_disease\test\Rust\test_000097.jpg,Rust,4,1.000000,ACCEPT,0.000000,0.000000,0.000000,0.000000,1.000000,
datasets\crop_disease\test\Rust\test_000098.jpg,Rust,4,0.999973,ACCEPT,0.000027,0.000000,0.000000,0.000000,0.999973,
datasets\crop_disease\test\Rust\test_000099.jpg,Rust,4,0.999922,ACCEPT,0.000078,0.000000,0.000000,0.000000,0.999922,
datasets\crop_disease\test\Rust\test_000100.jpg,Rust,4,0.999999,ACCEPT,0.000001,0.000000,0.000000,0.000000,0.999999,
datasets\crop_disease\test\Rust\test_000101.jpg,Rust,4,1.000000,ACCEPT,0.000000,0.000000,0.000000,0.000000,1.000000,
datasets\crop_disease\test\Rust\test_000102.jpg,Rust,4,1.000000,ACCEPT,0.000000,0.000000,0.000000,0.000000,1.000000,
datasets\crop_disease\test\Rust\test_000103.jpg,Rust,4,1.000000,ACCEPT,0.000000,0.000000,0.000000,0.000000,1.000000,
datasets\crop_disease\test\Rust\test_000104.jpg,Rust,4,1.000000,ACCEPT,0.000000,0.000000,0.000000,0.000000,1.000000,
datasets\crop_disease\test\Rust\test_000105.jpg,Rust,4,1.000000,ACCEPT,0.000000,0.000000,0.000000,0.000000,1.000000,
datasets\crop_disease\test\Rust\test_000106.jpg,Rust,4,0.999949,ACCEPT,0.000051,0.000000,0.000000,0.000000,0.999949,
datasets\crop_disease\test\Rust\test_000107.jpg,Rust,4,0.999990,ACCEPT,0.000009,0.000000,0.000000,0.000000,0.999990,
datasets\crop_disease\test\Rust\test_000108.jpg,Rust,4,0.999999,ACCEPT,0.000001,0.000000,0.000000,0.000000,0.999999,
datasets\crop_disease\test\Rust\test_000109.jpg,Rust,4,1.000000,ACCEPT,0.000000,0.000000,0.000000,0.000000,1.000000,
datasets\crop_disease\test\Rust\test_000110.jpg,Rust,4,0.999989,ACCEPT,0.000011,0.000000,0.000000,0.000000,0.999989,
datasets\crop_disease\test\Rust\test_000111.jpg,Rust,4,0.998183,ACCEPT,0.000033,0.000002,0.001782,0.000000,0.998183,
datasets\crop_disease\test\Rust\test_000112.jpg,Rust,4,1.000000,ACCEPT,0.000000,0.000000,0.000000,0.000000,1.000000,
datasets\crop_disease\test\Rust\test_000113.jpg,Rust,4,0.999246,ACCEPT,0.000489,0.000000,0.000265,0.000000,0.999246,
datasets\crop_disease\test\Rust\test_000114.jpg,Rust,4,0.999433,ACCEPT,0.000012,0.000061,0.000493,0.000000,0.999433,
datasets\crop_disease\test\Rust\test_000115.jpg,Rust,4,1.000000,ACCEPT,0.000000,0.000000,0.000000,0.000000,1.000000,
datasets\crop_disease\test\Rust\test_000116.jpg,Blight,0,0.904988,ACCEPT,0.904988,0.000356,0.000057,0.000032,0.094568,
datasets\crop_disease\test\Rust\test_000117.jpg,Rust,4,1.000000,ACCEPT,0.000000,0.000000,0.000000,0.000000,1.000000,
datasets\crop_disease\test\Rust\test_000118.jpg,Rust,4,1.000000,ACCEPT,0.000000,0.000000,0.000000,0.000000,1.000000,
datasets\crop_disease\test\Rust\test_000119.jpg,Rust,4,1.000000,ACCEPT,0.000000,0.000000,0.000000,0.000000,1.000000,
datasets\crop_disease\test\Rust\test_000120.jpg,Rust,4,0.881036,ACCEPT,0.118953,0.000001,0.000010,0.000000,0.881036,
datasets\crop_disease\test\Rust\test_000121.jpg,Rust,4,0.999999,ACCEPT,0.000000,0.000000,0.000000,0.000000,0.999999,
datasets\crop_disease\test\Rust\test_000122.jpg,Rust,4,1.000000,ACCEPT,0.000000,0.000000,0.000000,0.000000,1.000000,
datasets\crop_disease\test\Rust\test_000123.jpg,Rust,4,0.826366,ACCEPT,0.079177,0.006138,0.088307,0.000011,0.826366,
datasets\crop_disease\test\Rust\test_000124.jpg,Rust,4,0.999330,ACCEPT,0.000597,0.000028,0.000045,0.000000,0.999330,
datasets\crop_disease\test\Rust\test_000125.jpg,Rust,4,0.999975,ACCEPT,0.000006,0.000001,0.000018,0.000000,0.999975,
datasets\crop_disease\test\Rust\test_000126.jpg,Rust,4,1.000000,ACCEPT,0.000000,0.000000,0.000000,0.000000,1.000000,
datasets\crop_disease\test\Rust\test_000127.jpg,Rust,4,0.999997,ACCEPT,0.000001,0.000000,0.000001,0.000000,0.999997,
datasets\crop_disease\test\Rust\test_000128.jpg,Rust,4,0.999977,ACCEPT,0.000010,0.000000,0.000012,0.000000,0.999977,
datasets\crop_disease\test\Rust\test_000129.jpg,Rust,4,1.000000,ACCEPT,0.000000,0.000000,0.000000,0.000000,1.000000,
datasets\crop_disease\test\Rust\test_000130.jpg,Rust,4,1.000000,ACCEPT,0.000000,0.000000,0.000000,0.000000,1.000000,
datasets\crop_disease\test\Rust\test_000131.jpg,Rust,4,0.999999,ACCEPT,0.000001,0.000000,0.000000,0.000000,0.999999,
datasets\crop_disease\test\Rust\test_000132.jpg,Rust,4,1.000000,ACCEPT,0.000000,0.000000,0.000000,0.000000,1.000000,
datasets\crop_disease\test\Rust\test_000133.jpg,Rust,4,0.999997,ACCEPT,0.000003,0.000000,0.000000,0.000000,0.999997,
datasets\crop_disease\test\Rust\test_000134.jpg,Rust,4,1.000000,ACCEPT,0.000000,0.000000,0.000000,0.000000,1.000000,
datasets\crop_disease\test\Rust\test_000135.jpg,Rust,4,0.999995,ACCEPT,0.000003,0.000000,0.000003,0.000000,0.999995,
datasets\crop_disease\test\Rust\test_000136.jpg,Rust,4,1.000000,ACCEPT,0.000000,0.000000,0.000000,0.000000,1.000000,
datasets\crop_disease\test\Rust\test_000137.jpg,Rust,4,1.000000,ACCEPT,0.000000,0.000000,0.000000,0.000000,1.000000,
datasets\crop_disease\test\Rust\test_000138.jpg,Rust,4,1.000000,ACCEPT,0.000000,0.000000,0.000000,0.000000,1.000000,
datasets\crop_disease\test\Rust\test_000139.jpg,Rust,4,1.000000,ACCEPT,0.000000,0.000000,0.000000,0.000000,1.000000,
datasets\crop_disease\test\Rust\test_000140.jpg,Rust,4,1.000000,ACCEPT,0.000000,0.000000,0.000000,0.000000,1.000000,
datasets\crop_disease\test\Rust\test_000141.jpg,Rust,4,1.000000,ACCEPT,0.000000,0.000000,0.000000,0.000000,1.000000,
datasets\crop_disease\test\Rust\test_000142.jpg,Rust,4,1.000000,ACCEPT,0.000000,0.000000,0.000000,0.000000,1.000000,
datasets\crop_disease\test\Rust\test_000143.jpg,Rust,4,1.000000,ACCEPT,0.000000,0.000000,0.000000,0.000000,1.000000,
datasets\crop_disease\test\Rust\test_000144.jpg,Rust,4,0.999990,ACCEPT,0.000010,0.000000,0.000000,0.000000,0.999990,
datasets\crop_disease\test\Rust\test_000145.jpg,Rust,4,1.000000,ACCEPT,0.000000,0.000000,0.000000,0.000000,1.000000,
datasets\crop_disease\test\Rust\test_000146.jpg,Rust,4,1.000000,ACCEPT,0.000000,0.000000,0.000000,0.000000,1.000000,
datasets\crop_disease\test\Rust\test_000147.jpg,Rust,4,0.999999,ACCEPT,0.000001,0.000000,0.000000,0.000000,0.999999,
datasets\crop_disease\test\Rust\test_000148.jpg,Rust,4,1.000000,ACCEPT,0.000000,0.000000,0.000000,0.000000,1.000000,
datasets\crop_disease\test\Rust\test_000149.jpg,Rust,4,1.000000,ACCEPT,0.000000,0.000000,0.000000,0.000000,1.000000,
datasets\crop_disease\test\Rust\test_000150.jpg,Rust,4,0.999991,ACCEPT,0.000009,0.000000,0.000000,0.000000,0.999991,
datasets\crop_disease\test\Rust\test_000151.jpg,Rust,4,1.000000,ACCEPT,0.000000,0.000000,0.000000,0.000000,1.000000,
datasets\crop_disease\test\Rust\test_000152.jpg,Rust,4,1.000000,ACCEPT,0.000000,0.000000,0.000000,0.000000,1.000000,
datasets\crop_disease\test\Rust\test_000153.jpg,Rust,4,0.999998,ACCEPT,0.000002,0.000000,0.000000,0.000000,0.999998,
datasets\crop_disease\test\Rust\test_000154.jpg,Rust,4,0.999998,ACCEPT,0.000002,0.000000,0.000000,0.000000,0.999998,
datasets\crop_disease\test\Rust\test_000155.jpg,Rust,4,0.999999,ACCEPT,0.000001,0.000000,0.000000,0.000000,0.999999,
datasets\crop_disease\test\Rust\test_000156.jpg,Rust,4,0.999986,ACCEPT,0.000013,0.000000,0.000000,0.000000,0.999986,
datasets\crop_disease\test\Rust\test_000157.jpg,Rust,4,1.000000,ACCEPT,0.000000,0.000000,0.000000,0.000000,1.000000,
datasets\crop_disease\test\Rust\test_000158.jpg,Rust,4,1.000000,ACCEPT,0.000000,0.000000,0.000000,0.000000,1.000000,
datasets\crop_disease\test\Rust\test_000159.jpg,Rust,4,1.000000,ACCEPT,0.000000,0.000000,0.000000,0.000000,1.000000,
datasets\crop_disease\test\Rust\test_000160.jpg,Rust,4,1.000000,ACCEPT,0.000000,0.000000,0.000000,0.000000,1.000000,
datasets\crop_disease\test\Rust\test_000161.jpg,Rust,4,0.999999,ACCEPT,0.000001,0.000000,0.000000,0.000000,0.999999,
datasets\crop_disease\test\Rust\test_000162.jpg,Rust,4,1.000000,ACCEPT,0.000000,0.000000,0.000000,0.000000,1.000000,
datasets\crop_disease\test\Rust\test_000163.jpg,Rust,4,0.978906,ACCEPT,0.008874,0.000070,0.012129,0.000020,0.978906,
datasets\crop_disease\test\Rust\test_000164.jpg,Rust,4,0.999933,ACCEPT,0.000003,0.000000,0.000063,0.000000,0.999933,
datasets\crop_disease\test\Rust\test_000165.jpg,Rust,4,0.999999,ACCEPT,0.000001,0.000000,0.000000,0.000000,0.999999,
datasets\crop_disease\test\Rust\test_000166.jpg,Rust,4,1.000000,ACCEPT,0.000000,0.000000,0.000000,0.000000,1.000000,
datasets\crop_disease\test\Rust\test_000167.jpg,Rust,4,1.000000,ACCEPT,0.000000,0.000000,0.000000,0.000000,1.000000,
datasets\crop_disease\test\Rust\test_000168.jpg,Rust,4,0.995207,ACCEPT,0.004473,0.000007,0.000306,0.000007,0.995207,
datasets\crop_disease\test\Rust\test_000169.jpg,Rust,4,0.999999,ACCEPT,0.000001,0.000000,0.000000,0.000000,0.999999,
datasets\crop_disease\test\Rust\test_000170.jpg,Rust,4,0.999996,ACCEPT,0.000001,0.000000,0.000002,0.000000,0.999996,
datasets\crop_disease\test\Rust\test_000171.jpg,Rust,4,1.000000,ACCEPT,0.000000,0.000000,0.000000,0.000000,1.000000,
datasets\crop_disease\test\Rust\test_000172.jpg,Rust,4,0.999993,ACCEPT,0.000006,0.000000,0.000000,0.000000,0.999993,
datasets\crop_disease\test\Rust\test_000173.jpg,Rust,4,0.999988,ACCEPT,0.000001,0.000000,0.000011,0.000000,0.999988,
datasets\crop_disease\test\Rust\test_000174.jpg,Rust,4,0.999514,ACCEPT,0.000462,0.000018,0.000007,0.000000,0.999514,
datasets\crop_disease\test\Rust\test_000175.jpg,Rust,4,1.000000,ACCEPT,0.000000,0.000000,0.000000,0.000000,1.000000,
datasets\crop_disease\test\Rust\test_000176.jpg,Rust,4,0.999062,ACCEPT,0.000933,0.000001,0.000003,0.000000,0.999062,
datasets\crop_disease\test\Rust\test_000177.jpg,Rust,4,1.000000,ACCEPT,0.000000,0.000000,0.000000,0.000000,1.000000,
datasets\crop_disease\test\Rust\test_000178.jpg,Rust,4,1.000000,ACCEPT,0.000000,0.000000,0.000000,0.000000,1.000000,
datasets\crop_disease\test\Rust\test_000179.jpg,Rust,4,1.000000,ACCEPT,0.000000,0.000000,0.000000,0.000000,1.000000,
datasets\crop_disease\test\Rust\test_000180.jpg,Rust,4,1.000000,ACCEPT,0.000000,0.000000,0.000000,0.000000,1.000000,
datasets\crop_disease\test\Rust\test_000181.jpg,Rust,4,1.000000,ACCEPT,0.000000,0.000000,0.000000,0.000000,1.000000,
datasets\crop_disease\test\Rust\test_000182.jpg,Rust,4,0.999932,ACCEPT,0.000049,0.000000,0.000019,0.000000,0.999932,
datasets\crop_disease\test\Rust\test_000183.jpg,Rust,4,0.999943,ACCEPT,0.000056,0.000000,0.000001,0.000000,0.999943,
datasets\crop_disease\test\Rust\test_000184.jpg,Rust,4,0.999997,ACCEPT,0.000003,0.000000,0.000000,0.000000,0.999997,
datasets\crop_disease\test\Rust\test_000185.jpg,Rust,4,0.999564,ACCEPT,0.000436,0.000000,0.000000,0.000000,0.999564,
datasets\crop_disease\test\Rust\test_000186.jpg,Rust,4,1.000000,ACCEPT,0.000000,0.000000,0.000000,0.000000,1.000000,
datasets\crop_disease\test\Rust\test_000187.jpg,Rust,4,1.000000,ACCEPT,0.000000,0.000000,0.000000,0.000000,1.000000,
datasets\crop_disease\test\Rust\test_000188.jpg,Rust,4,0.999999,ACCEPT,0.000001,0.000000,0.000000,0.000000,0.999999,
datasets\crop_disease\test\Rust\test_000189.jpg,Rust,4,1.000000,ACCEPT,0.000000,0.000000,0.000000,0.000000,1.000000,
datasets\crop_disease\test\Rust\test_000190.jpg,Rust,4,1.000000,ACCEPT,0.000000,0.000000,0.000000,0.000000,1.000000,
datasets\crop_disease\test\Rust\test_000191.jpg,Rust,4,1.000000,ACCEPT,0.000000,0.000000,0.000000,0.000000,1.000000,
datasets\crop_disease\test\Rust\test_000192.jpg,Rust,4,0.999725,ACCEPT,0.000215,0.000000,0.000060,0.000000,0.999725,
datasets\crop_disease\test\Rust\test_000193.jpg,Rust,4,1.000000,ACCEPT,0.000000,0.000000,0.000000,0.000000,1.000000,
datasets\crop_disease\test\Rust\test_000194.jpg,Rust,4,1.000000,ACCEPT,0.000000,0.000000,0.000000,0.000000,1.000000,
datasets\crop_disease\test\Rust\test_000195.jpg,Rust,4,1.000000,ACCEPT,0.000000,0.000000,0.000000,0.000000,1.000000,
datasets\crop_disease\test\Rust\test_000196.jpg,Rust,4,0.999992,ACCEPT,0.000007,0.000000,0.000001,0.000000,0.999992,
datasets\crop_disease\test\Rust\test_000197.jpg,Rust,4,0.999996,ACCEPT,0.000004,0.000000,0.000000,0.000000,0.999996,
datasets\crop_disease\test\Rust\test_000198.jpg,Rust,4,1.000000,ACCEPT,0.000000,0.000000,0.000000,0.000000,1.000000,
datasets\crop_disease\test\Rust\test_000199.jpg,Rust,4,1.000000,ACCEPT,0.000000,0.000000,0.000000,0.000000,1.000000,
datasets\crop_disease\test\Rust\test_000200.jpg,Rust,4,1.000000,ACCEPT,0.000000,0.000000,0.000000,0.000000,1.000000,
datasets\crop_disease\test\Rust\test_000201.jpg,Rust,4,1.000000,ACCEPT,0.000000,0.000000,0.000000,0.000000,1.000000,
datasets\crop_disease\test\Rust\test_000202.jpg,Rust,4,0.999997,ACCEPT,0.000003,0.000000,0.000000,0.000000,0.999997,
datasets\crop_disease\test\Rust\test_000203.jpg,Rust,4,1.000000,ACCEPT,0.000000,0.000000,0.000000,0.000000,1.000000,
datasets\crop_disease\test\Rust\test_000204.jpg,Rust,4,1.000000,ACCEPT,0.000000,0.000000,0.000000,0.000000,1.000000,
datasets\crop_disease\test\Rust\test_000205.jpg,Rust,4,1.000000,ACCEPT,0.000000,0.000000,0.000000,0.000000,1.000000,
datasets\crop_disease\test\Rust\test_000206.jpg,Rust,4,0.999999,ACCEPT,0.000001,0.000000,0.000000,0.000000,0.999999,
datasets\crop_disease\test\Rust\test_000207.jpg,Rust,4,1.000000,ACCEPT,0.000000,0.000000,0.000000,0.000000,1.000000,
datasets\crop_disease\test\Rust\test_000208.jpg,Rust,4,1.000000,ACCEPT,0.000000,0.000000,0.000000,0.000000,1.000000,
datasets\crop_disease\test\Rust\test_000209.jpg,Rust,4,0.998393,ACCEPT,0.001604,0.000000,0.000003,0.000000,0.998393,
datasets\crop_disease\test\Rust\test_000210.jpg,Rust,4,0.999995,ACCEPT,0.000004,0.000000,0.000001,0.000000,0.999995,
datasets\crop_disease\test\Rust\test_000211.jpg,Rust,4,1.000000,ACCEPT,0.000000,0.000000,0.000000,0.000000,1.000000,
datasets\crop_disease\test\Rust\test_000212.jpg,Rust,4,1.000000,ACCEPT,0.000000,0.000000,0.000000,0.000000,1.000000,
datasets\crop_disease\test\Rust\test_000213.jpg,Rust,4,0.999984,ACCEPT,0.000016,0.000000,0.000000,0.000000,0.999984,
datasets\crop_disease\test\Rust\test_000214.jpg,Rust,4,0.999978,ACCEPT,0.000022,0.000000,0.000000,0.000000,0.999978,
datasets\crop_disease\test\Rust\test_000215.jpg,Rust,4,0.998709,ACCEPT,0.001291,0.000000,0.000000,0.000000,0.998709,
datasets\crop_disease\test\Rust\test_000216.jpg,Rust,4,1.000000,ACCEPT,0.000000,0.000000,0.000000,0.000000,1.000000,
datasets\crop_disease\test\Rust\test_000217.jpg,Rust,4,0.999995,ACCEPT,0.000005,0.000000,0.000000,0.000000,0.999995,
datasets\crop_disease\test\Rust\test_000218.jpg,Rust,4,0.999997,ACCEPT,0.000003,0.000000,0.000000,0.000000,0.999997,
datasets\crop_disease\test\Rust\test_000219.jpg,Rust,4,1.000000,ACCEPT,0.000000,0.000000,0.000000,0.000000,1.000000,
datasets\crop_disease\test\Rust\test_000220.jpg,Rust,4,0.999999,ACCEPT,0.000001,0.000000,0.000000,0.000000,0.999999,
datasets\crop_disease\test\Rust\test_000221.jpg,Rust,4,1.000000,ACCEPT,0.000000,0.000000,0.000000,0.000000,1.000000,
datasets\crop_disease\test\Rust\test_000222.jpg,Rust,4,0.999998,ACCEPT,0.000002,0.000000,0.000000,0.000000,0.999998,
datasets\crop_disease\test\Rust\test_000223.jpg,Rust,4,0.999993,ACCEPT,0.000007,0.000000,0.000000,0.000000,0.999993,
datasets\crop_disease\test\Rust\test_000224.jpg,Rust,4,1.000000,ACCEPT,0.000000,0.000000,0.000000,0.000000,1.000000,
datasets\crop_disease\test\Rust\test_000225.jpg,Rust,4,0.993214,ACCEPT,0.003014,0.003258,0.000509,0.000005,0.993214,
datasets\crop_disease\test\Rust\test_000226.jpg,Rust,4,1.000000,ACCEPT,0.000000,0.000000,0.000000,0.000000,1.000000,
datasets\crop_disease\test\Rust\test_000227.jpg,Rust,4,1.000000,ACCEPT,0.000000,0.000000,0.000000,0.000000,1.000000,
datasets\crop_disease\test\Rust\test_000228.jpg,Rust,4,1.000000,ACCEPT,0.000000,0.000000,0.000000,0.000000,1.000000,
datasets\crop_disease\test\Rust\test_000229.jpg,Rust,4,0.999995,ACCEPT,0.000005,0.000000,0.000000,0.000000,0.999995,
datasets\crop_disease\test\Rust\test_000230.jpg,Rust,4,1.000000,ACCEPT,0.000000,0.000000,0.000000,0.000000,1.000000,
datasets\crop_disease\test\Rust\test_000231.jpg,Rust,4,0.999994,ACCEPT,0.000005,0.000000,0.000001,0.000000,0.999994,
datasets\crop_disease\test\Rust\test_000232.jpg,Rust,4,1.000000,ACCEPT,0.000000,0.000000,0.000000,0.000000,1.000000,
datasets\crop_disease\test\Rust\test_000233.jpg,Rust,4,0.999980,ACCEPT,0.000018,0.000000,0.000002,0.000000,0.999980,
datasets\crop_disease\test\Rust\test_000234.jpg,Rust,4,1.000000,ACCEPT,0.000000,0.000000,0.000000,0.000000,1.000000,
datasets\crop_disease\test\Rust\test_000235.jpg,Rust,4,1.000000,ACCEPT,0.000000,0.000000,0.000000,0.000000,1.000000,
datasets\crop_disease\test\Rust\test_000236.jpg,Rust,4,1.000000,ACCEPT,0.000000,0.000000,0.000000,0.000000,1.000000,
datasets\crop_disease\test\Rust\test_000237.jpg,Rust,4,1.000000,ACCEPT,0.000000,0.000000,0.000000,0.000000,1.000000,
datasets\crop_disease\test\Rust\test_000238.jpg,Rust,4,1.000000,ACCEPT,0.000000,0.000000,0.000000,0.000000,1.000000,
